competency_id,name,original_feedback,editorial_disposition,implementation,source_path,runtime_path,learner_route,verification
01.01,Conceptions of flourishing,"Supply fair compact account summaries and a fully specified allocation case, with separate comparison check and an extension into additional accounts.",editorial_followup_resolved,Tailored actions and repaired learning guide,docs/authoring/exercises/01.yaml,data/practices/protocols/01/PRACTICE-COMP-0101-CONCEPTIONS-OF-FLOURISHING-01.yaml,/practices/c0101-conceptions-of-flourishing-practice/guide/,Exact source/compiler/runtime parity; explicit reveal projection; stable IDs and completion rules
01.02,A provisional worldview,"Provide two developed fictional positions, a tension example that distinguishes contradiction from levels of explanation, and a later review prompt with corrective criteria.",editorial_followup_resolved,Tailored actions and repaired learning guide,docs/authoring/exercises/01.yaml,data/practices/protocols/01/PRACTICE-COMP-0102-A-PROVISIONAL-WORLDVIEW-01.yaml,/practices/c0102-a-provisional-worldview-practice/guide/,Exact source/compiler/runtime parity; explicit reveal projection; stable IDs and completion rules
01.03,Chosen and inherited values,"Add contrasting origin histories and a separate check on endorsement versus reaction, retaining an optional personal route.",editorial_followup_resolved,Tailored actions and repaired learning guide,docs/authoring/exercises/01.yaml,data/practices/protocols/01/PRACTICE-COMP-0103-CHOSEN-AND-INHERITED-VALUES-01.yaml,/practices/c0103-chosen-and-inherited-values-practice/guide/,Exact source/compiler/runtime parity; explicit reveal projection; stable IDs and completion rules
01.04,A hierarchy of goods,"Supply a complete conflict with enough facts for two defensible choices and distinguish competent, partial and self-serving reasoning.",editorial_followup_resolved,Tailored actions and repaired learning guide,docs/authoring/exercises/01.yaml,data/practices/protocols/01/PRACTICE-COMP-0104-A-HIERARCHY-OF-GOODS-01.yaml,/practices/c0104-a-hierarchy-of-goods-practice/guide/,Exact source/compiler/runtime parity; explicit reveal projection; stable IDs and completion rules
01.05,Purpose and calling,"Add a full fictional contribution brief and response, separate preparation from delivery, and assess fit using a qualitative rubric.",editorial_followup_resolved,Tailored actions and repaired learning guide,docs/authoring/exercises/01.yaml,data/practices/protocols/01/PRACTICE-COMP-0105-PURPOSE-AND-CALLING-01.yaml,/practices/c0105-purpose-and-calling-practice/guide/,Exact source/compiler/runtime parity; explicit reveal projection; stable IDs and completion rules
01.06,Meaning versus status,"Offer one complete novice-ready activity and a comparison record with mixed motives, plus a fresh goal-revision check.",editorial_followup_resolved,Tailored actions and repaired learning guide,docs/authoring/exercises/01.yaml,data/practices/protocols/01/PRACTICE-COMP-0106-MEANING-VERSUS-STATUS-01.yaml,/practices/c0106-meaning-versus-status-practice/guide/,Exact source/compiler/runtime parity; explicit reveal projection; stable IDs and completion rules
01.07,Commitment under uncertainty,"Supply a trial packet and outcome, then a bounded decision-preparation pathway for consequential choices with explicit escalation and review criteria.",editorial_followup_resolved,Tailored actions and repaired learning guide,docs/authoring/exercises/01.yaml,data/practices/protocols/01/PRACTICE-COMP-0107-COMMITMENT-UNDER-UNCERTAINTY-01.yaml,/practices/c0107-commitment-under-uncertainty-practice/guide/,Exact source/compiler/runtime parity; explicit reveal projection; stable IDs and completion rules
01.08,Existential responsibility,"Add a new scenario and corrective rubric distinguishing agency, influence, coercion and legitimate support.",editorial_followup_resolved,Tailored actions and repaired learning guide,docs/authoring/exercises/01.yaml,data/practices/protocols/01/PRACTICE-COMP-0108-EXISTENTIAL-RESPONSIBILITY-01.yaml,/practices/c0108-existential-responsibility-practice/guide/,Exact source/compiler/runtime parity; explicit reveal projection; stable IDs and completion rules
01.09,Life review and philosophical revision,"Supply a three-moment week and later result, with a rubric contrasting behavior revision, belief revision and legitimate tradeoff.",editorial_followup_resolved,Tailored actions and repaired learning guide,docs/authoring/exercises/01.yaml,data/practices/protocols/01/PRACTICE-COMP-0109-LIFE-REVIEW-AND-PHILOSOPHICAL-REVISION-01.yaml,/practices/c0109-life-review-and-philosophical-revision-practice/guide/,Exact source/compiler/runtime parity; explicit reveal projection; stable IDs and completion rules
01.10,Meaning after disillusionment,"Add a complete optional fictional reconstruction and context-fit next routes for distinct kinds of disillusionment, retaining qualified support where needed.",editorial_followup_resolved,Tailored actions and repaired learning guide,docs/authoring/exercises/01.yaml,data/practices/protocols/01/PRACTICE-COMP-0110-MEANING-AFTER-DISILLUSIONMENT-01.yaml,/practices/c0110-meaning-after-disillusionment-practice/guide/,Exact source/compiler/runtime parity; explicit reveal projection; stable IDs and completion rules
01.11,Plural ends and reasonable disagreement,"Supply two substantive positions and an independent correction/constraint packet, then assess a shared arrangement against both voices.",editorial_followup_resolved,Tailored actions and repaired learning guide,docs/authoring/exercises/01.yaml,data/practices/protocols/01/PRACTICE-COMP-0111-PLURAL-ENDS-AND-REASONABLE-DISAGREEMENT-01.yaml,/practices/c0111-plural-ends-and-reasonable-disagreement-practice/guide/,Exact source/compiler/runtime parity; explicit reveal projection; stable IDs and completion rules
02.01,Moral frameworks,Add concise non-caricatured framework explanations and bounded comparison routes; supply authority facts and a separate argument-quality check.,editorial_followup_resolved,Tailored actions and repaired learning guide,docs/authoring/exercises/02.yaml,data/practices/protocols/02/PRACTICE-COMP-0201-MORAL-FRAMEWORKS-01.yaml,/practices/c0201-moral-frameworks-practice/guide/,Exact source/compiler/runtime parity; explicit reveal projection; stable IDs and completion rules
02.02,Moral perception,"Provide a complete event brief, draft notice and permissions ledger, then a separate revised-notice check with defensible alternatives.",editorial_followup_resolved,Tailored actions and repaired learning guide,docs/authoring/exercises/02.yaml,data/practices/protocols/02/PRACTICE-COMP-0202-MORAL-PERCEPTION-01.yaml,/practices/c0202-moral-perception-practice/guide/,Exact source/compiler/runtime parity; explicit reveal projection; stable IDs and completion rules
02.03,Behavioral definitions of virtue,Add contrasting non-courage virtues and a fresh classification task; route remaining virtues through a worked definition method and criteria.,editorial_followup_resolved,Tailored actions and repaired learning guide,docs/authoring/exercises/02.yaml,data/practices/protocols/02/PRACTICE-COMP-0203-BEHAVIORAL-DEFINITIONS-OF-VIRTUE-01.yaml,/practices/c0203-behavioral-definitions-of-virtue-practice/guide/,Exact source/compiler/runtime parity; explicit reveal projection; stable IDs and completion rules
02.04,Truthfulness and candor,"Supply a short commitment record and held-back recipient question, with examples of truthful, evasive and overconfident responses.",editorial_followup_resolved,Tailored actions and repaired learning guide,docs/authoring/exercises/02.yaml,data/practices/protocols/02/PRACTICE-COMP-0204-TRUTHFULNESS-AND-CANDOR-01.yaml,/practices/c0204-truthfulness-and-candor-practice/guide/,Exact source/compiler/runtime parity; explicit reveal projection; stable IDs and completion rules
02.05,"Promises, reliability, and one's word","Add an initial promise, progress update and recipient response so a learner can test renegotiation and repair without invented consent.",editorial_followup_resolved,Tailored actions and repaired learning guide,docs/authoring/exercises/02.yaml,data/practices/protocols/02/PRACTICE-COMP-0205-PROMISES-RELIABILITY-AND-ONE-S-WORD-01.yaml,/practices/c0205-promises-reliability-and-one-s-word-practice/guide/,Exact source/compiler/runtime parity; explicit reveal projection; stable IDs and completion rules
02.06,"Justice, fairness, and equal dignity","Supply four complete anonymized request records and fixed capacity, then a rubric distinguishing justified accommodation from favoritism.",editorial_followup_resolved,Tailored actions and repaired learning guide,docs/authoring/exercises/02.yaml,data/practices/protocols/02/PRACTICE-COMP-0206-JUSTICE-FAIRNESS-AND-EQUAL-DIGNITY-01.yaml,/practices/c0206-justice-fairness-and-equal-dignity-practice/guide/,Exact source/compiler/runtime parity; explicit reveal projection; stable IDs and completion rules
02.07,Moral courage,"Supply a credit record and response branch, distinguish 02.03 definition work from 02.07 intervention judgment, and give a meaningful later live route.",editorial_followup_resolved,Tailored actions and repaired learning guide,docs/authoring/exercises/02.yaml,data/practices/protocols/02/PRACTICE-COMP-0207-MORAL-COURAGE-01.yaml,/practices/c0207-moral-courage-practice/guide/,Exact source/compiler/runtime parity; explicit reveal projection; stable IDs and completion rules
02.08,Temperance and moderation,Teach moderation versus harm/compulsion with suitable alternative routes and a fresh case where extending a limit is or is not justified.,editorial_followup_resolved,Tailored actions and repaired learning guide,docs/authoring/exercises/02.yaml,data/practices/protocols/02/PRACTICE-COMP-0208-TEMPERANCE-AND-MODERATION-01.yaml,/practices/c0208-temperance-and-moderation-practice/guide/,Exact source/compiler/runtime parity; explicit reveal projection; stable IDs and completion rules
02.09,"Compassion, mercy, and forgiveness",Provide contrasting complete response drafts and delayed corrective criteria without requiring forgiveness or contact.,editorial_followup_resolved,Tailored actions and repaired learning guide,docs/authoring/exercises/02.yaml,data/practices/protocols/02/PRACTICE-COMP-0209-COMPASSION-MERCY-AND-FORGIVENESS-01.yaml,/practices/c0209-compassion-mercy-and-forgiveness-practice/guide/,Exact source/compiler/runtime parity; explicit reveal projection; stable IDs and completion rules
02.10,Loyalty and principled dissent,Supply evidence of discussion quality or use only supported wording; add an accuracy check and two actual response branches.,editorial_followup_resolved,Tailored actions and repaired learning guide,docs/authoring/exercises/02.yaml,data/practices/protocols/02/PRACTICE-COMP-0210-LOYALTY-AND-PRINCIPLED-DISSENT-01.yaml,/practices/c0210-loyalty-and-principled-dissent-practice/guide/,Exact source/compiler/runtime parity; explicit reveal projection; stable IDs and completion rules
02.11,"Responsibility, apology, and restitution","Supply a complete minor-failure record and an optional refusal/repair response, with separate apology and practical-closure criteria.",editorial_followup_resolved,Tailored actions and repaired learning guide,docs/authoring/exercises/02.yaml,data/practices/protocols/02/PRACTICE-COMP-0211-RESPONSIBILITY-APOLOGY-AND-RESTITUTION-01.yaml,/practices/c0211-responsibility-apology-and-restitution-practice/guide/,Exact source/compiler/runtime parity; explicit reveal projection; stable IDs and completion rules
02.12,Integrity across contexts,Provide three versions of one document plus contribution and confidentiality facts; assess the same principle across changed incentives.,editorial_followup_resolved,Tailored actions and repaired learning guide,docs/authoring/exercises/02.yaml,data/practices/protocols/02/PRACTICE-COMP-0212-INTEGRITY-ACROSS-CONTEXTS-01.yaml,/practices/c0212-integrity-across-contexts-practice/guide/,Exact source/compiler/runtime parity; explicit reveal projection; stable IDs and completion rules
02.13,"Moral luck, complicity, and dirty hands",Retain the rain example and add an explicit constrained no-win case and benefit-without-direct-action comparison with residual-responsibility criteria.,editorial_followup_resolved,Tailored actions and repaired learning guide,docs/authoring/exercises/02.yaml,data/practices/protocols/02/PRACTICE-COMP-0213-MORAL-LUCK-COMPLICITY-AND-DIRTY-HANDS-01.yaml,/practices/c0213-moral-luck-complicity-and-dirty-hands-practice/guide/,Exact source/compiler/runtime parity; explicit reveal projection; stable IDs and completion rules
02.14,"Conscience, conscientious objection, and civil disobedience",Add a non-action legal/ethical comparison using verified jurisdiction-bound context and a refusal-versus-disobedience rubric; keep live lawbreaking outside the exercise.,editorial_followup_resolved,Tailored actions and repaired learning guide,docs/authoring/exercises/02.yaml,data/practices/protocols/02/PRACTICE-COMP-0214-CONSCIENCE-CONSCIENTIOUS-OBJECTION-AND-CIVIL-DISOBEDIENCE-01.yaml,/practices/c0214-conscience-conscientious-objection-and-civil-disobedience-practice/guide/,Exact source/compiler/runtime parity; explicit reveal projection; stable IDs and completion rules
02.15,Ethics of care and dependency,"Supply a care-work packet and consented fictional follow-up showing visible-task transfer versus full ownership, then check residual coordination.",editorial_followup_resolved,Tailored actions and repaired learning guide,docs/authoring/exercises/02.yaml,data/practices/protocols/02/PRACTICE-COMP-0215-ETHICS-OF-CARE-AND-DEPENDENCY-01.yaml,/practices/c0215-ethics-of-care-and-dependency-practice/guide/,Exact source/compiler/runtime parity; explicit reveal projection; stable IDs and completion rules
03.01,Metaphysical and spiritual inquiry,Supply a worked charitable argument/objection pair for each constructed account and a separate evidence-versus-interpretation check.,editorial_followup_resolved,Tailored actions and repaired learning guide,docs/authoring/exercises/03.yaml,data/practices/protocols/03/PRACTICE-COMP-0301-METAPHYSICAL-AND-SPIRITUAL-INQUIRY-01.yaml,/practices/c0301-metaphysical-and-spiritual-inquiry-practice/guide/,Exact source/compiler/runtime parity; explicit reveal projection; stable IDs and completion rules
03.02,Serious study of a wisdom tradition,Add a passage-grounded fresh interpretation task and corrective rubric; verify the actual learner route to each named external source.,editorial_followup_resolved,Tailored actions and repaired learning guide,docs/authoring/exercises/03.yaml,data/practices/protocols/03/PRACTICE-COMP-0302-SERIOUS-STUDY-OF-A-WISDOM-TRADITION-01.yaml,/practices/c0302-serious-study-of-a-wisdom-tradition-practice/guide/,Exact source/compiler/runtime parity; explicit reveal projection; stable IDs and completion rules
03.03,"Contemplation, prayer, and silence","Add a separate five-occasion interpretation check including a miss, neutral result and confound, with a bounded-conclusion key.",editorial_followup_resolved,Tailored actions and repaired learning guide,docs/authoring/exercises/03.yaml,data/practices/protocols/03/PRACTICE-COMP-0303-CONTEMPLATION-PRAYER-AND-SILENCE-01.yaml,/practices/c0303-contemplation-prayer-and-silence-practice/guide/,Exact source/compiler/runtime parity; explicit reveal projection; stable IDs and completion rules
03.04,Reverence and the sacred,Give a complete harmless care alternative and contrasting respectful/disrespectful interpretations for a separate judgment check.,editorial_followup_resolved,Tailored actions and repaired learning guide,docs/authoring/exercises/03.yaml,data/practices/protocols/03/PRACTICE-COMP-0304-REVERENCE-AND-THE-SACRED-01.yaml,/practices/c0304-reverence-and-the-sacred-practice/guide/,Exact source/compiler/runtime parity; explicit reveal projection; stable IDs and completion rules
03.05,Gratitude and received life,State the prerequisite and supply an impersonal complete contribution chain with a later-use comparison and corrective criteria.,editorial_followup_resolved,Tailored actions and repaired learning guide,docs/authoring/exercises/03.yaml,data/practices/protocols/03/PRACTICE-COMP-0305-GRATITUDE-AND-RECEIVED-LIFE-01.yaml,/practices/c0305-gratitude-and-received-life-practice/guide/,Exact source/compiler/runtime parity; explicit reveal projection; stable IDs and completion rules
03.06,Surrender and limits of control,"Provide an initial invitation record and separately revealed refusal/late-answer outcome; assess action, continued feeling and uncontrollable result separately.",editorial_followup_resolved,Tailored actions and repaired learning guide,docs/authoring/exercises/03.yaml,data/practices/protocols/03/PRACTICE-COMP-0306-SURRENDER-AND-LIMITS-OF-CONTROL-01.yaml,/practices/c0306-surrender-and-limits-of-control-practice/guide/,Exact source/compiler/runtime parity; explicit reveal projection; stable IDs and completion rules
03.07,Religious and spiritual community,"Supply a fictional gathering notice and response record, with missing-accountability and coercive-pressure variations for checking.",editorial_followup_resolved,Tailored actions and repaired learning guide,docs/authoring/exercises/03.yaml,data/practices/protocols/03/PRACTICE-COMP-0307-RELIGIOUS-AND-SPIRITUAL-COMMUNITY-01.yaml,/practices/c0307-religious-and-spiritual-community-practice/guide/,Exact source/compiler/runtime parity; explicit reveal projection; stable IDs and completion rules
03.08,Vocation and service beyond self,"Supply one safe shared-item brief and an incomplete draft to test, keeping real service and simulated usefulness separate.",editorial_followup_resolved,Tailored actions and repaired learning guide,docs/authoring/exercises/03.yaml,data/practices/protocols/03/PRACTICE-COMP-0308-VOCATION-AND-SERVICE-BEYOND-SELF-01.yaml,/practices/c0308-vocation-and-service-beyond-self-practice/guide/,Exact source/compiler/runtime parity; explicit reveal projection; stable IDs and completion rules
03.09,"Ritual, remembrance, and sacred time",Add two later records and a qualitative checking rubric that does not infer sincerity solely from task completion or emotion.,editorial_followup_resolved,Tailored actions and repaired learning guide,docs/authoring/exercises/03.yaml,data/practices/protocols/03/PRACTICE-COMP-0309-RITUAL-REMEMBRANCE-AND-SACRED-TIME-01.yaml,/practices/c0309-ritual-remembrance-and-sacred-time-practice/guide/,Exact source/compiler/runtime parity; explicit reveal projection; stable IDs and completion rules
03.10,"Communal worship, liturgy, and shared sacred practice",Add a fresh role/eligibility case and a separate key; retain the untested status when no willing companion exists.,editorial_followup_resolved,Tailored actions and repaired learning guide,docs/authoring/exercises/03.yaml,data/practices/protocols/03/PRACTICE-COMP-0310-COMMUNAL-WORSHIP-LITURGY-AND-SHARED-SACRED-PRACTICE-01.yaml,/practices/c0310-communal-worship-liturgy-and-shared-sacred-practice-practice/guide/,Exact source/compiler/runtime parity; explicit reveal projection; stable IDs and completion rules
03.11,"Authority, tradition, conscience, and reform","Provide a separate changed policy case before its answer and a rubric for justified compliance, dissent and referral.",editorial_followup_resolved,Tailored actions and repaired learning guide,docs/authoring/exercises/03.yaml,data/practices/protocols/03/PRACTICE-COMP-0311-AUTHORITY-TRADITION-CONSCIENCE-AND-REFORM-01.yaml,/practices/c0311-authority-tradition-conscience-and-reform-practice/guide/,Exact source/compiler/runtime parity; explicit reveal projection; stable IDs and completion rules
03.12,Religious pluralism and interfaith humility,Add source-linked summary corrections and a fresh venue constraint with separate checking; retain original-source access requirements.,editorial_followup_resolved,Tailored actions and repaired learning guide,docs/authoring/exercises/03.yaml,data/practices/protocols/03/PRACTICE-COMP-0312-RELIGIOUS-PLURALISM-AND-INTERFAITH-HUMILITY-01.yaml,/practices/c0312-religious-pluralism-and-interfaith-humility-practice/guide/,Exact source/compiler/runtime parity; explicit reveal projection; stable IDs and completion rules
03.13,"Mystical, ecstatic, and peak experience",Add a different non-distressing claim and adverse proposed action for an independent judgment check; retain actual-action and qualified-support limits.,editorial_followup_resolved,Tailored actions and repaired learning guide,docs/authoring/exercises/03.yaml,data/practices/protocols/03/PRACTICE-COMP-0313-MYSTICAL-ECSTATIC-AND-PEAK-EXPERIENCE-01.yaml,/practices/c0313-mystical-ecstatic-and-peak-experience-practice/guide/,Exact source/compiler/runtime parity; explicit reveal projection; stable IDs and completion rules
04.01,"Suffering, evil, and lament",Supply a brief closure record and two acknowledgment drafts; distinguish factual notice accuracy from the quality of lament.,editorial_followup_resolved,Tailored actions and repaired learning guide,docs/authoring/exercises/04.yaml,data/practices/protocols/04/PRACTICE-COMP-0401-SUFFERING-EVIL-AND-LAMENT-01.yaml,/practices/c0401-suffering-evil-and-lament-practice/guide/,Exact source/compiler/runtime parity; explicit reveal projection; stable IDs and completion rules
04.02,Mortality and impermanence,Add a fresh finite-time decision with a qualitative key that permits rest and honest partial action.,editorial_followup_resolved,Tailored actions and repaired learning guide,docs/authoring/exercises/04.yaml,data/practices/protocols/04/PRACTICE-COMP-0402-MORTALITY-AND-IMPERMANENCE-01.yaml,/practices/c0402-mortality-and-impermanence-practice/guide/,Exact source/compiler/runtime parity; explicit reveal projection; stable IDs and completion rules
04.03,Tragic knowledge and the limits of control,"Specify authority, prior rules and genuine mitigation capacity, then provide a held-back change requiring reassessment without inventing a lossless option.",editorial_followup_resolved,Tailored actions and repaired learning guide,docs/authoring/exercises/04.yaml,data/practices/protocols/04/PRACTICE-COMP-0403-TRAGIC-KNOWLEDGE-AND-THE-LIMITS-OF-CONTROL-01.yaml,/practices/c0403-tragic-knowledge-and-the-limits-of-control-practice/guide/,Exact source/compiler/runtime parity; explicit reveal projection; stable IDs and completion rules
04.04,Meaning after catastrophic loss,"Provide realistic fictional contact capacities and a later response; assess mismatched support, remaining loss and tolerable commitment separately.",editorial_followup_resolved,Tailored actions and repaired learning guide,docs/authoring/exercises/04.yaml,data/practices/protocols/04/PRACTICE-COMP-0404-MEANING-AFTER-CATASTROPHIC-LOSS-01.yaml,/practices/c0404-meaning-after-catastrophic-loss-practice/guide/,Exact source/compiler/runtime parity; explicit reveal projection; stable IDs and completion rules
04.05,"Absurdity, existential anxiety, and meaninglessness","Add separate short argument and later-outcome prompts with corrective reasoning, preserving uncertainty and care options.",editorial_followup_resolved,Tailored actions and repaired learning guide,docs/authoring/exercises/04.yaml,data/practices/protocols/04/PRACTICE-COMP-0405-ABSURDITY-EXISTENTIAL-ANXIETY-AND-MEANINGLESSNESS-01.yaml,/practices/c0405-absurdity-existential-anxiety-and-meaninglessness-practice/guide/,Exact source/compiler/runtime parity; explicit reveal projection; stable IDs and completion rules
04.06,Endurance without self-optimization,Supply contrasting three-occasion records and a rubric that protects care without rewarding stoicism or avoidable hardship.,editorial_followup_resolved,Tailored actions and repaired learning guide,docs/authoring/exercises/04.yaml,data/practices/protocols/04/PRACTICE-COMP-0406-ENDURANCE-WITHOUT-SELF-OPTIMIZATION-01.yaml,/practices/c0406-endurance-without-self-optimization-practice/guide/,Exact source/compiler/runtime parity; explicit reveal projection; stable IDs and completion rules
04.07,Moral injury and compromised action,Add a non-graphic new case with incorrect role assignments and separate correction; retain actual provider access and qualified review as open.,editorial_followup_resolved,Tailored actions and repaired learning guide,docs/authoring/exercises/04.yaml,data/practices/protocols/04/PRACTICE-COMP-0407-MORAL-INJURY-AND-COMPROMISED-ACTION-01.yaml,/practices/c0407-moral-injury-and-compromised-action-practice/guide/,Exact source/compiler/runtime parity; explicit reveal projection; stable IDs and completion rules
04.08,"Dying, end-of-life choices, and accompaniment","Supply a consent-changing response packet and a separate check distinguishing informal preparation, legal authority and actual clinical care.",editorial_followup_resolved,Tailored actions and repaired learning guide,docs/authoring/exercises/04.yaml,data/practices/protocols/04/PRACTICE-COMP-0408-DYING-END-OF-LIFE-CHOICES-AND-ACCOMPANIMENT-01.yaml,/practices/c0408-dying-end-of-life-choices-and-accompaniment-practice/guide/,Exact source/compiler/runtime parity; explicit reveal projection; stable IDs and completion rules
04.09,Hope without denial,"Supply the original note, permission conditions and a later appeal outcome; check revised expectation and remaining grief independently.",editorial_followup_resolved,Tailored actions and repaired learning guide,docs/authoring/exercises/04.yaml,data/practices/protocols/04/PRACTICE-COMP-0409-HOPE-WITHOUT-DENIAL-01.yaml,/practices/c0409-hope-without-denial-practice/guide/,Exact source/compiler/runtime parity; explicit reveal projection; stable IDs and completion rules
04.10,"Irreversibility, remorse, and living after the unfixable",Add a bounded second irreversible case and contrasting repair proposals with a separate rubric; keep actual follow-through distinct from a rule installation.,editorial_followup_resolved,Tailored actions and repaired learning guide,docs/authoring/exercises/04.yaml,data/practices/protocols/04/PRACTICE-COMP-0410-IRREVERSIBILITY-REMORSE-AND-LIVING-AFTER-THE-UNFIXABLE-01.yaml,/practices/c0410-irreversibility-remorse-and-living-after-the-unfixable-practice/guide/,Exact source/compiler/runtime parity; explicit reveal projection; stable IDs and completion rules
05.01,An honest personal inventory,"Supply a two-week fictional record and held-back occasion, with proportionate-claim criteria that preserve unknowns.",editorial_followup_resolved,Tailored actions and repaired learning guide,docs/authoring/exercises/05.yaml,data/practices/protocols/05/PRACTICE-COMP-0501-AN-HONEST-PERSONAL-INVENTORY-01.yaml,/practices/c0501-an-honest-personal-inventory-practice/guide/,Exact source/compiler/runtime parity; explicit reveal projection; stable IDs and completion rules
05.02,Narrative identity,"Provide an event record and one-sided draft, then a separate balance/uncertainty check without forcing a positive ending.",editorial_followup_resolved,Tailored actions and repaired learning guide,docs/authoring/exercises/05.yaml,data/practices/protocols/05/PRACTICE-COMP-0502-NARRATIVE-IDENTITY-01.yaml,/practices/c0502-narrative-identity-practice/guide/,Exact source/compiler/runtime parity; explicit reveal projection; stable IDs and completion rules
05.03,"Strengths, limitations, and fit","Supply matched task material and fixed performance criteria, plus an adverse or confounded second result for checking.",editorial_followup_resolved,Tailored actions and repaired learning guide,docs/authoring/exercises/05.yaml,data/practices/protocols/05/PRACTICE-COMP-0503-STRENGTHS-LIMITATIONS-AND-FIT-01.yaml,/practices/c0503-strengths-limitations-and-fit-practice/guide/,Exact source/compiler/runtime parity; explicit reveal projection; stable IDs and completion rules
05.04,Personality as hypothesis,"Add contrasting observations and a separate conditional-label key, explicitly avoiding treating all listed models as equally supported.",editorial_followup_resolved,Tailored actions and repaired learning guide,docs/authoring/exercises/05.yaml,data/practices/protocols/05/PRACTICE-COMP-0504-PERSONALITY-AS-HYPOTHESIS-01.yaml,/practices/c0504-personality-as-hypothesis-practice/guide/,Exact source/compiler/runtime parity; explicit reveal projection; stable IDs and completion rules
05.05,Defenses and self-deception,"Supply the request/draft and broader contrasting explanations, then a separate check that protects genuine capacity limits.",editorial_followup_resolved,Tailored actions and repaired learning guide,docs/authoring/exercises/05.yaml,data/practices/protocols/05/PRACTICE-COMP-0505-DEFENSES-AND-SELF-DECEPTION-01.yaml,/practices/c0505-defenses-and-self-deception-practice/guide/,Exact source/compiler/runtime parity; explicit reveal projection; stable IDs and completion rules
05.06,Triggers and repeated patterns,"Add complete prior sequences and a withheld natural opportunity, with timing and no-opportunity corrections.",editorial_followup_resolved,Tailored actions and repaired learning guide,docs/authoring/exercises/05.yaml,data/practices/protocols/05/PRACTICE-COMP-0506-TRIGGERS-AND-REPEATED-PATTERNS-01.yaml,/practices/c0506-triggers-and-repeated-patterns-practice/guide/,Exact source/compiler/runtime parity; explicit reveal projection; stable IDs and completion rules
05.07,Feedback and disconfirmation,"Provide a complete direction brief, initial explanation, feedback and later task; assess summary accuracy before evaluating advice.",editorial_followup_resolved,Tailored actions and repaired learning guide,docs/authoring/exercises/05.yaml,data/practices/protocols/05/PRACTICE-COMP-0507-FEEDBACK-AND-DISCONFIRMATION-01.yaml,/practices/c0507-feedback-and-disconfirmation-practice/guide/,Exact source/compiler/runtime parity; explicit reveal projection; stable IDs and completion rules
05.08,Self-worth beyond performance,Supply one success and one failure record plus contrasting response drafts and separate corrective criteria.,editorial_followup_resolved,Tailored actions and repaired learning guide,docs/authoring/exercises/05.yaml,data/practices/protocols/05/PRACTICE-COMP-0508-SELF-WORTH-BEYOND-PERFORMANCE-01.yaml,/practices/c0508-self-worth-beyond-performance-practice/guide/,Exact source/compiler/runtime parity; explicit reveal projection; stable IDs and completion rules
05.09,Integration of conflicting parts,Supply a complete fictional arrangement/outcome and clarify the solo route's narrower evidence; add a new tension check.,editorial_followup_resolved,Tailored actions and repaired learning guide,docs/authoring/exercises/05.yaml,data/practices/protocols/05/PRACTICE-COMP-0509-INTEGRATION-OF-CONFLICTING-PARTS-01.yaml,/practices/c0509-integration-of-conflicting-parts-practice/guide/,Exact source/compiler/runtime parity; explicit reveal projection; stable IDs and completion rules
05.10,Humility and proportionate self-regard,"Provide a small artifact and accurate/inaccurate corrections, with a separate rubric for proportionate receipt of praise and help.",editorial_followup_resolved,Tailored actions and repaired learning guide,docs/authoring/exercises/05.yaml,data/practices/protocols/05/PRACTICE-COMP-0510-HUMILITY-AND-PROPORTIONATE-SELF-REGARD-01.yaml,/practices/c0510-humility-and-proportionate-self-regard-practice/guide/,Exact source/compiler/runtime parity; explicit reveal projection; stable IDs and completion rules
05.11,Embodied and socially situated identity,"Supply an accessible process brief and a changed condition, then assess the difference between a personal workaround and structural resolution.",editorial_followup_resolved,Tailored actions and repaired learning guide,docs/authoring/exercises/05.yaml,data/practices/protocols/05/PRACTICE-COMP-0511-EMBODIED-AND-SOCIALLY-SITUATED-IDENTITY-01.yaml,/practices/c0511-embodied-and-socially-situated-identity-practice/guide/,Exact source/compiler/runtime parity; explicit reveal projection; stable IDs and completion rules
05.12,Cultural self-location and inherited assumptions,Provide a bounded attributable account with exact locator and a full fictional contrast; independently check cultural inference and limits.,editorial_followup_resolved,Tailored actions and repaired learning guide,docs/authoring/exercises/05.yaml,data/practices/protocols/05/PRACTICE-COMP-0512-CULTURAL-SELF-LOCATION-AND-INHERITED-ASSUMPTIONS-01.yaml,/practices/c0512-cultural-self-location-and-inherited-assumptions-practice/guide/,Exact source/compiler/runtime parity; explicit reveal projection; stable IDs and completion rules
06.01,Vulnerability as a human condition,"Supply a short instruction, offered explanation and unsolicited extra decision; test which help was actually authorized.",editorial_followup_resolved,Tailored actions and repaired learning guide,docs/authoring/exercises/06.yaml,data/practices/protocols/06/PRACTICE-COMP-0601-VULNERABILITY-AS-A-HUMAN-CONDITION-01.yaml,/practices/c0601-vulnerability-as-a-human-condition-practice/guide/,Exact source/compiler/runtime parity; explicit reveal projection; stable IDs and completion rules
06.02,Trauma and post-traumatic stress literacy,"Add a non-graphic held-back vignette and support-role check, with qualified terminology review kept open.",editorial_followup_resolved,Tailored actions and repaired learning guide,docs/authoring/exercises/06.yaml,data/practices/protocols/06/PRACTICE-COMP-0602-TRAUMA-AND-POST-TRAUMATIC-STRESS-LITERACY-01.yaml,/practices/c0602-trauma-and-post-traumatic-stress-literacy-practice/guide/,Exact source/compiler/runtime parity; explicit reveal projection; stable IDs and completion rules
06.03,Recovery after violation and betrayal,Add a fresh constrained-choice response and provider-scope card for an independent check; preserve preparation versus survivor-chosen contact.,editorial_followup_resolved,Tailored actions and repaired learning guide,docs/authoring/exercises/06.yaml,data/practices/protocols/06/PRACTICE-COMP-0603-RECOVERY-AFTER-VIOLATION-AND-BETRAYAL-01.yaml,/practices/c0603-recovery-after-violation-and-betrayal-practice/guide/,Exact source/compiler/runtime parity; explicit reveal projection; stable IDs and completion rules
06.04,Chronic illness adaptation,Supply a complete day packet and later observation showing why immediate fit is not proof of sustainability.,editorial_followup_resolved,Tailored actions and repaired learning guide,docs/authoring/exercises/06.yaml,data/practices/protocols/06/PRACTICE-COMP-0604-CHRONIC-ILLNESS-ADAPTATION-01.yaml,/practices/c0604-chronic-illness-adaptation-practice/guide/,Exact source/compiler/runtime parity; explicit reveal projection; stable IDs and completion rules
06.05,Chronic pain and pain-related functioning,Add a fresh fictional guidance/unknowns record with a separate role-and-status key; retain qualified clinical review.,editorial_followup_resolved,Tailored actions and repaired learning guide,docs/authoring/exercises/06.yaml,data/practices/protocols/06/PRACTICE-COMP-0605-CHRONIC-PAIN-AND-PAIN-RELATED-FUNCTIONING-01.yaml,/practices/c0605-chronic-pain-and-pain-related-functioning-practice/guide/,Exact source/compiler/runtime parity; explicit reveal projection; stable IDs and completion rules
06.06,"Disability identity, access, and adaptive excellence",Add another access response with a different hidden barrier and a separate function-based key.,editorial_followup_resolved,Tailored actions and repaired learning guide,docs/authoring/exercises/06.yaml,data/practices/protocols/06/PRACTICE-COMP-0606-DISABILITY-IDENTITY-ACCESS-AND-ADAPTIVE-EXCELLENCE-01.yaml,/practices/c0606-disability-identity-access-and-adaptive-excellence-practice/guide/,Exact source/compiler/runtime parity; explicit reveal projection; stable IDs and completion rules
06.07,Neurodiversity and cognitive variation,"Provide two complete uses and one adverse support effect, with a separate bounded-interpretation check.",editorial_followup_resolved,Tailored actions and repaired learning guide,docs/authoring/exercises/06.yaml,data/practices/protocols/06/PRACTICE-COMP-0607-NEURODIVERSITY-AND-COGNITIVE-VARIATION-01.yaml,/practices/c0607-neurodiversity-and-cognitive-variation-practice/guide/,Exact source/compiler/runtime parity; explicit reveal projection; stable IDs and completion rules
06.08,Receiving care and seasons of reduced agency,"Add the actual delivery options and helper limits, then assess a changed preference without inventing entitlement or availability.",editorial_followup_resolved,Tailored actions and repaired learning guide,docs/authoring/exercises/06.yaml,data/practices/protocols/06/PRACTICE-COMP-0608-RECEIVING-CARE-AND-SEASONS-OF-REDUCED-AGENCY-01.yaml,/practices/c0608-receiving-care-and-seasons-of-reduced-agency-practice/guide/,Exact source/compiler/runtime parity; explicit reveal projection; stable IDs and completion rules
06.09,"Accommodation, assistive technology, and universal design",Add a second notice or held-back reading-order result and a separate correction key without claiming universal accessibility.,editorial_followup_resolved,Tailored actions and repaired learning guide,docs/authoring/exercises/06.yaml,data/practices/protocols/06/PRACTICE-COMP-0609-ACCOMMODATION-ASSISTIVE-TECHNOLOGY-AND-UNIVERSAL-DESIGN-01.yaml,/practices/c0609-accommodation-assistive-technology-and-universal-design-practice/guide/,Exact source/compiler/runtime parity; explicit reveal projection; stable IDs and completion rules
06.10,Dignity under limitation and loss of role,Add contrasting invitation drafts with delayed corrective criteria; preserve actual grief and ongoing limitation.,editorial_followup_resolved,Tailored actions and repaired learning guide,docs/authoring/exercises/06.yaml,data/practices/protocols/06/PRACTICE-COMP-0610-DIGNITY-UNDER-LIMITATION-AND-LOSS-OF-ROLE-01.yaml,/practices/c0610-dignity-under-limitation-and-loss-of-role-practice/guide/,Exact source/compiler/runtime parity; explicit reveal projection; stable IDs and completion rules
06.11,"Relapse, recurrence, and nonlinear recovery","Supply a support-capacity card and unavailability update, plus a fresh check distinguishing recurrence planning from predicted recovery.",editorial_followup_resolved,Tailored actions and repaired learning guide,docs/authoring/exercises/06.yaml,data/practices/protocols/06/PRACTICE-COMP-0611-RELAPSE-RECURRENCE-AND-NONLINEAR-RECOVERY-01.yaml,/practices/c0611-relapse-recurrence-and-nonlinear-recovery-practice/guide/,Exact source/compiler/runtime parity; explicit reveal projection; stable IDs and completion rules
06.12,Care-recipient agency and safeguarding,"Supply a flawed handover and contact/access packet, then separately test changed preference, refused task and missed need; retain qualified safeguarding review.",editorial_followup_resolved,Tailored actions and repaired learning guide,docs/authoring/exercises/06.yaml,data/practices/protocols/06/PRACTICE-COMP-0612-CARE-RECIPIENT-AGENCY-AND-SAFEGUARDING-01.yaml,/practices/c0612-care-recipient-agency-and-safeguarding-practice/guide/,Exact source/compiler/runtime parity; explicit reveal projection; stable IDs and completion rules
06.13,"Ableism, stigma, and inclusive participation",Retain it as a worked example and add a fresh notice with different barriers and separate corrective criteria.,editorial_followup_resolved,Tailored actions and repaired learning guide,docs/authoring/exercises/06.yaml,data/practices/protocols/06/PRACTICE-COMP-0613-ABLEISM-STIGMA-AND-INCLUSIVE-PARTICIPATION-01.yaml,/practices/c0613-ableism-stigma-and-inclusive-participation-practice/guide/,Exact source/compiler/runtime parity; explicit reveal projection; stable IDs and completion rules
06.14,Professional and emergency boundaries,Add brief non-graphic cases and official service-scope cards with a separately revealed routing rationale; keep local verification and specialist acceptance distinct.,editorial_followup_resolved,Tailored actions and repaired learning guide,docs/authoring/exercises/06.yaml,data/practices/protocols/06/PRACTICE-COMP-0614-PROFESSIONAL-AND-EMERGENCY-BOUNDARIES-01.yaml,/practices/c0614-professional-and-emergency-boundaries-practice/guide/,Exact source/compiler/runtime parity; explicit reveal projection; stable IDs and completion rules
07.01,Emotional vocabulary and differentiation,Keep the vocabulary distinctions; move editorial status out of learner copy and use a second event for unaided differentiation.,editorial_followup_resolved,Tailored actions and repaired learning guide,docs/authoring/emotional-foundations/07.01/learner-guide.md,data/practices/protocols/07/PRACTICE-COMP-0701-EMOTIONAL-VOCABULARY-AND-DIFFERENTIATION-01.yaml,/practices/c0701-emotional-vocabulary-and-differentiation-practice/guide/,Exact source/compiler/runtime parity; explicit reveal projection; stable IDs and completion rules
07.02,Body-based emotional awareness,"Move governance text to the editorial record; retain timing, absent cues and pain uncertainty in learner instructions.",editorial_followup_resolved,Tailored actions and repaired learning guide,docs/authoring/emotional-foundations/07.02/learner-guide.md,data/practices/protocols/07/PRACTICE-COMP-0702-BODY-BASED-EMOTIONAL-AWARENESS-01.yaml,/practices/c0702-body-based-emotional-awareness-practice/guide/,Exact source/compiler/runtime parity; explicit reveal projection; stable IDs and completion rules
07.03,The pause between feeling and action,Preserve the time constraints; supply an unanswered comparable scheduling conflict and remove editorial metadata.,editorial_followup_resolved,Tailored actions and repaired learning guide,docs/authoring/emotional-foundations/07.03/learner-guide.md,data/practices/protocols/07/PRACTICE-COMP-0703-THE-PAUSE-BETWEEN-FEELING-AND-ACTION-01.yaml,/practices/c0703-the-pause-between-feeling-and-action-practice/guide/,Exact source/compiler/runtime parity; explicit reveal projection; stable IDs and completion rules
07.04,Anxiety and courageous exposure,"Retain nonclinical and consent boundaries, obtain qualified review before clinical claims, and remove editorial status from learner copy.",editorial_followup_resolved,Tailored actions and repaired learning guide,docs/authoring/emotional-foundations/07.04/learner-guide.md,data/practices/protocols/07/PRACTICE-COMP-0704-ANXIETY-AND-COURAGEOUS-EXPOSURE-01.yaml,/practices/c0704-anxiety-and-courageous-exposure-practice/guide/,Exact source/compiler/runtime parity; explicit reveal projection; stable IDs and completion rules
07.05,Anger and assertive repair,Keep the authority contrast and remove governance metadata from learner-facing material.,editorial_followup_resolved,Tailored actions and repaired learning guide,docs/authoring/emotional-foundations/07.05/learner-guide.md,data/practices/protocols/07/PRACTICE-COMP-0705-ANGER-AND-ASSERTIVE-REPAIR-01.yaml,/practices/c0705-anger-and-assertive-repair-practice/guide/,Exact source/compiler/runtime parity; explicit reveal projection; stable IDs and completion rules
07.06,"Sadness, grief, and loss",Retain the concrete grief context and move editorial status to a maintainer document.,editorial_followup_resolved,Tailored actions and repaired learning guide,docs/authoring/emotional-foundations/07.06/learner-guide.md,data/practices/protocols/07/PRACTICE-COMP-0706-SADNESS-GRIEF-AND-LOSS-01.yaml,/practices/c0706-sadness-grief-and-loss-practice/guide/,Exact source/compiler/runtime parity; explicit reveal projection; stable IDs and completion rules
07.07,"Shame, guilt, and remorse",Keep the actual impact and consented repair; remove internal governance language.,editorial_followup_resolved,Tailored actions and repaired learning guide,docs/authoring/emotional-foundations/07.07/learner-guide.md,data/practices/protocols/07/PRACTICE-COMP-0707-SHAME-GUILT-AND-REMORSE-01.yaml,/practices/c0707-shame-guilt-and-remorse-practice/guide/,Exact source/compiler/runtime parity; explicit reveal projection; stable IDs and completion rules
07.08,"Envy, jealousy, and comparison",Use an unanswered comparison case after instruction; move editorial status outside the learner guide.,editorial_followup_resolved,Tailored actions and repaired learning guide,docs/authoring/emotional-foundations/07.08/learner-guide.md,data/practices/protocols/07/PRACTICE-COMP-0708-ENVY-JEALOUSY-AND-COMPARISON-01.yaml,/practices/c0708-envy-jealousy-and-comparison-practice/guide/,Exact source/compiler/runtime parity; explicit reveal projection; stable IDs and completion rules
07.09,Healthy emotional expression,Retain the changed-fact contrast and relocate maintainer-only content.,editorial_followup_resolved,Tailored actions and repaired learning guide,docs/authoring/emotional-foundations/07.09/learner-guide.md,data/practices/protocols/07/PRACTICE-COMP-0709-HEALTHY-EMOTIONAL-EXPRESSION-01.yaml,/practices/c0709-healthy-emotional-expression-practice/guide/,Exact source/compiler/runtime parity; explicit reveal projection; stable IDs and completion rules
07.10,Self-compassion with standards,Specify exactly what is reduced and what the partner must agree to; remove editorial status from learner copy.,editorial_followup_resolved,Tailored actions and repaired learning guide,docs/authoring/emotional-foundations/07.10/learner-guide.md,data/practices/protocols/07/PRACTICE-COMP-0710-SELF-COMPASSION-WITH-STANDARDS-01.yaml,/practices/c0710-self-compassion-with-standards-practice/guide/,Exact source/compiler/runtime parity; explicit reveal projection; stable IDs and completion rules
07.11,"Hope, optimism, joy, and contentment",Keep the refusal route and pending approval; relocate governance content.,editorial_followup_resolved,Tailored actions and repaired learning guide,docs/authoring/emotional-foundations/07.11/learner-guide.md,data/practices/protocols/07/PRACTICE-COMP-0711-HOPE-OPTIMISM-JOY-AND-CONTENTMENT-01.yaml,/practices/c0711-hope-optimism-joy-and-contentment-practice/guide/,Exact source/compiler/runtime parity; explicit reveal projection; stable IDs and completion rules
07.12,Resilience and post-setback adaptation,Preserve actual available minutes and ownership limits; remove maintainer metadata.,editorial_followup_resolved,Tailored actions and repaired learning guide,docs/authoring/emotional-foundations/07.12/learner-guide.md,data/practices/protocols/07/PRACTICE-COMP-0712-RESILIENCE-AND-POST-SETBACK-ADAPTATION-01.yaml,/practices/c0712-resilience-and-post-setback-adaptation-practice/guide/,Exact source/compiler/runtime parity; explicit reveal projection; stable IDs and completion rules
07.13,Mental-health literacy and help-seeking,"Verify the cited services and narrow claim anchors, retain escalation and access limits, and move governance metadata out of learner copy.",editorial_followup_resolved,Tailored actions and repaired learning guide,docs/authoring/attention-agency/07.13/learner-guide.md,data/practices/protocols/07/PRACTICE-COMP-0713-MENTAL-HEALTH-LITERACY-AND-HELP-SEEKING-01.yaml,/practices/c0713-mental-health-literacy-and-help-seeking-practice/guide/,Exact source/compiler/runtime parity; explicit reveal projection; stable IDs and completion rules
07.14,Chronic dysregulation and skill generalization,"Retain the limitation, develop a bounded next-context route before broader claims, and remove maintainer status from learner copy.",editorial_followup_resolved,Tailored actions and repaired learning guide,docs/authoring/attention-agency/07.14/learner-guide.md,data/practices/protocols/07/PRACTICE-COMP-0714-CHRONIC-DYSREGULATION-AND-SKILL-GENERALIZATION-01.yaml,/practices/c0714-chronic-dysregulation-and-skill-generalization-practice/guide/,Exact source/compiler/runtime parity; explicit reveal projection; stable IDs and completion rules
08.01,Attention audit,Retain unknown duration and comparable-window limits; move schema and governance notes outside the learner guide.,editorial_followup_resolved,Tailored actions and repaired learning guide,docs/authoring/attention-agency/08.01/learner-guide.md,data/practices/protocols/08/PRACTICE-COMP-0801-ATTENTION-AUDIT-01.yaml,/practices/c0801-attention-audit-practice/guide/,Exact source/compiler/runtime parity; explicit reveal projection; stable IDs and completion rules
08.02,Mindfulness and present attention,Give the task enough meaningful optional material for the window without productivity scoring; preserve frozen rules and relocate engineering metadata.,editorial_followup_resolved,Frozen legacy behavior with repaired companion guide,docs/authoring/attention-agency/08.02/learner-guide.md,data/practices/protocols/08/PRACTICE-PRESENCE-01.yaml,/practices/complete-an-attention-presence-experiment/guide/,Exact source/compiler/runtime parity; explicit reveal projection; stable IDs and completion rules
08.03,Impulse control,"Add an unanswered transfer situation requiring the learner to identify cue, reason and timing; remove maintainer copy.",editorial_followup_resolved,Tailored actions and repaired learning guide,docs/authoring/attention-agency/08.03/learner-guide.md,data/practices/protocols/08/PRACTICE-COMP-0803-IMPULSE-CONTROL-01.yaml,/practices/c0803-impulse-control-practice/guide/,Exact source/compiler/runtime parity; explicit reveal projection; stable IDs and completion rules
08.04,"Desire, craving, and lust",Use a new timing/consent case without its answer in the guide and relocate governance text.,editorial_followup_resolved,Tailored actions and repaired learning guide,docs/authoring/attention-agency/08.04/learner-guide.md,data/practices/protocols/08/PRACTICE-COMP-0804-DESIRE-CRAVING-AND-LUST-01.yaml,/practices/c0804-desire-craving-and-lust-practice/guide/,Exact source/compiler/runtime parity; explicit reveal projection; stable IDs and completion rules
08.05,Tolerance of discomfort,Supply a new duration/stop record for independent interpretation; remove editorial metadata.,editorial_followup_resolved,Tailored actions and repaired learning guide,docs/authoring/attention-agency/08.05/learner-guide.md,data/practices/protocols/08/PRACTICE-COMP-0805-TOLERANCE-OF-DISCOMFORT-01.yaml,/practices/c0805-tolerance-of-discomfort-practice/guide/,Exact source/compiler/runtime parity; explicit reveal projection; stable IDs and completion rules
08.06,Action independent of motivation,"Keep the actual-start/deferral distinction and frozen semantics, but move schema compatibility checks and internal status to maintainer review.",editorial_followup_resolved,Tailored actions and repaired learning guide,docs/authoring/attention-agency/08.06/learner-guide.md,data/practices/protocols/08/PRACTICE-MOTIVATION-INDEPENDENT-START-01.yaml,/practices/compare-two-motivation-independent-starts/guide/,Exact source/compiler/runtime parity; explicit reveal projection; stable IDs and completion rules
08.07,Habit and environment design,Retain the mixed outcome and consented accountability limits; remove maintainer metadata.,editorial_followup_resolved,Tailored actions and repaired learning guide,docs/authoring/attention-agency/08.07/learner-guide.md,data/practices/protocols/08/PRACTICE-COMP-0807-HABIT-AND-ENVIRONMENT-DESIGN-01.yaml,/practices/c0807-habit-and-environment-design-practice/guide/,Exact source/compiler/runtime parity; explicit reveal projection; stable IDs and completion rules
08.08,Consistency and minimum standards,Preserve all three statuses and the capacity-based revision rule; relocate editorial metadata.,editorial_followup_resolved,Tailored actions and repaired learning guide,docs/authoring/attention-agency/08.08/learner-guide.md,data/practices/protocols/08/PRACTICE-COMP-0808-CONSISTENCY-AND-MINIMUM-STANDARDS-01.yaml,/practices/c0808-consistency-and-minimum-standards-practice/guide/,Exact source/compiler/runtime parity; explicit reveal projection; stable IDs and completion rules
08.09,Voluntary restraint and hardship,Use a different boundary/ownership scenario for transfer and move internal status outside learner copy.,editorial_followup_resolved,Tailored actions and repaired learning guide,docs/authoring/attention-agency/08.09/learner-guide.md,data/practices/protocols/08/PRACTICE-COMP-0809-VOLUNTARY-RESTRAINT-AND-HARDSHIP-01.yaml,/practices/c0809-voluntary-restraint-and-hardship-practice/guide/,Exact source/compiler/runtime parity; explicit reveal projection; stable IDs and completion rules
08.10,Completion and perseverance,Keep explicit done criteria and responsible shared-task termination; remove maintainer metadata.,editorial_followup_resolved,Tailored actions and repaired learning guide,docs/authoring/attention-agency/08.10/learner-guide.md,data/practices/protocols/08/PRACTICE-COMP-0810-COMPLETION-AND-PERSEVERANCE-01.yaml,/practices/c0810-completion-and-perseverance-practice/guide/,Exact source/compiler/runtime parity; explicit reveal projection; stable IDs and completion rules
08.11,Discipline without domination or purity,Retain the failed retrieval and untested revision; move governance material out of learner copy.,editorial_followup_resolved,Tailored actions and repaired learning guide,docs/authoring/attention-agency/08.11/learner-guide.md,data/practices/protocols/08/PRACTICE-COMP-0811-DISCIPLINE-WITHOUT-DOMINATION-OR-PURITY-01.yaml,/practices/c0811-discipline-without-domination-or-purity-practice/guide/,Exact source/compiler/runtime parity; explicit reveal projection; stable IDs and completion rules
09.01,Observation versus interpretation,Move application and acceptance-status commentary into authoring records; preserve the evidence-attribution and correction tasks.,editorial_followup_resolved,Tailored actions and repaired learning guide,docs/authoring/reasoning-foundations/09.01/learner-guide.md,data/practices/protocols/09/PRACTICE-COMP-0901-OBSERVATION-VERSUS-INTERPRETATION-01.yaml,/practices/c0901-observation-versus-interpretation-practice/guide/,Exact source/compiler/runtime parity; explicit reveal projection; stable IDs and completion rules
09.02,Logic and argument structure,Retain the argument-specific counterexamples and uncertainty distinctions; move scoring and review-process status out of learner-facing materials.,editorial_followup_resolved,Tailored actions and repaired learning guide,docs/authoring/reasoning-foundations/09.02/learner-guide.md,data/practices/protocols/09/PRACTICE-COMP-0902-LOGIC-AND-ARGUMENT-STRUCTURE-01.yaml,/practices/c0902-logic-and-argument-structure-practice/guide/,Exact source/compiler/runtime parity; explicit reveal projection; stable IDs and completion rules
09.03,Cognitive and motivational bias,Relocate implementation and acceptance-status commentary; retain explicit real-choice evidence limits and the unchanged-choice adverse check.,editorial_followup_resolved,Tailored actions and repaired learning guide,docs/authoring/reasoning-foundations/09.03/learner-guide.md,data/practices/protocols/09/PRACTICE-COMP-0903-COGNITIVE-AND-MOTIVATIONAL-BIAS-01.yaml,/practices/c0903-cognitive-and-motivational-bias-practice/guide/,Exact source/compiler/runtime parity; explicit reveal projection; stable IDs and completion rules
09.04,Source and evidence evaluation,Retain the denominator and dependent-source checks; obtain the required fresh independent and qualified reviews before acceptance.,reviewed_no_edit_required,Tailored actions and repaired learning guide,docs/authoring/evidence-humility-forecasting/09.04/learner-guide.md,data/practices/protocols/09/PRACTICE-COMP-0904-SOURCE-AND-EVIDENCE-EVALUATION-01.yaml,/practices/c0904-source-and-evidence-evaluation-practice/guide/,Exact source/compiler/runtime parity; explicit reveal projection; stable IDs and completion rules
09.05,Epistemic humility,Preserve versioned belief records and distinguish fictional updating from actual meaningful-belief evidence; complete independent review before acceptance.,reviewed_no_edit_required,Tailored actions and repaired learning guide,docs/authoring/evidence-humility-forecasting/09.05/learner-guide.md,data/practices/protocols/09/PRACTICE-COMP-0905-EPISTEMIC-HUMILITY-01.yaml,/practices/c0905-epistemic-humility-practice/guide/,Exact source/compiler/runtime parity; explicit reveal projection; stable IDs and completion rules
09.06,Probabilistic and scenario thinking,Remove application/production scoring commentary while retaining educational limits; preserve the missing-outcome denominator and different-event-set adverse checks.,editorial_followup_resolved,Tailored actions and repaired learning guide,docs/authoring/evidence-humility-forecasting/09.06/learner-guide.md,data/practices/protocols/09/PRACTICE-COMP-0906-PROBABILISTIC-AND-SCENARIO-THINKING-01.yaml,/practices/c0906-probabilistic-and-scenario-thinking-practice/guide/,Exact source/compiler/runtime parity; explicit reveal projection; stable IDs and completion rules
09.07,Systems and causal reasoning,Retain separate delayed and hidden stocks and explicit model assumptions; complete independent review and avoid inferring real service improvement from the simulation.,reviewed_no_edit_required,Tailored actions and repaired learning guide,docs/authoring/systems-causes-tradeoffs/09.07/learner-guide.md,data/practices/protocols/09/PRACTICE-COMP-0907-SYSTEMS-AND-CAUSAL-REASONING-01.yaml,/practices/c0907-systems-and-causal-reasoning-practice/guide/,Exact source/compiler/runtime parity; explicit reveal projection; stable IDs and completion rules
09.08,Root-cause problem solving,"Move production-contract and acceptance-status prose to author records; preserve the causal contrasts, explicit holds and real-improvement evidence boundary.",editorial_followup_resolved,Tailored actions and repaired learning guide,docs/authoring/systems-causes-tradeoffs/09.08/learner-guide.md,data/practices/protocols/09/PRACTICE-COMP-0908-ROOT-CAUSE-PROBLEM-SOLVING-01.yaml,/practices/c0908-root-cause-problem-solving-practice/guide/,Exact source/compiler/runtime parity; explicit reveal projection; stable IDs and completion rules
09.09,Tradeoffs and opportunity cost,"Preserve explicit preference assumptions, contingent consent and foregone alternatives; obtain independent review and actual follow-through evidence where claimed.",reviewed_no_edit_required,Tailored actions and repaired learning guide,docs/authoring/systems-causes-tradeoffs/09.09/learner-guide.md,data/practices/protocols/09/PRACTICE-COMP-0909-TRADEOFFS-AND-OPPORTUNITY-COST-01.yaml,/practices/c0909-tradeoffs-and-opportunity-cost-practice/guide/,Exact source/compiler/runtime parity; explicit reveal projection; stable IDs and completion rules
09.10,Risk assessment and precaution,Keep the detector/dependence challenge and replace or relabel the repeated numerical portion; preserve the six risk dimensions and bounded tabletop evidence.,editorial_followup_resolved,Tailored actions and repaired learning guide,docs/authoring/risk-judgment-inference/09.10/learner-guide.md,data/practices/protocols/09/PRACTICE-COMP-0910-RISK-ASSESSMENT-AND-PRECAUTION-01.yaml,/practices/c0910-risk-assessment-and-precaution-practice/guide/,Exact source/compiler/runtime parity; explicit reveal projection; stable IDs and completion rules
09.11,Practical wisdom and context,Preserve materially relevant context distinctions and plural acceptable responses; complete independent contextual review and distinguish rehearsal from actual communication.,reviewed_no_edit_required,Tailored actions and repaired learning guide,docs/authoring/risk-judgment-inference/09.11/learner-guide.md,data/practices/protocols/09/PRACTICE-COMP-0911-PRACTICAL-WISDOM-AND-CONTEXT-01.yaml,/practices/c0911-practical-wisdom-and-context-practice/guide/,Exact source/compiler/runtime parity; explicit reveal projection; stable IDs and completion rules
09.12,Decision records and updating,"Retain neutral-code privacy and real-versus-simulated chronology, but move compatibility and production-validation instructions to maintainer records. Preserve retained typed evidence unchanged.",editorial_followup_resolved,Tailored actions and repaired learning guide,docs/authoring/risk-judgment-inference/09.12/learner-guide.md,data/practices/protocols/09/PRACTICE-DECISION-RECORD-01.yaml,/practices/make-and-update-one-private-decision-record/guide/,Exact source/compiler/runtime parity; explicit reveal projection; stable IDs and completion rules
09.13,Statistical literacy,Preserve worked-versus-fresh datasets and denominator-specific feedback; obtain independent statistical review before professional acceptance.,reviewed_no_edit_required,Tailored actions and repaired learning guide,docs/authoring/risk-judgment-inference/09.13/learner-guide.md,data/practices/protocols/09/PRACTICE-COMP-0913-STATISTICAL-LITERACY-01.yaml,/practices/c0913-statistical-literacy-practice/guide/,Exact source/compiler/runtime parity; explicit reveal projection; stable IDs and completion rules
09.14,Scientific reasoning and research design,"Preserve full decks, prospective criterion and error-aware denominators; secure independent methods review and do not count synthetic runs as participant evidence.",reviewed_no_edit_required,Tailored actions and repaired learning guide,docs/authoring/risk-judgment-inference/09.14/learner-guide.md,data/practices/protocols/09/PRACTICE-COMP-0914-SCIENTIFIC-REASONING-AND-RESEARCH-DESIGN-01.yaml,/practices/c0914-scientific-reasoning-and-research-design-practice/guide/,Exact source/compiler/runtime parity; explicit reveal projection; stable IDs and completion rules
09.15,Causal inference and intervention logic,"Retain causal-question specificity, counterfactual nonidentification and intervention burden checks; complete independent domain review before acceptance.",reviewed_no_edit_required,Tailored actions and repaired learning guide,docs/authoring/risk-judgment-inference/09.15/learner-guide.md,data/practices/protocols/09/PRACTICE-COMP-0915-CAUSAL-INFERENCE-AND-INTERVENTION-LOGIC-01.yaml,/practices/c0915-causal-inference-and-intervention-logic-practice/guide/,Exact source/compiler/runtime parity; explicit reveal projection; stable IDs and completion rules
09.16,"Models, simulations, and abstraction limits","Preserve frozen model versions, changed-category suspension and explicit nonprobabilistic sensitivity; obtain independent review and real-process validation for any real use claim.",reviewed_no_edit_required,Tailored actions and repaired learning guide,docs/authoring/models-information-execution/09.16/learner-guide.md,data/practices/protocols/09/PRACTICE-COMP-0916-MODELS-SIMULATIONS-AND-ABSTRACTION-LIMITS-01.yaml,/practices/c0916-models-simulations-and-abstraction-limits-practice/guide/,Exact source/compiler/runtime parity; explicit reveal projection; stable IDs and completion rules
09.17,Adversarial reasoning and information operations,Preserve claim-level provenance and defensive verification limits; actual independent checking and qualified review remain necessary for their respective acceptance claims.,reviewed_no_edit_required,Tailored actions and repaired learning guide,docs/authoring/models-information-execution/09.17/learner-guide.md,data/practices/protocols/09/PRACTICE-COMP-0917-ADVERSARIAL-REASONING-AND-INFORMATION-OPERATIONS-01.yaml,/practices/c0917-adversarial-reasoning-and-information-operations-practice/guide/,Exact source/compiler/runtime parity; explicit reveal projection; stable IDs and completion rules
10.01,The science of learning,Retain separated keys and obtain revision-bound A/B/C evidence.,reviewed_no_edit_required,Tailored actions and repaired learning guide,docs/authoring/exercises/10.yaml,data/practices/protocols/10/PRACTICE-COMP-1001-THE-SCIENCE-OF-LEARNING-01.yaml,/practices/c1001-the-science-of-learning-practice/guide/,Exact source/compiler/runtime parity; explicit reveal projection; stable IDs and completion rules
10.02,Deliberate practice,Move compatibility wording to maintainer material and clarify the private diagnostic versus application scoring.,editorial_followup_resolved,Tailored actions and repaired learning guide,docs/authoring/exercises/10.yaml,data/practices/protocols/10/PRACTICE-DELIBERATE-PRACTICE-01.yaml,/practices/practice-one-weak-skill-component/guide/,Exact source/compiler/runtime parity; explicit reveal projection; stable IDs and completion rules
10.03,Curiosity and question formation,Correct the inconsistent fact and add a check distinguishing pairs from distinct notices; recompile and re-review affected projections.,editorial_followup_resolved,Tailored actions and repaired learning guide,docs/authoring/exercises/10.yaml,data/practices/protocols/10/PRACTICE-COMP-1003-CURIOSITY-AND-QUESTION-FORMATION-01.yaml,/practices/c1003-curiosity-and-question-formation-practice/guide/,Exact source/compiler/runtime parity; explicit reveal projection; stable IDs and completion rules
10.04,Research and information gathering,Keep the source-role task as guided practice and add a separate source set with a new authority/effective-date conflict and its key for unassisted transfer.,editorial_followup_resolved,Tailored actions and repaired learning guide,docs/authoring/exercises/10.yaml,data/practices/protocols/10/PRACTICE-COMP-1004-RESEARCH-AND-INFORMATION-GATHERING-01.yaml,/practices/c1004-research-and-information-gathering-practice/guide/,Exact source/compiler/runtime parity; explicit reveal projection; stable IDs and completion rules
10.05,Knowledge organization and notes,"Retain the worked note as teaching and provide a different short source for independently building a note, then test later use through its learner-chosen cue; preserve the valid fresh arithmetic and support log.",editorial_followup_resolved,Tailored actions and repaired learning guide,docs/authoring/exercises/10.yaml,data/practices/protocols/10/PRACTICE-COMP-1005-KNOWLEDGE-ORGANIZATION-AND-NOTES-01.yaml,/practices/c1005-knowledge-organization-and-notes-practice/guide/,Exact source/compiler/runtime parity; explicit reveal projection; stable IDs and completion rules
10.06,Memory and recall,Separate retrieval route from correctness in the recording instructions so an unaided wrong response and a cued wrong response can both be recorded without ambiguity.,editorial_followup_resolved,Tailored actions and repaired learning guide,docs/authoring/exercises/10.yaml,data/practices/protocols/10/PRACTICE-COMP-1006-MEMORY-AND-RECALL-01.yaml,/practices/c1006-memory-and-recall-practice/guide/,Exact source/compiler/runtime parity; explicit reveal projection; stable IDs and completion rules
10.07,Skill decomposition and progression,Move A-F answers behind their practice check; reconcile outer and instructional milestone definitions while preserving the distinct G integration test and self-review label.,editorial_followup_resolved,Tailored actions and repaired learning guide,docs/authoring/exercises/10.yaml,data/practices/protocols/10/PRACTICE-COMP-1007-SKILL-DECOMPOSITION-AND-PROGRESSION-01.yaml,/practices/c1007-skill-decomposition-and-progression-practice/guide/,Exact source/compiler/runtime parity; explicit reveal projection; stable IDs and completion rules
10.08,Feedback and error correction,"Describe the correction as the complete semantic repair or actually isolate one change, and align the retest/partial-result explanation with that choice.",editorial_followup_resolved,Tailored actions and repaired learning guide,docs/authoring/exercises/10.yaml,data/practices/protocols/10/PRACTICE-COMP-1008-FEEDBACK-AND-ERROR-CORRECTION-01.yaml,/practices/c1008-feedback-and-error-correction-practice/guide/,Exact source/compiler/runtime parity; explicit reveal projection; stable IDs and completion rules
10.09,Independent learning and resourcefulness,Replace the extension with genuinely unseen inputs or remove their prior answers; inspect the entire learner bundle before claiming unaided transfer.,editorial_followup_resolved,Tailored actions and repaired learning guide,docs/authoring/exercises/10.yaml,data/practices/protocols/10/PRACTICE-COMP-1009-INDEPENDENT-LEARNING-AND-RESOURCEFULNESS-01.yaml,/practices/c1009-independent-learning-and-resourcefulness-practice/guide/,Exact source/compiler/runtime parity; explicit reveal projection; stable IDs and completion rules
10.10,Teaching and explanation,"Preserve consent, access inquiry, answer-withholding and the actual-learner versus rehearsal boundary; obtain independent teaching review and real learner evidence before those claims are accepted.",reviewed_no_edit_required,Tailored actions and repaired learning guide,docs/authoring/exercises/10.yaml,data/practices/protocols/10/PRACTICE-COMP-1010-TEACHING-AND-EXPLANATION-01.yaml,/practices/c1010-teaching-and-explanation-practice/guide/,Exact source/compiler/runtime parity; explicit reveal projection; stable IDs and completion rules
10.11,Breadth and interdisciplinary literacy,"Correct the selected-versus-uninvestigated lens accounting consistently across prompt/template/key, and add a new evidence pair for independent synthesis after the guided D1/U1 example.",editorial_followup_resolved,Tailored actions and repaired learning guide,docs/authoring/exercises/10.yaml,data/practices/protocols/10/PRACTICE-COMP-1011-BREADTH-AND-INTERDISCIPLINARY-LITERACY-01.yaml,/practices/c1011-breadth-and-interdisciplinary-literacy-practice/guide/,Exact source/compiler/runtime parity; explicit reveal projection; stable IDs and completion rules
10.12,Apprenticeship and tacit knowledge,"Keep the safe guided encounter and honest simulation limits; supply a bounded, accessible community-of-practice participation pathway with permission, observation, contribution and feedback evidence, or document the unresolved canonical facet for review.",editorial_followup_resolved,Tailored actions and repaired learning guide,docs/authoring/exercises/10.yaml,data/practices/protocols/10/PRACTICE-COMP-1012-APPRENTICESHIP-AND-TACIT-KNOWLEDGE-01.yaml,/practices/c1012-apprenticeship-and-tacit-knowledge-practice/guide/,Exact source/compiler/runtime parity; explicit reveal projection; stable IDs and completion rules
10.13,Communal and intergenerational knowledge transmission,"Retain content and distribution checks, legitimate variation and accessible readback; obtain independent review and actual holder/recipient evidence before claiming real transmission.",reviewed_no_edit_required,Tailored actions and repaired learning guide,docs/authoring/exercises/10.yaml,data/practices/protocols/10/PRACTICE-COMP-1013-COMMUNAL-AND-INTERGENERATIONAL-KNOWLEDGE-TRANSMISSION-01.yaml,/practices/c1013-communal-and-intergenerational-knowledge-transmission-practice/guide/,Exact source/compiler/runtime parity; explicit reveal projection; stable IDs and completion rules
10.14,Accessible and differentiated learning,"Preserve learner-chosen supports, full path criteria and usability/performance separation; obtain independent accessibility review and actual learner evidence before claiming improvement.",reviewed_no_edit_required,Tailored actions and repaired learning guide,docs/authoring/exercises/10.yaml,data/practices/protocols/10/PRACTICE-COMP-1014-ACCESSIBLE-AND-DIFFERENTIATED-LEARNING-01.yaml,/practices/c1014-accessible-and-differentiated-learning-practice/guide/,Exact source/compiler/runtime parity; explicit reveal projection; stable IDs and completion rules
11.01,Time and energy audit,Retain task-specific energy descriptions and actual-duration limits; independent review and actual observation are required before claims of changed personal allocation.,reviewed_no_edit_required,Tailored actions and repaired learning guide,docs/authoring/models-information-execution/11.01/learner-guide.md,data/practices/protocols/11/PRACTICE-COMP-1101-TIME-AND-ENERGY-AUDIT-01.yaml,/practices/c1101-time-and-energy-audit-practice/guide/,Exact source/compiler/runtime parity; explicit reveal projection; stable IDs and completion rules
11.02,Priority hierarchy,"Preserve plural defensible priorities, real duration/consent constraints and explicit deferrals; obtain independent review and live follow-through evidence for those claims.",reviewed_no_edit_required,Tailored actions and repaired learning guide,docs/authoring/models-information-execution/11.02/learner-guide.md,data/practices/protocols/11/PRACTICE-COMP-1102-PRIORITY-HIERARCHY-01.yaml,/practices/c1102-priority-hierarchy-practice/guide/,Exact source/compiler/runtime parity; explicit reveal projection; stable IDs and completion rules
11.03,Goal definition and success criteria,"Retain predeclared criteria, versioned revisions and distinct missing/failed evidence; independent review and real-user usefulness remain unestablished.",reviewed_no_edit_required,Tailored actions and repaired learning guide,docs/authoring/models-information-execution/11.03/learner-guide.md,data/practices/protocols/11/PRACTICE-COMP-1103-GOAL-DEFINITION-AND-SUCCESS-CRITERIA-01.yaml,/practices/c1103-goal-definition-and-success-criteria-practice/guide/,Exact source/compiler/runtime parity; explicit reveal projection; stable IDs and completion rules
11.04,Milestones and task decomposition,Relabel the reused graph portion as guided retrieval or provide a genuinely different dependency network for fresh assessment; retain the cycle repair and branch-specific milestone evidence.,editorial_followup_resolved,Tailored actions and repaired learning guide,docs/authoring/models-information-execution/11.04/learner-guide.md,data/practices/protocols/11/PRACTICE-COMP-1104-MILESTONES-AND-TASK-DECOMPOSITION-01.yaml,/practices/c1104-milestones-and-task-decomposition-practice/guide/,Exact source/compiler/runtime parity; explicit reveal projection; stable IDs and completion rules
11.05,Scheduling and realistic capacity,"Move the application-contract aside to maintainer documentation; retain interval feasibility, branch separation and pending-work accounting.",editorial_followup_resolved,Tailored actions and repaired learning guide,docs/authoring/execution-capacity-closeout/11.05/learner-guide.md,data/practices/protocols/11/PRACTICE-COMP-1105-SCHEDULING-AND-REALISTIC-CAPACITY-01.yaml,/practices/c1105-scheduling-and-realistic-capacity-practice/guide/,Exact source/compiler/runtime parity; explicit reveal projection; stable IDs and completion rules
11.06,Project and workflow management,"Preserve artifact-level done rules, versioned rework and actual consent boundaries; obtain independent workflow review and live delivery evidence where claimed.",reviewed_no_edit_required,Tailored actions and repaired learning guide,docs/authoring/execution-capacity-closeout/11.06/learner-guide.md,data/practices/protocols/11/PRACTICE-COMP-1106-PROJECT-AND-WORKFLOW-MANAGEMENT-01.yaml,/practices/c1106-project-and-workflow-management-practice/guide/,Exact source/compiler/runtime parity; explicit reveal projection; stable IDs and completion rules
11.07,Pacing and sustainable intensity,"Preserve the positive sprint case, recovery branch and aftermath accounting; independent review and actual sustainable-capacity evidence remain separate.",reviewed_no_edit_required,Tailored actions and repaired learning guide,docs/authoring/execution-capacity-closeout/11.07/learner-guide.md,data/practices/protocols/11/PRACTICE-COMP-1107-PACING-AND-SUSTAINABLE-INTENSITY-01.yaml,/practices/c1107-pacing-and-sustainable-intensity-practice/guide/,Exact source/compiler/runtime parity; explicit reveal projection; stable IDs and completion rules
11.08,Follow-through and accountability,"Move internal application and project-status prose to author records while retaining practical privacy, promise history, acceptance and receipt distinctions.",editorial_followup_resolved,Tailored actions and repaired learning guide,docs/authoring/execution-capacity-closeout/11.08/learner-guide.md,data/practices/protocols/11/PRACTICE-COMP-1108-FOLLOW-THROUGH-AND-ACCOUNTABILITY-01.yaml,/practices/c1108-follow-through-and-accountability-practice/guide/,Exact source/compiler/runtime parity; explicit reveal projection; stable IDs and completion rules
11.09,"Review, measurement, and adaptation","Preserve daily versus total caps, known adverse-burden overrides and concrete next actions; obtain independent review and actual changed-method evidence for real behavioral claims.",reviewed_no_edit_required,Tailored actions and repaired learning guide,docs/authoring/execution-capacity-closeout/11.09/learner-guide.md,data/practices/protocols/11/PRACTICE-COMP-1109-REVIEW-MEASUREMENT-AND-ADAPTATION-01.yaml,/practices/c1109-review-measurement-and-adaptation-practice/guide/,Exact source/compiler/runtime parity; explicit reveal projection; stable IDs and completion rules
11.10,Saying no and ending responsibly,"Relocate compatibility/action/evidence machinery to maintainers while preserving the useful no-opportunity distinction, actual time reporting and resource obligations. Keep the frozen runtime protocol unchanged.",editorial_followup_resolved,Frozen legacy behavior with repaired companion guide,docs/authoring/execution-capacity-closeout/11.10/learner-guide.md,data/practices/protocols/11/PRACTICE-BOUNDARY-01.yaml,/practices/state-and-maintain-one-boundary/guide/,Exact source/compiler/runtime parity; explicit reveal projection; stable IDs and completion rules
12.01,Health literacy and preventive care,"Move implementation-status prose out of learner flow; preserve record uncertainty, separate clinical channels and consent. Obtain qualified clinical and independent learner review before acceptance.",editorial_followup_resolved,Tailored actions and repaired learning guide,docs/authoring/health-foundations/12.01/learner-guide.md,data/practices/protocols/12/PRACTICE-COMP-1201-HEALTH-LITERACY-AND-PREVENTIVE-CARE-01.yaml,/practices/c1201-health-literacy-and-preventive-care-practice/guide/,Exact source/compiler/runtime parity; explicit reveal projection; stable IDs and completion rules
12.02,Sleep and circadian health,"Relocate application compatibility prose; retain missingness, support and convenience-versus-benefit distinctions. Obtain qualified sleep/clinical and independent learner review.",editorial_followup_resolved,Tailored actions and repaired learning guide,docs/authoring/health-foundations/12.02/learner-guide.md,data/practices/protocols/12/PRACTICE-COMP-1202-SLEEP-AND-CIRCADIAN-HEALTH-01.yaml,/practices/c1202-sleep-and-circadian-health-practice/guide/,Exact source/compiler/runtime parity; explicit reveal projection; stable IDs and completion rules
12.03,Nutrition fundamentals,Move application-status commentary to maintainers; retain the fictional personal-plan basis and cash/storage constraints. Obtain qualified dietetic/allergy and independent learner review without treating synthetic suitability as real advice.,editorial_followup_resolved,Tailored actions and repaired learning guide,docs/authoring/health-foundations/12.03/learner-guide.md,data/practices/protocols/12/PRACTICE-COMP-1203-NUTRITION-FUNDAMENTALS-01.yaml,/practices/c1203-nutrition-fundamentals-practice/guide/,Exact source/compiler/runtime parity; explicit reveal projection; stable IDs and completion rules
12.04,Food relationship and body image,"Use ordinary learner feedback wording and move application/acceptance commentary to author records; retain the optional garment route and qualified-support boundary, with clinical and independent learner review pending.",editorial_followup_resolved,Tailored actions and repaired learning guide,docs/authoring/health-foundations/12.04/learner-guide.md,data/practices/protocols/12/PRACTICE-COMP-1204-FOOD-RELATIONSHIP-AND-BODY-IMAGE-01.yaml,/practices/c1204-food-relationship-and-body-image-practice/guide/,Exact source/compiler/runtime parity; explicit reveal projection; stable IDs and completion rules
12.05,Strength and muscular capability,Move application metadata out of learner copy; obtain qualified review of the exact routes and preserve the evidence limit on strength gain.,editorial_followup_resolved,Tailored actions and repaired learning guide,docs/authoring/exercises/12.yaml,data/practices/protocols/12/PRACTICE-COMP-1205-STRENGTH-AND-MUSCULAR-CAPABILITY-01.yaml,/practices/c1205-strength-and-muscular-capability-practice/guide/,Exact source/compiler/runtime parity; explicit reveal projection; stable IDs and completion rules
12.06,Cardiovascular endurance,Develop qualified-reviewed teaching and a bounded existing-plan/instruction-first pathway for the higher-intensity facet without prescribing unsupported intervals. Move application compatibility prose to maintainers and retain the stop/recovery boundaries.,editorial_followup_resolved,Tailored actions and repaired learning guide,docs/authoring/health-foundations/12.06/learner-guide.md,data/practices/protocols/12/PRACTICE-COMP-1206-CARDIOVASCULAR-ENDURANCE-01.yaml,/practices/c1206-cardiovascular-endurance-practice/guide/,Exact source/compiler/runtime parity; explicit reveal projection; stable IDs and completion rules
12.07,"Mobility, flexibility, and joint capacity",Move implementation-status commentary to author records; preserve access-versus-capacity distinctions and obtain qualified mobility/accessibility and independent learner review before acceptance.,editorial_followup_resolved,Tailored actions and repaired learning guide,docs/authoring/health-foundations/12.07/learner-guide.md,data/practices/protocols/12/PRACTICE-COMP-1207-MOBILITY-FLEXIBILITY-AND-JOINT-CAPACITY-01.yaml,/practices/c1207-mobility-flexibility-and-joint-capacity-practice/guide/,Exact source/compiler/runtime parity; explicit reveal projection; stable IDs and completion rules
12.08,"Power, speed, coordination, and agility","Retain the distinct components and prerequisite routes; obtain qualified review of definitions, technique, recovery and progression before accepting athletic-use claims.",reviewed_no_edit_required,Tailored actions and repaired learning guide,docs/authoring/exercises/12.yaml,data/practices/protocols/12/PRACTICE-COMP-1208-POWER-SPEED-COORDINATION-AND-AGILITY-01.yaml,/practices/c1208-power-speed-coordination-and-agility-practice/guide/,Exact source/compiler/runtime parity; explicit reveal projection; stable IDs and completion rules
12.09,Body composition and metabolic health,Relocate internal status prose; retain measurement-specific limits and meaningful participation goals. Obtain qualified metabolic/clinical and independent learner review before professional acceptance.,editorial_followup_resolved,Tailored actions and repaired learning guide,docs/authoring/health-stewardship/12.09/learner-guide.md,data/practices/protocols/12/PRACTICE-COMP-1209-BODY-COMPOSITION-AND-METABOLIC-HEALTH-01.yaml,/practices/c1209-body-composition-and-metabolic-health-practice/guide/,Exact source/compiler/runtime parity; explicit reveal projection; stable IDs and completion rules
12.10,"Recovery, fatigue, and injury prevention","Move internal evidence-contract prose to maintainers; preserve function-based concern, missing information and actual-advice distinctions. Qualified clinical review remains necessary for the health content.",editorial_followup_resolved,Tailored actions and repaired learning guide,docs/authoring/health-stewardship/12.10/learner-guide.md,data/practices/protocols/12/PRACTICE-COMP-1210-RECOVERY-FATIGUE-AND-INJURY-PREVENTION-01.yaml,/practices/c1210-recovery-fatigue-and-injury-prevention-practice/guide/,Exact source/compiler/runtime parity; explicit reveal projection; stable IDs and completion rules
12.11,Substances and altered states,Move internal delivery/evidence commentary out of learner flow; preserve category-specific uncertainty and feasible transport. Qualified substance/medication and independent learner review are required for professional acceptance.,editorial_followup_resolved,Tailored actions and repaired learning guide,docs/authoring/health-stewardship/12.11/learner-guide.md,data/practices/protocols/12/PRACTICE-COMP-1211-SUBSTANCES-AND-ALTERED-STATES-01.yaml,/practices/c1211-substances-and-altered-states-practice/guide/,Exact source/compiler/runtime parity; explicit reveal projection; stable IDs and completion rules
12.12,Bodily autonomy and personal boundaries,"Relocate runtime/frozen-protocol compatibility prose to maintainers; retain reciprocal consent, noncoercion and jurisdiction-bounded medical questions. Obtain qualified contextual and independent learner review.",editorial_followup_resolved,Tailored actions and repaired learning guide,docs/authoring/health-stewardship/12.12/learner-guide.md,data/practices/protocols/12/PRACTICE-COMP-1212-BODILY-AUTONOMY-AND-PERSONAL-BOUNDARIES-01.yaml,/practices/c1212-bodily-autonomy-and-personal-boundaries-practice/guide/,Exact source/compiler/runtime parity; explicit reveal projection; stable IDs and completion rules
12.13,"Grooming, dress, and presentation",Relocate application compatibility prose; preserve verified versus imagined requirements and functional movement/comfort checks. Obtain relevant qualified and independent learner review for professional acceptance.,editorial_followup_resolved,Tailored actions and repaired learning guide,docs/authoring/health-stewardship/12.13/learner-guide.md,data/practices/protocols/12/PRACTICE-COMP-1213-GROOMING-DRESS-AND-PRESENTATION-01.yaml,/practices/c1213-grooming-dress-and-presentation-practice/guide/,Exact source/compiler/runtime parity; explicit reveal projection; stable IDs and completion rules
12.14,Functional aging and lifelong movement,Move internal runtime commentary to maintainer records; retain whole-function mapping and unassessed training questions. Qualified lifelong-movement and independent learner review remain required.,editorial_followup_resolved,Tailored actions and repaired learning guide,docs/authoring/health-stewardship/12.14/learner-guide.md,data/practices/protocols/12/PRACTICE-COMP-1214-FUNCTIONAL-AGING-AND-LIFELONG-MOVEMENT-01.yaml,/practices/c1214-functional-aging-and-lifelong-movement-practice/guide/,Exact source/compiler/runtime parity; explicit reveal projection; stable IDs and completion rules
12.15,Adaptive movement and fitness,Preserve the current limits and obtain qualified and actual learner review before claiming safe physical proficiency; no new editorial blocker found in the reviewed bundle.,reviewed_no_edit_required,Tailored actions and repaired learning guide,docs/authoring/adaptive-digital/12.15/learner-guide.md,data/practices/protocols/12/PRACTICE-COMP-1215-ADAPTIVE-MOVEMENT-AND-FITNESS-01.yaml,/practices/c1215-adaptive-movement-and-fitness-practice/guide/,Exact source/compiler/runtime parity; explicit reveal projection; stable IDs and completion rules
12.16,Pain literacy and safe response,Retain the emergency-versus-routine distinction and explicit clinical limits; qualified review and real learner evidence remain required for broader acceptance.,reviewed_no_edit_required,Tailored actions and repaired learning guide,docs/authoring/adaptive-digital/12.16/learner-guide.md,data/practices/protocols/12/PRACTICE-COMP-1216-PAIN-LITERACY-AND-SAFE-RESPONSE-01.yaml,/practices/c1216-pain-literacy-and-safe-response-practice/guide/,Exact source/compiler/runtime parity; explicit reveal projection; stable IDs and completion rules
13.01,Independent-living administration,Supply a complete fictional inbox and a fresh retrieval/triage case.,editorial_followup_resolved,Tailored actions and repaired learning guide,docs/authoring/exercises/13.yaml,data/practices/protocols/13/PRACTICE-COMP-1301-INDEPENDENT-LIVING-ADMINISTRATION-01.yaml,/practices/c1301-independent-living-administration-practice/guide/,Exact source/compiler/runtime parity; explicit reveal projection; stable IDs and completion rules
13.02,Home organization and maintenance systems,Add a bounded condition/inventory maintenance route while preserving the existing four actions and evidence semantics.,editorial_followup_resolved,Tailored actions and repaired learning guide,docs/authoring/exercises/13.yaml,data/practices/protocols/13/PRACTICE-HOME-UPKEEP-SYSTEM-01.yaml,/practices/audit-and-redesign-one-home-upkeep-system/guide/,Exact source/compiler/runtime parity; explicit reveal projection; stable IDs and completion rules
13.03,"Cleaning, sanitation, and waste",Supply safe fictional label excerpts with a compatible/incompatible/unknown decision and corrective key.,editorial_followup_resolved,Tailored actions and repaired learning guide,docs/authoring/exercises/13.yaml,data/practices/protocols/13/PRACTICE-COMP-1303-CLEANING-SANITATION-AND-WASTE-01.yaml,/practices/c1303-cleaning-sanitation-and-waste-practice/guide/,Exact source/compiler/runtime parity; explicit reveal projection; stable IDs and completion rules
13.04,Laundry and clothing care,"Provide the promised bounded repair material and a checked care-label example, or remove the unsupported promise and supply a real prerequisite route.",editorial_followup_resolved,Tailored actions and repaired learning guide,docs/authoring/exercises/13.yaml,data/practices/protocols/13/PRACTICE-COMP-1304-LAUNDRY-AND-CLOTHING-CARE-01.yaml,/practices/c1304-laundry-and-clothing-care-practice/guide/,Exact source/compiler/runtime parity; explicit reveal projection; stable IDs and completion rules
13.05,Cooking fundamentals,Add a capability-fit next-method route and an independent sequencing/doneness scenario; retain dietary and heat-access limits.,editorial_followup_resolved,Tailored actions and repaired learning guide,docs/authoring/exercises/13.yaml,data/practices/protocols/13/PRACTICE-COMP-1305-COOKING-FUNDAMENTALS-01.yaml,/practices/c1305-cooking-fundamentals-practice/guide/,Exact source/compiler/runtime parity; explicit reveal projection; stable IDs and completion rules
13.06,Baking and food chemistry,Teach the relevant mechanisms and add a separate emulsion/temperature reasoning path and checked alternative-material example.,editorial_followup_resolved,Tailored actions and repaired learning guide,docs/authoring/exercises/13.yaml,data/practices/protocols/13/PRACTICE-COMP-1306-BAKING-AND-FOOD-CHEMISTRY-01.yaml,/practices/c1306-baking-and-food-chemistry-practice/guide/,Exact source/compiler/runtime parity; explicit reveal projection; stable IDs and completion rules
13.07,"Meal planning, shopping, and food storage",Supply a complete constrained household packet and recomputed shopping and storage decisions.,editorial_followup_resolved,Tailored actions and repaired learning guide,docs/authoring/exercises/13.yaml,data/practices/protocols/13/PRACTICE-COMP-1307-MEAL-PLANNING-SHOPPING-AND-FOOD-STORAGE-01.yaml,/practices/c1307-meal-planning-shopping-and-food-storage-practice/guide/,Exact source/compiler/runtime parity; explicit reveal projection; stable IDs and completion rules
13.08,Basic tools and household repair,Provide the alternative assembly specification and a capability-fit next route without prescribing hazardous repairs.,editorial_followup_resolved,Tailored actions and repaired learning guide,docs/authoring/exercises/13.yaml,data/practices/protocols/13/PRACTICE-COMP-1308-BASIC-TOOLS-AND-HOUSEHOLD-REPAIR-01.yaml,/practices/c1308-basic-tools-and-household-repair-practice/guide/,Exact source/compiler/runtime parity; explicit reveal projection; stable IDs and completion rules
13.09,Mechanical and vehicle literacy,Add a complete invented maintenance record and clearly stipulated manual instructions for a checked service brief.,editorial_followup_resolved,Tailored actions and repaired learning guide,docs/authoring/exercises/13.yaml,data/practices/protocols/13/PRACTICE-COMP-1309-MECHANICAL-AND-VEHICLE-LITERACY-01.yaml,/practices/c1309-mechanical-and-vehicle-literacy-practice/guide/,Exact source/compiler/runtime parity; explicit reveal projection; stable IDs and completion rules
13.10,Utilities and household systems,"Supply a complete harmless network scenario, user-level instructions and correct branch outcomes.",editorial_followup_resolved,Tailored actions and repaired learning guide,docs/authoring/exercises/13.yaml,data/practices/protocols/13/PRACTICE-COMP-1310-UTILITIES-AND-HOUSEHOLD-SYSTEMS-01.yaml,/practices/c1310-utilities-and-household-systems-practice/guide/,Exact source/compiler/runtime parity; explicit reveal projection; stable IDs and completion rules
13.11,Gardening and plant care,"Supply a dated local/species case with observed conditions, competing causes and a bounded later-stage plan.",editorial_followup_resolved,Tailored actions and repaired learning guide,docs/authoring/exercises/13.yaml,data/practices/protocols/13/PRACTICE-COMP-1311-GARDENING-AND-PLANT-CARE-01.yaml,/practices/c1311-gardening-and-plant-care-practice/guide/,Exact source/compiler/runtime parity; explicit reveal projection; stable IDs and completion rules
13.12,Resource maintenance and repair culture,Provide a complete option packet with uncertainty and a key accepting justified constrained choices.,editorial_followup_resolved,Tailored actions and repaired learning guide,docs/authoring/exercises/13.yaml,data/practices/protocols/13/PRACTICE-COMP-1312-RESOURCE-MAINTENANCE-AND-REPAIR-CULTURE-01.yaml,/practices/c1312-resource-maintenance-and-repair-culture-practice/guide/,Exact source/compiler/runtime parity; explicit reveal projection; stable IDs and completion rules
13.13,Hospitality and a functional living environment,Supply the fictional resident/visitor constraints and test a case where attractive arrangement conflicts with access or reset burden.,editorial_followup_resolved,Tailored actions and repaired learning guide,docs/authoring/exercises/13.yaml,data/practices/protocols/13/PRACTICE-COMP-1313-HOSPITALITY-AND-A-FUNCTIONAL-LIVING-ENVIRONMENT-01.yaml,/practices/c1313-hospitality-and-a-functional-living-environment-practice/guide/,Exact source/compiler/runtime parity; explicit reveal projection; stable IDs and completion rules
13.14,"Housing, tenancy, and basic property literacy","Supply clearly invented lease excerpts and a complete issue packet, preserving the need for actual local advice.",editorial_followup_resolved,Tailored actions and repaired learning guide,docs/authoring/exercises/13.yaml,data/practices/protocols/13/PRACTICE-COMP-1314-HOUSING-TENANCY-AND-BASIC-PROPERTY-LITERACY-01.yaml,/practices/c1314-housing-tenancy-and-basic-property-literacy-practice/guide/,Exact source/compiler/runtime parity; explicit reveal projection; stable IDs and completion rules
13.15,Domestic life under scarcity or instability,Supply a complete constrained-week packet and feasible/unavailable service branches without inventing real assistance.,editorial_followup_resolved,Tailored actions and repaired learning guide,docs/authoring/exercises/13.yaml,data/practices/protocols/13/PRACTICE-COMP-1315-DOMESTIC-LIFE-UNDER-SCARCITY-OR-INSTABILITY-01.yaml,/practices/c1315-domestic-life-under-scarcity-or-instability-practice/guide/,Exact source/compiler/runtime parity; explicit reveal projection; stable IDs and completion rules
13.16,Accessibility and adaptable home design,Keep user control and meaningful comparison; obtain actual access review and independent assessment before broad effectiveness claims.,reviewed_no_edit_required,Tailored actions and repaired learning guide,docs/authoring/exercises/13.yaml,data/practices/protocols/13/PRACTICE-COMP-1316-ACCESSIBILITY-AND-ADAPTABLE-HOME-DESIGN-01.yaml,/practices/c1316-accessibility-and-adaptable-home-design-practice/guide/,Exact source/compiler/runtime parity; explicit reveal projection; stable IDs and completion rules
14.01,Digital and media self-governance,Preserve media-specific mechanisms and voluntary access control; verify real-provider settings before live use and obtain independent review without claiming durable behavior change from simulation.,reviewed_no_edit_required,Tailored actions and repaired learning guide,docs/authoring/adaptive-digital/14.01/learner-guide.md,data/practices/protocols/14/PRACTICE-COMP-1401-DIGITAL-AND-MEDIA-SELF-GOVERNANCE-01.yaml,/practices/c1401-digital-and-media-self-governance-practice/guide/,Exact source/compiler/runtime parity; explicit reveal projection; stable IDs and completion rules
14.02,Digital competence and data hygiene,Retain original preservation and content verification; independent review and actual authorized restore tests must support broader recovery claims.,reviewed_no_edit_required,Tailored actions and repaired learning guide,docs/authoring/adaptive-digital/14.02/learner-guide.md,data/practices/protocols/14/PRACTICE-COMP-1402-DIGITAL-COMPETENCE-AND-DATA-HYGIENE-01.yaml,/practices/c1402-digital-competence-and-data-hygiene-practice/guide/,Exact source/compiler/runtime parity; explicit reveal projection; stable IDs and completion rules
14.03,"Digital identity, privacy, and data rights",Retain these as comprehension checks and supply a different compact policy with changed collection/retention/control rules and a separate key for independent transfer; keep jurisdiction-specific rights unasserted.,editorial_followup_resolved,Tailored actions and repaired learning guide,docs/authoring/adaptive-digital/14.03/learner-guide.md,data/practices/protocols/14/PRACTICE-COMP-1403-DIGITAL-IDENTITY-PRIVACY-AND-DATA-RIGHTS-01.yaml,/practices/c1403-digital-identity-privacy-and-data-rights-practice/guide/,Exact source/compiler/runtime parity; explicit reveal projection; stable IDs and completion rules
14.04,Cybersecurity and account resilience,Preserve dependency-specific adversarial variations and secret-free records; verify provider-specific rules for any live implementation and obtain independent security review.,reviewed_no_edit_required,Tailored actions and repaired learning guide,docs/authoring/adaptive-digital/14.04/learner-guide.md,data/practices/protocols/14/PRACTICE-COMP-1404-CYBERSECURITY-AND-ACCOUNT-RESILIENCE-01.yaml,/practices/c1404-cybersecurity-and-account-resilience-practice/guide/,Exact source/compiler/runtime parity; explicit reveal projection; stable IDs and completion rules
14.05,"Online fraud, scams, and social engineering","Retain category-specific pressure, exposure-specific next steps and jurisdiction-bounded reporting; obtain independent security/consumer-context review before acceptance.",reviewed_no_edit_required,Tailored actions and repaired learning guide,docs/authoring/digital-judgment-preparedness/14.05/learner-guide.md,data/practices/protocols/14/PRACTICE-COMP-1405-ONLINE-FRAUD-SCAMS-AND-SOCIAL-ENGINEERING-01.yaml,/practices/c1405-online-fraud-scams-and-social-engineering-practice/guide/,Exact source/compiler/runtime parity; explicit reveal projection; stable IDs and completion rules
14.06,Algorithmic feeds and persuasive design,Preserve purpose-relative classification and the genuine-correction adverse branch; verify actual platform claims/controls for live use and obtain independent review.,reviewed_no_edit_required,Tailored actions and repaired learning guide,docs/authoring/digital-judgment-preparedness/14.06/learner-guide.md,data/practices/protocols/14/PRACTICE-COMP-1406-ALGORITHMIC-FEEDS-AND-PERSUASIVE-DESIGN-01.yaml,/practices/c1406-algorithmic-feeds-and-persuasive-design-practice/guide/,Exact source/compiler/runtime parity; explicit reveal projection; stable IDs and completion rules
14.07,AI literacy and appropriate use,"Retain source-bound claims, framing review and human release; obtain independent AI-literacy review and re-evaluate real tools/policies before live use.",reviewed_no_edit_required,Tailored actions and repaired learning guide,docs/authoring/digital-judgment-preparedness/14.07/learner-guide.md,data/practices/protocols/14/PRACTICE-COMP-1407-AI-LITERACY-AND-APPROPRIATE-USE-01.yaml,/practices/c1407-ai-literacy-and-appropriate-use-practice/guide/,Exact source/compiler/runtime parity; explicit reveal projection; stable IDs and completion rules
14.08,"Synthetic media, deepfakes, and provenance",Preserve claim-specific provenance and conflicting-record reconciliation; verify applicable provenance standards for implementation and obtain independent domain review.,reviewed_no_edit_required,Tailored actions and repaired learning guide,docs/authoring/digital-judgment-preparedness/14.08/learner-guide.md,data/practices/protocols/14/PRACTICE-COMP-1408-SYNTHETIC-MEDIA-DEEPFAKES-AND-PROVENANCE-01.yaml,/practices/c1408-synthetic-media-deepfakes-and-provenance-practice/guide/,Exact source/compiler/runtime parity; explicit reveal projection; stable IDs and completion rules
14.09,Digital information verification,Retain chronology and claim-specific revision; actual lateral browsing/reverse search and independent reviewer evidence remain distinct from offline document analysis.,reviewed_no_edit_required,Tailored actions and repaired learning guide,docs/authoring/digital-judgment-preparedness/14.09/learner-guide.md,data/practices/protocols/14/PRACTICE-COMP-1409-DIGITAL-INFORMATION-VERIFICATION-01.yaml,/practices/c1409-digital-information-verification-practice/guide/,Exact source/compiler/runtime parity; explicit reveal projection; stable IDs and completion rules
14.10,Online communication and community conduct,Retain audience/permission reasoning and response-specific moderation; obtain independent communication/context review and do not count draft artifacts as actual interactions.,reviewed_no_edit_required,Tailored actions and repaired learning guide,docs/authoring/digital-judgment-preparedness/14.10/learner-guide.md,data/practices/protocols/14/PRACTICE-COMP-1410-ONLINE-COMMUNICATION-AND-COMMUNITY-CONDUCT-01.yaml,/practices/c1410-online-communication-and-community-conduct-practice/guide/,Exact source/compiler/runtime parity; explicit reveal projection; stable IDs and completion rules
14.11,"Digital creation, ownership, and attribution",Retain actual-source/terms verification and separate payment/ownership/privacy questions; obtain qualified jurisdiction-specific and independent learner review before professional acceptance.,reviewed_no_edit_required,Tailored actions and repaired learning guide,docs/authoring/digital-judgment-preparedness/14.11/learner-guide.md,data/practices/protocols/14/PRACTICE-COMP-1411-DIGITAL-CREATION-OWNERSHIP-AND-ATTRIBUTION-01.yaml,/practices/c1411-digital-creation-ownership-and-attribution-practice/guide/,Exact source/compiler/runtime parity; explicit reveal projection; stable IDs and completion rules
14.12,Automation dependence and operational resilience,"Preserve functional fallback tests, content freshness and same-ID reconciliation limits; actual service rules and independent review are required before broader resilience claims.",reviewed_no_edit_required,Tailored actions and repaired learning guide,docs/authoring/digital-judgment-preparedness/14.12/learner-guide.md,data/practices/protocols/14/PRACTICE-COMP-1412-AUTOMATION-DEPENDENCE-AND-OPERATIONAL-RESILIENCE-01.yaml,/practices/c1412-automation-dependence-and-operational-resilience-practice/guide/,Exact source/compiler/runtime parity; explicit reveal projection; stable IDs and completion rules
14.13,Digital citizenship and platform governance,"Preserve competing rights and operational checks; jurisdiction-specific legal, affected-user accessibility and independent review remain necessary before real adoption.",reviewed_no_edit_required,Tailored actions and repaired learning guide,docs/authoring/digital-judgment-preparedness/14.13/learner-guide.md,data/practices/protocols/14/PRACTICE-COMP-1413-DIGITAL-CITIZENSHIP-AND-PLATFORM-GOVERNANCE-01.yaml,/practices/c1413-digital-citizenship-and-platform-governance-practice/guide/,Exact source/compiler/runtime parity; explicit reveal projection; stable IDs and completion rules
15.01,"First aid, CPR, and emergency response",Keep physical skills and full canonical progress pending recognized practical training; obtain qualified first-aid review of current guidance and independent learner review. Do not grant full competence from this source or fictional certificates.,reviewed_no_edit_required,Tailored actions and repaired learning guide,docs/authoring/digital-judgment-preparedness/15.01/learner-guide.md,data/practices/protocols/15/PRACTICE-COMP-1501-FIRST-AID-CPR-AND-EMERGENCY-RESPONSE-01.yaml,/practices/c1501-first-aid-cpr-and-emergency-response-practice/guide/,Exact source/compiler/runtime parity; explicit reveal projection; stable IDs and completion rules
15.02,Household emergency planning,Preserve unresolved external dependencies and obtain local emergency/accessibility and care-provider review for real household use; independent learner execution remains pending.,reviewed_no_edit_required,Tailored actions and repaired learning guide,docs/authoring/digital-judgment-preparedness/15.02/learner-guide.md,data/practices/protocols/15/PRACTICE-COMP-1502-HOUSEHOLD-EMERGENCY-PLANNING-01.yaml,/practices/c1502-household-emergency-planning-practice/guide/,Exact source/compiler/runtime parity; explicit reveal projection; stable IDs and completion rules
15.03,Situational awareness,Label the repeated stair-diversion item as consolidation or add a different unseen access layout before claiming transfer; retain proportionate non-surveillance and anxiety adaptations.,editorial_followup_resolved,Tailored actions and repaired learning guide,docs/authoring/digital-judgment-preparedness/15.03/learner-guide.md,data/practices/protocols/15/PRACTICE-COMP-1503-SITUATIONAL-AWARENESS-01.yaml,/practices/c1503-situational-awareness-practice/guide/,Exact source/compiler/runtime parity; explicit reveal projection; stable IDs and completion rules
15.04,Personal safety and de-escalation,Retain abuse/stalking exclusions and consent controls; obtain relevant safety/accessibility review and an independent learner trial before broader claims.,reviewed_no_edit_required,Tailored actions and repaired learning guide,docs/authoring/resilience-community-listening/15.04/learner-guide.md,data/practices/protocols/15/PRACTICE-COMP-1504-PERSONAL-SAFETY-AND-DE-ESCALATION-01.yaml,/practices/c1504-personal-safety-and-de-escalation-practice/guide/,Exact source/compiler/runtime parity; explicit reveal projection; stable IDs and completion rules
15.05,Self-protection and lawful force,Keep actual physical competence and jurisdictional law unresolved until appropriate practical training and current qualified advice; do not convert provider evaluation into full-scope qualification.,reviewed_no_edit_required,Tailored actions and repaired learning guide,docs/authoring/resilience-community-listening/15.05/learner-guide.md,data/practices/protocols/15/PRACTICE-COMP-1505-SELF-PROTECTION-AND-LAWFUL-FORCE-01.yaml,/practices/c1505-self-protection-and-lawful-force-practice/guide/,Exact source/compiler/runtime parity; explicit reveal projection; stable IDs and completion rules
15.06,Outdoor survival fundamentals,"Retain supervision and observed-task requirements; practical shelter, firecraft, treatment and outdoor proficiency require appropriate instruction and qualified review, not the indoor worksheet.",reviewed_no_edit_required,Tailored actions and repaired learning guide,docs/authoring/resilience-community-listening/15.06/learner-guide.md,data/practices/protocols/15/PRACTICE-COMP-1506-OUTDOOR-SURVIVAL-FUNDAMENTALS-01.yaml,/practices/c1506-outdoor-survival-fundamentals-practice/guide/,Exact source/compiler/runtime parity; explicit reveal projection; stable IDs and completion rules
15.07,Water competence and rescue awareness,Keep physical competence pending qualified aquatic instruction and documented observation; obtain aquatic safety/accessibility review and independent learner testing before wider claims.,reviewed_no_edit_required,Tailored actions and repaired learning guide,docs/authoring/resilience-community-listening/15.07/learner-guide.md,data/practices/protocols/15/PRACTICE-COMP-1507-WATER-COMPETENCE-AND-RESCUE-AWARENESS-01.yaml,/practices/c1507-water-competence-and-rescue-awareness-practice/guide/,Exact source/compiler/runtime parity; explicit reveal projection; stable IDs and completion rules
15.08,Travel and unfamiliar-environment safety,Retain fictional/current-authority distinction and unresolved health/entry requirements; verify real jurisdictional information and independent learner usability before transfer claims.,reviewed_no_edit_required,Tailored actions and repaired learning guide,docs/authoring/resilience-community-listening/15.08/learner-guide.md,data/practices/protocols/15/PRACTICE-COMP-1508-TRAVEL-AND-UNFAMILIAR-ENVIRONMENT-SAFETY-01.yaml,/practices/c1508-travel-and-unfamiliar-environment-safety-practice/guide/,Exact source/compiler/runtime parity; explicit reveal projection; stable IDs and completion rules
15.09,"Cybersecurity, fraud, and identity protection",Validate current provider-specific guidance before live use and obtain security/accessibility review; preserve unresolved financial and identity outcomes and separate simulated from actual changes.,reviewed_no_edit_required,Tailored actions and repaired learning guide,docs/authoring/resilience-community-listening/15.09/learner-guide.md,data/practices/protocols/15/PRACTICE-COMP-1509-CYBERSECURITY-FRAUD-AND-IDENTITY-PROTECTION-01.yaml,/practices/c1509-cybersecurity-fraud-and-identity-protection-practice/guide/,Exact source/compiler/runtime parity; explicit reveal projection; stable IDs and completion rules
15.10,Risk ownership and contingency thinking,"Preserve consent, authorization and finite-reserve reasoning; independent learner execution and actual backup rehearsal remain unverified.",reviewed_no_edit_required,Tailored actions and repaired learning guide,docs/authoring/resilience-community-listening/15.10/learner-guide.md,data/practices/protocols/15/PRACTICE-COMP-1510-RISK-OWNERSHIP-AND-CONTINGENCY-THINKING-01.yaml,/practices/c1510-risk-ownership-and-contingency-thinking-practice/guide/,Exact source/compiler/runtime parity; explicit reveal projection; stable IDs and completion rules
15.11,Community disaster readiness and mutual aid,Retain organizer-led allocation and emergency boundaries; real community participation and qualified/local disaster review remain separate acceptance work.,reviewed_no_edit_required,Tailored actions and repaired learning guide,docs/authoring/resilience-community-listening/15.11/learner-guide.md,data/practices/protocols/15/PRACTICE-COMP-1511-COMMUNITY-DISASTER-READINESS-AND-MUTUAL-AID-01.yaml,/practices/c1511-community-disaster-readiness-and-mutual-aid-practice/guide/,Exact source/compiler/runtime parity; explicit reveal projection; stable IDs and completion rules
15.12,Public-health emergency competence,"Keep current clinical, isolation, immunization and environmental guidance externally verified for actual settings; obtain qualified public-health review and independent learner testing, without claiming health outcomes.",reviewed_no_edit_required,Tailored actions and repaired learning guide,docs/authoring/resilience-community-listening/15.12/learner-guide.md,data/practices/protocols/15/PRACTICE-COMP-1512-PUBLIC-HEALTH-EMERGENCY-COMPETENCE-01.yaml,/practices/c1512-public-health-emergency-competence-practice/guide/,Exact source/compiler/runtime parity; explicit reveal projection; stable IDs and completion rules
15.13,Bystander intervention and violence prevention,"Keep these checks as consolidation, and add an unseen scenario requiring a reasoned choice among strategies under changed role, consent and access constraints before claiming transfer.",editorial_followup_resolved,Tailored actions and repaired learning guide,docs/authoring/resilience-community-listening/15.13/learner-guide.md,data/practices/protocols/15/PRACTICE-COMP-1513-BYSTANDER-INTERVENTION-AND-VIOLENCE-PREVENTION-01.yaml,/practices/c1513-bystander-intervention-and-violence-prevention-practice/guide/,Exact source/compiler/runtime parity; explicit reveal projection; stable IDs and completion rules
15.14,Workplace and activity-specific safety,Label the opening later-packet outcome explicitly as fictional example and direct learners to record their own attempted result separately; retain qualified isolation/PPE boundaries and independent safety review.,editorial_followup_resolved,Tailored actions and repaired learning guide,docs/authoring/resilience-community-listening/15.14/learner-guide.md,data/practices/protocols/15/PRACTICE-COMP-1514-WORKPLACE-AND-ACTIVITY-SPECIFIC-SAFETY-01.yaml,/practices/c1514-workplace-and-activity-specific-safety-practice/guide/,Exact source/compiler/runtime parity; explicit reveal projection; stable IDs and completion rules
16.01,Attentive listening,Complete packet/key and independent learner-only review; do not infer confirmed live understanding from fiction.,reviewed_no_edit_required,Tailored actions and repaired learning guide,docs/authoring/resilience-community-listening/16.01/learner-guide.md,data/practices/protocols/16/PRACTICE-COMP-1601-ATTENTIVE-LISTENING-01.yaml,/practices/c1601-attentive-listening-practice/guide/,Exact source/compiler/runtime parity; explicit reveal projection; stable IDs and completion rules
16.02,Clear and direct expression,Move score-system commentary to maintainer documentation while preserving delivered/understood/agreed/returned distinctions; independently test comprehension in supported media.,editorial_followup_resolved,Tailored actions and repaired learning guide,docs/authoring/communication-influence/16.02/learner-guide.md,data/practices/protocols/16/PRACTICE-COMP-1602-CLEAR-AND-DIRECT-EXPRESSION-01.yaml,/practices/c1602-clear-and-direct-expression-practice/guide/,Exact source/compiler/runtime parity; explicit reveal projection; stable IDs and completion rules
16.03,Nonverbal communication,"Keep needed actual practice timing and uncertainty guidance, but relocate legacy implementation and scoring compatibility metadata to maintainer notes; preserve the frozen runtime projection and obtain independent learner review.",editorial_followup_resolved,Frozen legacy behavior with repaired companion guide,docs/authoring/communication-influence/16.03/learner-guide.md,data/practices/protocols/16/PRACTICE-EMOTIONAL-CUES-01.yaml,/practices/practice-emotional-cue-detection/guide/,Exact source/compiler/runtime parity; explicit reveal projection; stable IDs and completion rules
16.04,One-to-one and group conversation,Preserve separate pair/group attempt evidence and obtain independent learner/cultural/accessibility review; verify the exact research qualification before making efficacy claims.,reviewed_no_edit_required,Tailored actions and repaired learning guide,docs/authoring/communication-influence/16.04/learner-guide.md,data/practices/protocols/16/PRACTICE-COMP-1604-ONE-TO-ONE-AND-GROUP-CONVERSATION-01.yaml,/practices/c1604-one-to-one-and-group-conversation-practice/guide/,Exact source/compiler/runtime parity; explicit reveal projection; stable IDs and completion rules
16.05,Perspective taking and empathic accuracy,Retain consent and revisability; independently test learner comprehension and verify the cited study's exact scope before efficacy claims.,reviewed_no_edit_required,Tailored actions and repaired learning guide,docs/authoring/communication-influence/16.05/learner-guide.md,data/practices/protocols/16/PRACTICE-COMP-1605-PERSPECTIVE-TAKING-AND-EMPATHIC-ACCURACY-01.yaml,/practices/c1605-perspective-taking-and-empathic-accuracy-practice/guide/,Exact source/compiler/runtime parity; explicit reveal projection; stable IDs and completion rules
16.06,Audience and context adaptation,Preserve fact/role distinctions and test actual audience tasks in relevant accessible media; no universal accessibility or recipient action can be inferred from drafts.,reviewed_no_edit_required,Tailored actions and repaired learning guide,docs/authoring/communication-influence/16.06/learner-guide.md,data/practices/protocols/16/PRACTICE-COMP-1606-AUDIENCE-AND-CONTEXT-ADAPTATION-01.yaml,/practices/c1606-audience-and-context-adaptation-practice/guide/,Exact source/compiler/runtime parity; explicit reveal projection; stable IDs and completion rules
16.07,Feedback and developmental conversation,Retain bidirectional practice and before/after artifacts; independently test actual recipient task performance and avoid treating supplied model feedback as interpersonal evidence.,reviewed_no_edit_required,Tailored actions and repaired learning guide,docs/authoring/communication-influence/16.07/learner-guide.md,data/practices/protocols/16/PRACTICE-COMP-1607-FEEDBACK-AND-DEVELOPMENTAL-CONVERSATION-01.yaml,/practices/c1607-feedback-and-developmental-conversation-practice/guide/,Exact source/compiler/runtime parity; explicit reveal projection; stable IDs and completion rules
16.08,Classical and modern rhetoric,Preserve material uncertainty and legitimate refusal in actual proposals; independently review audience understanding and the source-specific research claims before efficacy assertions.,reviewed_no_edit_required,Tailored actions and repaired learning guide,docs/authoring/communication-influence/16.08/learner-guide.md,data/practices/protocols/16/PRACTICE-COMP-1608-CLASSICAL-AND-MODERN-RHETORIC-01.yaml,/practices/c1608-classical-and-modern-rhetoric-practice/guide/,Exact source/compiler/runtime parity; explicit reveal projection; stable IDs and completion rules
16.09,Public speaking and presentation,"Retain accessible delivery accommodations, material limits and actual audience retest; independent learner execution remains necessary before quality acceptance.",reviewed_no_edit_required,Tailored actions and repaired learning guide,docs/authoring/communication-influence/16.09/learner-guide.md,data/practices/protocols/16/PRACTICE-COMP-1609-PUBLIC-SPEAKING-AND-PRESENTATION-01.yaml,/practices/c1609-public-speaking-and-presentation-practice/guide/,Exact source/compiler/runtime parity; explicit reveal projection; stable IDs and completion rules
16.10,Storytelling and explanation,"Preserve fiction labels, causal detail and listener retellings; obtain independent learner review and actual delayed-retention evidence before wider claims.",reviewed_no_edit_required,Tailored actions and repaired learning guide,docs/authoring/communication-influence/16.10/learner-guide.md,data/practices/protocols/16/PRACTICE-COMP-1610-STORYTELLING-AND-EXPLANATION-01.yaml,/practices/c1610-storytelling-and-explanation-practice/guide/,Exact source/compiler/runtime parity; explicit reveal projection; stable IDs and completion rules
16.11,Negotiation,"Preserve verified alternatives, voluntary constraint changes and observed follow-through; independent learner and relationship-context review remain pending.",reviewed_no_edit_required,Tailored actions and repaired learning guide,docs/authoring/communication-influence/16.11/learner-guide.md,data/practices/protocols/16/PRACTICE-COMP-1611-NEGOTIATION-01.yaml,/practices/c1611-negotiation-practice/guide/,Exact source/compiler/runtime parity; explicit reveal projection; stable IDs and completion rules
16.12,Conflict and de-escalation,Retain proportionate responsibility without equal-blame demands and separate reduced tension from completed process; independently test actual voluntary use.,reviewed_no_edit_required,Tailored actions and repaired learning guide,docs/authoring/communication-influence/16.12/learner-guide.md,data/practices/protocols/16/PRACTICE-COMP-1612-CONFLICT-AND-DE-ESCALATION-01.yaml,/practices/c1612-conflict-and-de-escalation-practice/guide/,Exact source/compiler/runtime parity; explicit reveal projection; stable IDs and completion rules
16.13,"Humor, warmth, and social ease",Retain the access-preserving warmth route and add an unseen timing/power/context case if claiming transfer; independently test whether learners can choose a proportionate contribution without supplied resolution.,editorial_followup_resolved,Tailored actions and repaired learning guide,docs/authoring/communication-influence/16.13/learner-guide.md,data/practices/protocols/16/PRACTICE-COMP-1613-HUMOR-WARMTH-AND-SOCIAL-EASE-01.yaml,/practices/c1613-humor-warmth-and-social-ease-practice/guide/,Exact source/compiler/runtime parity; explicit reveal projection; stable IDs and completion rules
16.14,"Etiquette, courtesy, and first impressions",Preserve context-specific manners and actual host feedback limits; independently review cultural/accessibility fit and real visit evidence before acceptance.,reviewed_no_edit_required,Tailored actions and repaired learning guide,docs/authoring/respectful-connection/16.14/learner-guide.md,data/practices/protocols/16/PRACTICE-COMP-1614-ETIQUETTE-COURTESY-AND-FIRST-IMPRESSIONS-01.yaml,/practices/c1614-etiquette-courtesy-and-first-impressions-practice/guide/,Exact source/compiler/runtime parity; explicit reveal projection; stable IDs and completion rules
16.15,Manipulation and coercion literacy,"Keep local specialist contact availability and safe-channel checks explicit; qualified abuse/safety and independent learner review remain necessary, with no guaranteed safety outcome.",reviewed_no_edit_required,Tailored actions and repaired learning guide,docs/authoring/respectful-connection/16.15/learner-guide.md,data/practices/protocols/16/PRACTICE-COMP-1615-MANIPULATION-AND-COERCION-LITERACY-01.yaml,/practices/c1615-manipulation-and-coercion-literacy-practice/guide/,Exact source/compiler/runtime parity; explicit reveal projection; stable IDs and completion rules
16.16,"High-context, indirect, and face-sensitive communication",Retain culture-neutral interpretation and explicit permission where required; independently review usability across communication contexts without claiming a universal decoder.,reviewed_no_edit_required,Tailored actions and repaired learning guide,docs/authoring/respectful-connection/16.16/learner-guide.md,data/practices/protocols/16/PRACTICE-COMP-1616-HIGH-CONTEXT-INDIRECT-AND-FACE-SENSITIVE-COMMUNICATION-01.yaml,/practices/c1616-high-context-indirect-and-face-sensitive-communication-practice/guide/,Exact source/compiler/runtime parity; explicit reveal projection; stable IDs and completion rules
16.17,Intercultural communication and code-switching,Keep those as consolidation and add a new local-process conflict requiring a reasoned adaptation with unchanged material facts; independently test actual cross-context comprehension.,editorial_followup_resolved,Tailored actions and repaired learning guide,docs/authoring/respectful-connection/16.17/learner-guide.md,data/practices/protocols/16/PRACTICE-COMP-1617-INTERCULTURAL-COMMUNICATION-AND-CODE-SWITCHING-01.yaml,/practices/c1617-intercultural-communication-and-code-switching-practice/guide/,Exact source/compiler/runtime parity; explicit reveal projection; stable IDs and completion rules
16.18,Language access and communication accommodation,"Retain person-controlled meaning and actual-device retesting; qualified language-access review is needed for regulated contexts, with independent accessibility/learner acceptance still pending.",reviewed_no_edit_required,Tailored actions and repaired learning guide,docs/authoring/respectful-connection/16.18/learner-guide.md,data/practices/protocols/16/PRACTICE-COMP-1618-LANGUAGE-ACCESS-AND-COMMUNICATION-ACCOMMODATION-01.yaml,/practices/c1618-language-access-and-communication-accommodation-practice/guide/,Exact source/compiler/runtime parity; explicit reveal projection; stable IDs and completion rules
17.01,Initiating connection,Preserve optional contact and actual-attempt status; independently test context fit and verify cited study scope before claiming effects.,reviewed_no_edit_required,Tailored actions and repaired learning guide,docs/authoring/respectful-connection/17.01/learner-guide.md,data/practices/protocols/17/PRACTICE-COMP-1701-INITIATING-CONNECTION-01.yaml,/practices/c1701-initiating-connection-practice/guide/,Exact source/compiler/runtime parity; explicit reveal projection; stable IDs and completion rules
17.02,Friendship formation and selection,Retain these consolidation checks and add an unfamiliar mixed pattern requiring a supported deepen/limit/repair/end decision; keep person-worth and experimental loyalty tests outside the task.,editorial_followup_resolved,Tailored actions and repaired learning guide,docs/authoring/respectful-connection/17.02/learner-guide.md,data/practices/protocols/17/PRACTICE-COMP-1702-FRIENDSHIP-FORMATION-AND-SELECTION-01.yaml,/practices/c1702-friendship-formation-and-selection-practice/guide/,Exact source/compiler/runtime parity; explicit reveal projection; stable IDs and completion rules
17.03,Maintaining friendship,Relocate maintainer compatibility language while retaining the actual fourteen-day practice and original action requirements; preserve frozen runtime behavior and separate kind relational actions from completion/mastery claims.,editorial_followup_resolved,Frozen legacy behavior with repaired companion guide,docs/authoring/respectful-connection/17.03/learner-guide.md,data/practices/protocols/17/PRACTICE-FRIENDSHIP-01.yaml,/practices/deepen-one-existing-friendship/guide/,Exact source/compiler/runtime parity; explicit reveal projection; stable IDs and completion rules
17.04,Reliable support,"Preserve support-mode consent, capacity and actual usefulness checks; obtain independent learner review without treating role-play as real support.",reviewed_no_edit_required,Tailored actions and repaired learning guide,docs/authoring/respectful-connection/17.04/learner-guide.md,data/practices/protocols/17/PRACTICE-COMP-1704-RELIABLE-SUPPORT-01.yaml,/practices/c1704-reliable-support-practice/guide/,Exact source/compiler/runtime parity; explicit reveal projection; stable IDs and completion rules
17.05,Reciprocity and healthy dependence,Keep actual receipt/use of help separate from rehearsal and offers; independently review usability and avoid extending the task to essential-care dependence or high-stakes favors.,reviewed_no_edit_required,Tailored actions and repaired learning guide,docs/authoring/respectful-connection/17.05/learner-guide.md,data/practices/protocols/17/PRACTICE-COMP-1705-RECIPROCITY-AND-HEALTHY-DEPENDENCE-01.yaml,/practices/c1705-reciprocity-and-healthy-dependence-practice/guide/,Exact source/compiler/runtime parity; explicit reveal projection; stable IDs and completion rules
17.06,Boundaries and harmful relationships,"Retain the protective boundaries, label the checks as consolidation and add an unseen safe case requiring proportionate access/authority reasoning for transfer; qualified safety and independent learner review remain pending.",editorial_followup_resolved,Tailored actions and repaired learning guide,docs/authoring/respectful-connection/17.06/learner-guide.md,data/practices/protocols/17/PRACTICE-COMP-1706-BOUNDARIES-AND-HARMFUL-RELATIONSHIPS-01.yaml,/practices/c1706-boundaries-and-harmful-relationships-practice/guide/,Exact source/compiler/runtime parity; explicit reveal projection; stable IDs and completion rules
17.07,Hospitality and inclusion,"Keep participant choice, host authority and partial-success reporting; independently test the joining journey with relevant access needs before acceptance.",reviewed_no_edit_required,Tailored actions and repaired learning guide,docs/authoring/respectful-connection/17.07/learner-guide.md,data/practices/protocols/17/PRACTICE-COMP-1707-HOSPITALITY-AND-INCLUSION-01.yaml,/practices/c1707-hospitality-and-inclusion-practice/guide/,Exact source/compiler/runtime parity; explicit reveal projection; stable IDs and completion rules
17.08,Collaboration and complementary strengths,"Preserve actual role consent, costs and attribution, and collect a credible comparison before claiming more value than isolated work; independent learner/team review remains pending.",reviewed_no_edit_required,Tailored actions and repaired learning guide,docs/authoring/belonging-partnership/17.08/learner-guide.md,data/practices/protocols/17/PRACTICE-COMP-1708-COLLABORATION-AND-COMPLEMENTARY-STRENGTHS-01.yaml,/practices/c1708-collaboration-and-complementary-strengths-practice/guide/,Exact source/compiler/runtime parity; explicit reveal projection; stable IDs and completion rules
17.09,"Belonging, loneliness, and social ecology","Keep chosen solitude and structural barriers visible; independently test usability and actual repeated participation, without claiming loneliness or health effects from a visit.",reviewed_no_edit_required,Tailored actions and repaired learning guide,docs/authoring/belonging-partnership/17.09/learner-guide.md,data/practices/protocols/17/PRACTICE-COMP-1709-BELONGING-LONELINESS-AND-SOCIAL-ECOLOGY-01.yaml,/practices/c1709-belonging-loneliness-and-social-ecology-practice/guide/,Exact source/compiler/runtime parity; explicit reveal projection; stable IDs and completion rules
17.10,Networks and social capital,Retain those as consolidation and add a different professional/community request requiring scope and conflict-of-interest judgment before claiming transfer; actual network maintenance remains unobserved.,editorial_followup_resolved,Tailored actions and repaired learning guide,docs/authoring/belonging-partnership/17.10/learner-guide.md,data/practices/protocols/17/PRACTICE-COMP-1710-NETWORKS-AND-SOCIAL-CAPITAL-01.yaml,/practices/c1710-networks-and-social-capital-practice/guide/,Exact source/compiler/runtime parity; explicit reveal projection; stable IDs and completion rules
17.11,Intergenerational friendship and mentorship,"Retain contextual advice, mutual benefit and adult/safeguarding boundaries; independently review actual exchange and longer-term maintenance before relationship claims.",reviewed_no_edit_required,Tailored actions and repaired learning guide,docs/authoring/belonging-partnership/17.11/learner-guide.md,data/practices/protocols/17/PRACTICE-COMP-1711-INTERGENERATIONAL-FRIENDSHIP-AND-MENTORSHIP-01.yaml,/practices/c1711-intergenerational-friendship-and-mentorship-practice/guide/,Exact source/compiler/runtime parity; explicit reveal projection; stable IDs and completion rules
17.12,"Kin, clan, neighborhood, and communal obligation",Preserve both communal goods and safety/conscience limits; qualified local advice is needed for consequential duties and independent cultural/learner review remains pending.,reviewed_no_edit_required,Tailored actions and repaired learning guide,docs/authoring/belonging-partnership/17.12/learner-guide.md,data/practices/protocols/17/PRACTICE-COMP-1712-KIN-CLAN-NEIGHBORHOOD-AND-COMMUNAL-OBLIGATION-01.yaml,/practices/c1712-kin-clan-neighborhood-and-communal-obligation-practice/guide/,Exact source/compiler/runtime parity; explicit reveal projection; stable IDs and completion rules
17.13,Friendship across deep difference,Retain consolidation and add an unseen shared-commitment consequence requiring fair representation plus a practical decision; preserve refusal to debate dignity and independent relationship review.,editorial_followup_resolved,Tailored actions and repaired learning guide,docs/authoring/belonging-partnership/17.13/learner-guide.md,data/practices/protocols/17/PRACTICE-COMP-1713-FRIENDSHIP-ACROSS-DEEP-DIFFERENCE-01.yaml,/practices/c1713-friendship-across-deep-difference-practice/guide/,Exact source/compiler/runtime parity; explicit reveal projection; stable IDs and completion rules
17.14,Collective belonging without conformity,"Supply a small actual inventory/count packet and corrective result, or label the fictional contribution as planning only; keep contribution from becoming a price of dissent and preserve real authority limits.",editorial_followup_resolved,Tailored actions and repaired learning guide,docs/authoring/belonging-partnership/17.14/learner-guide.md,data/practices/protocols/17/PRACTICE-COMP-1714-COLLECTIVE-BELONGING-WITHOUT-CONFORMITY-01.yaml,/practices/c1714-collective-belonging-without-conformity-practice/guide/,Exact source/compiler/runtime parity; explicit reveal projection; stable IDs and completion rules
18.01,The nature and practice of love,"Preserve role optionality, truthful needs and coercion exclusions; qualified relationship/safety and independent learner review remain pending, with no diagnostic or durable-love claim.",reviewed_no_edit_required,Tailored actions and repaired learning guide,docs/authoring/belonging-partnership/18.01/learner-guide.md,data/practices/protocols/18/PRACTICE-COMP-1801-THE-NATURE-AND-PRACTICE-OF-LOVE-01.yaml,/practices/c1801-the-nature-and-practice-of-love-practice/guide/,Exact source/compiler/runtime parity; explicit reveal projection; stable IDs and completion rules
18.02,Attraction and respectful courtship,Retain these foundational checks as consolidation and add a new benign changed-plan case requiring consent-status reasoning before claiming transfer; preserve optionality and qualified safeguarding/legal boundaries.,editorial_followup_resolved,Tailored actions and repaired learning guide,docs/authoring/belonging-partnership/18.02/learner-guide.md,data/practices/protocols/18/PRACTICE-COMP-1802-ATTRACTION-AND-RESPECTFUL-COURTSHIP-01.yaml,/practices/c1802-attraction-and-respectful-courtship-practice/guide/,Exact source/compiler/runtime parity; explicit reveal projection; stable IDs and completion rules
18.03,Partner selection and compatibility,"Remove the unsupported care-responsibility reference or explicitly supply it as a new case fact, keeping Dana's stated location preference sufficient without requiring an invented justification; independently review decision usability.",editorial_followup_resolved,Tailored actions and repaired learning guide,docs/authoring/belonging-partnership/18.03/learner-guide.md,data/practices/protocols/18/PRACTICE-COMP-1803-PARTNER-SELECTION-AND-COMPATIBILITY-01.yaml,/practices/c1803-partner-selection-and-compatibility-practice/guide/,Exact source/compiler/runtime parity; explicit reveal projection; stable IDs and completion rules
18.04,Attachment and relational security,"Retain legitimate-needs and control distinctions; qualified relationship/safety and independent learner review remain pending, with no attachment diagnosis or therapy-effect claim.",reviewed_no_edit_required,Tailored actions and repaired learning guide,docs/authoring/belonging-partnership/18.04/learner-guide.md,data/practices/protocols/18/PRACTICE-COMP-1804-ATTACHMENT-AND-RELATIONAL-SECURITY-01.yaml,/practices/c1804-attachment-and-relational-security-practice/guide/,Exact source/compiler/runtime parity; explicit reveal projection; stable IDs and completion rules
18.05,Vulnerability and emotional intimacy,Preserve truthful material disclosure without compelled exposure; independently review usability and obtain qualified advice for consequential disclosure duties or unsafe relationships.,reviewed_no_edit_required,Tailored actions and repaired learning guide,docs/authoring/belonging-partnership/18.05/learner-guide.md,data/practices/protocols/18/PRACTICE-COMP-1805-VULNERABILITY-AND-EMOTIONAL-INTIMACY-01.yaml,/practices/c1805-vulnerability-and-emotional-intimacy-practice/guide/,Exact source/compiler/runtime parity; explicit reveal projection; stable IDs and completion rules
18.06,Relationship stages and changing needs,"Move formal acceptance bookkeeping to maintainer documentation while preserving role optionality, trial limits and unresolved repair; obtain independent learner and qualified relationship review.",editorial_followup_resolved,Tailored actions and repaired learning guide,docs/authoring/partnership-family/18.06/learner-guide.md,data/practices/protocols/18/PRACTICE-COMP-1806-RELATIONSHIP-STAGES-AND-CHANGING-NEEDS-01.yaml,/practices/c1806-relationship-stages-and-changing-needs-practice/guide/,Exact source/compiler/runtime parity; explicit reveal projection; stable IDs and completion rules
18.07,"Shared expectations, roles, and labor",Keep the whole-task ownership and actual-burden comparison; move editorial status to maintainer records.,editorial_followup_resolved,Tailored actions and repaired learning guide,docs/authoring/partnership-family/18.07/learner-guide.md,data/practices/protocols/18/PRACTICE-COMP-1807-SHARED-EXPECTATIONS-ROLES-AND-LABOR-01.yaml,/practices/c1807-shared-expectations-roles-and-labor-practice/guide/,Exact source/compiler/runtime parity; explicit reveal projection; stable IDs and completion rules
18.08,Partnership conflict and repair,"Move acceptance workflow metadata to maintainer notes; preserve recurrence, distinct repair components and the safety branch, with independent learner and qualified review pending.",editorial_followup_resolved,Tailored actions and repaired learning guide,docs/authoring/partnership-family/18.08/learner-guide.md,data/practices/protocols/18/PRACTICE-COMP-1808-PARTNERSHIP-CONFLICT-AND-REPAIR-01.yaml,/practices/c1808-partnership-conflict-and-repair-practice/guide/,Exact source/compiler/runtime parity; explicit reveal projection; stable IDs and completion rules
18.09,Sexual ethics and consent,Relocate acceptance bookkeeping and label initial answered classifications as guided teaching; preserve no-contact/accessibility boundaries and obtain qualified consent/safeguarding and independent learner review.,editorial_followup_resolved,Tailored actions and repaired learning guide,docs/authoring/partnership-family/18.09/learner-guide.md,data/practices/protocols/18/PRACTICE-COMP-1809-SEXUAL-ETHICS-AND-CONSENT-01.yaml,/practices/c1809-sexual-ethics-and-consent-practice/guide/,Exact source/compiler/runtime parity; explicit reveal projection; stable IDs and completion rules
18.10,"Sexual communication, pleasure, and health","Move acceptance bookkeeping to maintainer notes; preserve private clinical channels, distinct health questions and actual-status accounting, with qualified health/consent and independent learner review pending.",editorial_followup_resolved,Tailored actions and repaired learning guide,docs/authoring/partnership-family/18.10/learner-guide.md,data/practices/protocols/18/PRACTICE-COMP-1810-SEXUAL-COMMUNICATION-PLEASURE-AND-HEALTH-01.yaml,/practices/c1810-sexual-communication-pleasure-and-health-practice/guide/,Exact source/compiler/runtime parity; explicit reveal projection; stable IDs and completion rules
18.11,"Commitment, fidelity, and trust",Align action4 with the actual notification promise or explicitly add mutually agreed discussion to the case; move acceptance metadata to maintainer notes and preserve nonretroactive agreement changes.,editorial_followup_resolved,Tailored actions and repaired learning guide,docs/authoring/partnership-family/18.11/learner-guide.md,data/practices/protocols/18/PRACTICE-COMP-1811-COMMITMENT-FIDELITY-AND-TRUST-01.yaml,/practices/c1811-commitment-fidelity-and-trust-practice/guide/,Exact source/compiler/runtime parity; explicit reveal projection; stable IDs and completion rules
18.12,"Separation, divorce, estrangement, and endings","Move acceptance bookkeeping to maintainer notes; retain authorized inquiries and earlier care continuity, with qualified local legal/safety and independent learner review pending.",editorial_followup_resolved,Tailored actions and repaired learning guide,docs/authoring/partnership-family/18.12/learner-guide.md,data/practices/protocols/18/PRACTICE-COMP-1812-SEPARATION-DIVORCE-ESTRANGEMENT-AND-ENDINGS-01.yaml,/practices/c1812-separation-divorce-estrangement-and-endings-practice/guide/,Exact source/compiler/runtime parity; explicit reveal projection; stable IDs and completion rules
18.13,Relationship diversity and chosen form,Supply a small picnic fact card or explicitly make the output a request for missing logistics rather than a completed informative reply; relocate acceptance metadata and retain voluntary personal boundaries.,editorial_followup_resolved,Tailored actions and repaired learning guide,docs/authoring/partnership-family/18.13/learner-guide.md,data/practices/protocols/18/PRACTICE-COMP-1813-RELATIONSHIP-DIVERSITY-AND-CHOSEN-FORM-01.yaml,/practices/c1813-relationship-diversity-and-chosen-form-practice/guide/,Exact source/compiler/runtime parity; explicit reveal projection; stable IDs and completion rules
18.14,Reproductive intentions and partnership communication,"Move acceptance machinery to maintainer notes; preserve voluntary decisions and private qualified care, with independent learner and specialist reproductive/safety review pending.",editorial_followup_resolved,Tailored actions and repaired learning guide,docs/authoring/partnership-family/18.14/learner-guide.md,data/practices/protocols/18/PRACTICE-COMP-1814-REPRODUCTIVE-INTENTIONS-AND-PARTNERSHIP-COMMUNICATION-01.yaml,/practices/c1814-reproductive-intentions-and-partnership-communication-practice/guide/,Exact source/compiler/runtime parity; explicit reveal projection; stable IDs and completion rules
19.01,Family systems and intergenerational patterns,"Relocate acceptance bookkeeping and label newly supplied prior commitments unambiguously; retain nonclinical pattern reasoning, estrangement/safety alternatives and independent review.",editorial_followup_resolved,Tailored actions and repaired learning guide,docs/authoring/partnership-family/19.01/learner-guide.md,data/practices/protocols/19/PRACTICE-COMP-1901-FAMILY-SYSTEMS-AND-INTERGENERATIONAL-PATTERNS-01.yaml,/practices/c1901-family-systems-and-intergenerational-patterns-practice/guide/,Exact source/compiler/runtime parity; explicit reveal projection; stable IDs and completion rules
19.02,Parenting and child development,"Move acceptance machinery to maintainer documentation; preserve actual care authority, noncoercion and condition-sensitive evidence, with qualified child-development/safeguarding and independent learner review pending.",editorial_followup_resolved,Tailored actions and repaired learning guide,docs/authoring/partnership-family/19.02/learner-guide.md,data/practices/protocols/19/PRACTICE-COMP-1902-PARENTING-AND-CHILD-DEVELOPMENT-01.yaml,/practices/c1902-parenting-and-child-development-practice/guide/,Exact source/compiler/runtime parity; explicit reveal projection; stable IDs and completion rules
19.03,"Caregiving for elders, illness, and disability","Relocate acceptance bookkeeping and retain the late arrival, actual backup acceptance, burden overrun and private clinical unknowns; qualified care/accessibility and independent learner review remain pending.",editorial_followup_resolved,Tailored actions and repaired learning guide,docs/authoring/partnership-family/19.03/learner-guide.md,data/practices/protocols/19/PRACTICE-COMP-1903-CAREGIVING-FOR-ELDERS-ILLNESS-AND-DISABILITY-01.yaml,/practices/c1903-caregiving-for-elders-illness-and-disability-practice/guide/,Exact source/compiler/runtime parity; explicit reveal projection; stable IDs and completion rules
19.04,Fertility and reproductive health literacy,"Relocate acceptance bookkeeping; retain the narrow online-source dependency and qualified individual questions, with clinical suitability and independent learner review still unestablished.",editorial_followup_resolved,Tailored actions and repaired learning guide,docs/authoring/family-stewardship/19.04/learner-guide.md,data/practices/protocols/19/PRACTICE-COMP-1904-FERTILITY-AND-REPRODUCTIVE-HEALTH-LITERACY-01.yaml,/practices/c1904-fertility-and-reproductive-health-literacy-practice/guide/,Exact source/compiler/runtime parity; explicit reveal projection; stable IDs and completion rules
19.05,"Pregnancy, birth, and postpartum responsibility","Move acceptance workflow language to maintainer notes; retain person-controlled support and prompt qualified concern routing, with specialist maternity/infant-care and independent learner acceptance pending.",editorial_followup_resolved,Tailored actions and repaired learning guide,docs/authoring/family-stewardship/19.05/learner-guide.md,data/practices/protocols/19/PRACTICE-COMP-1905-PREGNANCY-BIRTH-AND-POSTPARTUM-RESPONSIBILITY-01.yaml,/practices/c1905-pregnancy-birth-and-postpartum-responsibility-practice/guide/,Exact source/compiler/runtime parity; explicit reveal projection; stable IDs and completion rules
19.06,"Miscarriage, infertility, and reproductive grief","Move acceptance bookkeeping out of learner copy; preserve non-minimizing support and actual consent, with qualified grief/health and independent learner review pending.",editorial_followup_resolved,Tailored actions and repaired learning guide,docs/authoring/family-stewardship/19.06/learner-guide.md,data/practices/protocols/19/PRACTICE-COMP-1906-MISCARRIAGE-INFERTILITY-AND-REPRODUCTIVE-GRIEF-01.yaml,/practices/c1906-miscarriage-infertility-and-reproductive-grief-practice/guide/,Exact source/compiler/runtime parity; explicit reveal projection; stable IDs and completion rules
19.07,"Adoption, fostering, stepfamilies, and chosen family","Relocate acceptance metadata while preserving agency, origins and permission limits; qualified child-welfare/legal and independent learner review remain required for actual settings.",editorial_followup_resolved,Tailored actions and repaired learning guide,docs/authoring/family-stewardship/19.07/learner-guide.md,data/practices/protocols/19/PRACTICE-COMP-1907-ADOPTION-FOSTERING-STEPFAMILIES-AND-CHOSEN-FAMILY-01.yaml,/practices/c1907-adoption-fostering-stepfamilies-and-chosen-family-practice/guide/,Exact source/compiler/runtime parity; explicit reveal projection; stable IDs and completion rules
19.08,Child protection and safeguarding,"Move acceptance bookkeeping to maintainer notes; retain dated official rechecking and explicit jurisdiction/role limits, with qualified local safeguarding/legal and independent learner review still pending.",editorial_followup_resolved,Tailored actions and repaired learning guide,docs/authoring/family-stewardship/19.08/learner-guide.md,data/practices/protocols/19/PRACTICE-COMP-1908-CHILD-PROTECTION-AND-SAFEGUARDING-01.yaml,/practices/c1908-child-protection-and-safeguarding-practice/guide/,Exact source/compiler/runtime parity; explicit reveal projection; stable IDs and completion rules
19.09,Developmentally appropriate autonomy and discipline,"Relocate acceptance workflow language while preserving proportionate demand, explained purpose and support; obtain qualified developmental/care and independent learner review.",editorial_followup_resolved,Tailored actions and repaired learning guide,docs/authoring/family-stewardship/19.09/learner-guide.md,data/practices/protocols/19/PRACTICE-COMP-1909-DEVELOPMENTALLY-APPROPRIATE-AUTONOMY-AND-DISCIPLINE-01.yaml,/practices/c1909-developmentally-appropriate-autonomy-and-discipline-practice/guide/,Exact source/compiler/runtime parity; explicit reveal projection; stable IDs and completion rules
19.10,"Education, formation, and modeling in family life","Provide a separate second-book prompt/note before its worked outcome, preserve supports and learner voice, and move formal acceptance bookkeeping to maintainer documentation.",editorial_followup_resolved,Tailored actions and repaired learning guide,docs/authoring/family-stewardship/19.10/learner-guide.md,data/practices/protocols/19/PRACTICE-COMP-1910-EDUCATION-FORMATION-AND-MODELING-IN-FAMILY-LIFE-01.yaml,/practices/c1910-education-formation-and-modeling-in-family-life-practice/guide/,Exact source/compiler/runtime parity; explicit reveal projection; stable IDs and completion rules
19.11,"Elder care, dementia, and later-life decision-making","Relocate acceptance workflow material; preserve person-chosen supports and unresolved clinical/legal/backup questions, with qualified local elder-care and independent learner review pending.",editorial_followup_resolved,Tailored actions and repaired learning guide,docs/authoring/family-stewardship/19.11/learner-guide.md,data/practices/protocols/19/PRACTICE-COMP-1911-ELDER-CARE-DEMENTIA-AND-LATER-LIFE-DECISION-MAKING-01.yaml,/practices/c1911-elder-care-dementia-and-later-life-decision-making-practice/guide/,Exact source/compiler/runtime parity; explicit reveal projection; stable IDs and completion rules
19.12,"Family labor, provision, and invisible work","Supply the referenced headcount/preferences and bounded options if executing the fictional unit, or clearly restrict it to handoff analysis; move acceptance bookkeeping to maintainer notes and retain unresolved overall workload.",editorial_followup_resolved,Tailored actions and repaired learning guide,docs/authoring/family-stewardship/19.12/learner-guide.md,data/practices/protocols/19/PRACTICE-COMP-1912-FAMILY-LABOR-PROVISION-AND-INVISIBLE-WORK-01.yaml,/practices/c1912-family-labor-provision-and-invisible-work-practice/guide/,Exact source/compiler/runtime parity; explicit reveal projection; stable IDs and completion rules
19.13,"Co-parenting, separation, and family restructuring",Replace the repeated timing item with a genuinely new handoff record or label it consolidation; relocate acceptance metadata and preserve qualified authority/safety review and independent learner testing.,editorial_followup_resolved,Tailored actions and repaired learning guide,docs/authoring/family-stewardship/19.13/learner-guide.md,data/practices/protocols/19/PRACTICE-COMP-1913-CO-PARENTING-SEPARATION-AND-FAMILY-RESTRUCTURING-01.yaml,/practices/c1913-co-parenting-separation-and-family-restructuring-practice/guide/,Exact source/compiler/runtime parity; explicit reveal projection; stable IDs and completion rules
19.14,"Family ritual, heritage, and intergenerational continuity","Provide a clearly labeled fictional word/meaning card or make translation explicitly a real-authorized-contributor option, keeping the object route self-contained; move acceptance bookkeeping out of learner copy.",editorial_followup_resolved,Tailored actions and repaired learning guide,docs/authoring/family-stewardship/19.14/learner-guide.md,data/practices/protocols/19/PRACTICE-COMP-1914-FAMILY-RITUAL-HERITAGE-AND-INTERGENERATIONAL-CONTINUITY-01.yaml,/practices/c1914-family-ritual-heritage-and-intergenerational-continuity-practice/guide/,Exact source/compiler/runtime parity; explicit reveal projection; stable IDs and completion rules
19.15,"Caregiver limits, respite, and shared responsibility",Use a new unseen interval/interruption record for the fresh calculation or label the current item consolidation; relocate acceptance bookkeeping and preserve qualified care/independent review requirements.,editorial_followup_resolved,Tailored actions and repaired learning guide,docs/authoring/family-stewardship/19.15/learner-guide.md,data/practices/protocols/19/PRACTICE-COMP-1915-CAREGIVER-LIMITS-RESPITE-AND-SHARED-RESPONSIBILITY-01.yaml,/practices/c1915-caregiver-limits-respite-and-shared-responsibility-practice/guide/,Exact source/compiler/runtime parity; explicit reveal projection; stable IDs and completion rules
20.01,Social interdependence,Move curriculum/governance metadata to maintainer notes while preserving proportional reciprocity and distinct institutional duties; independent learner and source review remain pending.,editorial_followup_resolved,Tailored actions and repaired learning guide,docs/authoring/civic-participation/20.01/learner-guide.md,data/practices/protocols/20/PRACTICE-COMP-2001-SOCIAL-INTERDEPENDENCE-01.yaml,/practices/c2001-social-interdependence-practice/guide/,Exact source/compiler/runtime parity; explicit reveal projection; stable IDs and completion rules
20.02,Civic and governmental literacy,"Relocate governance metadata; retain verified-local-authority requirements and pending complaint/election specifics, and independently recheck the named real directory examples before operational use.",editorial_followup_resolved,Tailored actions and repaired learning guide,docs/authoring/civic-participation/20.02/learner-guide.md,data/practices/protocols/20/PRACTICE-COMP-2002-CIVIC-AND-GOVERNMENTAL-LITERACY-01.yaml,/practices/c2002-civic-and-governmental-literacy-practice/guide/,Exact source/compiler/runtime parity; explicit reveal projection; stable IDs and completion rules
20.03,"Rights, duties, law, and civil liberty","Relocate governance metadata and retain the distinction between normative principles, local law and relevant safety evidence; independent civic/legal and learner review remain pending.",editorial_followup_resolved,Tailored actions and repaired learning guide,docs/authoring/civic-participation/20.03/learner-guide.md,data/practices/protocols/20/PRACTICE-COMP-2003-RIGHTS-DUTIES-LAW-AND-CIVIL-LIBERTY-01.yaml,/practices/c2003-rights-duties-law-and-civil-liberty-practice/guide/,Exact source/compiler/runtime parity; explicit reveal projection; stable IDs and completion rules
20.04,"Justice, inequality, and social structure",Use different unseen counts/conditions for the fresh causal check or label the current item consolidation; relocate governance metadata and preserve affected-person/qualified review requirements.,editorial_followup_resolved,Tailored actions and repaired learning guide,docs/authoring/civic-participation/20.04/learner-guide.md,data/practices/protocols/20/PRACTICE-COMP-2004-JUSTICE-INEQUALITY-AND-SOCIAL-STRUCTURE-01.yaml,/practices/c2004-justice-inequality-and-social-structure-practice/guide/,Exact source/compiler/runtime parity; explicit reveal projection; stable IDs and completion rules
20.05,Engagement across difference,"Move governance metadata to maintainer notes and retain the complete notice facts, voluntary cooperation and actual-status limits; independent learner/intercultural review remains pending.",editorial_followup_resolved,Tailored actions and repaired learning guide,docs/authoring/civic-participation/20.05/learner-guide.md,data/practices/protocols/20/PRACTICE-COMP-2005-ENGAGEMENT-ACROSS-DIFFERENCE-01.yaml,/practices/c2005-engagement-across-difference-practice/guide/,Exact source/compiler/runtime parity; explicit reveal projection; stable IDs and completion rules
20.06,Service and volunteering,"Add unseen counts/time/support facts for fresh checks or label them consolidation; relocate governance metadata while retaining complete materials, voluntary scope and no-long-term-benefit overclaim.",editorial_followup_resolved,Tailored actions and repaired learning guide,docs/authoring/civic-participation/20.06/learner-guide.md,data/practices/protocols/20/PRACTICE-COMP-2006-SERVICE-AND-VOLUNTEERING-01.yaml,/practices/c2006-service-and-volunteering-practice/guide/,Exact source/compiler/runtime parity; explicit reveal projection; stable IDs and completion rules
20.07,Helping without paternalism,MakeQ2 self-contained by supplying the concrete task evidence or keep usefulness unknown in its key; relocate metadata and preserve chosen recurring support without forced independence.,editorial_followup_resolved,Tailored actions and repaired learning guide,docs/authoring/civic-participation/20.07/learner-guide.md,data/practices/protocols/20/PRACTICE-COMP-2007-HELPING-WITHOUT-PATERNALISM-01.yaml,/practices/c2007-helping-without-paternalism-practice/guide/,Exact source/compiler/runtime parity; explicit reveal projection; stable IDs and completion rules
20.08,Collective action and organizing,Retain full inventory and authority constraints but add an unseen changed board/role record for transfer checks; relocate governance metadata and preserve actual collective-action/independent-review limits.,editorial_followup_resolved,Tailored actions and repaired learning guide,docs/authoring/civic-participation/20.08/learner-guide.md,data/practices/protocols/20/PRACTICE-COMP-2008-COLLECTIVE-ACTION-AND-ORGANIZING-01.yaml,/practices/c2008-collective-action-and-organizing-practice/guide/,Exact source/compiler/runtime parity; explicit reveal projection; stable IDs and completion rules
20.09,Public discourse and information responsibility,Add an unseen source chain with different dependence/date/condition facts for a fresh check or label current checks consolidation; move governance metadata to maintainer notes.,editorial_followup_resolved,Tailored actions and repaired learning guide,docs/authoring/civic-participation/20.09/learner-guide.md,data/practices/protocols/20/PRACTICE-COMP-2009-PUBLIC-DISCOURSE-AND-INFORMATION-RESPONSIBILITY-01.yaml,/practices/c2009-public-discourse-and-information-responsibility-practice/guide/,Exact source/compiler/runtime parity; explicit reveal projection; stable IDs and completion rules
20.10,Stewardship of commons and environment,Supply a small shelf diagram or text layout with a return target and damage notice so the learner can perform the fictional placement check before its outcome; relocate governance metadata and keep real user trials distinct.,editorial_followup_resolved,Tailored actions and repaired learning guide,docs/authoring/civic-participation/20.10/learner-guide.md,data/practices/protocols/20/PRACTICE-COMP-2010-STEWARDSHIP-OF-COMMONS-AND-ENVIRONMENT-01.yaml,/practices/c2010-stewardship-of-commons-and-environment-practice/guide/,Exact source/compiler/runtime parity; explicit reveal projection; stable IDs and completion rules
20.11,Pluralism and peaceful coexistence,Move catalog/review metadata to author notes and label the checks as consolidation unless a separate transfer case is added.,editorial_followup_resolved,Tailored actions and repaired learning guide,docs/authoring/civic-participation/20.11/learner-guide.md,data/practices/protocols/20/PRACTICE-COMP-2011-PLURALISM-AND-PEACEFUL-COEXISTENCE-01.yaml,/practices/c2011-pluralism-and-peaceful-coexistence-practice/guide/,Exact source/compiler/runtime parity; explicit reveal projection; stable IDs and completion rules
20.12,Institutional and media-system literacy,Keep the bounded causal and institutional reasoning; replace or relabel the repeated check and move review metadata out of learner prose.,editorial_followup_resolved,Tailored actions and repaired learning guide,docs/authoring/civic-participation/20.12/learner-guide.md,data/practices/protocols/20/PRACTICE-COMP-2012-INSTITUTIONAL-AND-MEDIA-SYSTEM-LITERACY-01.yaml,/practices/c2012-institutional-and-media-system-literacy-practice/guide/,Exact source/compiler/runtime parity; explicit reveal projection; stable IDs and completion rules
20.13,"Propaganda, polarization, and democratic resilience","Move implementation/review status to author notes; retain non-amplification and the distinction between rhetoric, factual error and proven coordination.",editorial_followup_resolved,Tailored actions and repaired learning guide,docs/authoring/civic-work-foundations/20.13/learner-guide.md,data/practices/protocols/20/PRACTICE-COMP-2013-PROPAGANDA-POLARIZATION-AND-DEMOCRATIC-RESILIENCE-01.yaml,/practices/c2013-propaganda-polarization-and-democratic-resilience-practice/guide/,Exact source/compiler/runtime parity; explicit reveal projection; stable IDs and completion rules
20.14,Nonviolent action and conflict transformation,Remove authoring metadata and keep evidence claims explicitly at process-design/tabletop level; broader live-method proficiency requires its own suitable pathway.,editorial_followup_resolved,Tailored actions and repaired learning guide,docs/authoring/civic-work-foundations/20.14/learner-guide.md,data/practices/protocols/20/PRACTICE-COMP-2014-NONVIOLENT-ACTION-AND-CONFLICT-TRANSFORMATION-01.yaml,/practices/c2014-nonviolent-action-and-conflict-transformation-practice/guide/,Exact source/compiler/runtime parity; explicit reveal projection; stable IDs and completion rules
20.15,Civil disobedience and principled lawbreaking,"Add a nonoperational analysis case with stipulated law status and opposing reasons, retain the unknown-status contrast, and remove editorial metadata.",editorial_followup_resolved,Tailored actions and repaired learning guide,docs/authoring/civic-work-foundations/20.15/learner-guide.md,data/practices/protocols/20/PRACTICE-COMP-2015-CIVIL-DISOBEDIENCE-AND-PRINCIPLED-LAWBREAKING-01.yaml,/practices/c2015-civil-disobedience-and-principled-lawbreaking-practice/guide/,Exact source/compiler/runtime parity; explicit reveal projection; stable IDs and completion rules
20.16,Mutual aid and community resilience,Retain the information-service limits and explicit acceptance sequence; relocate review machinery to author notes.,editorial_followup_resolved,Tailored actions and repaired learning guide,docs/authoring/civic-work-foundations/20.16/learner-guide.md,data/practices/protocols/20/PRACTICE-COMP-2016-MUTUAL-AID-AND-COMMUNITY-RESILIENCE-01.yaml,/practices/c2016-mutual-aid-and-community-resilience-practice/guide/,Exact source/compiler/runtime parity; explicit reveal projection; stable IDs and completion rules
20.17,Social insurance and shared risk,"Retain the civic distribution/access reasoning and label repeated calculations as consolidation; supply changed values if independent calculation transfer is claimed, and relocate editorial status.",editorial_followup_resolved,Tailored actions and repaired learning guide,docs/authoring/civic-work-foundations/20.17/learner-guide.md,data/practices/protocols/20/PRACTICE-COMP-2017-SOCIAL-INSURANCE-AND-SHARED-RISK-01.yaml,/practices/c2017-social-insurance-and-shared-risk-practice/guide/,Exact source/compiler/runtime parity; explicit reveal projection; stable IDs and completion rules
20.18,Peacebuilding and reconciliation after collective harm,Label those checks consolidation or add a genuinely new model comparison before claiming transfer; move catalog and acceptance metadata out of learner prose.,editorial_followup_resolved,Tailored actions and repaired learning guide,docs/authoring/civic-work-foundations/20.18/learner-guide.md,data/practices/protocols/20/PRACTICE-COMP-2018-PEACEBUILDING-AND-RECONCILIATION-AFTER-COLLECTIVE-HARM-01.yaml,/practices/c2018-peacebuilding-and-reconciliation-after-collective-harm-practice/guide/,Exact source/compiler/runtime parity; explicit reveal projection; stable IDs and completion rules
21.01,Work worth doing,"Remove author-facing field/status commentary from learner prose; retain hard constraints, staying/redesign alternatives and provisional evidence status.",editorial_followup_resolved,Tailored actions and repaired learning guide,docs/authoring/civic-work-foundations/21.01/learner-guide.md,data/practices/protocols/21/PRACTICE-COMP-2101-WORK-WORTH-DOING-01.yaml,/practices/c2101-work-worth-doing-practice/guide/,Exact source/compiler/runtime parity; explicit reveal projection; stable IDs and completion rules
21.02,Professional reliability,"Relocate governance metadata, correct the copy error, and identify the repeated checks as consolidation or add a new commitment case for transfer.",editorial_followup_resolved,Tailored actions and repaired learning guide,docs/authoring/civic-work-foundations/21.02/learner-guide.md,data/practices/protocols/21/PRACTICE-COMP-2102-PROFESSIONAL-RELIABILITY-01.yaml,/practices/c2102-professional-reliability-practice/guide/,Exact source/compiler/runtime parity; explicit reveal projection; stable IDs and completion rules
21.03,Foundational craft competence,Retain the repair and perform the independent learner-only desk test and actual-format access checks before acceptance.,reviewed_no_edit_required,Tailored actions and repaired learning guide,docs/authoring/exercises/21.yaml,data/practices/protocols/21/PRACTICE-COMP-2103-FOUNDATIONAL-CRAFT-COMPETENCE-01.yaml,/practices/c2103-foundational-craft-competence-practice/guide/,Exact source/compiler/runtime parity; explicit reveal projection; stable IDs and completion rules
21.04,Deliberate mastery and expertise,Separate fresh integration prompts from the narrated results or call them worked analyses; move catalog/review machinery out of learner copy.,editorial_followup_resolved,Tailored actions and repaired learning guide,docs/authoring/civic-work-foundations/21.04/learner-guide.md,data/practices/protocols/21/PRACTICE-COMP-2104-DELIBERATE-MASTERY-AND-EXPERTISE-01.yaml,/practices/c2104-deliberate-mastery-and-expertise-practice/guide/,Exact source/compiler/runtime parity; explicit reveal projection; stable IDs and completion rules
21.05,"Quality, craftsmanship, and reputation","Preserve the specific usability criteria and provenance distinctions; relocate internal metadata. Treat scripted later results as case analysis, not learner performance.",editorial_followup_resolved,Tailored actions and repaired learning guide,docs/authoring/civic-work-foundations/21.05/learner-guide.md,data/practices/protocols/21/PRACTICE-COMP-2105-QUALITY-CRAFTSMANSHIP-AND-REPUTATION-01.yaml,/practices/c2105-quality-craftsmanship-and-reputation-practice/guide/,Exact source/compiler/runtime parity; explicit reveal projection; stable IDs and completion rules
21.06,"Customer, stakeholder, and user understanding",Move authoring status to author notes; keep the concrete A/B inputs and distinguish fictional observations from real user research.,editorial_followup_resolved,Tailored actions and repaired learning guide,docs/authoring/civic-work-foundations/21.06/learner-guide.md,data/practices/protocols/21/PRACTICE-COMP-2106-CUSTOMER-STAKEHOLDER-AND-USER-UNDERSTANDING-01.yaml,/practices/c2106-customer-stakeholder-and-user-understanding-practice/guide/,Exact source/compiler/runtime parity; explicit reveal projection; stable IDs and completion rules
21.07,Systems and organizational awareness,"Retain the specific interface control and owner acceptance; relocate metadata and describe repeated checks as consolidation, with a new interface case needed for transfer evidence.",editorial_followup_resolved,Tailored actions and repaired learning guide,docs/authoring/civic-work-foundations/21.07/learner-guide.md,data/practices/protocols/21/PRACTICE-COMP-2107-SYSTEMS-AND-ORGANIZATIONAL-AWARENESS-01.yaml,/practices/c2107-systems-and-organizational-awareness-practice/guide/,Exact source/compiler/runtime parity; explicit reveal projection; stable IDs and completion rules
21.08,Project delivery,"Move governance metadata into author notes; preserve explicit acceptance authority, future-maintenance status and bounded fictional completion.",editorial_followup_resolved,Tailored actions and repaired learning guide,docs/authoring/work-delivery-voice/21.08/learner-guide.md,data/practices/protocols/21/PRACTICE-COMP-2108-PROJECT-DELIVERY-01.yaml,/practices/c2108-project-delivery-practice/guide/,Exact source/compiler/runtime parity; explicit reveal projection; stable IDs and completion rules
21.09,Collaboration and team contribution,"Remove internal status commentary; retain the distinction between mistaken challenge, valid clarification, approved next step and actual sending.",editorial_followup_resolved,Tailored actions and repaired learning guide,docs/authoring/work-delivery-voice/21.09/learner-guide.md,data/practices/protocols/21/PRACTICE-COMP-2109-COLLABORATION-AND-TEAM-CONTRIBUTION-01.yaml,/practices/c2109-collaboration-and-team-contribution-practice/guide/,Exact source/compiler/runtime parity; explicit reveal projection; stable IDs and completion rules
21.10,Innovation and improvement,"Relocate catalog metadata; keep the failed new-method case, burden accounting and unadopted-register status. Do not turn this analytic comparison into a measured learner experiment.",editorial_followup_resolved,Tailored actions and repaired learning guide,docs/authoring/work-delivery-voice/21.10/learner-guide.md,data/practices/protocols/21/PRACTICE-COMP-2110-INNOVATION-AND-IMPROVEMENT-01.yaml,/practices/c2110-innovation-and-improvement-practice/guide/,Exact source/compiler/runtime parity; explicit reveal projection; stable IDs and completion rules
21.11,Career adaptability and marketable capability,"Require saving both A and unseen B responses before opening their respective keys, or split the later packet into separate releases; move review metadata out of learner prose.",editorial_followup_resolved,Tailored actions and repaired learning guide,docs/authoring/work-delivery-voice/21.11/learner-guide.md,data/practices/protocols/21/PRACTICE-COMP-2111-CAREER-ADAPTABILITY-AND-MARKETABLE-CAPABILITY-01.yaml,/practices/c2111-career-adaptability-and-marketable-capability-practice/guide/,Exact source/compiler/runtime parity; explicit reveal projection; stable IDs and completion rules
21.12,Meaningful contribution and service through work,"Relocate catalog/review fields and retain the separation between output, demonstrated interpretation, future upkeep and wider institutional ethics.",editorial_followup_resolved,Tailored actions and repaired learning guide,docs/authoring/work-delivery-voice/21.12/learner-guide.md,data/practices/protocols/21/PRACTICE-COMP-2112-MEANINGFUL-CONTRIBUTION-AND-SERVICE-THROUGH-WORK-01.yaml,/practices/c2112-meaningful-contribution-and-service-through-work-practice/guide/,Exact source/compiler/runtime parity; explicit reveal projection; stable IDs and completion rules
21.13,"Documentation, maintainability, and professional legacy","Separate N2's prompt/owner-response release from its completed result or relabel it as a worked example, and remove authoring metadata from learner copy.",editorial_followup_resolved,Tailored actions and repaired learning guide,docs/authoring/work-delivery-voice/21.13/learner-guide.md,data/practices/protocols/21/PRACTICE-COMP-2113-DOCUMENTATION-MAINTAINABILITY-AND-PROFESSIONAL-LEGACY-01.yaml,/practices/c2113-documentation-maintainability-and-professional-legacy-practice/guide/,Exact source/compiler/runtime parity; explicit reveal projection; stable IDs and completion rules
21.14,"Efficiency, thoroughness, and quality tradeoffs",Move internal metadata to author notes; preserve the distinction between editable files and reversible effects and between essential verification and optional polish.,editorial_followup_resolved,Tailored actions and repaired learning guide,docs/authoring/work-delivery-voice/21.14/learner-guide.md,data/practices/protocols/21/PRACTICE-COMP-2114-EFFICIENCY-THOROUGHNESS-AND-QUALITY-TRADEOFFS-01.yaml,/practices/c2114-efficiency-thoroughness-and-quality-tradeoffs-practice/guide/,Exact source/compiler/runtime parity; explicit reveal projection; stable IDs and completion rules
21.15,Worker rights and employment law literacy,"Remove internal field/review commentary, retain current-source and deadline checks for real use, and require appropriate legal review before broader claims of jurisdiction-specific competence.",editorial_followup_resolved,Tailored actions and repaired learning guide,docs/authoring/work-delivery-voice/21.15/learner-guide.md,data/practices/protocols/21/PRACTICE-COMP-2115-WORKER-RIGHTS-AND-EMPLOYMENT-LAW-LITERACY-01.yaml,/practices/c2115-worker-rights-and-employment-law-literacy-practice/guide/,Exact source/compiler/runtime parity; explicit reveal projection; stable IDs and completion rules
21.16,"Power asymmetry, exploitation, and precarity","Relocate catalog and formal acceptance commentary; retain practical dependencies, qualified-route questions and the distinction between warning signs and legal findings.",editorial_followup_resolved,Tailored actions and repaired learning guide,docs/authoring/work-delivery-voice/21.16/learner-guide.md,data/practices/protocols/21/PRACTICE-COMP-2116-POWER-ASYMMETRY-EXPLOITATION-AND-PRECARITY-01.yaml,/practices/c2116-power-asymmetry-exploitation-and-precarity-practice/guide/,Exact source/compiler/runtime parity; explicit reveal projection; stable IDs and completion rules
21.17,"Collective bargaining, unions, and worker voice","Move retrieval incident/site-maintenance and formal metadata to source/author notes; preserve current jurisdiction checks, limited mandate and unperformed-action status.",editorial_followup_resolved,Tailored actions and repaired learning guide,docs/authoring/work-delivery-voice/21.17/learner-guide.md,data/practices/protocols/21/PRACTICE-COMP-2117-COLLECTIVE-BARGAINING-UNIONS-AND-WORKER-VOICE-01.yaml,/practices/c2117-collective-bargaining-unions-and-worker-voice-practice/guide/,Exact source/compiler/runtime parity; explicit reveal projection; stable IDs and completion rules
21.18,Inclusive and accessible work,Separate answer-bearing material from any unassisted B attempt or explicitly label it as supported case analysis; remove internal canonical/review fields from learner copy.,editorial_followup_resolved,Tailored actions and repaired learning guide,docs/authoring/work-delivery-voice/21.18/learner-guide.md,data/practices/protocols/21/PRACTICE-COMP-2118-INCLUSIVE-AND-ACCESSIBLE-WORK-01.yaml,/practices/c2118-inclusive-and-accessible-work-practice/guide/,Exact source/compiler/runtime parity; explicit reveal projection; stable IDs and completion rules
21.19,"Work boundaries, rest, and freedom from total identity","Move governance commentary and label the repeated checks consolidation unless a changed boundary case is added. Preserve accepted coverage, honest interruption accounting and worth independent of work output.",editorial_followup_resolved,Tailored actions and repaired learning guide,docs/authoring/work-delivery-voice/21.19/learner-guide.md,data/practices/protocols/21/PRACTICE-COMP-2119-WORK-BOUNDARIES-REST-AND-FREEDOM-FROM-TOTAL-IDENTITY-01.yaml,/practices/c2119-work-boundaries-rest-and-freedom-from-total-identity-practice/guide/,Exact source/compiler/runtime parity; explicit reveal projection; stable IDs and completion rules
22.01,Self-leadership and credibility,"Remove authoring metadata from learner copy; preserve separate factual/conduct repairs, exact completion status and the limit of one credibility episode.",editorial_followup_resolved,Tailored actions and repaired learning guide,docs/authoring/leadership-foundations/22.01/learner-guide.md,data/practices/protocols/22/PRACTICE-COMP-2201-SELF-LEADERSHIP-AND-CREDIBILITY-01.yaml,/practices/c2201-self-leadership-and-credibility-practice/guide/,Exact source/compiler/runtime parity; explicit reveal projection; stable IDs and completion rules
22.02,"Direction, vision, and priorities","Relocate internal metadata; retain accepted versus completed ownership, reduced scope and the distinct comprehension/consent tests.",editorial_followup_resolved,Tailored actions and repaired learning guide,docs/authoring/leadership-foundations/22.02/learner-guide.md,data/practices/protocols/22/PRACTICE-COMP-2202-DIRECTION-VISION-AND-PRIORITIES-01.yaml,/practices/c2202-direction-vision-and-priorities-practice/guide/,Exact source/compiler/runtime parity; explicit reveal projection; stable IDs and completion rules
22.03,Authority and ethical use of power,"Remove catalog/review commentary from learner prose; retain the distinction between conflict and corruption, disclosure and recusal, and one unchanged dependency versus general freedom from pressure.",editorial_followup_resolved,Tailored actions and repaired learning guide,docs/authoring/leadership-foundations/22.03/learner-guide.md,data/practices/protocols/22/PRACTICE-COMP-2203-AUTHORITY-AND-ETHICAL-USE-OF-POWER-01.yaml,/practices/c2203-authority-and-ethical-use-of-power-practice/guide/,Exact source/compiler/runtime parity; explicit reveal projection; stable IDs and completion rules
22.04,Decision-making under responsibility,Relocate internal metadata; preserve the initial-information/new-information distinction and residual communication dependency without claiming a completed workshop.,editorial_followup_resolved,Tailored actions and repaired learning guide,docs/authoring/leadership-foundations/22.04/learner-guide.md,data/practices/protocols/22/PRACTICE-COMP-2204-DECISION-MAKING-UNDER-RESPONSIBILITY-01.yaml,/practices/c2204-decision-making-under-responsibility-practice/guide/,Exact source/compiler/runtime parity; explicit reveal projection; stable IDs and completion rules
22.05,Delegation and empowerment,"Relocate authoring status and canonical fields; retain the concrete discretion, accepted capacity and distinction between a prompted correction and broader competence.",editorial_followup_resolved,Tailored actions and repaired learning guide,docs/authoring/leadership-foundations/22.05/learner-guide.md,data/practices/protocols/22/PRACTICE-COMP-2205-DELEGATION-AND-EMPOWERMENT-01.yaml,/practices/c2205-delegation-and-empowerment-practice/guide/,Exact source/compiler/runtime parity; explicit reveal projection; stable IDs and completion rules
22.06,"Coaching, mentorship, and development",Move review and canonical machinery to author notes; preserve the seven-check criterion and explicitly limited fictional coaching evidence.,editorial_followup_resolved,Tailored actions and repaired learning guide,docs/authoring/leadership-foundations/22.06/learner-guide.md,data/practices/protocols/22/PRACTICE-COMP-2206-COACHING-MENTORSHIP-AND-DEVELOPMENT-01.yaml,/practices/c2206-coaching-mentorship-and-development-practice/guide/,Exact source/compiler/runtime parity; explicit reveal projection; stable IDs and completion rules
22.07,Accountability and standards,"Move catalog metadata to author notes; preserve fair inquiry, concrete shared repair and the distinction between one follow-up success and durable reliability.",editorial_followup_resolved,Tailored actions and repaired learning guide,docs/authoring/leadership-foundations/22.07/learner-guide.md,data/practices/protocols/22/PRACTICE-COMP-2207-ACCOUNTABILITY-AND-STANDARDS-01.yaml,/practices/c2207-accountability-and-standards-practice/guide/,Exact source/compiler/runtime parity; explicit reveal projection; stable IDs and completion rules
22.08,"Conflict, dissent, and psychological safety","Relocate internal metadata and retain separate evidence/conduct routes, truthful privacy limits and bounded follow-through findings.",editorial_followup_resolved,Tailored actions and repaired learning guide,docs/authoring/leadership-foundations/22.08/learner-guide.md,data/practices/protocols/22/PRACTICE-COMP-2208-CONFLICT-DISSENT-AND-PSYCHOLOGICAL-SAFETY-01.yaml,/practices/c2208-conflict-dissent-and-psychological-safety-practice/guide/,Exact source/compiler/runtime parity; explicit reveal projection; stable IDs and completion rules
22.09,Culture and institutional design,"Relocate internal status fields; preserve hypothesis-versus-culture distinction, distinct-issue counts and limits of one authorized cycle.",editorial_followup_resolved,Tailored actions and repaired learning guide,docs/authoring/leadership-foundations/22.09/learner-guide.md,data/practices/protocols/22/PRACTICE-COMP-2209-CULTURE-AND-INSTITUTIONAL-DESIGN-01.yaml,/practices/c2209-culture-and-institutional-design-practice/guide/,Exact source/compiler/runtime parity; explicit reveal projection; stable IDs and completion rules
22.10,Organizational politics and stakeholder navigation,"Move author-facing metadata; retain consistent terms, actual accepted ownership and the distinction between approval, consensus and observed benefit.",editorial_followup_resolved,Tailored actions and repaired learning guide,docs/authoring/leadership-foundations/22.10/learner-guide.md,data/practices/protocols/22/PRACTICE-COMP-2210-ORGANIZATIONAL-POLITICS-AND-STAKEHOLDER-NAVIGATION-01.yaml,/practices/c2210-organizational-politics-and-stakeholder-navigation-practice/guide/,Exact source/compiler/runtime parity; explicit reveal projection; stable IDs and completion rules
22.11,Crisis leadership,"Move internal metadata out of learner copy; retain announced tabletop status, authoritative restriction versus rumor and the distinction between sent, received and safe.",editorial_followup_resolved,Tailored actions and repaired learning guide,docs/authoring/leadership-foundations/22.11/learner-guide.md,data/practices/protocols/22/PRACTICE-COMP-2211-CRISIS-LEADERSHIP-01.yaml,/practices/c2211-crisis-leadership-practice/guide/,Exact source/compiler/runtime parity; explicit reveal projection; stable IDs and completion rules
22.12,Succession and institutional stewardship,"Relocate formal metadata; retain separate knowledge, authority and access dependencies, valid successor discretion and bounded fictional exception evidence.",editorial_followup_resolved,Tailored actions and repaired learning guide,docs/authoring/leadership-foundations/22.12/learner-guide.md,data/practices/protocols/22/PRACTICE-COMP-2212-SUCCESSION-AND-INSTITUTIONAL-STEWARDSHIP-01.yaml,/practices/c2212-succession-and-institutional-stewardship-practice/guide/,Exact source/compiler/runtime parity; explicit reveal projection; stable IDs and completion rules
22.13,Anti-corruption and conflicts of interest,"Relocate catalog/review prose; retain original omission history, separation of duties and nonlegal treatment of observed concerns.",editorial_followup_resolved,Tailored actions and repaired learning guide,docs/authoring/governance-finance/22.13/learner-guide.md,data/practices/protocols/22/PRACTICE-COMP-2213-ANTI-CORRUPTION-AND-CONFLICTS-OF-INTEREST-01.yaml,/practices/c2213-anti-corruption-and-conflicts-of-interest-practice/guide/,Exact source/compiler/runtime parity; explicit reveal projection; stable IDs and completion rules
22.14,Institutional capture and concentrated power,"Remove learner-facing catalog machinery; preserve case-specific safeguards, resource/timing limits and the distinction between observed mechanisms and proven persistent capture.",editorial_followup_resolved,Tailored actions and repaired learning guide,docs/authoring/governance-finance/22.14/learner-guide.md,data/practices/protocols/22/PRACTICE-COMP-2214-INSTITUTIONAL-CAPTURE-AND-CONCENTRATED-POWER-01.yaml,/practices/c2214-institutional-capture-and-concentrated-power-practice/guide/,Exact source/compiler/runtime parity; explicit reveal projection; stable IDs and completion rules
22.15,Whistleblowing and protected dissent,"Relocate canonical/review prose; preserve lawful-access boundaries, retaliation-versus-hazard route distinction and the fact that an internal target does not establish a legal filing period.",editorial_followup_resolved,Tailored actions and repaired learning guide,docs/authoring/governance-finance/22.15/learner-guide.md,data/practices/protocols/22/PRACTICE-COMP-2215-WHISTLEBLOWING-AND-PROTECTED-DISSENT-01.yaml,/practices/c2215-whistleblowing-and-protected-dissent-practice/guide/,Exact source/compiler/runtime parity; explicit reveal projection; stable IDs and completion rules
22.16,"Governance, checks, and accountable authority",Move authoring metadata into author notes; retain the noncircular authority chain and explicit untested both-reviewers-unavailable/oversight branches.,editorial_followup_resolved,Tailored actions and repaired learning guide,docs/authoring/governance-finance/22.16/learner-guide.md,data/practices/protocols/22/PRACTICE-COMP-2216-GOVERNANCE-CHECKS-AND-ACCOUNTABLE-AUTHORITY-01.yaml,/practices/c2216-governance-checks-and-accountable-authority-practice/guide/,Exact source/compiler/runtime parity; explicit reveal projection; stable IDs and completion rules
22.17,Abuse response and institutional repair,"Remove internal field/status commentary; retain the distinct conduct/financial expertise, lawful preservation and unresolved investigation/recurrence evidence.",editorial_followup_resolved,Tailored actions and repaired learning guide,docs/authoring/governance-finance/22.17/learner-guide.md,data/practices/protocols/22/PRACTICE-COMP-2217-ABUSE-RESPONSE-AND-INSTITUTIONAL-REPAIR-01.yaml,/practices/c2217-abuse-response-and-institutional-repair-practice/guide/,Exact source/compiler/runtime parity; explicit reveal projection; stable IDs and completion rules
23.01,Personal financial literacy,Move metadata to author notes while keeping financial boundaries in ordinary learner language; preserve the specific stock-flow and payment-allocation distinctions.,editorial_followup_resolved,Tailored actions and repaired learning guide,docs/authoring/governance-finance/23.01/learner-guide.md,data/practices/protocols/23/PRACTICE-COMP-2301-PERSONAL-FINANCIAL-LITERACY-01.yaml,/practices/c2301-personal-financial-literacy-practice/guide/,Exact source/compiler/runtime parity; explicit reveal projection; stable IDs and completion rules
23.02,Budgeting and cash-flow control,"Move authoring status/enum fields out of learner copy while retaining ordinary financial boundaries; preserve dated-flow arithmetic, consent and transfer accounting.",editorial_followup_resolved,Tailored actions and repaired learning guide,docs/authoring/governance-finance/23.02/learner-guide.md,data/practices/protocols/23/PRACTICE-COMP-2302-BUDGETING-AND-CASH-FLOW-CONTROL-01.yaml,/practices/c2302-budgeting-and-cash-flow-control-practice/guide/,Exact source/compiler/runtime parity; explicit reveal projection; stable IDs and completion rules
23.03,Emergency reserves and liquidity,"Correct that heading to match the resource constraint, relocate internal metadata and retain unverified protection/access status rather than treating a navigation recital as a withdrawal test.",editorial_followup_resolved,Tailored actions and repaired learning guide,docs/authoring/governance-finance/23.03/learner-guide.md,data/practices/protocols/23/PRACTICE-COMP-2303-EMERGENCY-RESERVES-AND-LIQUIDITY-01.yaml,/practices/c2303-emergency-reserves-and-liquidity-practice/guide/,Exact source/compiler/runtime parity; explicit reveal projection; stable IDs and completion rules
23.04,Debt and credit,"Move governance fields/status to author notes and retain total-cost, repayment-timing and collateral distinctions without turning conditional comparison into borrowing advice.",editorial_followup_resolved,Tailored actions and repaired learning guide,docs/authoring/governance-finance/23.04/learner-guide.md,data/practices/protocols/23/PRACTICE-COMP-2304-DEBT-AND-CREDIT-01.yaml,/practices/c2304-debt-and-credit-practice/guide/,Exact source/compiler/runtime parity; explicit reveal projection; stable IDs and completion rules
23.05,"Saving, investing, and retirement",Relocate author-facing status/enums while keeping ordinary financial limits; retain undecided allocation/tax/access questions and require qualified review before broader investment acceptance.,editorial_followup_resolved,Tailored actions and repaired learning guide,docs/authoring/governance-finance/23.05/learner-guide.md,data/practices/protocols/23/PRACTICE-COMP-2305-SAVING-INVESTING-AND-RETIREMENT-01.yaml,/practices/c2305-saving-investing-and-retirement-practice/guide/,Exact source/compiler/runtime parity; explicit reveal projection; stable IDs and completion rules
23.06,"Insurance, estate, and dependent protection",Relocate metadata and keep the locator exercise explicitly fictional; current provider/local professional review remains needed before any claim of actual dependent protection.,editorial_followup_resolved,Tailored actions and repaired learning guide,docs/authoring/governance-finance/23.06/learner-guide.md,data/practices/protocols/23/PRACTICE-COMP-2306-INSURANCE-ESTATE-AND-DEPENDENT-PROTECTION-01.yaml,/practices/c2306-insurance-estate-and-dependent-protection-practice/guide/,Exact source/compiler/runtime parity; explicit reveal projection; stable IDs and completion rules
23.07,"Consumption, status, and enoughness","Move internal status/enums into author notes; retain separate actual-versus-fiction use routes, legitimate comfort value and no mandatory purchase/unsafe use test.",editorial_followup_resolved,Tailored actions and repaired learning guide,docs/authoring/governance-finance/23.07/learner-guide.md,data/practices/protocols/23/PRACTICE-COMP-2307-CONSUMPTION-STATUS-AND-ENOUGHNESS-01.yaml,/practices/c2307-consumption-status-and-enoughness-practice/guide/,Exact source/compiler/runtime parity; explicit reveal projection; stable IDs and completion rules
23.08,Generosity and responsible provision,"Move formal/canonical machinery out of learner text; retain total giving burden, recipient agency and distinct delivery/usefulness statuses.",editorial_followup_resolved,Tailored actions and repaired learning guide,docs/authoring/stewardship-enterprise/23.08/learner-guide.md,data/practices/protocols/23/PRACTICE-COMP-2308-GENEROSITY-AND-RESPONSIBLE-PROVISION-01.yaml,/practices/c2308-generosity-and-responsible-provision-practice/guide/,Exact source/compiler/runtime parity; explicit reveal projection; stable IDs and completion rules
23.09,Family and intergenerational stewardship,"Relocate authoring metadata; retain independent ownership/consent checks and distinguish proposed resources, actual transfer and later agency benefits.",editorial_followup_resolved,Tailored actions and repaired learning guide,docs/authoring/stewardship-enterprise/23.09/learner-guide.md,data/practices/protocols/23/PRACTICE-COMP-2309-FAMILY-AND-INTERGENERATIONAL-STEWARDSHIP-01.yaml,/practices/c2309-family-and-intergenerational-stewardship-practice/guide/,Exact source/compiler/runtime parity; explicit reveal projection; stable IDs and completion rules
23.10,Material and ecological stewardship,Move review/enumeration prose to author notes and clarify whether another drying episode occurred or revise the earlier placement statement; retain source-specific care and unmeasured lifecycle limits.,editorial_followup_resolved,Tailored actions and repaired learning guide,docs/authoring/stewardship-enterprise/23.10/learner-guide.md,data/practices/protocols/23/PRACTICE-COMP-2310-MATERIAL-AND-ECOLOGICAL-STEWARDSHIP-01.yaml,/practices/c2310-material-and-ecological-stewardship-practice/guide/,Exact source/compiler/runtime parity; explicit reveal projection; stable IDs and completion rules
23.11,"Financial hardship, poverty, and constrained choice","Relocate internal metadata, retain the source-access/application/aid distinction and keep current local route, costs and turnaround checks explicit before real reliance.",editorial_followup_resolved,Tailored actions and repaired learning guide,docs/authoring/stewardship-enterprise/23.11/learner-guide.md,data/practices/protocols/23/PRACTICE-COMP-2311-FINANCIAL-HARDSHIP-POVERTY-AND-CONSTRAINED-CHOICE-01.yaml,/practices/c2311-financial-hardship-poverty-and-constrained-choice-practice/guide/,Exact source/compiler/runtime parity; explicit reveal projection; stable IDs and completion rules
23.12,Financial relationships and shared money,"Move governance fields/status out of learner copy and retain formula-versus-fairness, discussion-versus-approval and contribution-versus-ownership distinctions.",editorial_followup_resolved,Tailored actions and repaired learning guide,docs/authoring/stewardship-enterprise/23.12/learner-guide.md,data/practices/protocols/23/PRACTICE-COMP-2312-FINANCIAL-RELATIONSHIPS-AND-SHARED-MONEY-01.yaml,/practices/c2312-financial-relationships-and-shared-money-practice/guide/,Exact source/compiler/runtime parity; explicit reveal projection; stable IDs and completion rules
24.01,"Income, negotiation, and career economics","Relocate internal review terminology; preserve source/offer limits, partial outcome evidence and released budget distinct from spending authority.",editorial_followup_resolved,Tailored actions and repaired learning guide,docs/authoring/stewardship-enterprise/24.01/learner-guide.md,data/practices/protocols/24/PRACTICE-COMP-2401-INCOME-NEGOTIATION-AND-CAREER-ECONOMICS-01.yaml,/practices/c2401-income-negotiation-and-career-economics-practice/guide/,Exact source/compiler/runtime parity; explicit reveal projection; stable IDs and completion rules
24.02,Entrepreneurship and value creation,"Relocate internal fields/status; retain wrong-answer evidence, distinct reader samples and the separation between usability, net benefit, payment demand and real delivery.",editorial_followup_resolved,Tailored actions and repaired learning guide,docs/authoring/stewardship-enterprise/24.02/learner-guide.md,data/practices/protocols/24/PRACTICE-COMP-2402-ENTREPRENEURSHIP-AND-VALUE-CREATION-01.yaml,/practices/c2402-entrepreneurship-and-value-creation-practice/guide/,Exact source/compiler/runtime parity; explicit reveal projection; stable IDs and completion rules
24.03,"Business, markets, and economics",Change the fresh scenario to costs due/projected or supply an explicit funding source; preserve the unfunded-gap key and relocate internal metadata.,editorial_followup_resolved,Tailored actions and repaired learning guide,docs/authoring/stewardship-enterprise/24.03/learner-guide.md,data/practices/protocols/24/PRACTICE-COMP-2403-BUSINESS-MARKETS-AND-ECONOMICS-01.yaml,/practices/c2403-business-markets-and-economics-practice/guide/,Exact source/compiler/runtime parity; explicit reveal projection; stable IDs and completion rules
24.04,Customer discovery and problem validation,"Move catalog/review machinery out of learner prose; retain neutral questions, declined-participation accounting and separate discovery/prototype/buyer evidence.",editorial_followup_resolved,Tailored actions and repaired learning guide,docs/authoring/stewardship-enterprise/24.04/learner-guide.md,data/practices/protocols/24/PRACTICE-COMP-2404-CUSTOMER-DISCOVERY-AND-PROBLEM-VALIDATION-01.yaml,/practices/c2404-customer-discovery-and-problem-validation-practice/guide/,Exact source/compiler/runtime parity; explicit reveal projection; stable IDs and completion rules
24.05,"Business models, pricing, and unit economics","Relocate formal status/enum prose; retain separate denominators, funding assumptions and stop decision rather than treating break-even as viability.",editorial_followup_resolved,Tailored actions and repaired learning guide,docs/authoring/stewardship-enterprise/24.05/learner-guide.md,data/practices/protocols/24/PRACTICE-COMP-2405-BUSINESS-MODELS-PRICING-AND-UNIT-ECONOMICS-01.yaml,/practices/c2405-business-models-pricing-and-unit-economics-practice/guide/,Exact source/compiler/runtime parity; explicit reveal projection; stable IDs and completion rules
24.06,"Operations, accounting, and compliance","Remove internal canonical/review language; retain the source-versus-pointer distinction, unperformed real continuation and qualified local compliance gaps.",editorial_followup_resolved,Tailored actions and repaired learning guide,docs/authoring/stewardship-enterprise/24.06/learner-guide.md,data/practices/protocols/24/PRACTICE-COMP-2406-OPERATIONS-ACCOUNTING-AND-COMPLIANCE-01.yaml,/practices/c2406-operations-accounting-and-compliance-practice/guide/,Exact source/compiler/runtime parity; explicit reveal projection; stable IDs and completion rules
24.07,"Competition, monopoly, and market power",Relocate catalog/status machinery and retain distinct mechanisms and remedy defects; actual market/legal findings need separate current evidence and qualified review.,editorial_followup_resolved,Tailored actions and repaired learning guide,docs/authoring/stewardship-enterprise/24.07/learner-guide.md,data/practices/protocols/24/PRACTICE-COMP-2407-COMPETITION-MONOPOLY-AND-MARKET-POWER-01.yaml,/practices/c2407-competition-monopoly-and-market-power-practice/guide/,Exact source/compiler/runtime parity; explicit reveal projection; stable IDs and completion rules
24.08,Externalities and full-cost accounting,"Relocate catalog/review fields; preserve distinct units, included-versus-extra services and provisional mitigation subject to access checks.",editorial_followup_resolved,Tailored actions and repaired learning guide,docs/authoring/economics-creative/24.08/learner-guide.md,data/practices/protocols/24/PRACTICE-COMP-2408-EXTERNALITIES-AND-FULL-COST-ACCOUNTING-01.yaml,/practices/c2408-externalities-and-full-cost-accounting-practice/guide/,Exact source/compiler/runtime parity; explicit reveal projection; stable IDs and completion rules
24.09,Macroeconomics and economic cycles,"Move formal metadata to author notes and retain denominator/unit checks, competing explanations and institutional limits before actual policy claims.",editorial_followup_resolved,Tailored actions and repaired learning guide,docs/authoring/economics-creative/24.09/learner-guide.md,data/practices/protocols/24/PRACTICE-COMP-2409-MACROECONOMICS-AND-ECONOMIC-CYCLES-01.yaml,/practices/c2409-macroeconomics-and-economic-cycles-practice/guide/,Exact source/compiler/runtime parity; explicit reveal projection; stable IDs and completion rules
24.10,"Public finance, taxation, and redistribution","Relocate formal catalog fields/status and retain separate examples, public-good capacity limits, missing debt/maintenance and conditional policy authority.",editorial_followup_resolved,Tailored actions and repaired learning guide,docs/authoring/economics-creative/24.10/learner-guide.md,data/practices/protocols/24/PRACTICE-COMP-2410-PUBLIC-FINANCE-TAXATION-AND-REDISTRIBUTION-01.yaml,/practices/c2410-public-finance-taxation-and-redistribution-practice/guide/,Exact source/compiler/runtime parity; explicit reveal projection; stable IDs and completion rules
24.11,Social insurance and welfare-state design,Preserve the distinct design/journey operation and fresh numerical check; move editorial review status out of the guide.,editorial_followup_resolved,Tailored actions and repaired learning guide,docs/authoring/economics-creative/24.11/learner-guide.md,data/practices/protocols/24/PRACTICE-COMP-2411-SOCIAL-INSURANCE-AND-WELFARE-STATE-DESIGN-01.yaml,/practices/c2411-social-insurance-and-welfare-state-design-practice/guide/,Exact source/compiler/runtime parity; explicit reveal projection; stable IDs and completion rules
24.12,"Ownership, governance, and alternative enterprise forms","Move internal review/enumeration prose to author notes; preserve economic ownership versus actual voting, explicit procedures and conditional form choice with funding/access gaps.",editorial_followup_resolved,Tailored actions and repaired learning guide,docs/authoring/economics-creative/24.12/learner-guide.md,data/practices/protocols/24/PRACTICE-COMP-2412-OWNERSHIP-GOVERNANCE-AND-ALTERNATIVE-ENTERPRISE-FORMS-01.yaml,/practices/c2412-ownership-governance-and-alternative-enterprise-forms-practice/guide/,Exact source/compiler/runtime parity; explicit reveal projection; stable IDs and completion rules
24.13,Responsible innovation and technological change,"Relocate canonical/review prose and retain the specific stop owner, manual alternative, full effort accounting and incomplete access/new-trial evidence.",editorial_followup_resolved,Tailored actions and repaired learning guide,docs/authoring/economics-creative/24.13/learner-guide.md,data/practices/protocols/24/PRACTICE-COMP-2413-RESPONSIBLE-INNOVATION-AND-TECHNOLOGICAL-CHANGE-01.yaml,/practices/c2413-responsible-innovation-and-technological-change-practice/guide/,Exact source/compiler/runtime parity; explicit reveal projection; stable IDs and completion rules
24.14,"Global trade, development, and supply chains","Move internal status/enums out of learner copy and preserve abstract-gain versus realizable-chain distinctions, explicit invoice units and conditional lawful supply checks.",editorial_followup_resolved,Tailored actions and repaired learning guide,docs/authoring/economics-creative/24.14/learner-guide.md,data/practices/protocols/24/PRACTICE-COMP-2414-GLOBAL-TRADE-DEVELOPMENT-AND-SUPPLY-CHAINS-01.yaml,/practices/c2414-global-trade-development-and-supply-chains-practice/guide/,Exact source/compiler/runtime parity; explicit reveal projection; stable IDs and completion rules
25.01,Regular creative production,"Move authoring metadata from learner prose; retain optional cultivation, actual-day/artifact requirements and the distinction between making consistency and artistic excellence.",editorial_followup_resolved,Tailored actions and repaired learning guide,docs/authoring/economics-creative/25.01/learner-guide.md,data/practices/protocols/25/PRACTICE-COMP-2501-REGULAR-CREATIVE-PRODUCTION-01.yaml,/practices/c2501-regular-creative-production-practice/guide/,Exact source/compiler/runtime parity; explicit reveal projection; stable IDs and completion rules
25.02,Observation and imagination,"Relocate catalog/status machinery; retain traceable detail-to-relationship mappings and avoid treating sensory access, fantasy or a source description as direct observation.",editorial_followup_resolved,Tailored actions and repaired learning guide,docs/authoring/economics-creative/25.02/learner-guide.md,data/practices/protocols/25/PRACTICE-COMP-2502-OBSERVATION-AND-IMAGINATION-01.yaml,/practices/c2502-observation-and-imagination-practice/guide/,Exact source/compiler/runtime parity; explicit reveal projection; stable IDs and completion rules
25.03,Aesthetic literacy and taste,"Move catalog/review language to author notes; preserve purpose-sensitive standards, exact textual evidence and separate reader versus delayed-self reception.",editorial_followup_resolved,Tailored actions and repaired learning guide,docs/authoring/economics-creative/25.03/learner-guide.md,data/practices/protocols/25/PRACTICE-COMP-2503-AESTHETIC-LITERACY-AND-TASTE-01.yaml,/practices/c2503-aesthetic-literacy-and-taste-practice/guide/,Exact source/compiler/runtime parity; explicit reveal projection; stable IDs and completion rules
25.04,Medium and technique,"Relocate internal enums/status; retain comparable controlled practice, accessible nonspoken making and honest limits on unperformed vocal skill.",editorial_followup_resolved,Tailored actions and repaired learning guide,docs/authoring/economics-creative/25.04/learner-guide.md,data/practices/protocols/25/PRACTICE-COMP-2504-MEDIUM-AND-TECHNIQUE-01.yaml,/practices/c2504-medium-and-technique-practice/guide/,Exact source/compiler/runtime parity; explicit reveal projection; stable IDs and completion rules
25.05,Originality through synthesis,"Relocate authoring fields/status and retain exact eight-line constraints, practical clarity and rights/credit distinctions; broader originality claims require separate evidence.",editorial_followup_resolved,Tailored actions and repaired learning guide,docs/authoring/economics-creative/25.05/learner-guide.md,data/practices/protocols/25/PRACTICE-COMP-2505-ORIGINALITY-THROUGH-SYNTHESIS-01.yaml,/practices/c2505-originality-through-synthesis-practice/guide/,Exact source/compiler/runtime parity; explicit reveal projection; stable IDs and completion rules
25.06,Creative courage and experimentation,"Move internal metadata to author notes; retain concrete experimental questions, voluntary critique and narrow repair evidence with remaining expressive weakness.",editorial_followup_resolved,Tailored actions and repaired learning guide,docs/authoring/creative-culture-leisure/25.06/learner-guide.md,data/practices/protocols/25/PRACTICE-COMP-2506-CREATIVE-COURAGE-AND-EXPERIMENTATION-01.yaml,/practices/c2506-creative-courage-and-experimentation-practice/guide/,Exact source/compiler/runtime parity; explicit reveal projection; stable IDs and completion rules
25.07,"Revision, finishing, and publication","Move review/enumeration prose out of the lesson; retain version-specific release, audience consent and the distinction between finishing, reception and universal quality.",editorial_followup_resolved,Tailored actions and repaired learning guide,docs/authoring/creative-culture-leisure/25.07/learner-guide.md,data/practices/protocols/25/PRACTICE-COMP-2507-REVISION-FINISHING-AND-PUBLICATION-01.yaml,/practices/c2507-revision-finishing-and-publication-practice/guide/,Exact source/compiler/runtime parity; explicit reveal projection; stable IDs and completion rules
25.08,Creative collaboration,Relocate authoring metadata; preserve actual contribution rather than role-label credit and specific consent for versions/audiences. Solo rehearsal cannot establish shared authorship.,editorial_followup_resolved,Tailored actions and repaired learning guide,docs/authoring/creative-culture-leisure/25.08/learner-guide.md,data/practices/protocols/25/PRACTICE-COMP-2508-CREATIVE-COLLABORATION-01.yaml,/practices/c2508-creative-collaboration-practice/guide/,Exact source/compiler/runtime parity; explicit reveal projection; stable IDs and completion rules
25.09,"Art as truth, memory, and moral imagination","Relocate internal status/enums; retain whole original scene, exact replacement paragraph and limits on historical, community or empathy claims.",editorial_followup_resolved,Tailored actions and repaired learning guide,docs/authoring/creative-culture-leisure/25.09/learner-guide.md,data/practices/protocols/25/PRACTICE-COMP-2509-ART-AS-TRUTH-MEMORY-AND-MORAL-IMAGINATION-01.yaml,/practices/c2509-art-as-truth-memory-and-moral-imagination-practice/guide/,Exact source/compiler/runtime parity; explicit reveal projection; stable IDs and completion rules
25.10,Cultural and historical literacy,Move internal metadata and preserve this as an initial contextual comparison; develop or clearly route the other canonical media before claiming broad cultural/historical coverage.,editorial_followup_resolved,Tailored actions and repaired learning guide,docs/authoring/creative-culture-leisure/25.10/learner-guide.md,data/practices/protocols/25/PRACTICE-COMP-2510-CULTURAL-AND-HISTORICAL-LITERACY-01.yaml,/practices/c2510-cultural-and-historical-literacy-practice/guide/,Exact source/compiler/runtime parity; explicit reveal projection; stable IDs and completion rules
25.11,Personal style and aesthetic environment,Move formal/canonical prose to author notes; retain specific before/after spatial facts and version-specific use evidence rather than a tidy-image proxy.,editorial_followup_resolved,Tailored actions and repaired learning guide,docs/authoring/creative-culture-leisure/25.11/learner-guide.md,data/practices/protocols/25/PRACTICE-COMP-2511-PERSONAL-STYLE-AND-AESTHETIC-ENVIRONMENT-01.yaml,/practices/c2511-personal-style-and-aesthetic-environment-practice/guide/,Exact source/compiler/runtime parity; explicit reveal projection; stable IDs and completion rules
25.12,Communal craft and tradition-bearing,"Include scrap paper in the material list or reuse a stated scrap route, relocate internal metadata, and preserve the distinction between technique, actual teacher relationship and permission for a specific demonstration.",editorial_followup_resolved,Tailored actions and repaired learning guide,docs/authoring/creative-culture-leisure/25.12/learner-guide.md,data/practices/protocols/25/PRACTICE-COMP-2512-COMMUNAL-CRAFT-AND-TRADITION-BEARING-01.yaml,/practices/c2512-communal-craft-and-tradition-bearing-practice/guide/,Exact source/compiler/runtime parity; explicit reveal projection; stable IDs and completion rules
25.13,"Cultural appropriation, exchange, and attribution",Move author acceptance and canonical metadata to the author map; retain the substantive distinctions and voluntary non-use route.,editorial_followup_resolved,Tailored actions and repaired learning guide,docs/authoring/creative-culture-leisure/25.13/learner-guide.md,data/practices/protocols/25/PRACTICE-COMP-2513-CULTURAL-APPROPRIATION-EXCHANGE-AND-ATTRIBUTION-01.yaml,/practices/c2513-cultural-appropriation-exchange-and-attribution-practice/guide/,Exact source/compiler/runtime parity; explicit reveal projection; stable IDs and completion rules
26.01,Play for its own sake,"Keep the frozen protocol and honest mixed evidence, while moving compatibility and author acceptance detail to the author map.",editorial_followup_resolved,Frozen legacy behavior with repaired companion guide,docs/authoring/creative-culture-leisure/26.01/learner-guide.md,data/practices/protocols/26/PRACTICE-PLAY-01.yaml,/practices/schedule-non-instrumental-play/guide/,Exact source/compiler/runtime parity; explicit reveal projection; stable IDs and completion rules
26.02,Rest and leisure,Move canonical and acceptance metadata out of the learner guide; preserve the legitimate mixed outcomes and after-period-only reflection.,editorial_followup_resolved,Tailored actions and repaired learning guide,docs/authoring/creative-culture-leisure/26.02/learner-guide.md,data/practices/protocols/26/PRACTICE-COMP-2602-REST-AND-LEISURE-01.yaml,/practices/c2602-rest-and-leisure-practice/guide/,Exact source/compiler/runtime parity; explicit reveal projection; stable IDs and completion rules
26.03,Hobbies and lifelong interests,Relocate author-status material; retain the original/revised puzzle evidence and honest hinted outcome.,editorial_followup_resolved,Tailored actions and repaired learning guide,docs/authoring/creative-culture-leisure/26.03/learner-guide.md,data/practices/protocols/26/PRACTICE-COMP-2603-HOBBIES-AND-LIFELONG-INTERESTS-01.yaml,/practices/c2603-hobbies-and-lifelong-interests-practice/guide/,Exact source/compiler/runtime parity; explicit reveal projection; stable IDs and completion rules
26.04,Nature connection and ecological awareness,Relocate metadata and describe checks as consolidation; use a changed site/season problem if independent ecological transfer is claimed.,editorial_followup_resolved,Tailored actions and repaired learning guide,docs/authoring/creative-culture-leisure/26.04/learner-guide.md,data/practices/protocols/26/PRACTICE-COMP-2604-NATURE-CONNECTION-AND-ECOLOGICAL-AWARENESS-01.yaml,/practices/c2604-nature-connection-and-ecological-awareness-practice/guide/,Exact source/compiler/runtime parity; explicit reveal projection; stable IDs and completion rules
26.05,Outdoor competence and responsible recreation,"Move canonical, runtime and acceptance declarations to author documentation while retaining the route calculations and tabletop/live boundary.",editorial_followup_resolved,Tailored actions and repaired learning guide,docs/authoring/leisure-life-design/26.05/learner-guide.md,data/practices/protocols/26/PRACTICE-COMP-2605-OUTDOOR-COMPETENCE-AND-RESPONSIBLE-RECREATION-01.yaml,/practices/c2605-outdoor-competence-and-responsible-recreation-practice/guide/,Exact source/compiler/runtime parity; explicit reveal projection; stable IDs and completion rules
26.06,"Travel, geography, and place",Move author metadata and label the repeated calculation as consolidation or supply a changed itinerary for transfer evidence.,editorial_followup_resolved,Tailored actions and repaired learning guide,docs/authoring/leisure-life-design/26.06/learner-guide.md,data/practices/protocols/26/PRACTICE-COMP-2606-TRAVEL-GEOGRAPHY-AND-PLACE-01.yaml,/practices/c2606-travel-geography-and-place-practice/guide/,Exact source/compiler/runtime parity; explicit reveal projection; stable IDs and completion rules
26.07,Cross-cultural exploration,"Move author-status material outside the learning flow; preserve the plural accounts, unresolved costs and limited permission scopes.",editorial_followup_resolved,Tailored actions and repaired learning guide,docs/authoring/leisure-life-design/26.07/learner-guide.md,data/practices/protocols/26/PRACTICE-COMP-2607-CROSS-CULTURAL-EXPLORATION-01.yaml,/practices/c2607-cross-cultural-exploration-practice/guide/,Exact source/compiler/runtime parity; explicit reveal projection; stable IDs and completion rules
26.08,Adventure and calculated challenge,"Relocate canonical/runtime/acceptance metadata, preserving support as legitimate challenge evidence.",editorial_followup_resolved,Tailored actions and repaired learning guide,docs/authoring/leisure-life-design/26.08/learner-guide.md,data/practices/protocols/26/PRACTICE-COMP-2608-ADVENTURE-AND-CALCULATED-CHALLENGE-01.yaml,/practices/c2608-adventure-and-calculated-challenge-practice/guide/,Exact source/compiler/runtime parity; explicit reveal projection; stable IDs and completion rules
26.09,Wonder and awe,"Move author metadata outside the learning flow and retain the separate factual, interpretive and emotional records.",editorial_followup_resolved,Tailored actions and repaired learning guide,docs/authoring/leisure-life-design/26.09/learner-guide.md,data/practices/protocols/26/PRACTICE-COMP-2609-WONDER-AND-AWE-01.yaml,/practices/c2609-wonder-and-awe-practice/guide/,Exact source/compiler/runtime parity; explicit reveal projection; stable IDs and completion rules
26.10,Communal festivity and celebration,"Relocate canonical/runtime/acceptance metadata while retaining whole-event labor, voluntary praise and permission boundaries.",editorial_followup_resolved,Tailored actions and repaired learning guide,docs/authoring/leisure-life-design/26.10/learner-guide.md,data/practices/protocols/26/PRACTICE-COMP-2610-COMMUNAL-FESTIVITY-AND-CELEBRATION-01.yaml,/practices/c2610-communal-festivity-and-celebration-practice/guide/,Exact source/compiler/runtime parity; explicit reveal projection; stable IDs and completion rules
26.11,Communal recreation and inclusive play,Move author-status boilerplate to the map and retain participant-attributed access findings and unknowns.,editorial_followup_resolved,Tailored actions and repaired learning guide,docs/authoring/leisure-life-design/26.11/learner-guide.md,data/practices/protocols/26/PRACTICE-COMP-2611-COMMUNAL-RECREATION-AND-INCLUSIVE-PLAY-01.yaml,/practices/c2611-communal-recreation-and-inclusive-play-practice/guide/,Exact source/compiler/runtime parity; explicit reveal projection; stable IDs and completion rules
26.12,Pilgrimage and meaningful journey,Move metadata; label repeated arithmetic as consolidation or change the journey data if independent transfer is intended.,editorial_followup_resolved,Tailored actions and repaired learning guide,docs/authoring/leisure-life-design/26.12/learner-guide.md,data/practices/protocols/26/PRACTICE-COMP-2612-PILGRIMAGE-AND-MEANINGFUL-JOURNEY-01.yaml,/practices/c2612-pilgrimage-and-meaningful-journey-practice/guide/,Exact source/compiler/runtime parity; explicit reveal projection; stable IDs and completion rules
26.13,"Humor, delight, and lightness",Relocate canonical/runtime/acceptance boilerplate and preserve the response-sensitive stop and task-return evidence.,editorial_followup_resolved,Tailored actions and repaired learning guide,docs/authoring/leisure-life-design/26.13/learner-guide.md,data/practices/protocols/26/PRACTICE-COMP-2613-HUMOR-DELIGHT-AND-LIGHTNESS-01.yaml,/practices/c2613-humor-delight-and-lightness-practice/guide/,Exact source/compiler/runtime parity; explicit reveal projection; stable IDs and completion rules
26.14,Ecological relationship and reciprocal stewardship,"Relocate canonical/runtime/acceptance declarations while retaining the specific method, null result and coordinator feedback.",editorial_followup_resolved,Tailored actions and repaired learning guide,docs/authoring/leisure-life-design/26.14/learner-guide.md,data/practices/protocols/26/PRACTICE-COMP-2614-ECOLOGICAL-RELATIONSHIP-AND-RECIPROCAL-STEWARDSHIP-01.yaml,/practices/c2614-ecological-relationship-and-reciprocal-stewardship-practice/guide/,Exact source/compiler/runtime parity; explicit reveal projection; stable IDs and completion rules
27.01,Life architecture,Move author metadata and distinguish repeated consolidation from a new independent weekly-planning case.,editorial_followup_resolved,Tailored actions and repaired learning guide,docs/authoring/leisure-life-design/27.01/learner-guide.md,data/practices/protocols/27/PRACTICE-COMP-2701-LIFE-ARCHITECTURE-01.yaml,/practices/c2701-life-architecture-practice/guide/,Exact source/compiler/runtime parity; explicit reveal projection; stable IDs and completion rules
27.02,Balancing competing goods,Move author metadata and label the reused variation appropriately; use another changed tradeoff for independent transfer.,editorial_followup_resolved,Tailored actions and repaired learning guide,docs/authoring/leisure-life-design/27.02/learner-guide.md,data/practices/protocols/27/PRACTICE-COMP-2702-BALANCING-COMPETING-GOODS-01.yaml,/practices/c2702-balancing-competing-goods-practice/guide/,Exact source/compiler/runtime parity; explicit reveal projection; stable IDs and completion rules
27.03,Seasons and changing emphasis,Relocate author-status material; distinguish repeated practice from new transfer and retain the failed protection rather than smoothing the account.,editorial_followup_resolved,Tailored actions and repaired learning guide,docs/authoring/life-integration/27.03/learner-guide.md,data/practices/protocols/27/PRACTICE-COMP-2703-SEASONS-AND-CHANGING-EMPHASIS-01.yaml,/practices/c2703-seasons-and-changing-emphasis-practice/guide/,Exact source/compiler/runtime parity; explicit reveal projection; stable IDs and completion rules
27.04,Roles and responsibility portfolio,Move canonical/runtime/acceptance statements to author documentation while retaining the authority-versus-self-demand distinction.,editorial_followup_resolved,Tailored actions and repaired learning guide,docs/authoring/life-integration/27.04/learner-guide.md,data/practices/protocols/27/PRACTICE-COMP-2704-ROLES-AND-RESPONSIBILITY-PORTFOLIO-01.yaml,/practices/c2704-roles-and-responsibility-portfolio-practice/guide/,Exact source/compiler/runtime parity; explicit reveal projection; stable IDs and completion rules
27.05,Personal operating reviews,Relocate author-status material and retain the concrete state distinctions; describe the repeated total as consolidation rather than a new transfer task.,editorial_followup_resolved,Tailored actions and repaired learning guide,docs/authoring/life-integration/27.05/learner-guide.md,data/practices/protocols/27/PRACTICE-COMP-2705-PERSONAL-OPERATING-REVIEWS-01.yaml,/practices/c2705-personal-operating-reviews-practice/guide/,Exact source/compiler/runtime parity; explicit reveal projection; stable IDs and completion rules
27.06,Goals as experiments,Relocate metadata and add changed cards/conditions if independent transfer is claimed; retain the predeclared rule and adverse result.,editorial_followup_resolved,Tailored actions and repaired learning guide,docs/authoring/life-integration/27.06/learner-guide.md,data/practices/protocols/27/PRACTICE-COMP-2706-GOALS-AS-EXPERIMENTS-01.yaml,/practices/c2706-goals-as-experiments-practice/guide/,Exact source/compiler/runtime parity; explicit reveal projection; stable IDs and completion rules
27.07,Transition preparedness,"Move metadata, distinguish consolidation from new transfer, and explicitly note the zero-minute pickup margin and need to verify feasibility in a real plan.",editorial_followup_resolved,Tailored actions and repaired learning guide,docs/authoring/life-integration/27.07/learner-guide.md,data/practices/protocols/27/PRACTICE-COMP-2707-TRANSITION-PREPAREDNESS-01.yaml,/practices/c2707-transition-preparedness-practice/guide/,Exact source/compiler/runtime parity; explicit reveal projection; stable IDs and completion rules
27.08,Ambition and contentment,Move author-status material and keep consolidation distinct from any future independent usability test.,editorial_followup_resolved,Tailored actions and repaired learning guide,docs/authoring/life-integration/27.08/learner-guide.md,data/practices/protocols/27/PRACTICE-COMP-2708-AMBITION-AND-CONTENTMENT-01.yaml,/practices/c2708-ambition-and-contentment-practice/guide/,Exact source/compiler/runtime parity; explicit reveal projection; stable IDs and completion rules
27.09,Coherence without rigidity,Relocate metadata and label repeated timing as consolidation; preserve contrary evidence and test a changed deadline case for transfer.,editorial_followup_resolved,Tailored actions and repaired learning guide,docs/authoring/life-integration/27.09/learner-guide.md,data/practices/protocols/27/PRACTICE-COMP-2709-COHERENCE-WITHOUT-RIGIDITY-01.yaml,/practices/c2709-coherence-without-rigidity-practice/guide/,Exact source/compiler/runtime parity; explicit reveal projection; stable IDs and completion rules
27.10,Mentorship and generativity,Relocate author-status boilerplate and retain the access-aid versus instructional-hint distinction and limited two-contact inference.,editorial_followup_resolved,Tailored actions and repaired learning guide,docs/authoring/life-integration/27.10/learner-guide.md,data/practices/protocols/27/PRACTICE-COMP-2710-MENTORSHIP-AND-GENERATIVITY-01.yaml,/practices/c2710-mentorship-and-generativity-practice/guide/,Exact source/compiler/runtime parity; explicit reveal projection; stable IDs and completion rules
27.11,"Legacy in people, institutions, and works","Move canonical/runtime/acceptance declarations to author documentation and retain the independent repair, usability and ownership outcomes.",editorial_followup_resolved,Tailored actions and repaired learning guide,docs/authoring/life-integration/27.11/learner-guide.md,data/practices/protocols/27/PRACTICE-COMP-2711-LEGACY-IN-PEOPLE-INSTITUTIONS-AND-WORKS-01.yaml,/practices/c2711-legacy-in-people-institutions-and-works-practice/guide/,Exact source/compiler/runtime parity; explicit reveal projection; stable IDs and completion rules
27.12,Annual reckoning and recommitment,Relocate canonical/runtime/acceptance declarations and retain the missing-month uncertainty and limited first-step evidence.,editorial_followup_resolved,Tailored actions and repaired learning guide,docs/authoring/life-integration/27.12/learner-guide.md,data/practices/protocols/27/PRACTICE-COMP-2712-ANNUAL-RECKONING-AND-RECOMMITMENT-01.yaml,/practices/c2712-annual-reckoning-and-recommitment-practice/guide/,Exact source/compiler/runtime parity; explicit reveal projection; stable IDs and completion rules
27.13,"Applicability, role choice, and the right to leave domains unchosen","Move author/runtime status to the map, preserving optional roles, existing responsibilities and the preference-versus-constraint distinction.",editorial_followup_resolved,Tailored actions and repaired learning guide,docs/authoring/life-integration/27.13/learner-guide.md,data/practices/protocols/27/PRACTICE-COMP-2713-APPLICABILITY-ROLE-CHOICE-AND-THE-RIGHT-TO-LEAVE-DOMAINS-UNCHOSEN-01.yaml,/practices/c2713-applicability-role-choice-and-the-right-to-leave-domains-unchosen-practice/guide/,Exact source/compiler/runtime parity; explicit reveal projection; stable IDs and completion rules
27.14,Multiple pathways to flourishing,"Relocate author-status material while retaining participant control, accepted-route evidence and explicit limits on equivalence.",editorial_followup_resolved,Tailored actions and repaired learning guide,docs/authoring/life-integration/27.14/learner-guide.md,data/practices/protocols/27/PRACTICE-COMP-2714-MULTIPLE-PATHWAYS-TO-FLOURISHING-01.yaml,/practices/c2714-multiple-pathways-to-flourishing-practice/guide/,Exact source/compiler/runtime parity; explicit reveal projection; stable IDs and completion rules
27.15,Receiving as well as achieving,"Move author-status boilerplate outside the learner flow, preserving mixed inheritance, voluntary receiving and actual obligations.",editorial_followup_resolved,Tailored actions and repaired learning guide,docs/authoring/emotional-foundations/27.15/learner-guide.md,data/practices/protocols/27/PRACTICE-COMP-2715-RECEIVING-AS-WELL-AS-ACHIEVING-01.yaml,/practices/c2715-receiving-as-well-as-achieving-practice/guide/,Exact source/compiler/runtime parity; explicit reveal projection; stable IDs and completion rules
