.agents/skills/ci-diagnose/SKILL.md	756
.agents/skills/ci-repair/SKILL.md	1128
.agents/skills/engineering-execution/SKILL.md	6319
.agents/skills/grounded-growth-product-data/SKILL.md	3337
.agents/skills/implement-batch/SKILL.md	1695
.agents/skills/incident-replay/SKILL.md	722
.agents/skills/plan-batch/SKILL.md	1272
.agents/skills/playtest-evaluate/SKILL.md	747
.agents/skills/pr-risk-review/SKILL.md	767
.agents/skills/product-intake/SKILL.md	928
.agents/skills/product-to-contract/SKILL.md	896
.agents/skills/release-readiness/SKILL.md	644
.agents/skills/verify-change/SKILL.md	1419
.codex/config.toml	439
.dockerignore	194
.env.example	1337
.github/codex/pr-risk-review.md	1240
.github/codex/prompts/repo-onboarding.md	1909
.github/codex/release-readiness.md	593
.github/codex/schemas/automation.schema.json	4260
.github/codex/schemas/batch.schema.json	3810
.github/codex/schemas/ci-diagnosis.schema.json	798
.github/codex/schemas/evidence.schema.json	820
.github/codex/schemas/intake-disposition.schema.json	1025
.github/codex/schemas/intake.schema.json	1419
.github/codex/schemas/planner-review.schema.json	1475
.github/codex/schemas/product.schema.json	1140
.github/workflows/verification.yml	5225
.gitignore	266
.portfolio-harness.json	4360
AGENTS.md	29467
Dockerfile	737
HANDOFF_PROMPT.md	10887
Makefile	5864
README.md	41319
contracts/active-batch.yaml	4827
contracts/assessment-calibration-analysis.schema.json	8367
contracts/assessment-calibration-analysis.yaml	2771
contracts/assessment-calibration-consent.yaml	1882
contracts/assessment-calibration-readiness.schema.json	5916
contracts/assessment-calibration-readiness.yaml	1387
contracts/catalog-governance-audit.schema.json	8184
contracts/catalog-guide-sources.yaml	19568
contracts/composite-closeout-scoring.schema.json	5623
contracts/composite-closeout-scoring.yaml	1804
contracts/composite-scoring-catalog.schema.json	9198
contracts/personal-applicable-coverage.yaml	743
contracts/profile-requirements.yaml	1745
contracts/repo-profile.yaml	1423
contracts/tailored-practice-authoring.yaml	17220
contracts/verification.commands	1552
contracts/verification.yaml	2864
data/assessment/take_assessment_v1_1_notion_export.html	242121
data/assessment/v1.1_bundle/grounded_growth_assessment_v1_1/CHANGELOG_v1_1.md	960
data/assessment/v1.1_bundle/grounded_growth_assessment_v1_1/README.md	1915
data/assessment/v1.1_bundle/grounded_growth_assessment_v1_1/assessment_coverage_v1_1.csv	2806
data/assessment/v1.1_bundle/grounded_growth_assessment_v1_1/assessment_questions_v1_1.md	12029
data/assessment/v1.1_bundle/grounded_growth_assessment_v1_1/assessment_scoring_v1_1.js	17471
data/assessment/v1.1_bundle/grounded_growth_assessment_v1_1/assessment_spec_v1_1.json	88335
data/assessment/v1.1_bundle/grounded_growth_assessment_v1_1/assessment_spec_v1_1.yaml	66849
data/assessment/v1.1_bundle/grounded_growth_assessment_v1_1/grounded_growth_model_v1.json	206068
data/assessment/v1.1_bundle/grounded_growth_assessment_v1_1/pilot_001_rescore_v1_1.json	33871
data/assessment/v1.1_bundle/grounded_growth_assessment_v1_1/pilot_001_rescore_v1_1.md	1850
data/assessment/v1.1_bundle/grounded_growth_assessment_v1_1/pilot_001_responses_v1_compatible.json	1706
data/assessment/v1.1_bundle/grounded_growth_assessment_v1_1/smoke_test_v1_1.js	1686
data/assessment/v1.1_bundle/grounded_growth_assessment_v1_1/take_assessment_v1_1.html	239540
data/curriculum/ideal_person_curriculum_v2_competencies.csv	191806
data/curriculum/ideal_person_curriculum_v2_pluralist_full_scope.yaml	413470
data/evidence/release_manifest.yaml	392
data/evidence/schema/release_manifest_v1.schema.json	933
data/evidence/schema/typed_evidence_spec_v1.schema.json	4172
data/evidence/typed_evidence_spec_v1.yaml	1152
data/model/README.md	23073
data/model/archetype_lever_affinity_v1.csv	60387
data/model/competency_lever_mapping_v1.csv	130854
data/model/developmental_lever_catalog_v1.csv	13679
data/model/grounded_growth_model_v1.js	206218
data/model/grounded_growth_model_v1.json	206068
data/model/grounded_growth_model_v1.yaml	148018
data/model/ideal_person_curriculum_v3_lever_mapped.yaml	672038
data/model/mapping_qa_report_v1.csv	407
data/notion/final_notion_export_G2.zip	114919
data/notion/initial_mvp/01_lever_baselines_import.csv	11272
data/notion/initial_mvp/02_development_tasks_ranked_import.csv	393041
data/notion/initial_mvp/03_orientation_profile_import.csv	655
data/notion/initial_mvp/04_starting_profile_page.md	1427
data/notion/initial_mvp/05_notion_setup_and_ai_prompts.md	5130
data/notion/initial_mvp/06_baseline_score_copy_block.txt	1238
data/notion/initial_mvp/08_top_25_task_preview.csv	25336
data/notion/initial_mvp/README.md	924
data/practices/expert_review_queue.yaml	3363
data/practices/protocols/01/PRACTICE-COMP-0101-CONCEPTIONS-OF-FLOURISHING-01.yaml	27749
data/practices/protocols/01/PRACTICE-COMP-0102-A-PROVISIONAL-WORLDVIEW-01.yaml	26512
data/practices/protocols/01/PRACTICE-COMP-0103-CHOSEN-AND-INHERITED-VALUES-01.yaml	25778
data/practices/protocols/01/PRACTICE-COMP-0104-A-HIERARCHY-OF-GOODS-01.yaml	25865
data/practices/protocols/01/PRACTICE-COMP-0105-PURPOSE-AND-CALLING-01.yaml	25735
data/practices/protocols/01/PRACTICE-COMP-0106-MEANING-VERSUS-STATUS-01.yaml	26400
data/practices/protocols/01/PRACTICE-COMP-0107-COMMITMENT-UNDER-UNCERTAINTY-01.yaml	25943
data/practices/protocols/01/PRACTICE-COMP-0108-EXISTENTIAL-RESPONSIBILITY-01.yaml	25606
data/practices/protocols/01/PRACTICE-COMP-0109-LIFE-REVIEW-AND-PHILOSOPHICAL-REVISION-01.yaml	26815
data/practices/protocols/01/PRACTICE-COMP-0110-MEANING-AFTER-DISILLUSIONMENT-01.yaml	26439
data/practices/protocols/01/PRACTICE-COMP-0111-PLURAL-ENDS-AND-REASONABLE-DISAGREEMENT-01.yaml	27360
data/practices/protocols/02/PRACTICE-COMP-0201-MORAL-FRAMEWORKS-01.yaml	28811
data/practices/protocols/02/PRACTICE-COMP-0202-MORAL-PERCEPTION-01.yaml	25585
data/practices/protocols/02/PRACTICE-COMP-0203-BEHAVIORAL-DEFINITIONS-OF-VIRTUE-01.yaml	26708
data/practices/protocols/02/PRACTICE-COMP-0204-TRUTHFULNESS-AND-CANDOR-01.yaml	26157
data/practices/protocols/02/PRACTICE-COMP-0205-PROMISES-RELIABILITY-AND-ONE-S-WORD-01.yaml	26277
data/practices/protocols/02/PRACTICE-COMP-0206-JUSTICE-FAIRNESS-AND-EQUAL-DIGNITY-01.yaml	26446
data/practices/protocols/02/PRACTICE-COMP-0207-MORAL-COURAGE-01.yaml	25393
data/practices/protocols/02/PRACTICE-COMP-0208-TEMPERANCE-AND-MODERATION-01.yaml	26418
data/practices/protocols/02/PRACTICE-COMP-0209-COMPASSION-MERCY-AND-FORGIVENESS-01.yaml	25813
data/practices/protocols/02/PRACTICE-COMP-0210-LOYALTY-AND-PRINCIPLED-DISSENT-01.yaml	25959
data/practices/protocols/02/PRACTICE-COMP-0211-RESPONSIBILITY-APOLOGY-AND-RESTITUTION-01.yaml	26155
data/practices/protocols/02/PRACTICE-COMP-0212-INTEGRITY-ACROSS-CONTEXTS-01.yaml	26475
data/practices/protocols/02/PRACTICE-COMP-0213-MORAL-LUCK-COMPLICITY-AND-DIRTY-HANDS-01.yaml	28112
data/practices/protocols/02/PRACTICE-COMP-0214-CONSCIENCE-CONSCIENTIOUS-OBJECTION-AND-CIVIL-DISOBEDIENCE-01.yaml	28586
data/practices/protocols/02/PRACTICE-COMP-0215-ETHICS-OF-CARE-AND-DEPENDENCY-01.yaml	28215
data/practices/protocols/03/PRACTICE-COMP-0301-METAPHYSICAL-AND-SPIRITUAL-INQUIRY-01.yaml	33241
data/practices/protocols/03/PRACTICE-COMP-0302-SERIOUS-STUDY-OF-A-WISDOM-TRADITION-01.yaml	34132
data/practices/protocols/03/PRACTICE-COMP-0303-CONTEMPLATION-PRAYER-AND-SILENCE-01.yaml	31981
data/practices/protocols/03/PRACTICE-COMP-0304-REVERENCE-AND-THE-SACRED-01.yaml	30413
data/practices/protocols/03/PRACTICE-COMP-0305-GRATITUDE-AND-RECEIVED-LIFE-01.yaml	29563
data/practices/protocols/03/PRACTICE-COMP-0306-SURRENDER-AND-LIMITS-OF-CONTROL-01.yaml	30156
data/practices/protocols/03/PRACTICE-COMP-0307-RELIGIOUS-AND-SPIRITUAL-COMMUNITY-01.yaml	31628
data/practices/protocols/03/PRACTICE-COMP-0308-VOCATION-AND-SERVICE-BEYOND-SELF-01.yaml	31410
data/practices/protocols/03/PRACTICE-COMP-0309-RITUAL-REMEMBRANCE-AND-SACRED-TIME-01.yaml	30177
data/practices/protocols/03/PRACTICE-COMP-0310-COMMUNAL-WORSHIP-LITURGY-AND-SHARED-SACRED-PRACTICE-01.yaml	32989
data/practices/protocols/03/PRACTICE-COMP-0311-AUTHORITY-TRADITION-CONSCIENCE-AND-REFORM-01.yaml	32570
data/practices/protocols/03/PRACTICE-COMP-0312-RELIGIOUS-PLURALISM-AND-INTERFAITH-HUMILITY-01.yaml	33579
data/practices/protocols/03/PRACTICE-COMP-0313-MYSTICAL-ECSTATIC-AND-PEAK-EXPERIENCE-01.yaml	33252
data/practices/protocols/04/PRACTICE-COMP-0401-SUFFERING-EVIL-AND-LAMENT-01.yaml	30822
data/practices/protocols/04/PRACTICE-COMP-0402-MORTALITY-AND-IMPERMANENCE-01.yaml	29270
data/practices/protocols/04/PRACTICE-COMP-0403-TRAGIC-KNOWLEDGE-AND-THE-LIMITS-OF-CONTROL-01.yaml	31002
data/practices/protocols/04/PRACTICE-COMP-0404-MEANING-AFTER-CATASTROPHIC-LOSS-01.yaml	31587
data/practices/protocols/04/PRACTICE-COMP-0405-ABSURDITY-EXISTENTIAL-ANXIETY-AND-MEANINGLESSNESS-01.yaml	31032
data/practices/protocols/04/PRACTICE-COMP-0406-ENDURANCE-WITHOUT-SELF-OPTIMIZATION-01.yaml	30771
data/practices/protocols/04/PRACTICE-COMP-0407-MORAL-INJURY-AND-COMPROMISED-ACTION-01.yaml	32837
data/practices/protocols/04/PRACTICE-COMP-0408-DYING-END-OF-LIFE-CHOICES-AND-ACCOMPANIMENT-01.yaml	34523
data/practices/protocols/04/PRACTICE-COMP-0409-HOPE-WITHOUT-DENIAL-01.yaml	29369
data/practices/protocols/04/PRACTICE-COMP-0410-IRREVERSIBILITY-REMORSE-AND-LIVING-AFTER-THE-UNFIXABLE-01.yaml	32940
data/practices/protocols/05/PRACTICE-COMP-0501-AN-HONEST-PERSONAL-INVENTORY-01.yaml	29235
data/practices/protocols/05/PRACTICE-COMP-0502-NARRATIVE-IDENTITY-01.yaml	26643
data/practices/protocols/05/PRACTICE-COMP-0503-STRENGTHS-LIMITATIONS-AND-FIT-01.yaml	28508
data/practices/protocols/05/PRACTICE-COMP-0504-PERSONALITY-AS-HYPOTHESIS-01.yaml	28141
data/practices/protocols/05/PRACTICE-COMP-0505-DEFENSES-AND-SELF-DECEPTION-01.yaml	28042
data/practices/protocols/05/PRACTICE-COMP-0506-TRIGGERS-AND-REPEATED-PATTERNS-01.yaml	27970
data/practices/protocols/05/PRACTICE-COMP-0507-FEEDBACK-AND-DISCONFIRMATION-01.yaml	28684
data/practices/protocols/05/PRACTICE-COMP-0508-SELF-WORTH-BEYOND-PERFORMANCE-01.yaml	27660
data/practices/protocols/05/PRACTICE-COMP-0509-INTEGRATION-OF-CONFLICTING-PARTS-01.yaml	27424
data/practices/protocols/05/PRACTICE-COMP-0510-HUMILITY-AND-PROPORTIONATE-SELF-REGARD-01.yaml	28315
data/practices/protocols/05/PRACTICE-COMP-0511-EMBODIED-AND-SOCIALLY-SITUATED-IDENTITY-01.yaml	28857
data/practices/protocols/05/PRACTICE-COMP-0512-CULTURAL-SELF-LOCATION-AND-INHERITED-ASSUMPTIONS-01.yaml	29670
data/practices/protocols/06/PRACTICE-COMP-0601-VULNERABILITY-AS-A-HUMAN-CONDITION-01.yaml	31485
data/practices/protocols/06/PRACTICE-COMP-0602-TRAUMA-AND-POST-TRAUMATIC-STRESS-LITERACY-01.yaml	33802
data/practices/protocols/06/PRACTICE-COMP-0603-RECOVERY-AFTER-VIOLATION-AND-BETRAYAL-01.yaml	33400
data/practices/protocols/06/PRACTICE-COMP-0604-CHRONIC-ILLNESS-ADAPTATION-01.yaml	33503
data/practices/protocols/06/PRACTICE-COMP-0605-CHRONIC-PAIN-AND-PAIN-RELATED-FUNCTIONING-01.yaml	34310
data/practices/protocols/06/PRACTICE-COMP-0606-DISABILITY-IDENTITY-ACCESS-AND-ADAPTIVE-EXCELLENCE-01.yaml	33775
data/practices/protocols/06/PRACTICE-COMP-0607-NEURODIVERSITY-AND-COGNITIVE-VARIATION-01.yaml	33459
data/practices/protocols/06/PRACTICE-COMP-0608-RECEIVING-CARE-AND-SEASONS-OF-REDUCED-AGENCY-01.yaml	33518
data/practices/protocols/06/PRACTICE-COMP-0609-ACCOMMODATION-ASSISTIVE-TECHNOLOGY-AND-UNIVERSAL-DESIGN-01.yaml	34204
data/practices/protocols/06/PRACTICE-COMP-0610-DIGNITY-UNDER-LIMITATION-AND-LOSS-OF-ROLE-01.yaml	32205
data/practices/protocols/06/PRACTICE-COMP-0611-RELAPSE-RECURRENCE-AND-NONLINEAR-RECOVERY-01.yaml	34023
data/practices/protocols/06/PRACTICE-COMP-0612-CARE-RECIPIENT-AGENCY-AND-SAFEGUARDING-01.yaml	35452
data/practices/protocols/06/PRACTICE-COMP-0613-ABLEISM-STIGMA-AND-INCLUSIVE-PARTICIPATION-01.yaml	34054
data/practices/protocols/06/PRACTICE-COMP-0614-PROFESSIONAL-AND-EMERGENCY-BOUNDARIES-01.yaml	35035
data/practices/protocols/07/PRACTICE-COMP-0701-EMOTIONAL-VOCABULARY-AND-DIFFERENTIATION-01.yaml	36596
data/practices/protocols/07/PRACTICE-COMP-0702-BODY-BASED-EMOTIONAL-AWARENESS-01.yaml	35528
data/practices/protocols/07/PRACTICE-COMP-0703-THE-PAUSE-BETWEEN-FEELING-AND-ACTION-01.yaml	36064
data/practices/protocols/07/PRACTICE-COMP-0704-ANXIETY-AND-COURAGEOUS-EXPOSURE-01.yaml	36295
data/practices/protocols/07/PRACTICE-COMP-0705-ANGER-AND-ASSERTIVE-REPAIR-01.yaml	35779
data/practices/protocols/07/PRACTICE-COMP-0706-SADNESS-GRIEF-AND-LOSS-01.yaml	35532
data/practices/protocols/07/PRACTICE-COMP-0707-SHAME-GUILT-AND-REMORSE-01.yaml	35338
data/practices/protocols/07/PRACTICE-COMP-0708-ENVY-JEALOUSY-AND-COMPARISON-01.yaml	36129
data/practices/protocols/07/PRACTICE-COMP-0709-HEALTHY-EMOTIONAL-EXPRESSION-01.yaml	35750
data/practices/protocols/07/PRACTICE-COMP-0710-SELF-COMPASSION-WITH-STANDARDS-01.yaml	35962
data/practices/protocols/07/PRACTICE-COMP-0711-HOPE-OPTIMISM-JOY-AND-CONTENTMENT-01.yaml	35431
data/practices/protocols/07/PRACTICE-COMP-0712-RESILIENCE-AND-POST-SETBACK-ADAPTATION-01.yaml	35489
data/practices/protocols/07/PRACTICE-COMP-0713-MENTAL-HEALTH-LITERACY-AND-HELP-SEEKING-01.yaml	36952
data/practices/protocols/07/PRACTICE-COMP-0714-CHRONIC-DYSREGULATION-AND-SKILL-GENERALIZATION-01.yaml	37148
data/practices/protocols/08/PRACTICE-COMP-0801-ATTENTION-AUDIT-01.yaml	42479
data/practices/protocols/08/PRACTICE-COMP-0803-IMPULSE-CONTROL-01.yaml	41054
data/practices/protocols/08/PRACTICE-COMP-0804-DESIRE-CRAVING-AND-LUST-01.yaml	42070
data/practices/protocols/08/PRACTICE-COMP-0805-TOLERANCE-OF-DISCOMFORT-01.yaml	41376
data/practices/protocols/08/PRACTICE-COMP-0807-HABIT-AND-ENVIRONMENT-DESIGN-01.yaml	41407
data/practices/protocols/08/PRACTICE-COMP-0808-CONSISTENCY-AND-MINIMUM-STANDARDS-01.yaml	40792
data/practices/protocols/08/PRACTICE-COMP-0809-VOLUNTARY-RESTRAINT-AND-HARDSHIP-01.yaml	42406
data/practices/protocols/08/PRACTICE-COMP-0810-COMPLETION-AND-PERSEVERANCE-01.yaml	41535
data/practices/protocols/08/PRACTICE-COMP-0811-DISCIPLINE-WITHOUT-DOMINATION-OR-PURITY-01.yaml	42560
data/practices/protocols/08/PRACTICE-MOTIVATION-INDEPENDENT-START-01.yaml	41149
data/practices/protocols/08/PRACTICE-PRESENCE-01.yaml	14861
data/practices/protocols/09/PRACTICE-COMP-0901-OBSERVATION-VERSUS-INTERPRETATION-01.yaml	44771
data/practices/protocols/09/PRACTICE-COMP-0902-LOGIC-AND-ARGUMENT-STRUCTURE-01.yaml	47456
data/practices/protocols/09/PRACTICE-COMP-0903-COGNITIVE-AND-MOTIVATIONAL-BIAS-01.yaml	49181
data/practices/protocols/09/PRACTICE-COMP-0904-SOURCE-AND-EVIDENCE-EVALUATION-01.yaml	47063
data/practices/protocols/09/PRACTICE-COMP-0905-EPISTEMIC-HUMILITY-01.yaml	46843
data/practices/protocols/09/PRACTICE-COMP-0906-PROBABILISTIC-AND-SCENARIO-THINKING-01.yaml	49160
data/practices/protocols/09/PRACTICE-COMP-0907-SYSTEMS-AND-CAUSAL-REASONING-01.yaml	46907
data/practices/protocols/09/PRACTICE-COMP-0908-ROOT-CAUSE-PROBLEM-SOLVING-01.yaml	48247
data/practices/protocols/09/PRACTICE-COMP-0909-TRADEOFFS-AND-OPPORTUNITY-COST-01.yaml	48919
data/practices/protocols/09/PRACTICE-COMP-0910-RISK-ASSESSMENT-AND-PRECAUTION-01.yaml	45528
data/practices/protocols/09/PRACTICE-COMP-0911-PRACTICAL-WISDOM-AND-CONTEXT-01.yaml	44821
data/practices/protocols/09/PRACTICE-COMP-0913-STATISTICAL-LITERACY-01.yaml	46605
data/practices/protocols/09/PRACTICE-COMP-0914-SCIENTIFIC-REASONING-AND-RESEARCH-DESIGN-01.yaml	47277
data/practices/protocols/09/PRACTICE-COMP-0915-CAUSAL-INFERENCE-AND-INTERVENTION-LOGIC-01.yaml	47962
data/practices/protocols/09/PRACTICE-COMP-0916-MODELS-SIMULATIONS-AND-ABSTRACTION-LIMITS-01.yaml	45605
data/practices/protocols/09/PRACTICE-COMP-0917-ADVERSARIAL-REASONING-AND-INFORMATION-OPERATIONS-01.yaml	48477
data/practices/protocols/09/PRACTICE-DECISION-RECORD-01.yaml	45636
data/practices/protocols/10/PRACTICE-COMP-1001-THE-SCIENCE-OF-LEARNING-01.yaml	38236
data/practices/protocols/10/PRACTICE-COMP-1003-CURIOSITY-AND-QUESTION-FORMATION-01.yaml	36464
data/practices/protocols/10/PRACTICE-COMP-1004-RESEARCH-AND-INFORMATION-GATHERING-01.yaml	38168
data/practices/protocols/10/PRACTICE-COMP-1005-KNOWLEDGE-ORGANIZATION-AND-NOTES-01.yaml	36503
data/practices/protocols/10/PRACTICE-COMP-1006-MEMORY-AND-RECALL-01.yaml	34854
data/practices/protocols/10/PRACTICE-COMP-1007-SKILL-DECOMPOSITION-AND-PROGRESSION-01.yaml	36436
data/practices/protocols/10/PRACTICE-COMP-1008-FEEDBACK-AND-ERROR-CORRECTION-01.yaml	35032
data/practices/protocols/10/PRACTICE-COMP-1009-INDEPENDENT-LEARNING-AND-RESOURCEFULNESS-01.yaml	33961
data/practices/protocols/10/PRACTICE-COMP-1010-TEACHING-AND-EXPLANATION-01.yaml	34483
data/practices/protocols/10/PRACTICE-COMP-1011-BREADTH-AND-INTERDISCIPLINARY-LITERACY-01.yaml	38445
data/practices/protocols/10/PRACTICE-COMP-1012-APPRENTICESHIP-AND-TACIT-KNOWLEDGE-01.yaml	35454
data/practices/protocols/10/PRACTICE-COMP-1013-COMMUNAL-AND-INTERGENERATIONAL-KNOWLEDGE-TRANSMISSION-01.yaml	36325
data/practices/protocols/10/PRACTICE-COMP-1014-ACCESSIBLE-AND-DIFFERENTIATED-LEARNING-01.yaml	35891
data/practices/protocols/10/PRACTICE-DELIBERATE-PRACTICE-01.yaml	40664
data/practices/protocols/11/PRACTICE-BOUNDARY-01.yaml	14814
data/practices/protocols/11/PRACTICE-COMP-1101-TIME-AND-ENERGY-AUDIT-01.yaml	45655
data/practices/protocols/11/PRACTICE-COMP-1102-PRIORITY-HIERARCHY-01.yaml	44957
data/practices/protocols/11/PRACTICE-COMP-1103-GOAL-DEFINITION-AND-SUCCESS-CRITERIA-01.yaml	46413
data/practices/protocols/11/PRACTICE-COMP-1104-MILESTONES-AND-TASK-DECOMPOSITION-01.yaml	47919
data/practices/protocols/11/PRACTICE-COMP-1105-SCHEDULING-AND-REALISTIC-CAPACITY-01.yaml	43706
data/practices/protocols/11/PRACTICE-COMP-1106-PROJECT-AND-WORKFLOW-MANAGEMENT-01.yaml	43729
data/practices/protocols/11/PRACTICE-COMP-1107-PACING-AND-SUSTAINABLE-INTENSITY-01.yaml	43352
data/practices/protocols/11/PRACTICE-COMP-1108-FOLLOW-THROUGH-AND-ACCOUNTABILITY-01.yaml	43207
data/practices/protocols/11/PRACTICE-COMP-1109-REVIEW-MEASUREMENT-AND-ADAPTATION-01.yaml	44736
data/practices/protocols/12/PRACTICE-COMP-1201-HEALTH-LITERACY-AND-PREVENTIVE-CARE-01.yaml	43759
data/practices/protocols/12/PRACTICE-COMP-1202-SLEEP-AND-CIRCADIAN-HEALTH-01.yaml	41944
data/practices/protocols/12/PRACTICE-COMP-1203-NUTRITION-FUNDAMENTALS-01.yaml	45183
data/practices/protocols/12/PRACTICE-COMP-1204-FOOD-RELATIONSHIP-AND-BODY-IMAGE-01.yaml	41954
data/practices/protocols/12/PRACTICE-COMP-1205-STRENGTH-AND-MUSCULAR-CAPABILITY-01.yaml	43567
data/practices/protocols/12/PRACTICE-COMP-1206-CARDIOVASCULAR-ENDURANCE-01.yaml	44435
data/practices/protocols/12/PRACTICE-COMP-1207-MOBILITY-FLEXIBILITY-AND-JOINT-CAPACITY-01.yaml	42214
data/practices/protocols/12/PRACTICE-COMP-1208-POWER-SPEED-COORDINATION-AND-AGILITY-01.yaml	46523
data/practices/protocols/12/PRACTICE-COMP-1209-BODY-COMPOSITION-AND-METABOLIC-HEALTH-01.yaml	42552
data/practices/protocols/12/PRACTICE-COMP-1210-RECOVERY-FATIGUE-AND-INJURY-PREVENTION-01.yaml	41666
data/practices/protocols/12/PRACTICE-COMP-1211-SUBSTANCES-AND-ALTERED-STATES-01.yaml	44220
data/practices/protocols/12/PRACTICE-COMP-1212-BODILY-AUTONOMY-AND-PERSONAL-BOUNDARIES-01.yaml	41866
data/practices/protocols/12/PRACTICE-COMP-1213-GROOMING-DRESS-AND-PRESENTATION-01.yaml	42448
data/practices/protocols/12/PRACTICE-COMP-1214-FUNCTIONAL-AGING-AND-LIFELONG-MOVEMENT-01.yaml	44648
data/practices/protocols/12/PRACTICE-COMP-1215-ADAPTIVE-MOVEMENT-AND-FITNESS-01.yaml	43481
data/practices/protocols/12/PRACTICE-COMP-1216-PAIN-LITERACY-AND-SAFE-RESPONSE-01.yaml	43333
data/practices/protocols/13/PRACTICE-COMP-1301-INDEPENDENT-LIVING-ADMINISTRATION-01.yaml	26491
data/practices/protocols/13/PRACTICE-COMP-1303-CLEANING-SANITATION-AND-WASTE-01.yaml	27289
data/practices/protocols/13/PRACTICE-COMP-1304-LAUNDRY-AND-CLOTHING-CARE-01.yaml	28352
data/practices/protocols/13/PRACTICE-COMP-1305-COOKING-FUNDAMENTALS-01.yaml	28440
data/practices/protocols/13/PRACTICE-COMP-1306-BAKING-AND-FOOD-CHEMISTRY-01.yaml	28626
data/practices/protocols/13/PRACTICE-COMP-1307-MEAL-PLANNING-SHOPPING-AND-FOOD-STORAGE-01.yaml	28688
data/practices/protocols/13/PRACTICE-COMP-1308-BASIC-TOOLS-AND-HOUSEHOLD-REPAIR-01.yaml	27209
data/practices/protocols/13/PRACTICE-COMP-1309-MECHANICAL-AND-VEHICLE-LITERACY-01.yaml	27127
data/practices/protocols/13/PRACTICE-COMP-1310-UTILITIES-AND-HOUSEHOLD-SYSTEMS-01.yaml	26954
data/practices/protocols/13/PRACTICE-COMP-1311-GARDENING-AND-PLANT-CARE-01.yaml	27695
data/practices/protocols/13/PRACTICE-COMP-1312-RESOURCE-MAINTENANCE-AND-REPAIR-CULTURE-01.yaml	26536
data/practices/protocols/13/PRACTICE-COMP-1313-HOSPITALITY-AND-A-FUNCTIONAL-LIVING-ENVIRONMENT-01.yaml	26831
data/practices/protocols/13/PRACTICE-COMP-1314-HOUSING-TENANCY-AND-BASIC-PROPERTY-LITERACY-01.yaml	27496
data/practices/protocols/13/PRACTICE-COMP-1315-DOMESTIC-LIFE-UNDER-SCARCITY-OR-INSTABILITY-01.yaml	28157
data/practices/protocols/13/PRACTICE-COMP-1316-ACCESSIBILITY-AND-ADAPTABLE-HOME-DESIGN-01.yaml	26430
data/practices/protocols/13/PRACTICE-HOME-UPKEEP-SYSTEM-01.yaml	28280
data/practices/protocols/14/PRACTICE-COMP-1401-DIGITAL-AND-MEDIA-SELF-GOVERNANCE-01.yaml	41535
data/practices/protocols/14/PRACTICE-COMP-1402-DIGITAL-COMPETENCE-AND-DATA-HYGIENE-01.yaml	42977
data/practices/protocols/14/PRACTICE-COMP-1403-DIGITAL-IDENTITY-PRIVACY-AND-DATA-RIGHTS-01.yaml	44153
data/practices/protocols/14/PRACTICE-COMP-1404-CYBERSECURITY-AND-ACCOUNT-RESILIENCE-01.yaml	43809
data/practices/protocols/14/PRACTICE-COMP-1405-ONLINE-FRAUD-SCAMS-AND-SOCIAL-ENGINEERING-01.yaml	44130
data/practices/protocols/14/PRACTICE-COMP-1406-ALGORITHMIC-FEEDS-AND-PERSUASIVE-DESIGN-01.yaml	43861
data/practices/protocols/14/PRACTICE-COMP-1407-AI-LITERACY-AND-APPROPRIATE-USE-01.yaml	43024
data/practices/protocols/14/PRACTICE-COMP-1408-SYNTHETIC-MEDIA-DEEPFAKES-AND-PROVENANCE-01.yaml	42977
data/practices/protocols/14/PRACTICE-COMP-1409-DIGITAL-INFORMATION-VERIFICATION-01.yaml	41625
data/practices/protocols/14/PRACTICE-COMP-1410-ONLINE-COMMUNICATION-AND-COMMUNITY-CONDUCT-01.yaml	43198
data/practices/protocols/14/PRACTICE-COMP-1411-DIGITAL-CREATION-OWNERSHIP-AND-ATTRIBUTION-01.yaml	44321
data/practices/protocols/14/PRACTICE-COMP-1412-AUTOMATION-DEPENDENCE-AND-OPERATIONAL-RESILIENCE-01.yaml	45212
data/practices/protocols/14/PRACTICE-COMP-1413-DIGITAL-CITIZENSHIP-AND-PLATFORM-GOVERNANCE-01.yaml	44344
data/practices/protocols/15/PRACTICE-COMP-1501-FIRST-AID-CPR-AND-EMERGENCY-RESPONSE-01.yaml	46476
data/practices/protocols/15/PRACTICE-COMP-1502-HOUSEHOLD-EMERGENCY-PLANNING-01.yaml	44812
data/practices/protocols/15/PRACTICE-COMP-1503-SITUATIONAL-AWARENESS-01.yaml	43368
data/practices/protocols/15/PRACTICE-COMP-1504-PERSONAL-SAFETY-AND-DE-ESCALATION-01.yaml	40724
data/practices/protocols/15/PRACTICE-COMP-1505-SELF-PROTECTION-AND-LAWFUL-FORCE-01.yaml	42257
data/practices/protocols/15/PRACTICE-COMP-1506-OUTDOOR-SURVIVAL-FUNDAMENTALS-01.yaml	41582
data/practices/protocols/15/PRACTICE-COMP-1507-WATER-COMPETENCE-AND-RESCUE-AWARENESS-01.yaml	42095
data/practices/protocols/15/PRACTICE-COMP-1508-TRAVEL-AND-UNFAMILIAR-ENVIRONMENT-SAFETY-01.yaml	43678
data/practices/protocols/15/PRACTICE-COMP-1509-CYBERSECURITY-FRAUD-AND-IDENTITY-PROTECTION-01.yaml	42981
data/practices/protocols/15/PRACTICE-COMP-1510-RISK-OWNERSHIP-AND-CONTINGENCY-THINKING-01.yaml	41611
data/practices/protocols/15/PRACTICE-COMP-1511-COMMUNITY-DISASTER-READINESS-AND-MUTUAL-AID-01.yaml	42065
data/practices/protocols/15/PRACTICE-COMP-1512-PUBLIC-HEALTH-EMERGENCY-COMPETENCE-01.yaml	42641
data/practices/protocols/15/PRACTICE-COMP-1513-BYSTANDER-INTERVENTION-AND-VIOLENCE-PREVENTION-01.yaml	43121
data/practices/protocols/15/PRACTICE-COMP-1514-WORKPLACE-AND-ACTIVITY-SPECIFIC-SAFETY-01.yaml	42347
data/practices/protocols/16/PRACTICE-COMP-1601-ATTENTIVE-LISTENING-01.yaml	40587
data/practices/protocols/16/PRACTICE-COMP-1602-CLEAR-AND-DIRECT-EXPRESSION-01.yaml	40211
data/practices/protocols/16/PRACTICE-COMP-1604-ONE-TO-ONE-AND-GROUP-CONVERSATION-01.yaml	39718
data/practices/protocols/16/PRACTICE-COMP-1605-PERSPECTIVE-TAKING-AND-EMPATHIC-ACCURACY-01.yaml	40212
data/practices/protocols/16/PRACTICE-COMP-1606-AUDIENCE-AND-CONTEXT-ADAPTATION-01.yaml	39549
data/practices/protocols/16/PRACTICE-COMP-1607-FEEDBACK-AND-DEVELOPMENTAL-CONVERSATION-01.yaml	40745
data/practices/protocols/16/PRACTICE-COMP-1608-CLASSICAL-AND-MODERN-RHETORIC-01.yaml	40062
data/practices/protocols/16/PRACTICE-COMP-1609-PUBLIC-SPEAKING-AND-PRESENTATION-01.yaml	38750
data/practices/protocols/16/PRACTICE-COMP-1610-STORYTELLING-AND-EXPLANATION-01.yaml	39319
data/practices/protocols/16/PRACTICE-COMP-1611-NEGOTIATION-01.yaml	39050
data/practices/protocols/16/PRACTICE-COMP-1612-CONFLICT-AND-DE-ESCALATION-01.yaml	39572
data/practices/protocols/16/PRACTICE-COMP-1613-HUMOR-WARMTH-AND-SOCIAL-EASE-01.yaml	40531
data/practices/protocols/16/PRACTICE-COMP-1614-ETIQUETTE-COURTESY-AND-FIRST-IMPRESSIONS-01.yaml	39885
data/practices/protocols/16/PRACTICE-COMP-1615-MANIPULATION-AND-COERCION-LITERACY-01.yaml	40472
data/practices/protocols/16/PRACTICE-COMP-1616-HIGH-CONTEXT-INDIRECT-AND-FACE-SENSITIVE-COMMUNICATION-01.yaml	39642
data/practices/protocols/16/PRACTICE-COMP-1617-INTERCULTURAL-COMMUNICATION-AND-CODE-SWITCHING-01.yaml	41393
data/practices/protocols/16/PRACTICE-COMP-1618-LANGUAGE-ACCESS-AND-COMMUNICATION-ACCOMMODATION-01.yaml	41438
data/practices/protocols/16/PRACTICE-EMOTIONAL-CUES-01.yaml	13679
data/practices/protocols/17/PRACTICE-COMP-1701-INITIATING-CONNECTION-01.yaml	37841
data/practices/protocols/17/PRACTICE-COMP-1702-FRIENDSHIP-FORMATION-AND-SELECTION-01.yaml	40332
data/practices/protocols/17/PRACTICE-COMP-1704-RELIABLE-SUPPORT-01.yaml	37642
data/practices/protocols/17/PRACTICE-COMP-1705-RECIPROCITY-AND-HEALTHY-DEPENDENCE-01.yaml	38844
data/practices/protocols/17/PRACTICE-COMP-1706-BOUNDARIES-AND-HARMFUL-RELATIONSHIPS-01.yaml	41451
data/practices/protocols/17/PRACTICE-COMP-1707-HOSPITALITY-AND-INCLUSION-01.yaml	38729
data/practices/protocols/17/PRACTICE-COMP-1708-COLLABORATION-AND-COMPLEMENTARY-STRENGTHS-01.yaml	39788
data/practices/protocols/17/PRACTICE-COMP-1709-BELONGING-LONELINESS-AND-SOCIAL-ECOLOGY-01.yaml	41044
data/practices/protocols/17/PRACTICE-COMP-1710-NETWORKS-AND-SOCIAL-CAPITAL-01.yaml	40165
data/practices/protocols/17/PRACTICE-COMP-1711-INTERGENERATIONAL-FRIENDSHIP-AND-MENTORSHIP-01.yaml	40168
data/practices/protocols/17/PRACTICE-COMP-1712-KIN-CLAN-NEIGHBORHOOD-AND-COMMUNAL-OBLIGATION-01.yaml	40746
data/practices/protocols/17/PRACTICE-COMP-1713-FRIENDSHIP-ACROSS-DEEP-DIFFERENCE-01.yaml	40306
data/practices/protocols/17/PRACTICE-COMP-1714-COLLECTIVE-BELONGING-WITHOUT-CONFORMITY-01.yaml	40731
data/practices/protocols/17/PRACTICE-FRIENDSHIP-01.yaml	13369
data/practices/protocols/18/PRACTICE-COMP-1801-THE-NATURE-AND-PRACTICE-OF-LOVE-01.yaml	40158
data/practices/protocols/18/PRACTICE-COMP-1802-ATTRACTION-AND-RESPECTFUL-COURTSHIP-01.yaml	40514
data/practices/protocols/18/PRACTICE-COMP-1803-PARTNER-SELECTION-AND-COMPATIBILITY-01.yaml	40897
data/practices/protocols/18/PRACTICE-COMP-1804-ATTACHMENT-AND-RELATIONAL-SECURITY-01.yaml	40432
data/practices/protocols/18/PRACTICE-COMP-1805-VULNERABILITY-AND-EMOTIONAL-INTIMACY-01.yaml	40892
data/practices/protocols/18/PRACTICE-COMP-1806-RELATIONSHIP-STAGES-AND-CHANGING-NEEDS-01.yaml	39944
data/practices/protocols/18/PRACTICE-COMP-1807-SHARED-EXPECTATIONS-ROLES-AND-LABOR-01.yaml	39933
data/practices/protocols/18/PRACTICE-COMP-1808-PARTNERSHIP-CONFLICT-AND-REPAIR-01.yaml	39478
data/practices/protocols/18/PRACTICE-COMP-1809-SEXUAL-ETHICS-AND-CONSENT-01.yaml	40378
data/practices/protocols/18/PRACTICE-COMP-1810-SEXUAL-COMMUNICATION-PLEASURE-AND-HEALTH-01.yaml	41963
data/practices/protocols/18/PRACTICE-COMP-1811-COMMITMENT-FIDELITY-AND-TRUST-01.yaml	40113
data/practices/protocols/18/PRACTICE-COMP-1812-SEPARATION-DIVORCE-ESTRANGEMENT-AND-ENDINGS-01.yaml	41423
data/practices/protocols/18/PRACTICE-COMP-1813-RELATIONSHIP-DIVERSITY-AND-CHOSEN-FORM-01.yaml	41550
data/practices/protocols/18/PRACTICE-COMP-1814-REPRODUCTIVE-INTENTIONS-AND-PARTNERSHIP-COMMUNICATION-01.yaml	42775
data/practices/protocols/19/PRACTICE-COMP-1901-FAMILY-SYSTEMS-AND-INTERGENERATIONAL-PATTERNS-01.yaml	39855
data/practices/protocols/19/PRACTICE-COMP-1902-PARENTING-AND-CHILD-DEVELOPMENT-01.yaml	39405
data/practices/protocols/19/PRACTICE-COMP-1903-CAREGIVING-FOR-ELDERS-ILLNESS-AND-DISABILITY-01.yaml	40904
data/practices/protocols/19/PRACTICE-COMP-1904-FERTILITY-AND-REPRODUCTIVE-HEALTH-LITERACY-01.yaml	42377
data/practices/protocols/19/PRACTICE-COMP-1905-PREGNANCY-BIRTH-AND-POSTPARTUM-RESPONSIBILITY-01.yaml	42534
data/practices/protocols/19/PRACTICE-COMP-1906-MISCARRIAGE-INFERTILITY-AND-REPRODUCTIVE-GRIEF-01.yaml	41461
data/practices/protocols/19/PRACTICE-COMP-1907-ADOPTION-FOSTERING-STEPFAMILIES-AND-CHOSEN-FAMILY-01.yaml	41377
data/practices/protocols/19/PRACTICE-COMP-1908-CHILD-PROTECTION-AND-SAFEGUARDING-01.yaml	42220
data/practices/protocols/19/PRACTICE-COMP-1909-DEVELOPMENTALLY-APPROPRIATE-AUTONOMY-AND-DISCIPLINE-01.yaml	41107
data/practices/protocols/19/PRACTICE-COMP-1910-EDUCATION-FORMATION-AND-MODELING-IN-FAMILY-LIFE-01.yaml	42259
data/practices/protocols/19/PRACTICE-COMP-1911-ELDER-CARE-DEMENTIA-AND-LATER-LIFE-DECISION-MAKING-01.yaml	41887
data/practices/protocols/19/PRACTICE-COMP-1912-FAMILY-LABOR-PROVISION-AND-INVISIBLE-WORK-01.yaml	41888
data/practices/protocols/19/PRACTICE-COMP-1913-CO-PARENTING-SEPARATION-AND-FAMILY-RESTRUCTURING-01.yaml	41872
data/practices/protocols/19/PRACTICE-COMP-1914-FAMILY-RITUAL-HERITAGE-AND-INTERGENERATIONAL-CONTINUITY-01.yaml	41905
data/practices/protocols/19/PRACTICE-COMP-1915-CAREGIVER-LIMITS-RESPITE-AND-SHARED-RESPONSIBILITY-01.yaml	42491
data/practices/protocols/20/PRACTICE-COMP-2001-SOCIAL-INTERDEPENDENCE-01.yaml	39535
data/practices/protocols/20/PRACTICE-COMP-2002-CIVIC-AND-GOVERNMENTAL-LITERACY-01.yaml	39735
data/practices/protocols/20/PRACTICE-COMP-2003-RIGHTS-DUTIES-LAW-AND-CIVIL-LIBERTY-01.yaml	39831
data/practices/protocols/20/PRACTICE-COMP-2004-JUSTICE-INEQUALITY-AND-SOCIAL-STRUCTURE-01.yaml	40992
data/practices/protocols/20/PRACTICE-COMP-2005-ENGAGEMENT-ACROSS-DIFFERENCE-01.yaml	39496
data/practices/protocols/20/PRACTICE-COMP-2006-SERVICE-AND-VOLUNTEERING-01.yaml	40291
data/practices/protocols/20/PRACTICE-COMP-2007-HELPING-WITHOUT-PATERNALISM-01.yaml	39640
data/practices/protocols/20/PRACTICE-COMP-2008-COLLECTIVE-ACTION-AND-ORGANIZING-01.yaml	41834
data/practices/protocols/20/PRACTICE-COMP-2009-PUBLIC-DISCOURSE-AND-INFORMATION-RESPONSIBILITY-01.yaml	41666
data/practices/protocols/20/PRACTICE-COMP-2010-STEWARDSHIP-OF-COMMONS-AND-ENVIRONMENT-01.yaml	40838
data/practices/protocols/20/PRACTICE-COMP-2011-PLURALISM-AND-PEACEFUL-COEXISTENCE-01.yaml	39590
data/practices/protocols/20/PRACTICE-COMP-2012-INSTITUTIONAL-AND-MEDIA-SYSTEM-LITERACY-01.yaml	42002
data/practices/protocols/20/PRACTICE-COMP-2013-PROPAGANDA-POLARIZATION-AND-DEMOCRATIC-RESILIENCE-01.yaml	40682
data/practices/protocols/20/PRACTICE-COMP-2014-NONVIOLENT-ACTION-AND-CONFLICT-TRANSFORMATION-01.yaml	40211
data/practices/protocols/20/PRACTICE-COMP-2015-CIVIL-DISOBEDIENCE-AND-PRINCIPLED-LAWBREAKING-01.yaml	42422
data/practices/protocols/20/PRACTICE-COMP-2016-MUTUAL-AID-AND-COMMUNITY-RESILIENCE-01.yaml	40264
data/practices/protocols/20/PRACTICE-COMP-2017-SOCIAL-INSURANCE-AND-SHARED-RISK-01.yaml	40208
data/practices/protocols/20/PRACTICE-COMP-2018-PEACEBUILDING-AND-RECONCILIATION-AFTER-COLLECTIVE-HARM-01.yaml	41837
data/practices/protocols/21/PRACTICE-COMP-2101-WORK-WORTH-DOING-01.yaml	39761
data/practices/protocols/21/PRACTICE-COMP-2102-PROFESSIONAL-RELIABILITY-01.yaml	38714
data/practices/protocols/21/PRACTICE-COMP-2103-FOUNDATIONAL-CRAFT-COMPETENCE-01.yaml	42269
data/practices/protocols/21/PRACTICE-COMP-2104-DELIBERATE-MASTERY-AND-EXPERTISE-01.yaml	40902
data/practices/protocols/21/PRACTICE-COMP-2105-QUALITY-CRAFTSMANSHIP-AND-REPUTATION-01.yaml	39422
data/practices/protocols/21/PRACTICE-COMP-2106-CUSTOMER-STAKEHOLDER-AND-USER-UNDERSTANDING-01.yaml	39587
data/practices/protocols/21/PRACTICE-COMP-2107-SYSTEMS-AND-ORGANIZATIONAL-AWARENESS-01.yaml	39503
data/practices/protocols/21/PRACTICE-COMP-2108-PROJECT-DELIVERY-01.yaml	38616
data/practices/protocols/21/PRACTICE-COMP-2109-COLLABORATION-AND-TEAM-CONTRIBUTION-01.yaml	39216
data/practices/protocols/21/PRACTICE-COMP-2110-INNOVATION-AND-IMPROVEMENT-01.yaml	38215
data/practices/protocols/21/PRACTICE-COMP-2111-CAREER-ADAPTABILITY-AND-MARKETABLE-CAPABILITY-01.yaml	41792
data/practices/protocols/21/PRACTICE-COMP-2112-MEANINGFUL-CONTRIBUTION-AND-SERVICE-THROUGH-WORK-01.yaml	39698
data/practices/protocols/21/PRACTICE-COMP-2113-DOCUMENTATION-MAINTAINABILITY-AND-PROFESSIONAL-LEGACY-01.yaml	41991
data/practices/protocols/21/PRACTICE-COMP-2114-EFFICIENCY-THOROUGHNESS-AND-QUALITY-TRADEOFFS-01.yaml	40648
data/practices/protocols/21/PRACTICE-COMP-2115-WORKER-RIGHTS-AND-EMPLOYMENT-LAW-LITERACY-01.yaml	41303
data/practices/protocols/21/PRACTICE-COMP-2116-POWER-ASYMMETRY-EXPLOITATION-AND-PRECARITY-01.yaml	41784
data/practices/protocols/21/PRACTICE-COMP-2117-COLLECTIVE-BARGAINING-UNIONS-AND-WORKER-VOICE-01.yaml	42601
data/practices/protocols/21/PRACTICE-COMP-2118-INCLUSIVE-AND-ACCESSIBLE-WORK-01.yaml	42372
data/practices/protocols/21/PRACTICE-COMP-2119-WORK-BOUNDARIES-REST-AND-FREEDOM-FROM-TOTAL-IDENTITY-01.yaml	41502
data/practices/protocols/22/PRACTICE-COMP-2201-SELF-LEADERSHIP-AND-CREDIBILITY-01.yaml	39379
data/practices/protocols/22/PRACTICE-COMP-2202-DIRECTION-VISION-AND-PRIORITIES-01.yaml	39084
data/practices/protocols/22/PRACTICE-COMP-2203-AUTHORITY-AND-ETHICAL-USE-OF-POWER-01.yaml	40554
data/practices/protocols/22/PRACTICE-COMP-2204-DECISION-MAKING-UNDER-RESPONSIBILITY-01.yaml	39328
data/practices/protocols/22/PRACTICE-COMP-2205-DELEGATION-AND-EMPOWERMENT-01.yaml	39459
data/practices/protocols/22/PRACTICE-COMP-2206-COACHING-MENTORSHIP-AND-DEVELOPMENT-01.yaml	39693
data/practices/protocols/22/PRACTICE-COMP-2207-ACCOUNTABILITY-AND-STANDARDS-01.yaml	39624
data/practices/protocols/22/PRACTICE-COMP-2208-CONFLICT-DISSENT-AND-PSYCHOLOGICAL-SAFETY-01.yaml	39961
data/practices/protocols/22/PRACTICE-COMP-2209-CULTURE-AND-INSTITUTIONAL-DESIGN-01.yaml	40245
data/practices/protocols/22/PRACTICE-COMP-2210-ORGANIZATIONAL-POLITICS-AND-STAKEHOLDER-NAVIGATION-01.yaml	40748
data/practices/protocols/22/PRACTICE-COMP-2211-CRISIS-LEADERSHIP-01.yaml	40273
data/practices/protocols/22/PRACTICE-COMP-2212-SUCCESSION-AND-INSTITUTIONAL-STEWARDSHIP-01.yaml	41541
data/practices/protocols/22/PRACTICE-COMP-2213-ANTI-CORRUPTION-AND-CONFLICTS-OF-INTEREST-01.yaml	42083
data/practices/protocols/22/PRACTICE-COMP-2214-INSTITUTIONAL-CAPTURE-AND-CONCENTRATED-POWER-01.yaml	42443
data/practices/protocols/22/PRACTICE-COMP-2215-WHISTLEBLOWING-AND-PROTECTED-DISSENT-01.yaml	43163
data/practices/protocols/22/PRACTICE-COMP-2216-GOVERNANCE-CHECKS-AND-ACCOUNTABLE-AUTHORITY-01.yaml	41344
data/practices/protocols/22/PRACTICE-COMP-2217-ABUSE-RESPONSE-AND-INSTITUTIONAL-REPAIR-01.yaml	43214
data/practices/protocols/23/PRACTICE-COMP-2301-PERSONAL-FINANCIAL-LITERACY-01.yaml	42408
data/practices/protocols/23/PRACTICE-COMP-2302-BUDGETING-AND-CASH-FLOW-CONTROL-01.yaml	40856
data/practices/protocols/23/PRACTICE-COMP-2303-EMERGENCY-RESERVES-AND-LIQUIDITY-01.yaml	42226
data/practices/protocols/23/PRACTICE-COMP-2304-DEBT-AND-CREDIT-01.yaml	41014
data/practices/protocols/23/PRACTICE-COMP-2305-SAVING-INVESTING-AND-RETIREMENT-01.yaml	42657
data/practices/protocols/23/PRACTICE-COMP-2306-INSURANCE-ESTATE-AND-DEPENDENT-PROTECTION-01.yaml	43993
data/practices/protocols/23/PRACTICE-COMP-2307-CONSUMPTION-STATUS-AND-ENOUGHNESS-01.yaml	42245
data/practices/protocols/23/PRACTICE-COMP-2308-GENEROSITY-AND-RESPONSIBLE-PROVISION-01.yaml	41780
data/practices/protocols/23/PRACTICE-COMP-2309-FAMILY-AND-INTERGENERATIONAL-STEWARDSHIP-01.yaml	43051
data/practices/protocols/23/PRACTICE-COMP-2310-MATERIAL-AND-ECOLOGICAL-STEWARDSHIP-01.yaml	41920
data/practices/protocols/23/PRACTICE-COMP-2311-FINANCIAL-HARDSHIP-POVERTY-AND-CONSTRAINED-CHOICE-01.yaml	44485
data/practices/protocols/23/PRACTICE-COMP-2312-FINANCIAL-RELATIONSHIPS-AND-SHARED-MONEY-01.yaml	42779
data/practices/protocols/24/PRACTICE-COMP-2401-INCOME-NEGOTIATION-AND-CAREER-ECONOMICS-01.yaml	43202
data/practices/protocols/24/PRACTICE-COMP-2402-ENTREPRENEURSHIP-AND-VALUE-CREATION-01.yaml	41487
data/practices/protocols/24/PRACTICE-COMP-2403-BUSINESS-MARKETS-AND-ECONOMICS-01.yaml	40836
data/practices/protocols/24/PRACTICE-COMP-2404-CUSTOMER-DISCOVERY-AND-PROBLEM-VALIDATION-01.yaml	42315
data/practices/protocols/24/PRACTICE-COMP-2405-BUSINESS-MODELS-PRICING-AND-UNIT-ECONOMICS-01.yaml	41857
data/practices/protocols/24/PRACTICE-COMP-2406-OPERATIONS-ACCOUNTING-AND-COMPLIANCE-01.yaml	41702
data/practices/protocols/24/PRACTICE-COMP-2407-COMPETITION-MONOPOLY-AND-MARKET-POWER-01.yaml	42512
data/practices/protocols/24/PRACTICE-COMP-2408-EXTERNALITIES-AND-FULL-COST-ACCOUNTING-01.yaml	41867
data/practices/protocols/24/PRACTICE-COMP-2409-MACROECONOMICS-AND-ECONOMIC-CYCLES-01.yaml	41996
data/practices/protocols/24/PRACTICE-COMP-2410-PUBLIC-FINANCE-TAXATION-AND-REDISTRIBUTION-01.yaml	42394
data/practices/protocols/24/PRACTICE-COMP-2411-SOCIAL-INSURANCE-AND-WELFARE-STATE-DESIGN-01.yaml	43372
data/practices/protocols/24/PRACTICE-COMP-2412-OWNERSHIP-GOVERNANCE-AND-ALTERNATIVE-ENTERPRISE-FORMS-01.yaml	45717
data/practices/protocols/24/PRACTICE-COMP-2413-RESPONSIBLE-INNOVATION-AND-TECHNOLOGICAL-CHANGE-01.yaml	42563
data/practices/protocols/24/PRACTICE-COMP-2414-GLOBAL-TRADE-DEVELOPMENT-AND-SUPPLY-CHAINS-01.yaml	43918
data/practices/protocols/25/PRACTICE-COMP-2501-REGULAR-CREATIVE-PRODUCTION-01.yaml	43215
data/practices/protocols/25/PRACTICE-COMP-2502-OBSERVATION-AND-IMAGINATION-01.yaml	41297
data/practices/protocols/25/PRACTICE-COMP-2503-AESTHETIC-LITERACY-AND-TASTE-01.yaml	42438
data/practices/protocols/25/PRACTICE-COMP-2504-MEDIUM-AND-TECHNIQUE-01.yaml	41276
data/practices/protocols/25/PRACTICE-COMP-2505-ORIGINALITY-THROUGH-SYNTHESIS-01.yaml	43412
data/practices/protocols/25/PRACTICE-COMP-2506-CREATIVE-COURAGE-AND-EXPERIMENTATION-01.yaml	40479
data/practices/protocols/25/PRACTICE-COMP-2507-REVISION-FINISHING-AND-PUBLICATION-01.yaml	40372
data/practices/protocols/25/PRACTICE-COMP-2508-CREATIVE-COLLABORATION-01.yaml	40310
data/practices/protocols/25/PRACTICE-COMP-2509-ART-AS-TRUTH-MEMORY-AND-MORAL-IMAGINATION-01.yaml	41248
data/practices/protocols/25/PRACTICE-COMP-2510-CULTURAL-AND-HISTORICAL-LITERACY-01.yaml	42565
data/practices/protocols/25/PRACTICE-COMP-2511-PERSONAL-STYLE-AND-AESTHETIC-ENVIRONMENT-01.yaml	39942
data/practices/protocols/25/PRACTICE-COMP-2512-COMMUNAL-CRAFT-AND-TRADITION-BEARING-01.yaml	41255
data/practices/protocols/25/PRACTICE-COMP-2513-CULTURAL-APPROPRIATION-EXCHANGE-AND-ATTRIBUTION-01.yaml	43161
data/practices/protocols/26/PRACTICE-COMP-2602-REST-AND-LEISURE-01.yaml	40181
data/practices/protocols/26/PRACTICE-COMP-2603-HOBBIES-AND-LIFELONG-INTERESTS-01.yaml	40089
data/practices/protocols/26/PRACTICE-COMP-2604-NATURE-CONNECTION-AND-ECOLOGICAL-AWARENESS-01.yaml	41658
data/practices/protocols/26/PRACTICE-COMP-2605-OUTDOOR-COMPETENCE-AND-RESPONSIBLE-RECREATION-01.yaml	37996
data/practices/protocols/26/PRACTICE-COMP-2606-TRAVEL-GEOGRAPHY-AND-PLACE-01.yaml	37809
data/practices/protocols/26/PRACTICE-COMP-2607-CROSS-CULTURAL-EXPLORATION-01.yaml	37631
data/practices/protocols/26/PRACTICE-COMP-2608-ADVENTURE-AND-CALCULATED-CHALLENGE-01.yaml	36195
data/practices/protocols/26/PRACTICE-COMP-2609-WONDER-AND-AWE-01.yaml	36267
data/practices/protocols/26/PRACTICE-COMP-2610-COMMUNAL-FESTIVITY-AND-CELEBRATION-01.yaml	36069
data/practices/protocols/26/PRACTICE-COMP-2611-COMMUNAL-RECREATION-AND-INCLUSIVE-PLAY-01.yaml	37432
data/practices/protocols/26/PRACTICE-COMP-2612-PILGRIMAGE-AND-MEANINGFUL-JOURNEY-01.yaml	37236
data/practices/protocols/26/PRACTICE-COMP-2613-HUMOR-DELIGHT-AND-LIGHTNESS-01.yaml	35869
data/practices/protocols/26/PRACTICE-COMP-2614-ECOLOGICAL-RELATIONSHIP-AND-RECIPROCAL-STEWARDSHIP-01.yaml	39519
data/practices/protocols/26/PRACTICE-PLAY-01.yaml	13175
data/practices/protocols/27/PRACTICE-COMP-2701-LIFE-ARCHITECTURE-01.yaml	37521
data/practices/protocols/27/PRACTICE-COMP-2702-BALANCING-COMPETING-GOODS-01.yaml	37462
data/practices/protocols/27/PRACTICE-COMP-2703-SEASONS-AND-CHANGING-EMPHASIS-01.yaml	35963
data/practices/protocols/27/PRACTICE-COMP-2704-ROLES-AND-RESPONSIBILITY-PORTFOLIO-01.yaml	36178
data/practices/protocols/27/PRACTICE-COMP-2705-PERSONAL-OPERATING-REVIEWS-01.yaml	36142
data/practices/protocols/27/PRACTICE-COMP-2706-GOALS-AS-EXPERIMENTS-01.yaml	37078
data/practices/protocols/27/PRACTICE-COMP-2707-TRANSITION-PREPAREDNESS-01.yaml	37498
data/practices/protocols/27/PRACTICE-COMP-2708-AMBITION-AND-CONTENTMENT-01.yaml	36016
data/practices/protocols/27/PRACTICE-COMP-2709-COHERENCE-WITHOUT-RIGIDITY-01.yaml	36969
data/practices/protocols/27/PRACTICE-COMP-2710-MENTORSHIP-AND-GENERATIVITY-01.yaml	36929
data/practices/protocols/27/PRACTICE-COMP-2711-LEGACY-IN-PEOPLE-INSTITUTIONS-AND-WORKS-01.yaml	37680
data/practices/protocols/27/PRACTICE-COMP-2712-ANNUAL-RECKONING-AND-RECOMMITMENT-01.yaml	36899
data/practices/protocols/27/PRACTICE-COMP-2713-APPLICABILITY-ROLE-CHOICE-AND-THE-RIGHT-TO-LEAVE-DOMAINS-UNCHOSEN-01.yaml	38418
data/practices/protocols/27/PRACTICE-COMP-2714-MULTIPLE-PATHWAYS-TO-FLOURISHING-01.yaml	38481
data/practices/protocols/27/PRACTICE-COMP-2715-RECEIVING-AS-WELL-AS-ACHIEVING-01.yaml	37848
data/practices/registries/activation_ledger.yaml	125082
data/practices/registries/guides/0802.yaml	10360
data/practices/registries/guides/1110.yaml	18862
data/practices/registries/guides/1603.yaml	12950
data/practices/registries/guides/1703.yaml	11843
data/practices/registries/guides/2601.yaml	12681
data/practices/registries/protocol_families.yaml	4692
data/practices/registries/risk_taxonomy.yaml	3079
data/practices/registries/scoring_policy_registry.yaml	5704
data/practices/registries/source_registry.yaml	96927
data/practices/release_manifest.yaml	59937
data/practices/research_gaps.yaml	6969
data/practices/schema/activation_ledger_v1.schema.json	1439
data/practices/schema/expert_review_queue_v1.schema.json	2594
data/practices/schema/instructional_content_v1.schema.json	4037
data/practices/schema/practice_content_v1.schema.json	36594
data/practices/schema/protocol_family_registry_v1.schema.json	950
data/practices/schema/release_manifest_v1.schema.json	1644
data/practices/schema/research_gaps_v1.schema.json	1744
data/practices/schema/risk_taxonomy_v1.schema.json	1754
data/practices/schema/scoring_policy_registry_v1.schema.json	2198
data/practices/schema/source_registry_v1.schema.json	3438
docker-compose.yml	764
docker-entrypoint.sh	563
docs/CURRENT_STATE.md	7751
docs/HANDOFF.md	1676
docs/PRODUCT_DECISIONS.md	41502
docs/PROJECT_HANDOFF.md	100891
docs/SCORING_DESIGN.md	9023
docs/application-consistency.md	7903
docs/architecture/0001-django-monolith-and-sqlite.md	3070
docs/architecture/0002-shadow-scoring-before-mutation.md	1989
docs/architecture/0003-versioned-score-state-activation.md	2215
docs/architecture/0004-isolated-private-pilot-feedback.md	2085
docs/architecture/0005-canonical-practice-content.md	1975
docs/architecture/0006-competency-evidence-and-lever-state.md	3445
docs/architecture/0007-versioned-typed-evidence-boundary.md	3216
docs/architecture/0008-explicit-score-activation-ledger.md	1577
docs/architecture/0009-one-way-competency-shadow-and-production-eligibility.md	3228
docs/architecture/0010-source-only-representative-protocol-authoring.md	2089
docs/architecture/0011-all-catalog-runtime-and-score-activation.md	1938
docs/architecture/0012-weekly-execution-and-proof-review.md	1928
docs/architecture/0013-composite-assessment-and-human-closeout-credit.md	6315
docs/architecture/0014-explicit-applicability-and-personal-coverage.md	3165
docs/architecture/0015-assessment-calibration-readiness.md	2945
docs/architecture/0016-consented-local-assessment-calibration-data.md	3516
docs/architecture/0017-private-aggregate-assessment-calibration-analysis.md	3543
docs/architecture/0018-tailored-competency-practices.md	4932
docs/architecture/0019-unscored-instructional-content.md	3359
docs/architecture/README.md	2030
docs/assessment-integration.md	5179
docs/authoring/M6J-03-PRACTICE-READER.md	120340
docs/authoring/M6J-03-SCOPE-MAP.md	11536
docs/authoring/M6J-04-PRACTICE-READER.md	84056
docs/authoring/M6J-04-SCOPE-MAP.md	7801
docs/authoring/M6K-APPRENTICESHIP-TRANSMISSION-ACCESS-SCOPE-MAP.md	3042
docs/authoring/M6K-INDEPENDENT-TEACHING-BREADTH-SCOPE-MAP.md	4858
docs/authoring/M6K-INQUIRY-NOTES-SCOPE-MAP.md	6310
docs/authoring/M6K-LEARNING-CRAFT-SCOPE-MAP.md	7964
docs/authoring/M6K-LEARNING-LOOP-SCOPE-MAP.md	5241
docs/authoring/M6K-PHYSICAL-CAPACITY-SCOPE-MAP.md	5924
docs/authoring/SOURCE-CONSOLIDATION-STATUS.md	13697
docs/authoring/adaptive-digital/12.15/SCOPE-MAP.md	3167
docs/authoring/adaptive-digital/12.15/check-answers.md	1469
docs/authoring/adaptive-digital/12.15/check-prompts.md	1046
docs/authoring/adaptive-digital/12.15/later-packet.md	1077
docs/authoring/adaptive-digital/12.15/learner-guide.md	8626
docs/authoring/adaptive-digital/12.16/SCOPE-MAP.md	3150
docs/authoring/adaptive-digital/12.16/check-answers.md	1464
docs/authoring/adaptive-digital/12.16/check-prompts.md	837
docs/authoring/adaptive-digital/12.16/later-packet.md	1291
docs/authoring/adaptive-digital/12.16/learner-guide.md	8217
docs/authoring/adaptive-digital/14.01/SCOPE-MAP.md	3058
docs/authoring/adaptive-digital/14.01/check-answers.md	1396
docs/authoring/adaptive-digital/14.01/check-prompts.md	892
docs/authoring/adaptive-digital/14.01/later-packet.md	1039
docs/authoring/adaptive-digital/14.01/learner-guide.md	7425
docs/authoring/adaptive-digital/14.02/SCOPE-MAP.md	3054
docs/authoring/adaptive-digital/14.02/check-answers.md	1314
docs/authoring/adaptive-digital/14.02/check-prompts.md	828
docs/authoring/adaptive-digital/14.02/later-packet.md	850
docs/authoring/adaptive-digital/14.02/learner-guide.md	8069
docs/authoring/adaptive-digital/14.02/materials/README.md	536
docs/authoring/adaptive-digital/14.02/materials/meeting-v1.txt	46
docs/authoring/adaptive-digital/14.02/materials/meeting-v2.txt	46
docs/authoring/adaptive-digital/14.03/SCOPE-MAP.md	3006
docs/authoring/adaptive-digital/14.03/check-answers.md	1874
docs/authoring/adaptive-digital/14.03/check-prompts.md	1366
docs/authoring/adaptive-digital/14.03/later-packet.md	1122
docs/authoring/adaptive-digital/14.03/learner-guide.md	8233
docs/authoring/adaptive-digital/14.04/SCOPE-MAP.md	3050
docs/authoring/adaptive-digital/14.04/check-answers.md	1524
docs/authoring/adaptive-digital/14.04/check-prompts.md	975
docs/authoring/adaptive-digital/14.04/later-packet.md	1263
docs/authoring/adaptive-digital/14.04/learner-guide.md	8477
docs/authoring/adaptive-digital/README.md	3035
docs/authoring/adaptive-digital/SOURCES.md	8222
docs/authoring/adaptive-digital/cohort.json	7986
docs/authoring/adaptive-digital/fixtures.json	4221
docs/authoring/adaptive-digital/verification.json	9673
docs/authoring/attention-agency/07.13/SCOPE-MAP.md	2609
docs/authoring/attention-agency/07.13/check-answers.md	649
docs/authoring/attention-agency/07.13/check-prompts.md	401
docs/authoring/attention-agency/07.13/later-packet.md	796
docs/authoring/attention-agency/07.13/learner-guide.md	5120
docs/authoring/attention-agency/07.14/SCOPE-MAP.md	2641
docs/authoring/attention-agency/07.14/check-answers.md	611
docs/authoring/attention-agency/07.14/check-prompts.md	420
docs/authoring/attention-agency/07.14/later-packet.md	999
docs/authoring/attention-agency/07.14/learner-guide.md	5169
docs/authoring/attention-agency/08.01/SCOPE-MAP.md	2413
docs/authoring/attention-agency/08.01/check-answers.md	546
docs/authoring/attention-agency/08.01/check-prompts.md	425
docs/authoring/attention-agency/08.01/later-packet.md	855
docs/authoring/attention-agency/08.01/learner-guide.md	4075
docs/authoring/attention-agency/08.02/SCOPE-MAP.md	3558
docs/authoring/attention-agency/08.02/check-answers.md	601
docs/authoring/attention-agency/08.02/check-prompts.md	383
docs/authoring/attention-agency/08.02/later-packet.md	961
docs/authoring/attention-agency/08.02/learner-guide.md	6160
docs/authoring/attention-agency/08.03/SCOPE-MAP.md	2360
docs/authoring/attention-agency/08.03/check-answers.md	932
docs/authoring/attention-agency/08.03/check-prompts.md	741
docs/authoring/attention-agency/08.03/later-packet.md	693
docs/authoring/attention-agency/08.03/learner-guide.md	3602
docs/authoring/attention-agency/08.04/SCOPE-MAP.md	2400
docs/authoring/attention-agency/08.04/check-answers.md	950
docs/authoring/attention-agency/08.04/check-prompts.md	664
docs/authoring/attention-agency/08.04/later-packet.md	691
docs/authoring/attention-agency/08.04/learner-guide.md	3567
docs/authoring/attention-agency/08.05/SCOPE-MAP.md	2403
docs/authoring/attention-agency/08.05/check-answers.md	855
docs/authoring/attention-agency/08.05/check-prompts.md	723
docs/authoring/attention-agency/08.05/later-packet.md	779
docs/authoring/attention-agency/08.05/learner-guide.md	3712
docs/authoring/attention-agency/08.06/SCOPE-MAP.md	3453
docs/authoring/attention-agency/08.06/check-answers.md	606
docs/authoring/attention-agency/08.06/check-prompts.md	418
docs/authoring/attention-agency/08.06/later-packet.md	782
docs/authoring/attention-agency/08.06/learner-guide.md	4049
docs/authoring/attention-agency/08.07/SCOPE-MAP.md	2440
docs/authoring/attention-agency/08.07/check-answers.md	568
docs/authoring/attention-agency/08.07/check-prompts.md	394
docs/authoring/attention-agency/08.07/later-packet.md	782
docs/authoring/attention-agency/08.07/learner-guide.md	3759
docs/authoring/attention-agency/08.08/SCOPE-MAP.md	2436
docs/authoring/attention-agency/08.08/check-answers.md	608
docs/authoring/attention-agency/08.08/check-prompts.md	382
docs/authoring/attention-agency/08.08/later-packet.md	763
docs/authoring/attention-agency/08.08/learner-guide.md	3606
docs/authoring/attention-agency/08.09/SCOPE-MAP.md	2468
docs/authoring/attention-agency/08.09/check-answers.md	856
docs/authoring/attention-agency/08.09/check-prompts.md	756
docs/authoring/attention-agency/08.09/later-packet.md	747
docs/authoring/attention-agency/08.09/learner-guide.md	3837
docs/authoring/attention-agency/08.10/SCOPE-MAP.md	2462
docs/authoring/attention-agency/08.10/check-answers.md	559
docs/authoring/attention-agency/08.10/check-prompts.md	411
docs/authoring/attention-agency/08.10/later-packet.md	885
docs/authoring/attention-agency/08.10/learner-guide.md	3770
docs/authoring/attention-agency/08.11/SCOPE-MAP.md	2495
docs/authoring/attention-agency/08.11/check-answers.md	614
docs/authoring/attention-agency/08.11/check-prompts.md	383
docs/authoring/attention-agency/08.11/later-packet.md	827
docs/authoring/attention-agency/08.11/learner-guide.md	4070
docs/authoring/attention-agency/QUALITY-REVIEW.md	9282
docs/authoring/attention-agency/README.md	2922
docs/authoring/attention-agency/SOURCES.md	5691
docs/authoring/attention-agency/cohort.json	81629
docs/authoring/attention-agency/fixtures.json	3114
docs/authoring/attention-agency/sources.json	4989
docs/authoring/attention-agency/verification.json	12430
docs/authoring/belonging-partnership/17.08/SCOPE-MAP.md	2399
docs/authoring/belonging-partnership/17.08/check-answers.md	755
docs/authoring/belonging-partnership/17.08/check-prompts.md	516
docs/authoring/belonging-partnership/17.08/later-packet.md	1264
docs/authoring/belonging-partnership/17.08/learner-guide.md	6718
docs/authoring/belonging-partnership/17.09/SCOPE-MAP.md	2527
docs/authoring/belonging-partnership/17.09/check-answers.md	662
docs/authoring/belonging-partnership/17.09/check-prompts.md	519
docs/authoring/belonging-partnership/17.09/later-packet.md	1243
docs/authoring/belonging-partnership/17.09/learner-guide.md	7130
docs/authoring/belonging-partnership/17.10/SCOPE-MAP.md	2501
docs/authoring/belonging-partnership/17.10/check-answers.md	971
docs/authoring/belonging-partnership/17.10/check-prompts.md	774
docs/authoring/belonging-partnership/17.10/later-packet.md	1248
docs/authoring/belonging-partnership/17.10/learner-guide.md	6720
docs/authoring/belonging-partnership/17.11/SCOPE-MAP.md	2468
docs/authoring/belonging-partnership/17.11/check-answers.md	651
docs/authoring/belonging-partnership/17.11/check-prompts.md	494
docs/authoring/belonging-partnership/17.11/later-packet.md	1217
docs/authoring/belonging-partnership/17.11/learner-guide.md	6758
docs/authoring/belonging-partnership/17.12/SCOPE-MAP.md	2532
docs/authoring/belonging-partnership/17.12/check-answers.md	774
docs/authoring/belonging-partnership/17.12/check-prompts.md	537
docs/authoring/belonging-partnership/17.12/later-packet.md	1260
docs/authoring/belonging-partnership/17.12/learner-guide.md	6813
docs/authoring/belonging-partnership/17.13/SCOPE-MAP.md	2492
docs/authoring/belonging-partnership/17.13/check-answers.md	1025
docs/authoring/belonging-partnership/17.13/check-prompts.md	837
docs/authoring/belonging-partnership/17.13/later-packet.md	1207
docs/authoring/belonging-partnership/17.13/learner-guide.md	6708
docs/authoring/belonging-partnership/17.14/SCOPE-MAP.md	2523
docs/authoring/belonging-partnership/17.14/check-answers.md	708
docs/authoring/belonging-partnership/17.14/check-prompts.md	463
docs/authoring/belonging-partnership/17.14/later-packet.md	1299
docs/authoring/belonging-partnership/17.14/learner-guide.md	7207
docs/authoring/belonging-partnership/18.01/SCOPE-MAP.md	2728
docs/authoring/belonging-partnership/18.01/check-answers.md	700
docs/authoring/belonging-partnership/18.01/check-prompts.md	454
docs/authoring/belonging-partnership/18.01/later-packet.md	1150
docs/authoring/belonging-partnership/18.01/learner-guide.md	6897
docs/authoring/belonging-partnership/18.02/SCOPE-MAP.md	2728
docs/authoring/belonging-partnership/18.02/check-answers.md	947
docs/authoring/belonging-partnership/18.02/check-prompts.md	719
docs/authoring/belonging-partnership/18.02/later-packet.md	1144
docs/authoring/belonging-partnership/18.02/learner-guide.md	6812
docs/authoring/belonging-partnership/18.03/SCOPE-MAP.md	2735
docs/authoring/belonging-partnership/18.03/check-answers.md	759
docs/authoring/belonging-partnership/18.03/check-prompts.md	482
docs/authoring/belonging-partnership/18.03/later-packet.md	1233
docs/authoring/belonging-partnership/18.03/learner-guide.md	7119
docs/authoring/belonging-partnership/18.04/SCOPE-MAP.md	2750
docs/authoring/belonging-partnership/18.04/check-answers.md	727
docs/authoring/belonging-partnership/18.04/check-prompts.md	495
docs/authoring/belonging-partnership/18.04/later-packet.md	1227
docs/authoring/belonging-partnership/18.04/learner-guide.md	7085
docs/authoring/belonging-partnership/18.05/SCOPE-MAP.md	2814
docs/authoring/belonging-partnership/18.05/check-answers.md	747
docs/authoring/belonging-partnership/18.05/check-prompts.md	514
docs/authoring/belonging-partnership/18.05/later-packet.md	1297
docs/authoring/belonging-partnership/18.05/learner-guide.md	7545
docs/authoring/belonging-partnership/QUALITY-REVIEW.md	16597
docs/authoring/belonging-partnership/README.md	3138
docs/authoring/belonging-partnership/SOURCES.md	8500
docs/authoring/belonging-partnership/cohort.json	14577
docs/authoring/belonging-partnership/fixtures.json	4219
docs/authoring/belonging-partnership/sources.json	9991
docs/authoring/belonging-partnership/verification.json	17579
docs/authoring/catalog-product-integration-20260928/CHECKPOINT.md	2599
docs/authoring/catalog-product-integration-20260928/README.md	7039
docs/authoring/catalog-product-integration-20260928/authoring-selection-baseline.yaml	5498
docs/authoring/catalog-product-integration-20260928/browser/catalog-privacy-guide-1280.png	779867
docs/authoring/catalog-product-integration-20260928/browser/catalog-privacy-guide-390.png	762023
docs/authoring/catalog-product-integration-20260928/browser/catalog-wide-table-1280.png	145084
docs/authoring/catalog-product-integration-20260928/browser/catalog-wide-table-390.png	118595
docs/authoring/catalog-product-integration-20260928/catalog.csv	222398
docs/authoring/catalog-product-integration-20260928/historical-inputs.json	3905
docs/authoring/catalog-product-integration-20260928/integration-baseline.json	332266
docs/authoring/catalog-product-integration-20260928/quality-status.json	715707
docs/authoring/catalog-product-integration-20260928/receipts/competency-evidence.log	3666
docs/authoring/catalog-product-integration-20260928/receipts/compiler.log	83
docs/authoring/catalog-product-integration-20260928/receipts/compose-continuation.sh	7531
docs/authoring/catalog-product-integration-20260928/receipts/compose-interrupted-after-restore.log	14686
docs/authoring/catalog-product-integration-20260928/receipts/compose-resume-rejected.log	2948
docs/authoring/catalog-product-integration-20260928/receipts/compose-startup-grace.log	11594
docs/authoring/catalog-product-integration-20260928/receipts/compose.log	18271
docs/authoring/catalog-product-integration-20260928/receipts/continuation.log	100
docs/authoring/catalog-product-integration-20260928/receipts/curriculum.log	2748
docs/authoring/catalog-product-integration-20260928/receipts/django-and-migrations.log	490
docs/authoring/catalog-product-integration-20260928/receipts/environment.log	6952
docs/authoring/catalog-product-integration-20260928/receipts/final-ruff.log	48
docs/authoring/catalog-product-integration-20260928/receipts/full-regression.log	3804
docs/authoring/catalog-product-integration-20260928/receipts/governance.log	44
docs/authoring/catalog-product-integration-20260928/receipts/guide-browser.log	111
docs/authoring/catalog-product-integration-20260928/receipts/guide-navigation-security.log	112
docs/authoring/catalog-product-integration-20260928/receipts/initial-full-suite.log	15992
docs/authoring/catalog-product-integration-20260928/receipts/initial-targeted.log	1676
docs/authoring/catalog-product-integration-20260928/receipts/per-competency-parity.log	98
docs/authoring/catalog-product-integration-20260928/receipts/pilot.log	2567
docs/authoring/catalog-product-integration-20260928/receipts/quality-review.log	110
docs/authoring/catalog-product-integration-20260928/receipts/recovery.log	155
docs/authoring/catalog-product-integration-20260928/receipts/review-history.log	84
docs/authoring/catalog-product-integration-20260928/receipts/scoring-catalog.log	92
docs/authoring/catalog-product-integration-20260928/receipts/similarity-parity.log	98
docs/authoring/catalog-product-integration-20260928/receipts/source-suite.log	1336
docs/authoring/catalog-product-integration-20260928/receipts/stale-report-retry.log	8979
docs/authoring/catalog-product-integration-20260928/receipts/wide-table-browser.log	99
docs/authoring/catalog-product-integration-20260928/register.json	1036707
docs/authoring/catalog-product-integration-20260928/runtime-baselines/07.01.yaml	23009
docs/authoring/catalog-product-integration-20260928/runtime-baselines/07.02.yaml	22151
docs/authoring/catalog-product-integration-20260928/runtime-baselines/07.03.yaml	22647
docs/authoring/catalog-product-integration-20260928/runtime-baselines/07.04.yaml	22260
docs/authoring/catalog-product-integration-20260928/runtime-baselines/07.05.yaml	21893
docs/authoring/catalog-product-integration-20260928/runtime-baselines/07.06.yaml	21601
docs/authoring/catalog-product-integration-20260928/runtime-baselines/07.07.yaml	21704
docs/authoring/catalog-product-integration-20260928/runtime-baselines/07.08.yaml	21987
docs/authoring/catalog-product-integration-20260928/runtime-baselines/07.09.yaml	22117
docs/authoring/catalog-product-integration-20260928/runtime-baselines/07.10.yaml	22231
docs/authoring/catalog-product-integration-20260928/runtime-baselines/07.11.yaml	22646
docs/authoring/catalog-product-integration-20260928/runtime-baselines/07.12.yaml	22735
docs/authoring/catalog-product-integration-20260928/runtime-baselines/07.13.yaml	22812
docs/authoring/catalog-product-integration-20260928/runtime-baselines/07.14.yaml	23605
docs/authoring/catalog-product-integration-20260928/runtime-baselines/08.01.yaml	20531
docs/authoring/catalog-product-integration-20260928/runtime-baselines/08.03.yaml	20474
docs/authoring/catalog-product-integration-20260928/runtime-baselines/08.04.yaml	21214
docs/authoring/catalog-product-integration-20260928/runtime-baselines/08.05.yaml	21166
docs/authoring/catalog-product-integration-20260928/runtime-baselines/08.06.yaml	19571
docs/authoring/catalog-product-integration-20260928/runtime-baselines/08.07.yaml	21746
docs/authoring/catalog-product-integration-20260928/runtime-baselines/08.08.yaml	21926
docs/authoring/catalog-product-integration-20260928/runtime-baselines/08.09.yaml	22084
docs/authoring/catalog-product-integration-20260928/runtime-baselines/08.10.yaml	21548
docs/authoring/catalog-product-integration-20260928/runtime-baselines/08.11.yaml	22466
docs/authoring/catalog-product-integration-20260928/runtime-baselines/09.01.yaml	21880
docs/authoring/catalog-product-integration-20260928/runtime-baselines/09.02.yaml	21537
docs/authoring/catalog-product-integration-20260928/runtime-baselines/09.03.yaml	21772
docs/authoring/catalog-product-integration-20260928/runtime-baselines/09.04.yaml	21711
docs/authoring/catalog-product-integration-20260928/runtime-baselines/09.05.yaml	20769
docs/authoring/catalog-product-integration-20260928/runtime-baselines/09.06.yaml	22004
docs/authoring/catalog-product-integration-20260928/runtime-baselines/09.07.yaml	21728
docs/authoring/catalog-product-integration-20260928/runtime-baselines/09.08.yaml	21297
docs/authoring/catalog-product-integration-20260928/runtime-baselines/09.09.yaml	21573
docs/authoring/catalog-product-integration-20260928/runtime-baselines/09.10.yaml	21659
docs/authoring/catalog-product-integration-20260928/runtime-baselines/09.11.yaml	21577
docs/authoring/catalog-product-integration-20260928/runtime-baselines/09.12.yaml	19641
docs/authoring/catalog-product-integration-20260928/runtime-baselines/09.13.yaml	20941
docs/authoring/catalog-product-integration-20260928/runtime-baselines/09.14.yaml	22431
docs/authoring/catalog-product-integration-20260928/runtime-baselines/09.15.yaml	22416
docs/authoring/catalog-product-integration-20260928/runtime-baselines/09.16.yaml	22879
docs/authoring/catalog-product-integration-20260928/runtime-baselines/09.17.yaml	23229
docs/authoring/catalog-product-integration-20260928/runtime-baselines/11.01.yaml	20904
docs/authoring/catalog-product-integration-20260928/runtime-baselines/11.02.yaml	20791
docs/authoring/catalog-product-integration-20260928/runtime-baselines/11.03.yaml	22179
docs/authoring/catalog-product-integration-20260928/runtime-baselines/11.04.yaml	21856
docs/authoring/catalog-product-integration-20260928/runtime-baselines/11.05.yaml	21876
docs/authoring/catalog-product-integration-20260928/runtime-baselines/11.06.yaml	21780
docs/authoring/catalog-product-integration-20260928/runtime-baselines/11.07.yaml	21867
docs/authoring/catalog-product-integration-20260928/runtime-baselines/11.08.yaml	21832
docs/authoring/catalog-product-integration-20260928/runtime-baselines/11.09.yaml	22006
docs/authoring/catalog-product-integration-20260928/runtime-baselines/12.01.yaml	22605
docs/authoring/catalog-product-integration-20260928/runtime-baselines/12.02.yaml	21784
docs/authoring/catalog-product-integration-20260928/runtime-baselines/12.03.yaml	21540
docs/authoring/catalog-product-integration-20260928/runtime-baselines/12.04.yaml	22348
docs/authoring/catalog-product-integration-20260928/runtime-baselines/12.06.yaml	21556
docs/authoring/catalog-product-integration-20260928/runtime-baselines/12.07.yaml	22997
docs/authoring/catalog-product-integration-20260928/runtime-baselines/12.09.yaml	22685
docs/authoring/catalog-product-integration-20260928/runtime-baselines/12.10.yaml	22940
docs/authoring/catalog-product-integration-20260928/runtime-baselines/12.11.yaml	21913
docs/authoring/catalog-product-integration-20260928/runtime-baselines/12.12.yaml	22859
docs/authoring/catalog-product-integration-20260928/runtime-baselines/12.13.yaml	22379
docs/authoring/catalog-product-integration-20260928/runtime-baselines/12.14.yaml	22830
docs/authoring/catalog-product-integration-20260928/runtime-baselines/12.15.yaml	22165
docs/authoring/catalog-product-integration-20260928/runtime-baselines/12.16.yaml	22399
docs/authoring/catalog-product-integration-20260928/runtime-baselines/13.16.yaml	23821
docs/authoring/catalog-product-integration-20260928/runtime-baselines/14.01.yaml	21945
docs/authoring/catalog-product-integration-20260928/runtime-baselines/14.02.yaml	22095
docs/authoring/catalog-product-integration-20260928/runtime-baselines/14.03.yaml	23280
docs/authoring/catalog-product-integration-20260928/runtime-baselines/14.04.yaml	22166
docs/authoring/catalog-product-integration-20260928/runtime-baselines/14.05.yaml	22835
docs/authoring/catalog-product-integration-20260928/runtime-baselines/14.06.yaml	22403
docs/authoring/catalog-product-integration-20260928/runtime-baselines/14.07.yaml	21859
docs/authoring/catalog-product-integration-20260928/runtime-baselines/14.08.yaml	22652
docs/authoring/catalog-product-integration-20260928/runtime-baselines/14.09.yaml	21770
docs/authoring/catalog-product-integration-20260928/runtime-baselines/14.10.yaml	23192
docs/authoring/catalog-product-integration-20260928/runtime-baselines/14.11.yaml	22834
docs/authoring/catalog-product-integration-20260928/runtime-baselines/14.12.yaml	23184
docs/authoring/catalog-product-integration-20260928/runtime-baselines/14.13.yaml	22989
docs/authoring/catalog-product-integration-20260928/runtime-baselines/15.01.yaml	22570
docs/authoring/catalog-product-integration-20260928/runtime-baselines/15.02.yaml	21866
docs/authoring/catalog-product-integration-20260928/runtime-baselines/15.03.yaml	21449
docs/authoring/catalog-product-integration-20260928/runtime-baselines/15.04.yaml	22265
docs/authoring/catalog-product-integration-20260928/runtime-baselines/15.05.yaml	22360
docs/authoring/catalog-product-integration-20260928/runtime-baselines/15.06.yaml	21865
docs/authoring/catalog-product-integration-20260928/runtime-baselines/15.07.yaml	22529
docs/authoring/catalog-product-integration-20260928/runtime-baselines/15.08.yaml	22834
docs/authoring/catalog-product-integration-20260928/runtime-baselines/15.09.yaml	23169
docs/authoring/catalog-product-integration-20260928/runtime-baselines/15.10.yaml	22693
docs/authoring/catalog-product-integration-20260928/runtime-baselines/15.11.yaml	23209
docs/authoring/catalog-product-integration-20260928/runtime-baselines/15.12.yaml	22504
docs/authoring/catalog-product-integration-20260928/runtime-baselines/15.13.yaml	23432
docs/authoring/catalog-product-integration-20260928/runtime-baselines/15.14.yaml	22754
docs/authoring/catalog-product-integration-20260928/runtime-baselines/16.01.yaml	20920
docs/authoring/catalog-product-integration-20260928/runtime-baselines/16.02.yaml	21421
docs/authoring/catalog-product-integration-20260928/runtime-baselines/16.04.yaml	22052
docs/authoring/catalog-product-integration-20260928/runtime-baselines/16.05.yaml	22478
docs/authoring/catalog-product-integration-20260928/runtime-baselines/16.06.yaml	21681
docs/authoring/catalog-product-integration-20260928/runtime-baselines/16.07.yaml	22518
docs/authoring/catalog-product-integration-20260928/runtime-baselines/16.08.yaml	21603
docs/authoring/catalog-product-integration-20260928/runtime-baselines/16.09.yaml	21788
docs/authoring/catalog-product-integration-20260928/runtime-baselines/16.10.yaml	21555
docs/authoring/catalog-product-integration-20260928/runtime-baselines/16.11.yaml	20340
docs/authoring/catalog-product-integration-20260928/runtime-baselines/16.12.yaml	21521
docs/authoring/catalog-product-integration-20260928/runtime-baselines/16.13.yaml	21648
docs/authoring/catalog-product-integration-20260928/runtime-baselines/16.14.yaml	22578
docs/authoring/catalog-product-integration-20260928/runtime-baselines/16.15.yaml	21998
docs/authoring/catalog-product-integration-20260928/runtime-baselines/16.16.yaml	24151
docs/authoring/catalog-product-integration-20260928/runtime-baselines/16.17.yaml	23271
docs/authoring/catalog-product-integration-20260928/runtime-baselines/16.18.yaml	23268
docs/authoring/catalog-product-integration-20260928/runtime-baselines/17.01.yaml	21083
docs/authoring/catalog-product-integration-20260928/runtime-baselines/17.02.yaml	22131
docs/authoring/catalog-product-integration-20260928/runtime-baselines/17.04.yaml	20719
docs/authoring/catalog-product-integration-20260928/runtime-baselines/17.05.yaml	22088
docs/authoring/catalog-product-integration-20260928/runtime-baselines/17.06.yaml	22672
docs/authoring/catalog-product-integration-20260928/runtime-baselines/17.07.yaml	21398
docs/authoring/catalog-product-integration-20260928/runtime-baselines/17.08.yaml	22690
docs/authoring/catalog-product-integration-20260928/runtime-baselines/17.09.yaml	22638
docs/authoring/catalog-product-integration-20260928/runtime-baselines/17.10.yaml	21555
docs/authoring/catalog-product-integration-20260928/runtime-baselines/17.11.yaml	22950
docs/authoring/catalog-product-integration-20260928/runtime-baselines/17.12.yaml	23351
docs/authoring/catalog-product-integration-20260928/runtime-baselines/17.13.yaml	22186
docs/authoring/catalog-product-integration-20260928/runtime-baselines/17.14.yaml	22585
docs/authoring/catalog-product-integration-20260928/runtime-baselines/18.01.yaml	22251
docs/authoring/catalog-product-integration-20260928/runtime-baselines/18.02.yaml	22391
docs/authoring/catalog-product-integration-20260928/runtime-baselines/18.03.yaml	22593
docs/authoring/catalog-product-integration-20260928/runtime-baselines/18.04.yaml	22310
docs/authoring/catalog-product-integration-20260928/runtime-baselines/18.05.yaml	22688
docs/authoring/catalog-product-integration-20260928/runtime-baselines/18.06.yaml	22708
docs/authoring/catalog-product-integration-20260928/runtime-baselines/18.07.yaml	22757
docs/authoring/catalog-product-integration-20260928/runtime-baselines/18.08.yaml	22289
docs/authoring/catalog-product-integration-20260928/runtime-baselines/18.09.yaml	21809
docs/authoring/catalog-product-integration-20260928/runtime-baselines/18.10.yaml	23158
docs/authoring/catalog-product-integration-20260928/runtime-baselines/18.11.yaml	22251
docs/authoring/catalog-product-integration-20260928/runtime-baselines/18.12.yaml	23285
docs/authoring/catalog-product-integration-20260928/runtime-baselines/18.13.yaml	22998
docs/authoring/catalog-product-integration-20260928/runtime-baselines/18.14.yaml	23923
docs/authoring/catalog-product-integration-20260928/runtime-baselines/19.01.yaml	23487
docs/authoring/catalog-product-integration-20260928/runtime-baselines/19.02.yaml	22097
docs/authoring/catalog-product-integration-20260928/runtime-baselines/19.03.yaml	23440
docs/authoring/catalog-product-integration-20260928/runtime-baselines/19.04.yaml	23278
docs/authoring/catalog-product-integration-20260928/runtime-baselines/19.05.yaml	23465
docs/authoring/catalog-product-integration-20260928/runtime-baselines/19.06.yaml	23652
docs/authoring/catalog-product-integration-20260928/runtime-baselines/19.07.yaml	23951
docs/authoring/catalog-product-integration-20260928/runtime-baselines/19.08.yaml	22533
docs/authoring/catalog-product-integration-20260928/runtime-baselines/19.09.yaml	23981
docs/authoring/catalog-product-integration-20260928/runtime-baselines/19.10.yaml	23787
docs/authoring/catalog-product-integration-20260928/runtime-baselines/19.11.yaml	23794
docs/authoring/catalog-product-integration-20260928/runtime-baselines/19.12.yaml	23231
docs/authoring/catalog-product-integration-20260928/runtime-baselines/19.13.yaml	23784
docs/authoring/catalog-product-integration-20260928/runtime-baselines/19.14.yaml	24401
docs/authoring/catalog-product-integration-20260928/runtime-baselines/19.15.yaml	23934
docs/authoring/catalog-product-integration-20260928/runtime-baselines/20.01.yaml	21192
docs/authoring/catalog-product-integration-20260928/runtime-baselines/20.02.yaml	21929
docs/authoring/catalog-product-integration-20260928/runtime-baselines/20.03.yaml	22373
docs/authoring/catalog-product-integration-20260928/runtime-baselines/20.04.yaml	22747
docs/authoring/catalog-product-integration-20260928/runtime-baselines/20.05.yaml	21640
docs/authoring/catalog-product-integration-20260928/runtime-baselines/20.06.yaml	21338
docs/authoring/catalog-product-integration-20260928/runtime-baselines/20.07.yaml	21659
docs/authoring/catalog-product-integration-20260928/runtime-baselines/20.08.yaml	21934
docs/authoring/catalog-product-integration-20260928/runtime-baselines/20.09.yaml	23217
docs/authoring/catalog-product-integration-20260928/runtime-baselines/20.10.yaml	22400
docs/authoring/catalog-product-integration-20260928/runtime-baselines/20.11.yaml	22106
docs/authoring/catalog-product-integration-20260928/runtime-baselines/20.12.yaml	22717
docs/authoring/catalog-product-integration-20260928/runtime-baselines/20.13.yaml	23555
docs/authoring/catalog-product-integration-20260928/runtime-baselines/20.14.yaml	23292
docs/authoring/catalog-product-integration-20260928/runtime-baselines/20.15.yaml	23445
docs/authoring/catalog-product-integration-20260928/runtime-baselines/20.16.yaml	22545
docs/authoring/catalog-product-integration-20260928/runtime-baselines/20.17.yaml	22052
docs/authoring/catalog-product-integration-20260928/runtime-baselines/20.18.yaml	24058
docs/authoring/catalog-product-integration-20260928/runtime-baselines/21.01.yaml	20686
docs/authoring/catalog-product-integration-20260928/runtime-baselines/21.02.yaml	21067
docs/authoring/catalog-product-integration-20260928/runtime-baselines/21.04.yaml	21719
docs/authoring/catalog-product-integration-20260928/runtime-baselines/21.05.yaml	22430
docs/authoring/catalog-product-integration-20260928/runtime-baselines/21.06.yaml	22862
docs/authoring/catalog-product-integration-20260928/runtime-baselines/21.07.yaml	22071
docs/authoring/catalog-product-integration-20260928/runtime-baselines/21.08.yaml	20493
docs/authoring/catalog-product-integration-20260928/runtime-baselines/21.09.yaml	22193
docs/authoring/catalog-product-integration-20260928/runtime-baselines/21.10.yaml	21277
docs/authoring/catalog-product-integration-20260928/runtime-baselines/21.11.yaml	22854
docs/authoring/catalog-product-integration-20260928/runtime-baselines/21.12.yaml	23210
docs/authoring/catalog-product-integration-20260928/runtime-baselines/21.13.yaml	23514
docs/authoring/catalog-product-integration-20260928/runtime-baselines/21.14.yaml	23080
docs/authoring/catalog-product-integration-20260928/runtime-baselines/21.15.yaml	22654
docs/authoring/catalog-product-integration-20260928/runtime-baselines/21.16.yaml	22963
docs/authoring/catalog-product-integration-20260928/runtime-baselines/21.17.yaml	23072
docs/authoring/catalog-product-integration-20260928/runtime-baselines/21.18.yaml	21765
docs/authoring/catalog-product-integration-20260928/runtime-baselines/21.19.yaml	23802
docs/authoring/catalog-product-integration-20260928/runtime-baselines/22.01.yaml	21721
docs/authoring/catalog-product-integration-20260928/runtime-baselines/22.02.yaml	21807
docs/authoring/catalog-product-integration-20260928/runtime-baselines/22.03.yaml	22227
docs/authoring/catalog-product-integration-20260928/runtime-baselines/22.04.yaml	22122
docs/authoring/catalog-product-integration-20260928/runtime-baselines/22.05.yaml	21292
docs/authoring/catalog-product-integration-20260928/runtime-baselines/22.06.yaml	22252
docs/authoring/catalog-product-integration-20260928/runtime-baselines/22.07.yaml	21470
docs/authoring/catalog-product-integration-20260928/runtime-baselines/22.08.yaml	22802
docs/authoring/catalog-product-integration-20260928/runtime-baselines/22.09.yaml	21971
docs/authoring/catalog-product-integration-20260928/runtime-baselines/22.10.yaml	23463
docs/authoring/catalog-product-integration-20260928/runtime-baselines/22.11.yaml	20679
docs/authoring/catalog-product-integration-20260928/runtime-baselines/22.12.yaml	22462
docs/authoring/catalog-product-integration-20260928/runtime-baselines/22.13.yaml	23209
docs/authoring/catalog-product-integration-20260928/runtime-baselines/22.14.yaml	23004
docs/authoring/catalog-product-integration-20260928/runtime-baselines/22.15.yaml	22292
docs/authoring/catalog-product-integration-20260928/runtime-baselines/22.16.yaml	22957
docs/authoring/catalog-product-integration-20260928/runtime-baselines/22.17.yaml	22917
docs/authoring/catalog-product-integration-20260928/runtime-baselines/23.01.yaml	21796
docs/authoring/catalog-product-integration-20260928/runtime-baselines/23.02.yaml	22262
docs/authoring/catalog-product-integration-20260928/runtime-baselines/23.03.yaml	22091
docs/authoring/catalog-product-integration-20260928/runtime-baselines/23.04.yaml	20716
docs/authoring/catalog-product-integration-20260928/runtime-baselines/23.05.yaml	22422
docs/authoring/catalog-product-integration-20260928/runtime-baselines/23.06.yaml	23210
docs/authoring/catalog-product-integration-20260928/runtime-baselines/23.07.yaml	22598
docs/authoring/catalog-product-integration-20260928/runtime-baselines/23.08.yaml	22707
docs/authoring/catalog-product-integration-20260928/runtime-baselines/23.09.yaml	23001
docs/authoring/catalog-product-integration-20260928/runtime-baselines/23.10.yaml	22622
docs/authoring/catalog-product-integration-20260928/runtime-baselines/23.11.yaml	24146
docs/authoring/catalog-product-integration-20260928/runtime-baselines/23.12.yaml	22925
docs/authoring/catalog-product-integration-20260928/runtime-baselines/24.01.yaml	23111
docs/authoring/catalog-product-integration-20260928/runtime-baselines/24.02.yaml	22519
docs/authoring/catalog-product-integration-20260928/runtime-baselines/24.03.yaml	22322
docs/authoring/catalog-product-integration-20260928/runtime-baselines/24.04.yaml	23087
docs/authoring/catalog-product-integration-20260928/runtime-baselines/24.05.yaml	23132
docs/authoring/catalog-product-integration-20260928/runtime-baselines/24.06.yaml	22792
docs/authoring/catalog-product-integration-20260928/runtime-baselines/24.07.yaml	22935
docs/authoring/catalog-product-integration-20260928/runtime-baselines/24.08.yaml	22874
docs/authoring/catalog-product-integration-20260928/runtime-baselines/24.09.yaml	22660
docs/authoring/catalog-product-integration-20260928/runtime-baselines/24.10.yaml	23298
docs/authoring/catalog-product-integration-20260928/runtime-baselines/24.11.yaml	23087
docs/authoring/catalog-product-integration-20260928/runtime-baselines/24.12.yaml	24331
docs/authoring/catalog-product-integration-20260928/runtime-baselines/24.13.yaml	23575
docs/authoring/catalog-product-integration-20260928/runtime-baselines/24.14.yaml	23426
docs/authoring/catalog-product-integration-20260928/runtime-baselines/25.01.yaml	21428
docs/authoring/catalog-product-integration-20260928/runtime-baselines/25.02.yaml	21512
docs/authoring/catalog-product-integration-20260928/runtime-baselines/25.03.yaml	21608
docs/authoring/catalog-product-integration-20260928/runtime-baselines/25.04.yaml	20773
docs/authoring/catalog-product-integration-20260928/runtime-baselines/25.05.yaml	21542
docs/authoring/catalog-product-integration-20260928/runtime-baselines/25.06.yaml	22169
docs/authoring/catalog-product-integration-20260928/runtime-baselines/25.07.yaml	22041
docs/authoring/catalog-product-integration-20260928/runtime-baselines/25.08.yaml	21132
docs/authoring/catalog-product-integration-20260928/runtime-baselines/25.09.yaml	22957
docs/authoring/catalog-product-integration-20260928/runtime-baselines/25.10.yaml	22012
docs/authoring/catalog-product-integration-20260928/runtime-baselines/25.11.yaml	22654
docs/authoring/catalog-product-integration-20260928/runtime-baselines/25.12.yaml	22251
docs/authoring/catalog-product-integration-20260928/runtime-baselines/25.13.yaml	23288
docs/authoring/catalog-product-integration-20260928/runtime-baselines/26.02.yaml	20650
docs/authoring/catalog-product-integration-20260928/runtime-baselines/26.03.yaml	21784
docs/authoring/catalog-product-integration-20260928/runtime-baselines/26.04.yaml	22706
docs/authoring/catalog-product-integration-20260928/runtime-baselines/26.05.yaml	22961
docs/authoring/catalog-product-integration-20260928/runtime-baselines/26.06.yaml	21602
docs/authoring/catalog-product-integration-20260928/runtime-baselines/26.07.yaml	21484
docs/authoring/catalog-product-integration-20260928/runtime-baselines/26.08.yaml	22086
docs/authoring/catalog-product-integration-20260928/runtime-baselines/26.09.yaml	20551
docs/authoring/catalog-product-integration-20260928/runtime-baselines/26.10.yaml	22282
docs/authoring/catalog-product-integration-20260928/runtime-baselines/26.11.yaml	22440
docs/authoring/catalog-product-integration-20260928/runtime-baselines/26.12.yaml	22234
docs/authoring/catalog-product-integration-20260928/runtime-baselines/26.13.yaml	21747
docs/authoring/catalog-product-integration-20260928/runtime-baselines/26.14.yaml	23410
docs/authoring/catalog-product-integration-20260928/runtime-baselines/27.01.yaml	20636
docs/authoring/catalog-product-integration-20260928/runtime-baselines/27.02.yaml	21469
docs/authoring/catalog-product-integration-20260928/runtime-baselines/27.03.yaml	22131
docs/authoring/catalog-product-integration-20260928/runtime-baselines/27.04.yaml	22221
docs/authoring/catalog-product-integration-20260928/runtime-baselines/27.05.yaml	21373
docs/authoring/catalog-product-integration-20260928/runtime-baselines/27.06.yaml	20869
docs/authoring/catalog-product-integration-20260928/runtime-baselines/27.07.yaml	21289
docs/authoring/catalog-product-integration-20260928/runtime-baselines/27.08.yaml	21378
docs/authoring/catalog-product-integration-20260928/runtime-baselines/27.09.yaml	21383
docs/authoring/catalog-product-integration-20260928/runtime-baselines/27.10.yaml	21551
docs/authoring/catalog-product-integration-20260928/runtime-baselines/27.11.yaml	22661
docs/authoring/catalog-product-integration-20260928/runtime-baselines/27.12.yaml	22016
docs/authoring/catalog-product-integration-20260928/runtime-baselines/27.13.yaml	24872
docs/authoring/catalog-product-integration-20260928/runtime-baselines/27.14.yaml	22270
docs/authoring/catalog-product-integration-20260928/runtime-baselines/27.15.yaml	21940
docs/authoring/catalog-product-integration-20260928/test-baselines/test_m6k_adaptive_digital_sources.py	18719
docs/authoring/catalog-product-integration-20260928/test-baselines/test_m6k_attention_agency_sources.py	22737
docs/authoring/catalog-product-integration-20260928/test-baselines/test_m6k_belonging_partnership_sources.py	19336
docs/authoring/catalog-product-integration-20260928/test-baselines/test_m6k_civic_participation_sources.py	25666
docs/authoring/catalog-product-integration-20260928/test-baselines/test_m6k_civic_work_foundations_sources.py	26372
docs/authoring/catalog-product-integration-20260928/test-baselines/test_m6k_communication_influence_sources.py	19528
docs/authoring/catalog-product-integration-20260928/test-baselines/test_m6k_creative_culture_leisure_sources.py	30230
docs/authoring/catalog-product-integration-20260928/test-baselines/test_m6k_digital_judgment_preparedness_sources.py	22472
docs/authoring/catalog-product-integration-20260928/test-baselines/test_m6k_economics_creative_sources.py	26024
docs/authoring/catalog-product-integration-20260928/test-baselines/test_m6k_emotional_foundations_sources.py	26689
docs/authoring/catalog-product-integration-20260928/test-baselines/test_m6k_family_stewardship_sources.py	23114
docs/authoring/catalog-product-integration-20260928/test-baselines/test_m6k_governance_finance_sources.py	24466
docs/authoring/catalog-product-integration-20260928/test-baselines/test_m6k_health_foundations_sources.py	24598
docs/authoring/catalog-product-integration-20260928/test-baselines/test_m6k_health_stewardship_sources.py	26092
docs/authoring/catalog-product-integration-20260928/test-baselines/test_m6k_leadership_foundations_sources.py	24552
docs/authoring/catalog-product-integration-20260928/test-baselines/test_m6k_leisure_life_design_sources.py	24144
docs/authoring/catalog-product-integration-20260928/test-baselines/test_m6k_life_integration_sources.py	24865
docs/authoring/catalog-product-integration-20260928/test-baselines/test_m6k_partnership_family_sources.py	20207
docs/authoring/catalog-product-integration-20260928/test-baselines/test_m6k_resilience_community_listening_sources.py	18009
docs/authoring/catalog-product-integration-20260928/test-baselines/test_m6k_respectful_connection_sources.py	21262
docs/authoring/catalog-product-integration-20260928/test-baselines/test_m6k_stewardship_enterprise_sources.py	24158
docs/authoring/catalog-product-integration-20260928/test-baselines/test_m6k_work_delivery_voice_sources.py	24868
docs/authoring/catalog-product-integration-20260928/verification.json	13486
docs/authoring/catalog-quality-audit-20260927/CRITERIA.md	5920
docs/authoring/catalog-quality-audit-20260927/DISTINCTNESS.md	7740
docs/authoring/catalog-quality-audit-20260927/FINDINGS.md	14003
docs/authoring/catalog-quality-audit-20260927/METHOD.md	8307
docs/authoring/catalog-quality-audit-20260927/README.md	7665
docs/authoring/catalog-quality-audit-20260927/SOURCE-CHECKS.md	6515
docs/authoring/catalog-quality-audit-20260927/audit.json	2780361
docs/authoring/catalog-quality-audit-20260927/build.py	16404
docs/authoring/catalog-quality-audit-20260927/catalog.csv	215936
docs/authoring/catalog-quality-audit-20260927/compare_text.py	2937
docs/authoring/catalog-quality-audit-20260927/context-excerpts.json	252433
docs/authoring/catalog-quality-audit-20260927/domains/01.md	21560
docs/authoring/catalog-quality-audit-20260927/domains/02.md	31764
docs/authoring/catalog-quality-audit-20260927/domains/03.md	26494
docs/authoring/catalog-quality-audit-20260927/domains/04.md	20386
docs/authoring/catalog-quality-audit-20260927/domains/05.md	24114
docs/authoring/catalog-quality-audit-20260927/domains/06.md	30331
docs/authoring/catalog-quality-audit-20260927/domains/07.md	37046
docs/authoring/catalog-quality-audit-20260927/domains/08.md	26874
docs/authoring/catalog-quality-audit-20260927/domains/09.md	43280
docs/authoring/catalog-quality-audit-20260927/domains/10.md	32164
docs/authoring/catalog-quality-audit-20260927/domains/11.md	25352
docs/authoring/catalog-quality-audit-20260927/domains/12.md	41163
docs/authoring/catalog-quality-audit-20260927/domains/13.md	29608
docs/authoring/catalog-quality-audit-20260927/domains/14.md	33829
docs/authoring/catalog-quality-audit-20260927/domains/15.md	36097
docs/authoring/catalog-quality-audit-20260927/domains/16.md	45642
docs/authoring/catalog-quality-audit-20260927/domains/17.md	35910
docs/authoring/catalog-quality-audit-20260927/domains/18.md	39924
docs/authoring/catalog-quality-audit-20260927/domains/19.md	46661
docs/authoring/catalog-quality-audit-20260927/domains/20.md	56705
docs/authoring/catalog-quality-audit-20260927/domains/21.md	55624
docs/authoring/catalog-quality-audit-20260927/domains/22.md	51588
docs/authoring/catalog-quality-audit-20260927/domains/23.md	33273
docs/authoring/catalog-quality-audit-20260927/domains/24.md	39676
docs/authoring/catalog-quality-audit-20260927/domains/25.md	38056
docs/authoring/catalog-quality-audit-20260927/domains/26.md	40299
docs/authoring/catalog-quality-audit-20260927/domains/27.md	43039
docs/authoring/catalog-quality-audit-20260927/editorial-notes.json	468572
docs/authoring/catalog-quality-audit-20260927/external-spot-checks.json	8032
docs/authoring/catalog-quality-audit-20260927/similarity.json	264893
docs/authoring/catalog-quality-audit-20260927/source-fingerprints.json	218007
docs/authoring/catalog-quality-audit-20260927/source-test-result.txt	313
docs/authoring/catalog-quality-audit-20260927/verification.json	1514
docs/authoring/catalog-quality-audit-20260927/verify.py	8885
docs/authoring/catalog-remediation-20260927/DESK-REVIEW.md	6332
docs/authoring/catalog-remediation-20260927/README.md	5790
docs/authoring/catalog-remediation-20260927/SOURCE-CHECKS.md	2149
docs/authoring/catalog-remediation-20260927/build_review.py	4848
docs/authoring/catalog-remediation-20260927/catalog.csv	203629
docs/authoring/catalog-remediation-20260927/compare_text.py	2992
docs/authoring/catalog-remediation-20260927/compiler-check.txt	85
docs/authoring/catalog-remediation-20260927/compiler-source-tests.txt	114
docs/authoring/catalog-remediation-20260927/governance-check.txt	44
docs/authoring/catalog-remediation-20260927/passes.json	1059
docs/authoring/catalog-remediation-20260927/recovery.json	155
docs/authoring/catalog-remediation-20260927/register.json	1226886
docs/authoring/catalog-remediation-20260927/relocated-metadata.json	123400
docs/authoring/catalog-remediation-20260927/repairs/01.01.json	3349
docs/authoring/catalog-remediation-20260927/repairs/01.02.json	3303
docs/authoring/catalog-remediation-20260927/repairs/01.03.json	3116
docs/authoring/catalog-remediation-20260927/repairs/01.04.json	3025
docs/authoring/catalog-remediation-20260927/repairs/01.05.json	3054
docs/authoring/catalog-remediation-20260927/repairs/01.06.json	3123
docs/authoring/catalog-remediation-20260927/repairs/01.07.json	3236
docs/authoring/catalog-remediation-20260927/repairs/01.08.json	2956
docs/authoring/catalog-remediation-20260927/repairs/01.09.json	3062
docs/authoring/catalog-remediation-20260927/repairs/01.10.json	3248
docs/authoring/catalog-remediation-20260927/repairs/01.11.json	3062
docs/authoring/catalog-remediation-20260927/repairs/02.01.json	3489
docs/authoring/catalog-remediation-20260927/repairs/02.02.json	3043
docs/authoring/catalog-remediation-20260927/repairs/02.03.json	3321
docs/authoring/catalog-remediation-20260927/repairs/02.04.json	2924
docs/authoring/catalog-remediation-20260927/repairs/02.05.json	2935
docs/authoring/catalog-remediation-20260927/repairs/02.06.json	3093
docs/authoring/catalog-remediation-20260927/repairs/02.07.json	3007
docs/authoring/catalog-remediation-20260927/repairs/02.08.json	3328
docs/authoring/catalog-remediation-20260927/repairs/02.09.json	2850
docs/authoring/catalog-remediation-20260927/repairs/02.10.json	2947
docs/authoring/catalog-remediation-20260927/repairs/02.11.json	2864
docs/authoring/catalog-remediation-20260927/repairs/02.12.json	2970
docs/authoring/catalog-remediation-20260927/repairs/02.13.json	3393
docs/authoring/catalog-remediation-20260927/repairs/02.14.json	3337
docs/authoring/catalog-remediation-20260927/repairs/02.15.json	3188
docs/authoring/catalog-remediation-20260927/repairs/03.01.json	3602
docs/authoring/catalog-remediation-20260927/repairs/03.02.json	3218
docs/authoring/catalog-remediation-20260927/repairs/03.03.json	3150
docs/authoring/catalog-remediation-20260927/repairs/03.04.json	3031
docs/authoring/catalog-remediation-20260927/repairs/03.05.json	3038
docs/authoring/catalog-remediation-20260927/repairs/03.06.json	2951
docs/authoring/catalog-remediation-20260927/repairs/03.07.json	3170
docs/authoring/catalog-remediation-20260927/repairs/03.08.json	3089
docs/authoring/catalog-remediation-20260927/repairs/03.09.json	2944
docs/authoring/catalog-remediation-20260927/repairs/03.10.json	3057
docs/authoring/catalog-remediation-20260927/repairs/03.11.json	2974
docs/authoring/catalog-remediation-20260927/repairs/03.12.json	3110
docs/authoring/catalog-remediation-20260927/repairs/03.13.json	3195
docs/authoring/catalog-remediation-20260927/repairs/04.01.json	3043
docs/authoring/catalog-remediation-20260927/repairs/04.02.json	2821
docs/authoring/catalog-remediation-20260927/repairs/04.03.json	3044
docs/authoring/catalog-remediation-20260927/repairs/04.04.json	3117
docs/authoring/catalog-remediation-20260927/repairs/04.05.json	2953
docs/authoring/catalog-remediation-20260927/repairs/04.06.json	3052
docs/authoring/catalog-remediation-20260927/repairs/04.07.json	3234
docs/authoring/catalog-remediation-20260927/repairs/04.08.json	3120
docs/authoring/catalog-remediation-20260927/repairs/04.09.json	2978
docs/authoring/catalog-remediation-20260927/repairs/04.10.json	3102
docs/authoring/catalog-remediation-20260927/repairs/05.01.json	2986
docs/authoring/catalog-remediation-20260927/repairs/05.02.json	3039
docs/authoring/catalog-remediation-20260927/repairs/05.03.json	3008
docs/authoring/catalog-remediation-20260927/repairs/05.04.json	3007
docs/authoring/catalog-remediation-20260927/repairs/05.05.json	3346
docs/authoring/catalog-remediation-20260927/repairs/05.06.json	2938
docs/authoring/catalog-remediation-20260927/repairs/05.07.json	2954
docs/authoring/catalog-remediation-20260927/repairs/05.08.json	2773
docs/authoring/catalog-remediation-20260927/repairs/05.09.json	3026
docs/authoring/catalog-remediation-20260927/repairs/05.10.json	2892
docs/authoring/catalog-remediation-20260927/repairs/05.11.json	3022
docs/authoring/catalog-remediation-20260927/repairs/05.12.json	3384
docs/authoring/catalog-remediation-20260927/repairs/06.01.json	2934
docs/authoring/catalog-remediation-20260927/repairs/06.02.json	2996
docs/authoring/catalog-remediation-20260927/repairs/06.03.json	3097
docs/authoring/catalog-remediation-20260927/repairs/06.04.json	3134
docs/authoring/catalog-remediation-20260927/repairs/06.05.json	3117
docs/authoring/catalog-remediation-20260927/repairs/06.06.json	3052
docs/authoring/catalog-remediation-20260927/repairs/06.07.json	3084
docs/authoring/catalog-remediation-20260927/repairs/06.08.json	3079
docs/authoring/catalog-remediation-20260927/repairs/06.09.json	2950
docs/authoring/catalog-remediation-20260927/repairs/06.10.json	2977
docs/authoring/catalog-remediation-20260927/repairs/06.11.json	3084
docs/authoring/catalog-remediation-20260927/repairs/06.12.json	3426
docs/authoring/catalog-remediation-20260927/repairs/06.13.json	3061
docs/authoring/catalog-remediation-20260927/repairs/06.14.json	3354
docs/authoring/catalog-remediation-20260927/repairs/13.01.json	2934
docs/authoring/catalog-remediation-20260927/repairs/13.02.json	3112
docs/authoring/catalog-remediation-20260927/repairs/13.03.json	3071
docs/authoring/catalog-remediation-20260927/repairs/13.04.json	4368
docs/authoring/catalog-remediation-20260927/repairs/13.05.json	3545
docs/authoring/catalog-remediation-20260927/repairs/13.06.json	3479
docs/authoring/catalog-remediation-20260927/repairs/13.07.json	3255
docs/authoring/catalog-remediation-20260927/repairs/13.08.json	3212
docs/authoring/catalog-remediation-20260927/repairs/13.09.json	3110
docs/authoring/catalog-remediation-20260927/repairs/13.10.json	3066
docs/authoring/catalog-remediation-20260927/repairs/13.11.json	3275
docs/authoring/catalog-remediation-20260927/repairs/13.12.json	3065
docs/authoring/catalog-remediation-20260927/repairs/13.13.json	2953
docs/authoring/catalog-remediation-20260927/repairs/13.14.json	3111
docs/authoring/catalog-remediation-20260927/repairs/13.15.json	3937
docs/authoring/catalog-remediation-20260927/reports-check.txt	38
docs/authoring/catalog-remediation-20260927/runtime-baselines/01.01.yaml	24000
docs/authoring/catalog-remediation-20260927/runtime-baselines/01.02.yaml	22817
docs/authoring/catalog-remediation-20260927/runtime-baselines/01.03.yaml	22276
docs/authoring/catalog-remediation-20260927/runtime-baselines/01.04.yaml	22464
docs/authoring/catalog-remediation-20260927/runtime-baselines/01.05.yaml	22303
docs/authoring/catalog-remediation-20260927/runtime-baselines/01.06.yaml	22899
docs/authoring/catalog-remediation-20260927/runtime-baselines/01.07.yaml	22321
docs/authoring/catalog-remediation-20260927/runtime-baselines/01.08.yaml	22276
docs/authoring/catalog-remediation-20260927/runtime-baselines/01.09.yaml	23369
docs/authoring/catalog-remediation-20260927/runtime-baselines/01.10.yaml	22799
docs/authoring/catalog-remediation-20260927/runtime-baselines/01.11.yaml	23914
docs/authoring/catalog-remediation-20260927/runtime-baselines/02.01.yaml	24922
docs/authoring/catalog-remediation-20260927/runtime-baselines/02.02.yaml	22172
docs/authoring/catalog-remediation-20260927/runtime-baselines/02.03.yaml	22993
docs/authoring/catalog-remediation-20260927/runtime-baselines/02.04.yaml	22863
docs/authoring/catalog-remediation-20260927/runtime-baselines/02.05.yaml	22966
docs/authoring/catalog-remediation-20260927/runtime-baselines/02.06.yaml	22981
docs/authoring/catalog-remediation-20260927/runtime-baselines/02.07.yaml	22004
docs/authoring/catalog-remediation-20260927/runtime-baselines/02.08.yaml	22702
docs/authoring/catalog-remediation-20260927/runtime-baselines/02.09.yaml	22593
docs/authoring/catalog-remediation-20260927/runtime-baselines/02.10.yaml	22609
docs/authoring/catalog-remediation-20260927/runtime-baselines/02.11.yaml	22917
docs/authoring/catalog-remediation-20260927/runtime-baselines/02.12.yaml	23135
docs/authoring/catalog-remediation-20260927/runtime-baselines/02.13.yaml	24331
docs/authoring/catalog-remediation-20260927/runtime-baselines/02.14.yaml	24855
docs/authoring/catalog-remediation-20260927/runtime-baselines/02.15.yaml	24645
docs/authoring/catalog-remediation-20260927/runtime-baselines/03.01.yaml	29231
docs/authoring/catalog-remediation-20260927/runtime-baselines/03.02.yaml	30524
docs/authoring/catalog-remediation-20260927/runtime-baselines/03.03.yaml	28447
docs/authoring/catalog-remediation-20260927/runtime-baselines/03.04.yaml	27004
docs/authoring/catalog-remediation-20260927/runtime-baselines/03.05.yaml	26141
docs/authoring/catalog-remediation-20260927/runtime-baselines/03.06.yaml	26829
docs/authoring/catalog-remediation-20260927/runtime-baselines/03.07.yaml	28074
docs/authoring/catalog-remediation-20260927/runtime-baselines/03.08.yaml	27937
docs/authoring/catalog-remediation-20260927/runtime-baselines/03.09.yaml	26861
docs/authoring/catalog-remediation-20260927/runtime-baselines/03.10.yaml	29550
docs/authoring/catalog-remediation-20260927/runtime-baselines/03.11.yaml	29220
docs/authoring/catalog-remediation-20260927/runtime-baselines/03.12.yaml	30085
docs/authoring/catalog-remediation-20260927/runtime-baselines/03.13.yaml	29669
docs/authoring/catalog-remediation-20260927/runtime-baselines/04.01.yaml	27401
docs/authoring/catalog-remediation-20260927/runtime-baselines/04.02.yaml	26079
docs/authoring/catalog-remediation-20260927/runtime-baselines/04.03.yaml	27561
docs/authoring/catalog-remediation-20260927/runtime-baselines/04.04.yaml	28092
docs/authoring/catalog-remediation-20260927/runtime-baselines/04.05.yaml	27713
docs/authoring/catalog-remediation-20260927/runtime-baselines/04.06.yaml	27341
docs/authoring/catalog-remediation-20260927/runtime-baselines/04.07.yaml	29211
docs/authoring/catalog-remediation-20260927/runtime-baselines/04.08.yaml	31027
docs/authoring/catalog-remediation-20260927/runtime-baselines/04.09.yaml	26009
docs/authoring/catalog-remediation-20260927/runtime-baselines/04.10.yaml	29460
docs/authoring/catalog-remediation-20260927/runtime-baselines/05.01.yaml	25879
docs/authoring/catalog-remediation-20260927/runtime-baselines/05.02.yaml	23228
docs/authoring/catalog-remediation-20260927/runtime-baselines/05.03.yaml	25116
docs/authoring/catalog-remediation-20260927/runtime-baselines/05.04.yaml	24758
docs/authoring/catalog-remediation-20260927/runtime-baselines/05.05.yaml	24300
docs/authoring/catalog-remediation-20260927/runtime-baselines/05.06.yaml	24674
docs/authoring/catalog-remediation-20260927/runtime-baselines/05.07.yaml	25364
docs/authoring/catalog-remediation-20260927/runtime-baselines/05.08.yaml	24523
docs/authoring/catalog-remediation-20260927/runtime-baselines/05.09.yaml	24016
docs/authoring/catalog-remediation-20260927/runtime-baselines/05.10.yaml	25051
docs/authoring/catalog-remediation-20260927/runtime-baselines/05.11.yaml	25455
docs/authoring/catalog-remediation-20260927/runtime-baselines/05.12.yaml	25886
docs/authoring/catalog-remediation-20260927/runtime-baselines/06.01.yaml	28175
docs/authoring/catalog-remediation-20260927/runtime-baselines/06.02.yaml	30434
docs/authoring/catalog-remediation-20260927/runtime-baselines/06.03.yaml	29921
docs/authoring/catalog-remediation-20260927/runtime-baselines/06.04.yaml	29985
docs/authoring/catalog-remediation-20260927/runtime-baselines/06.05.yaml	30815
docs/authoring/catalog-remediation-20260927/runtime-baselines/06.06.yaml	30357
docs/authoring/catalog-remediation-20260927/runtime-baselines/06.07.yaml	29991
docs/authoring/catalog-remediation-20260927/runtime-baselines/06.08.yaml	30061
docs/authoring/catalog-remediation-20260927/runtime-baselines/06.09.yaml	30882
docs/authoring/catalog-remediation-20260927/runtime-baselines/06.10.yaml	28852
docs/authoring/catalog-remediation-20260927/runtime-baselines/06.11.yaml	30551
docs/authoring/catalog-remediation-20260927/runtime-baselines/06.12.yaml	31630
docs/authoring/catalog-remediation-20260927/runtime-baselines/06.13.yaml	30621
docs/authoring/catalog-remediation-20260927/runtime-baselines/06.14.yaml	31285
docs/authoring/catalog-remediation-20260927/runtime-baselines/13.01.yaml	23185
docs/authoring/catalog-remediation-20260927/runtime-baselines/13.02.yaml	24790
docs/authoring/catalog-remediation-20260927/runtime-baselines/13.03.yaml	23840
docs/authoring/catalog-remediation-20260927/runtime-baselines/13.04.yaml	23587
docs/authoring/catalog-remediation-20260927/runtime-baselines/13.05.yaml	24491
docs/authoring/catalog-remediation-20260927/runtime-baselines/13.06.yaml	24739
docs/authoring/catalog-remediation-20260927/runtime-baselines/13.07.yaml	25037
docs/authoring/catalog-remediation-20260927/runtime-baselines/13.08.yaml	23613
docs/authoring/catalog-remediation-20260927/runtime-baselines/13.09.yaml	23639
docs/authoring/catalog-remediation-20260927/runtime-baselines/13.10.yaml	23510
docs/authoring/catalog-remediation-20260927/runtime-baselines/13.11.yaml	24024
docs/authoring/catalog-remediation-20260927/runtime-baselines/13.12.yaml	23093
docs/authoring/catalog-remediation-20260927/runtime-baselines/13.13.yaml	23508
docs/authoring/catalog-remediation-20260927/runtime-baselines/13.14.yaml	24001
docs/authoring/catalog-remediation-20260927/runtime-baselines/13.15.yaml	23794
docs/authoring/catalog-remediation-20260927/similarity.json	264993
docs/authoring/catalog-remediation-20260927/source-fingerprints.json	178368
docs/authoring/catalog-remediation-20260927/source-tests.txt	1336
docs/authoring/catalog-remediation-20260927/source-verification.json	684
docs/authoring/catalog-remediation-20260927/verification.json	2953
docs/authoring/catalog-remediation-20260927/verify.py	11018
docs/authoring/civic-participation/20.01/SCOPE-MAP.md	2896
docs/authoring/civic-participation/20.01/check-answers.md	716
docs/authoring/civic-participation/20.01/check-prompts.md	480
docs/authoring/civic-participation/20.01/later-packet.md	1141
docs/authoring/civic-participation/20.01/learner-guide.md	7168
docs/authoring/civic-participation/20.02/SCOPE-MAP.md	2908
docs/authoring/civic-participation/20.02/check-answers.md	698
docs/authoring/civic-participation/20.02/check-prompts.md	433
docs/authoring/civic-participation/20.02/later-packet.md	1213
docs/authoring/civic-participation/20.02/learner-guide.md	6753
docs/authoring/civic-participation/20.03/SCOPE-MAP.md	2778
docs/authoring/civic-participation/20.03/check-answers.md	710
docs/authoring/civic-participation/20.03/check-prompts.md	511
docs/authoring/civic-participation/20.03/later-packet.md	1265
docs/authoring/civic-participation/20.03/learner-guide.md	6999
docs/authoring/civic-participation/20.04/SCOPE-MAP.md	2919
docs/authoring/civic-participation/20.04/check-answers.md	721
docs/authoring/civic-participation/20.04/check-prompts.md	720
docs/authoring/civic-participation/20.04/later-packet.md	1255
docs/authoring/civic-participation/20.04/learner-guide.md	7246
docs/authoring/civic-participation/20.05/SCOPE-MAP.md	2829
docs/authoring/civic-participation/20.05/check-answers.md	682
docs/authoring/civic-participation/20.05/check-prompts.md	447
docs/authoring/civic-participation/20.05/later-packet.md	1149
docs/authoring/civic-participation/20.05/learner-guide.md	7413
docs/authoring/civic-participation/20.06/SCOPE-MAP.md	2865
docs/authoring/civic-participation/20.06/check-answers.md	665
docs/authoring/civic-participation/20.06/check-prompts.md	645
docs/authoring/civic-participation/20.06/later-packet.md	1251
docs/authoring/civic-participation/20.06/learner-guide.md	7521
docs/authoring/civic-participation/20.07/SCOPE-MAP.md	2852
docs/authoring/civic-participation/20.07/check-answers.md	859
docs/authoring/civic-participation/20.07/check-prompts.md	495
docs/authoring/civic-participation/20.07/later-packet.md	1155
docs/authoring/civic-participation/20.07/learner-guide.md	6939
docs/authoring/civic-participation/20.08/SCOPE-MAP.md	2823
docs/authoring/civic-participation/20.08/check-answers.md	1007
docs/authoring/civic-participation/20.08/check-prompts.md	1172
docs/authoring/civic-participation/20.08/later-packet.md	1206
docs/authoring/civic-participation/20.08/learner-guide.md	8111
docs/authoring/civic-participation/20.09/SCOPE-MAP.md	2866
docs/authoring/civic-participation/20.09/check-answers.md	1081
docs/authoring/civic-participation/20.09/check-prompts.md	1134
docs/authoring/civic-participation/20.09/later-packet.md	1339
docs/authoring/civic-participation/20.09/learner-guide.md	7330
docs/authoring/civic-participation/20.10/SCOPE-MAP.md	2861
docs/authoring/civic-participation/20.10/check-answers.md	717
docs/authoring/civic-participation/20.10/check-prompts.md	490
docs/authoring/civic-participation/20.10/later-packet.md	1297
docs/authoring/civic-participation/20.10/learner-guide.md	7929
docs/authoring/civic-participation/20.11/SCOPE-MAP.md	2770
docs/authoring/civic-participation/20.11/check-answers.md	824
docs/authoring/civic-participation/20.11/check-prompts.md	509
docs/authoring/civic-participation/20.11/later-packet.md	1447
docs/authoring/civic-participation/20.11/learner-guide.md	7281
docs/authoring/civic-participation/20.12/SCOPE-MAP.md	3002
docs/authoring/civic-participation/20.12/check-answers.md	984
docs/authoring/civic-participation/20.12/check-prompts.md	803
docs/authoring/civic-participation/20.12/later-packet.md	1394
docs/authoring/civic-participation/20.12/learner-guide.md	8003
docs/authoring/civic-participation/QUALITY-REVIEW.md	20554
docs/authoring/civic-participation/README.md	3775
docs/authoring/civic-participation/SOURCES.md	10117
docs/authoring/civic-participation/cohort.json	35692
docs/authoring/civic-participation/fixtures.json	5160
docs/authoring/civic-participation/sources.json	11648
docs/authoring/civic-participation/verification.json	55426
docs/authoring/civic-work-foundations/20.13/SCOPE-MAP.md	2967
docs/authoring/civic-work-foundations/20.13/check-answers.md	751
docs/authoring/civic-work-foundations/20.13/check-prompts.md	529
docs/authoring/civic-work-foundations/20.13/later-packet.md	1183
docs/authoring/civic-work-foundations/20.13/learner-guide.md	7284
docs/authoring/civic-work-foundations/20.14/SCOPE-MAP.md	3038
docs/authoring/civic-work-foundations/20.14/check-answers.md	801
docs/authoring/civic-work-foundations/20.14/check-prompts.md	469
docs/authoring/civic-work-foundations/20.14/later-packet.md	1167
docs/authoring/civic-work-foundations/20.14/learner-guide.md	7441
docs/authoring/civic-work-foundations/20.15/SCOPE-MAP.md	3041
docs/authoring/civic-work-foundations/20.15/check-answers.md	1242
docs/authoring/civic-work-foundations/20.15/check-prompts.md	1079
docs/authoring/civic-work-foundations/20.15/later-packet.md	1266
docs/authoring/civic-work-foundations/20.15/learner-guide.md	7645
docs/authoring/civic-work-foundations/20.16/SCOPE-MAP.md	2936
docs/authoring/civic-work-foundations/20.16/check-answers.md	694
docs/authoring/civic-work-foundations/20.16/check-prompts.md	470
docs/authoring/civic-work-foundations/20.16/later-packet.md	1129
docs/authoring/civic-work-foundations/20.16/learner-guide.md	7443
docs/authoring/civic-work-foundations/20.17/SCOPE-MAP.md	3034
docs/authoring/civic-work-foundations/20.17/check-answers.md	738
docs/authoring/civic-work-foundations/20.17/check-prompts.md	672
docs/authoring/civic-work-foundations/20.17/later-packet.md	1340
docs/authoring/civic-work-foundations/20.17/learner-guide.md	7413
docs/authoring/civic-work-foundations/20.18/SCOPE-MAP.md	3004
docs/authoring/civic-work-foundations/20.18/check-answers.md	782
docs/authoring/civic-work-foundations/20.18/check-prompts.md	659
docs/authoring/civic-work-foundations/20.18/later-packet.md	1211
docs/authoring/civic-work-foundations/20.18/learner-guide.md	7834
docs/authoring/civic-work-foundations/21.01/SCOPE-MAP.md	2888
docs/authoring/civic-work-foundations/21.01/check-answers.md	689
docs/authoring/civic-work-foundations/21.01/check-prompts.md	489
docs/authoring/civic-work-foundations/21.01/later-packet.md	1150
docs/authoring/civic-work-foundations/21.01/learner-guide.md	7466
docs/authoring/civic-work-foundations/21.02/SCOPE-MAP.md	2752
docs/authoring/civic-work-foundations/21.02/check-answers.md	748
docs/authoring/civic-work-foundations/21.02/check-prompts.md	694
docs/authoring/civic-work-foundations/21.02/later-packet.md	1231
docs/authoring/civic-work-foundations/21.02/learner-guide.md	6853
docs/authoring/civic-work-foundations/21.04/SCOPE-MAP.md	2736
docs/authoring/civic-work-foundations/21.04/check-answers.md	1036
docs/authoring/civic-work-foundations/21.04/check-prompts.md	1010
docs/authoring/civic-work-foundations/21.04/later-packet.md	1273
docs/authoring/civic-work-foundations/21.04/learner-guide.md	7457
docs/authoring/civic-work-foundations/21.05/SCOPE-MAP.md	2836
docs/authoring/civic-work-foundations/21.05/check-answers.md	742
docs/authoring/civic-work-foundations/21.05/check-prompts.md	463
docs/authoring/civic-work-foundations/21.05/later-packet.md	1170
docs/authoring/civic-work-foundations/21.05/learner-guide.md	7200
docs/authoring/civic-work-foundations/21.06/SCOPE-MAP.md	2807
docs/authoring/civic-work-foundations/21.06/check-answers.md	666
docs/authoring/civic-work-foundations/21.06/check-prompts.md	466
docs/authoring/civic-work-foundations/21.06/later-packet.md	1162
docs/authoring/civic-work-foundations/21.06/learner-guide.md	7197
docs/authoring/civic-work-foundations/21.07/SCOPE-MAP.md	2808
docs/authoring/civic-work-foundations/21.07/check-answers.md	695
docs/authoring/civic-work-foundations/21.07/check-prompts.md	710
docs/authoring/civic-work-foundations/21.07/later-packet.md	1202
docs/authoring/civic-work-foundations/21.07/learner-guide.md	7329
docs/authoring/civic-work-foundations/QUALITY-REVIEW.md	20343
docs/authoring/civic-work-foundations/README.md	3816
docs/authoring/civic-work-foundations/SOURCES.md	9247
docs/authoring/civic-work-foundations/cohort.json	35960
docs/authoring/civic-work-foundations/fixtures.json	6325
docs/authoring/civic-work-foundations/sources.json	10002
docs/authoring/civic-work-foundations/verification.json	51707
docs/authoring/communication-influence/16.02/SCOPE-MAP.md	2455
docs/authoring/communication-influence/16.02/check-answers.md	1017
docs/authoring/communication-influence/16.02/check-prompts.md	624
docs/authoring/communication-influence/16.02/later-packet.md	1376
docs/authoring/communication-influence/16.02/learner-guide.md	6634
docs/authoring/communication-influence/16.03/SCOPE-MAP.md	2702
docs/authoring/communication-influence/16.03/check-answers.md	914
docs/authoring/communication-influence/16.03/check-prompts.md	542
docs/authoring/communication-influence/16.03/later-packet.md	1277
docs/authoring/communication-influence/16.03/learner-guide.md	6717
docs/authoring/communication-influence/16.04/SCOPE-MAP.md	2398
docs/authoring/communication-influence/16.04/check-answers.md	839
docs/authoring/communication-influence/16.04/check-prompts.md	505
docs/authoring/communication-influence/16.04/later-packet.md	1184
docs/authoring/communication-influence/16.04/learner-guide.md	6533
docs/authoring/communication-influence/16.05/SCOPE-MAP.md	2474
docs/authoring/communication-influence/16.05/check-answers.md	880
docs/authoring/communication-influence/16.05/check-prompts.md	490
docs/authoring/communication-influence/16.05/later-packet.md	1221
docs/authoring/communication-influence/16.05/learner-guide.md	6707
docs/authoring/communication-influence/16.06/SCOPE-MAP.md	2423
docs/authoring/communication-influence/16.06/check-answers.md	791
docs/authoring/communication-influence/16.06/check-prompts.md	580
docs/authoring/communication-influence/16.06/later-packet.md	1065
docs/authoring/communication-influence/16.06/learner-guide.md	6735
docs/authoring/communication-influence/16.07/SCOPE-MAP.md	2510
docs/authoring/communication-influence/16.07/check-answers.md	858
docs/authoring/communication-influence/16.07/check-prompts.md	448
docs/authoring/communication-influence/16.07/later-packet.md	1254
docs/authoring/communication-influence/16.07/learner-guide.md	6855
docs/authoring/communication-influence/16.08/SCOPE-MAP.md	2491
docs/authoring/communication-influence/16.08/check-answers.md	929
docs/authoring/communication-influence/16.08/check-prompts.md	513
docs/authoring/communication-influence/16.08/later-packet.md	1096
docs/authoring/communication-influence/16.08/learner-guide.md	6747
docs/authoring/communication-influence/16.09/SCOPE-MAP.md	2430
docs/authoring/communication-influence/16.09/check-answers.md	933
docs/authoring/communication-influence/16.09/check-prompts.md	433
docs/authoring/communication-influence/16.09/later-packet.md	1156
docs/authoring/communication-influence/16.09/learner-guide.md	6530
docs/authoring/communication-influence/16.10/SCOPE-MAP.md	2369
docs/authoring/communication-influence/16.10/check-answers.md	849
docs/authoring/communication-influence/16.10/check-prompts.md	535
docs/authoring/communication-influence/16.10/later-packet.md	1192
docs/authoring/communication-influence/16.10/learner-guide.md	6863
docs/authoring/communication-influence/16.11/SCOPE-MAP.md	2466
docs/authoring/communication-influence/16.11/check-answers.md	867
docs/authoring/communication-influence/16.11/check-prompts.md	558
docs/authoring/communication-influence/16.11/later-packet.md	1164
docs/authoring/communication-influence/16.11/learner-guide.md	6690
docs/authoring/communication-influence/16.12/SCOPE-MAP.md	2492
docs/authoring/communication-influence/16.12/check-answers.md	860
docs/authoring/communication-influence/16.12/check-prompts.md	467
docs/authoring/communication-influence/16.12/later-packet.md	1271
docs/authoring/communication-influence/16.12/learner-guide.md	6879
docs/authoring/communication-influence/16.13/SCOPE-MAP.md	2459
docs/authoring/communication-influence/16.13/check-answers.md	1274
docs/authoring/communication-influence/16.13/check-prompts.md	778
docs/authoring/communication-influence/16.13/later-packet.md	1261
docs/authoring/communication-influence/16.13/learner-guide.md	7199
docs/authoring/communication-influence/QUALITY-REVIEW.md	16938
docs/authoring/communication-influence/README.md	4022
docs/authoring/communication-influence/SOURCES.md	11650
docs/authoring/communication-influence/cohort.json	13289
docs/authoring/communication-influence/fixtures.json	4791
docs/authoring/communication-influence/sources.json	11684
docs/authoring/communication-influence/verification.json	17335
docs/authoring/creative-culture-leisure/25.06/SCOPE-MAP.md	2619
docs/authoring/creative-culture-leisure/25.06/check-answers.md	676
docs/authoring/creative-culture-leisure/25.06/check-prompts.md	444
docs/authoring/creative-culture-leisure/25.06/later-packet.md	1390
docs/authoring/creative-culture-leisure/25.06/learner-guide.md	8165
docs/authoring/creative-culture-leisure/25.07/SCOPE-MAP.md	2546
docs/authoring/creative-culture-leisure/25.07/check-answers.md	571
docs/authoring/creative-culture-leisure/25.07/check-prompts.md	395
docs/authoring/creative-culture-leisure/25.07/later-packet.md	1349
docs/authoring/creative-culture-leisure/25.07/learner-guide.md	8264
docs/authoring/creative-culture-leisure/25.08/SCOPE-MAP.md	2538
docs/authoring/creative-culture-leisure/25.08/check-answers.md	537
docs/authoring/creative-culture-leisure/25.08/check-prompts.md	458
docs/authoring/creative-culture-leisure/25.08/later-packet.md	1369
docs/authoring/creative-culture-leisure/25.08/learner-guide.md	8165
docs/authoring/creative-culture-leisure/25.09/SCOPE-MAP.md	2609
docs/authoring/creative-culture-leisure/25.09/check-answers.md	666
docs/authoring/creative-culture-leisure/25.09/check-prompts.md	477
docs/authoring/creative-culture-leisure/25.09/later-packet.md	1663
docs/authoring/creative-culture-leisure/25.09/learner-guide.md	7754
docs/authoring/creative-culture-leisure/25.10/SCOPE-MAP.md	2633
docs/authoring/creative-culture-leisure/25.10/check-answers.md	740
docs/authoring/creative-culture-leisure/25.10/check-prompts.md	470
docs/authoring/creative-culture-leisure/25.10/later-packet.md	1437
docs/authoring/creative-culture-leisure/25.10/learner-guide.md	9067
docs/authoring/creative-culture-leisure/25.11/SCOPE-MAP.md	2584
docs/authoring/creative-culture-leisure/25.11/check-answers.md	597
docs/authoring/creative-culture-leisure/25.11/check-prompts.md	428
docs/authoring/creative-culture-leisure/25.11/later-packet.md	1107
docs/authoring/creative-culture-leisure/25.11/learner-guide.md	7547
docs/authoring/creative-culture-leisure/25.12/SCOPE-MAP.md	2699
docs/authoring/creative-culture-leisure/25.12/check-answers.md	725
docs/authoring/creative-culture-leisure/25.12/check-prompts.md	422
docs/authoring/creative-culture-leisure/25.12/later-packet.md	1187
docs/authoring/creative-culture-leisure/25.12/learner-guide.md	7917
docs/authoring/creative-culture-leisure/25.13/SCOPE-MAP.md	2712
docs/authoring/creative-culture-leisure/25.13/check-answers.md	696
docs/authoring/creative-culture-leisure/25.13/check-prompts.md	485
docs/authoring/creative-culture-leisure/25.13/later-packet.md	1196
docs/authoring/creative-culture-leisure/25.13/learner-guide.md	8648
docs/authoring/creative-culture-leisure/26.01/SCOPE-MAP.md	4342
docs/authoring/creative-culture-leisure/26.01/check-answers.md	701
docs/authoring/creative-culture-leisure/26.01/check-prompts.md	518
docs/authoring/creative-culture-leisure/26.01/later-packet.md	1411
docs/authoring/creative-culture-leisure/26.01/learner-guide.md	7574
docs/authoring/creative-culture-leisure/26.02/SCOPE-MAP.md	2640
docs/authoring/creative-culture-leisure/26.02/check-answers.md	695
docs/authoring/creative-culture-leisure/26.02/check-prompts.md	386
docs/authoring/creative-culture-leisure/26.02/later-packet.md	1392
docs/authoring/creative-culture-leisure/26.02/learner-guide.md	7727
docs/authoring/creative-culture-leisure/26.03/SCOPE-MAP.md	2634
docs/authoring/creative-culture-leisure/26.03/check-answers.md	708
docs/authoring/creative-culture-leisure/26.03/check-prompts.md	455
docs/authoring/creative-culture-leisure/26.03/later-packet.md	1544
docs/authoring/creative-culture-leisure/26.03/learner-guide.md	7710
docs/authoring/creative-culture-leisure/26.04/SCOPE-MAP.md	2671
docs/authoring/creative-culture-leisure/26.04/check-answers.md	646
docs/authoring/creative-culture-leisure/26.04/check-prompts.md	495
docs/authoring/creative-culture-leisure/26.04/later-packet.md	1827
docs/authoring/creative-culture-leisure/26.04/learner-guide.md	7814
docs/authoring/creative-culture-leisure/QUALITY-REVIEW.md	18780
docs/authoring/creative-culture-leisure/README.md	3639
docs/authoring/creative-culture-leisure/SOURCES.md	9346
docs/authoring/creative-culture-leisure/cohort.json	57160
docs/authoring/creative-culture-leisure/fixtures.json	4264
docs/authoring/creative-culture-leisure/sources.json	9710
docs/authoring/creative-culture-leisure/verification.json	20247
docs/authoring/digital-judgment-preparedness/14.05/SCOPE-MAP.md	2905
docs/authoring/digital-judgment-preparedness/14.05/check-answers.md	852
docs/authoring/digital-judgment-preparedness/14.05/check-prompts.md	548
docs/authoring/digital-judgment-preparedness/14.05/later-packet.md	1648
docs/authoring/digital-judgment-preparedness/14.05/learner-guide.md	7887
docs/authoring/digital-judgment-preparedness/14.06/SCOPE-MAP.md	2835
docs/authoring/digital-judgment-preparedness/14.06/check-answers.md	792
docs/authoring/digital-judgment-preparedness/14.06/check-prompts.md	521
docs/authoring/digital-judgment-preparedness/14.06/later-packet.md	1478
docs/authoring/digital-judgment-preparedness/14.06/learner-guide.md	8185
docs/authoring/digital-judgment-preparedness/14.07/SCOPE-MAP.md	2789
docs/authoring/digital-judgment-preparedness/14.07/check-answers.md	982
docs/authoring/digital-judgment-preparedness/14.07/check-prompts.md	621
docs/authoring/digital-judgment-preparedness/14.07/later-packet.md	1524
docs/authoring/digital-judgment-preparedness/14.07/learner-guide.md	7458
docs/authoring/digital-judgment-preparedness/14.08/SCOPE-MAP.md	2592
docs/authoring/digital-judgment-preparedness/14.08/check-answers.md	824
docs/authoring/digital-judgment-preparedness/14.08/check-prompts.md	535
docs/authoring/digital-judgment-preparedness/14.08/later-packet.md	1422
docs/authoring/digital-judgment-preparedness/14.08/learner-guide.md	7575
docs/authoring/digital-judgment-preparedness/14.09/SCOPE-MAP.md	2730
docs/authoring/digital-judgment-preparedness/14.09/check-answers.md	695
docs/authoring/digital-judgment-preparedness/14.09/check-prompts.md	553
docs/authoring/digital-judgment-preparedness/14.09/later-packet.md	1341
docs/authoring/digital-judgment-preparedness/14.09/learner-guide.md	7194
docs/authoring/digital-judgment-preparedness/14.10/SCOPE-MAP.md	2617
docs/authoring/digital-judgment-preparedness/14.10/check-answers.md	852
docs/authoring/digital-judgment-preparedness/14.10/check-prompts.md	542
docs/authoring/digital-judgment-preparedness/14.10/later-packet.md	1506
docs/authoring/digital-judgment-preparedness/14.10/learner-guide.md	7347
docs/authoring/digital-judgment-preparedness/14.11/SCOPE-MAP.md	2812
docs/authoring/digital-judgment-preparedness/14.11/check-answers.md	868
docs/authoring/digital-judgment-preparedness/14.11/check-prompts.md	531
docs/authoring/digital-judgment-preparedness/14.11/later-packet.md	1532
docs/authoring/digital-judgment-preparedness/14.11/learner-guide.md	8404
docs/authoring/digital-judgment-preparedness/14.12/SCOPE-MAP.md	2625
docs/authoring/digital-judgment-preparedness/14.12/check-answers.md	803
docs/authoring/digital-judgment-preparedness/14.12/check-prompts.md	522
docs/authoring/digital-judgment-preparedness/14.12/later-packet.md	1706
docs/authoring/digital-judgment-preparedness/14.12/learner-guide.md	7403
docs/authoring/digital-judgment-preparedness/14.12/materials/README.md	669
docs/authoring/digital-judgment-preparedness/14.12/materials/event-v1.txt	251
docs/authoring/digital-judgment-preparedness/14.12/materials/event-v2.txt	270
docs/authoring/digital-judgment-preparedness/14.12/materials/outbox.txt	138
docs/authoring/digital-judgment-preparedness/14.12/materials/server-receipts.txt	162
docs/authoring/digital-judgment-preparedness/14.13/SCOPE-MAP.md	2969
docs/authoring/digital-judgment-preparedness/14.13/check-answers.md	952
docs/authoring/digital-judgment-preparedness/14.13/check-prompts.md	551
docs/authoring/digital-judgment-preparedness/14.13/later-packet.md	1739
docs/authoring/digital-judgment-preparedness/14.13/learner-guide.md	8166
docs/authoring/digital-judgment-preparedness/15.01/SCOPE-MAP.md	3063
docs/authoring/digital-judgment-preparedness/15.01/check-answers.md	844
docs/authoring/digital-judgment-preparedness/15.01/check-prompts.md	600
docs/authoring/digital-judgment-preparedness/15.01/later-packet.md	1713
docs/authoring/digital-judgment-preparedness/15.01/learner-guide.md	8898
docs/authoring/digital-judgment-preparedness/15.02/SCOPE-MAP.md	3035
docs/authoring/digital-judgment-preparedness/15.02/check-answers.md	875
docs/authoring/digital-judgment-preparedness/15.02/check-prompts.md	513
docs/authoring/digital-judgment-preparedness/15.02/later-packet.md	1655
docs/authoring/digital-judgment-preparedness/15.02/learner-guide.md	8751
docs/authoring/digital-judgment-preparedness/15.03/SCOPE-MAP.md	2746
docs/authoring/digital-judgment-preparedness/15.03/check-answers.md	1097
docs/authoring/digital-judgment-preparedness/15.03/check-prompts.md	959
docs/authoring/digital-judgment-preparedness/15.03/later-packet.md	1514
docs/authoring/digital-judgment-preparedness/15.03/learner-guide.md	7818
docs/authoring/digital-judgment-preparedness/README.md	4139
docs/authoring/digital-judgment-preparedness/SOURCES.md	13168
docs/authoring/digital-judgment-preparedness/cohort.json	14469
docs/authoring/digital-judgment-preparedness/fixtures.json	7353
docs/authoring/digital-judgment-preparedness/verification.json	18813
docs/authoring/economics-creative/24.08/SCOPE-MAP.md	2798
docs/authoring/economics-creative/24.08/check-answers.md	613
docs/authoring/economics-creative/24.08/check-prompts.md	415
docs/authoring/economics-creative/24.08/later-packet.md	1479
docs/authoring/economics-creative/24.08/learner-guide.md	7930
docs/authoring/economics-creative/24.09/SCOPE-MAP.md	2835
docs/authoring/economics-creative/24.09/check-answers.md	580
docs/authoring/economics-creative/24.09/check-prompts.md	376
docs/authoring/economics-creative/24.09/later-packet.md	1587
docs/authoring/economics-creative/24.09/learner-guide.md	7748
docs/authoring/economics-creative/24.10/SCOPE-MAP.md	2765
docs/authoring/economics-creative/24.10/check-answers.md	517
docs/authoring/economics-creative/24.10/check-prompts.md	411
docs/authoring/economics-creative/24.10/later-packet.md	1499
docs/authoring/economics-creative/24.10/learner-guide.md	7749
docs/authoring/economics-creative/24.11/SCOPE-MAP.md	2836
docs/authoring/economics-creative/24.11/check-answers.md	617
docs/authoring/economics-creative/24.11/check-prompts.md	441
docs/authoring/economics-creative/24.11/later-packet.md	1499
docs/authoring/economics-creative/24.11/learner-guide.md	9156
docs/authoring/economics-creative/24.12/SCOPE-MAP.md	2853
docs/authoring/economics-creative/24.12/check-answers.md	617
docs/authoring/economics-creative/24.12/check-prompts.md	486
docs/authoring/economics-creative/24.12/later-packet.md	1518
docs/authoring/economics-creative/24.12/learner-guide.md	10560
docs/authoring/economics-creative/24.13/SCOPE-MAP.md	2819
docs/authoring/economics-creative/24.13/check-answers.md	610
docs/authoring/economics-creative/24.13/check-prompts.md	540
docs/authoring/economics-creative/24.13/later-packet.md	1428
docs/authoring/economics-creative/24.13/learner-guide.md	7970
docs/authoring/economics-creative/24.14/SCOPE-MAP.md	2798
docs/authoring/economics-creative/24.14/check-answers.md	635
docs/authoring/economics-creative/24.14/check-prompts.md	530
docs/authoring/economics-creative/24.14/later-packet.md	1439
docs/authoring/economics-creative/24.14/learner-guide.md	8818
docs/authoring/economics-creative/25.01/SCOPE-MAP.md	2775
docs/authoring/economics-creative/25.01/check-answers.md	639
docs/authoring/economics-creative/25.01/check-prompts.md	390
docs/authoring/economics-creative/25.01/later-packet.md	2593
docs/authoring/economics-creative/25.01/learner-guide.md	8469
docs/authoring/economics-creative/25.02/SCOPE-MAP.md	2707
docs/authoring/economics-creative/25.02/check-answers.md	643
docs/authoring/economics-creative/25.02/check-prompts.md	475
docs/authoring/economics-creative/25.02/later-packet.md	1462
docs/authoring/economics-creative/25.02/learner-guide.md	8212
docs/authoring/economics-creative/25.03/SCOPE-MAP.md	2706
docs/authoring/economics-creative/25.03/check-answers.md	616
docs/authoring/economics-creative/25.03/check-prompts.md	458
docs/authoring/economics-creative/25.03/later-packet.md	1524
docs/authoring/economics-creative/25.03/learner-guide.md	8725
docs/authoring/economics-creative/25.04/SCOPE-MAP.md	2678
docs/authoring/economics-creative/25.04/check-answers.md	630
docs/authoring/economics-creative/25.04/check-prompts.md	445
docs/authoring/economics-creative/25.04/later-packet.md	1635
docs/authoring/economics-creative/25.04/learner-guide.md	8288
docs/authoring/economics-creative/25.05/SCOPE-MAP.md	2739
docs/authoring/economics-creative/25.05/check-answers.md	654
docs/authoring/economics-creative/25.05/check-prompts.md	433
docs/authoring/economics-creative/25.05/later-packet.md	1509
docs/authoring/economics-creative/25.05/learner-guide.md	9154
docs/authoring/economics-creative/QUALITY-REVIEW.md	16634
docs/authoring/economics-creative/README.md	3613
docs/authoring/economics-creative/SOURCES.md	12631
docs/authoring/economics-creative/cohort.json	40712
docs/authoring/economics-creative/fixtures.json	5208
docs/authoring/economics-creative/sources.json	13817
docs/authoring/economics-creative/verification.json	47558
docs/authoring/emotional-foundations/07.01/SCOPE-MAP.md	2506
docs/authoring/emotional-foundations/07.01/check-answers.md	1045
docs/authoring/emotional-foundations/07.01/check-prompts.md	797
docs/authoring/emotional-foundations/07.01/later-packet.md	795
docs/authoring/emotional-foundations/07.01/learner-guide.md	4822
docs/authoring/emotional-foundations/07.02/SCOPE-MAP.md	2510
docs/authoring/emotional-foundations/07.02/check-answers.md	628
docs/authoring/emotional-foundations/07.02/check-prompts.md	438
docs/authoring/emotional-foundations/07.02/later-packet.md	792
docs/authoring/emotional-foundations/07.02/learner-guide.md	4729
docs/authoring/emotional-foundations/07.03/SCOPE-MAP.md	2554
docs/authoring/emotional-foundations/07.03/check-answers.md	978
docs/authoring/emotional-foundations/07.03/check-prompts.md	820
docs/authoring/emotional-foundations/07.03/later-packet.md	844
docs/authoring/emotional-foundations/07.03/learner-guide.md	4688
docs/authoring/emotional-foundations/07.04/SCOPE-MAP.md	2526
docs/authoring/emotional-foundations/07.04/check-answers.md	704
docs/authoring/emotional-foundations/07.04/check-prompts.md	450
docs/authoring/emotional-foundations/07.04/later-packet.md	1029
docs/authoring/emotional-foundations/07.04/learner-guide.md	4728
docs/authoring/emotional-foundations/07.05/SCOPE-MAP.md	2515
docs/authoring/emotional-foundations/07.05/check-answers.md	669
docs/authoring/emotional-foundations/07.05/check-prompts.md	431
docs/authoring/emotional-foundations/07.05/later-packet.md	906
docs/authoring/emotional-foundations/07.05/learner-guide.md	4641
docs/authoring/emotional-foundations/07.06/SCOPE-MAP.md	2497
docs/authoring/emotional-foundations/07.06/check-answers.md	625
docs/authoring/emotional-foundations/07.06/check-prompts.md	396
docs/authoring/emotional-foundations/07.06/later-packet.md	746
docs/authoring/emotional-foundations/07.06/learner-guide.md	4804
docs/authoring/emotional-foundations/07.07/SCOPE-MAP.md	2502
docs/authoring/emotional-foundations/07.07/check-answers.md	645
docs/authoring/emotional-foundations/07.07/check-prompts.md	416
docs/authoring/emotional-foundations/07.07/later-packet.md	808
docs/authoring/emotional-foundations/07.07/learner-guide.md	4659
docs/authoring/emotional-foundations/07.08/SCOPE-MAP.md	2555
docs/authoring/emotional-foundations/07.08/check-answers.md	1038
docs/authoring/emotional-foundations/07.08/check-prompts.md	795
docs/authoring/emotional-foundations/07.08/later-packet.md	785
docs/authoring/emotional-foundations/07.08/learner-guide.md	4634
docs/authoring/emotional-foundations/07.09/SCOPE-MAP.md	2577
docs/authoring/emotional-foundations/07.09/check-answers.md	627
docs/authoring/emotional-foundations/07.09/check-prompts.md	411
docs/authoring/emotional-foundations/07.09/later-packet.md	862
docs/authoring/emotional-foundations/07.09/learner-guide.md	4651
docs/authoring/emotional-foundations/07.10/SCOPE-MAP.md	2571
docs/authoring/emotional-foundations/07.10/check-answers.md	605
docs/authoring/emotional-foundations/07.10/check-prompts.md	443
docs/authoring/emotional-foundations/07.10/later-packet.md	936
docs/authoring/emotional-foundations/07.10/learner-guide.md	4892
docs/authoring/emotional-foundations/07.11/SCOPE-MAP.md	2531
docs/authoring/emotional-foundations/07.11/check-answers.md	641
docs/authoring/emotional-foundations/07.11/check-prompts.md	425
docs/authoring/emotional-foundations/07.11/later-packet.md	811
docs/authoring/emotional-foundations/07.11/learner-guide.md	4863
docs/authoring/emotional-foundations/07.12/SCOPE-MAP.md	2571
docs/authoring/emotional-foundations/07.12/check-answers.md	640
docs/authoring/emotional-foundations/07.12/check-prompts.md	504
docs/authoring/emotional-foundations/07.12/later-packet.md	1048
docs/authoring/emotional-foundations/07.12/learner-guide.md	4800
docs/authoring/emotional-foundations/27.15/SCOPE-MAP.md	2542
docs/authoring/emotional-foundations/27.15/check-answers.md	674
docs/authoring/emotional-foundations/27.15/check-prompts.md	404
docs/authoring/emotional-foundations/27.15/later-packet.md	831
docs/authoring/emotional-foundations/27.15/learner-guide.md	4936
docs/authoring/emotional-foundations/QUALITY-REVIEW.md	12968
docs/authoring/emotional-foundations/README.md	3186
docs/authoring/emotional-foundations/SOURCES.md	7851
docs/authoring/emotional-foundations/cohort.json	40206
docs/authoring/emotional-foundations/fixtures.json	4619
docs/authoring/emotional-foundations/sources.json	6145
docs/authoring/emotional-foundations/verification.json	12296
docs/authoring/evidence-humility-forecasting/09.04/check-answers.md	4983
docs/authoring/evidence-humility-forecasting/09.04/check-prompts.md	2491
docs/authoring/evidence-humility-forecasting/09.04/learner-guide.md	10263
docs/authoring/evidence-humility-forecasting/09.05/check-answers.md	4446
docs/authoring/evidence-humility-forecasting/09.05/check-prompts.md	2346
docs/authoring/evidence-humility-forecasting/09.05/evidence-update.md	1323
docs/authoring/evidence-humility-forecasting/09.05/learner-guide.md	10392
docs/authoring/evidence-humility-forecasting/09.06/check-answers.md	4905
docs/authoring/evidence-humility-forecasting/09.06/check-prompts.md	2500
docs/authoring/evidence-humility-forecasting/09.06/learner-guide.md	11224
docs/authoring/evidence-humility-forecasting/09.06/outcomes.md	849
docs/authoring/evidence-humility-forecasting/README.md	4808
docs/authoring/evidence-humility-forecasting/SCOPE-MAP.md	6195
docs/authoring/evidence-humility-forecasting/SOURCES.md	4270
docs/authoring/evidence-humility-forecasting/fixtures.json	4074
docs/authoring/execution-capacity-closeout/11.05/SCOPE-MAP.md	2373
docs/authoring/execution-capacity-closeout/11.05/check-answers.md	2819
docs/authoring/execution-capacity-closeout/11.05/check-prompts.md	1101
docs/authoring/execution-capacity-closeout/11.05/later-packet.md	1323
docs/authoring/execution-capacity-closeout/11.05/learner-guide.md	9281
docs/authoring/execution-capacity-closeout/11.06/SCOPE-MAP.md	2390
docs/authoring/execution-capacity-closeout/11.06/check-answers.md	2442
docs/authoring/execution-capacity-closeout/11.06/check-prompts.md	1015
docs/authoring/execution-capacity-closeout/11.06/later-packet.md	843
docs/authoring/execution-capacity-closeout/11.06/learner-guide.md	10597
docs/authoring/execution-capacity-closeout/11.07/SCOPE-MAP.md	2454
docs/authoring/execution-capacity-closeout/11.07/check-answers.md	2228
docs/authoring/execution-capacity-closeout/11.07/check-prompts.md	1158
docs/authoring/execution-capacity-closeout/11.07/later-packet.md	1403
docs/authoring/execution-capacity-closeout/11.07/learner-guide.md	9141
docs/authoring/execution-capacity-closeout/11.08/SCOPE-MAP.md	2397
docs/authoring/execution-capacity-closeout/11.08/check-answers.md	2420
docs/authoring/execution-capacity-closeout/11.08/check-prompts.md	987
docs/authoring/execution-capacity-closeout/11.08/later-packet.md	1565
docs/authoring/execution-capacity-closeout/11.08/learner-guide.md	9190
docs/authoring/execution-capacity-closeout/11.09/SCOPE-MAP.md	2415
docs/authoring/execution-capacity-closeout/11.09/check-answers.md	3187
docs/authoring/execution-capacity-closeout/11.09/check-prompts.md	980
docs/authoring/execution-capacity-closeout/11.09/later-packet.md	1563
docs/authoring/execution-capacity-closeout/11.09/learner-guide.md	10325
docs/authoring/execution-capacity-closeout/11.10/SCOPE-MAP.md	2770
docs/authoring/execution-capacity-closeout/11.10/check-answers.md	2743
docs/authoring/execution-capacity-closeout/11.10/check-prompts.md	1028
docs/authoring/execution-capacity-closeout/11.10/later-packet.md	1707
docs/authoring/execution-capacity-closeout/11.10/learner-guide.md	11306
docs/authoring/execution-capacity-closeout/README.md	2789
docs/authoring/execution-capacity-closeout/SOURCES.md	7325
docs/authoring/execution-capacity-closeout/cohort.json	6818
docs/authoring/execution-capacity-closeout/fixtures.json	9356
docs/authoring/exercises/01.yaml	69635
docs/authoring/exercises/02.yaml	96713
docs/authoring/exercises/03.yaml	107360
docs/authoring/exercises/04.yaml	80634
docs/authoring/exercises/05.yaml	81580
docs/authoring/exercises/06.yaml	121156
docs/authoring/exercises/07.yaml	55179
docs/authoring/exercises/08.yaml	74717
docs/authoring/exercises/09.yaml	73030
docs/authoring/exercises/10.yaml	196225
docs/authoring/exercises/11.yaml	42461
docs/authoring/exercises/12.yaml	98169
docs/authoring/exercises/13.yaml	105164
docs/authoring/exercises/14.yaml	58591
docs/authoring/exercises/15.yaml	66453
docs/authoring/exercises/16.yaml	79808
docs/authoring/exercises/17.yaml	63199
docs/authoring/exercises/18.yaml	64955
docs/authoring/exercises/19.yaml	69233
docs/authoring/exercises/20.yaml	80872
docs/authoring/exercises/21.yaml	100755
docs/authoring/exercises/22.yaml	76898
docs/authoring/exercises/23.yaml	57963
docs/authoring/exercises/24.yaml	64818
docs/authoring/exercises/25.yaml	58478
docs/authoring/exercises/26.yaml	63899
docs/authoring/exercises/27.yaml	71193
docs/authoring/family-stewardship/19.04/SCOPE-MAP.md	3085
docs/authoring/family-stewardship/19.04/check-answers.md	740
docs/authoring/family-stewardship/19.04/check-prompts.md	517
docs/authoring/family-stewardship/19.04/later-packet.md	1243
docs/authoring/family-stewardship/19.04/learner-guide.md	7455
docs/authoring/family-stewardship/19.05/SCOPE-MAP.md	3056
docs/authoring/family-stewardship/19.05/check-answers.md	695
docs/authoring/family-stewardship/19.05/check-prompts.md	490
docs/authoring/family-stewardship/19.05/later-packet.md	1219
docs/authoring/family-stewardship/19.05/learner-guide.md	7168
docs/authoring/family-stewardship/19.06/SCOPE-MAP.md	2985
docs/authoring/family-stewardship/19.06/check-answers.md	734
docs/authoring/family-stewardship/19.06/check-prompts.md	453
docs/authoring/family-stewardship/19.06/later-packet.md	1175
docs/authoring/family-stewardship/19.06/learner-guide.md	7033
docs/authoring/family-stewardship/19.07/SCOPE-MAP.md	3004
docs/authoring/family-stewardship/19.07/check-answers.md	708
docs/authoring/family-stewardship/19.07/check-prompts.md	439
docs/authoring/family-stewardship/19.07/later-packet.md	1183
docs/authoring/family-stewardship/19.07/learner-guide.md	6931
docs/authoring/family-stewardship/19.08/SCOPE-MAP.md	3048
docs/authoring/family-stewardship/19.08/check-answers.md	852
docs/authoring/family-stewardship/19.08/check-prompts.md	500
docs/authoring/family-stewardship/19.08/later-packet.md	1287
docs/authoring/family-stewardship/19.08/learner-guide.md	6935
docs/authoring/family-stewardship/19.09/SCOPE-MAP.md	3022
docs/authoring/family-stewardship/19.09/check-answers.md	763
docs/authoring/family-stewardship/19.09/check-prompts.md	462
docs/authoring/family-stewardship/19.09/later-packet.md	1231
docs/authoring/family-stewardship/19.09/learner-guide.md	6780
docs/authoring/family-stewardship/19.10/SCOPE-MAP.md	3040
docs/authoring/family-stewardship/19.10/check-answers.md	800
docs/authoring/family-stewardship/19.10/check-prompts.md	440
docs/authoring/family-stewardship/19.10/later-packet.md	1255
docs/authoring/family-stewardship/19.10/learner-guide.md	7427
docs/authoring/family-stewardship/19.11/SCOPE-MAP.md	3085
docs/authoring/family-stewardship/19.11/check-answers.md	809
docs/authoring/family-stewardship/19.11/check-prompts.md	488
docs/authoring/family-stewardship/19.11/later-packet.md	1292
docs/authoring/family-stewardship/19.11/learner-guide.md	6697
docs/authoring/family-stewardship/19.12/SCOPE-MAP.md	3031
docs/authoring/family-stewardship/19.12/check-answers.md	782
docs/authoring/family-stewardship/19.12/check-prompts.md	463
docs/authoring/family-stewardship/19.12/later-packet.md	1286
docs/authoring/family-stewardship/19.12/learner-guide.md	7740
docs/authoring/family-stewardship/19.13/SCOPE-MAP.md	3025
docs/authoring/family-stewardship/19.13/check-answers.md	749
docs/authoring/family-stewardship/19.13/check-prompts.md	683
docs/authoring/family-stewardship/19.13/later-packet.md	1273
docs/authoring/family-stewardship/19.13/learner-guide.md	6925
docs/authoring/family-stewardship/19.14/SCOPE-MAP.md	3098
docs/authoring/family-stewardship/19.14/check-answers.md	777
docs/authoring/family-stewardship/19.14/check-prompts.md	485
docs/authoring/family-stewardship/19.14/later-packet.md	1277
docs/authoring/family-stewardship/19.14/learner-guide.md	7179
docs/authoring/family-stewardship/19.15/SCOPE-MAP.md	3030
docs/authoring/family-stewardship/19.15/check-answers.md	867
docs/authoring/family-stewardship/19.15/check-prompts.md	680
docs/authoring/family-stewardship/19.15/later-packet.md	1300
docs/authoring/family-stewardship/19.15/learner-guide.md	7220
docs/authoring/family-stewardship/QUALITY-REVIEW.md	18561
docs/authoring/family-stewardship/README.md	3611
docs/authoring/family-stewardship/SOURCES.md	13073
docs/authoring/family-stewardship/cohort.json	15495
docs/authoring/family-stewardship/fixtures.json	5749
docs/authoring/family-stewardship/sources.json	14835
docs/authoring/family-stewardship/verification.json	17661
docs/authoring/governance-finance/22.13/SCOPE-MAP.md	2735
docs/authoring/governance-finance/22.13/check-answers.md	746
docs/authoring/governance-finance/22.13/check-prompts.md	425
docs/authoring/governance-finance/22.13/later-packet.md	1502
docs/authoring/governance-finance/22.13/learner-guide.md	7703
docs/authoring/governance-finance/22.14/SCOPE-MAP.md	2837
docs/authoring/governance-finance/22.14/check-answers.md	727
docs/authoring/governance-finance/22.14/check-prompts.md	464
docs/authoring/governance-finance/22.14/later-packet.md	1418
docs/authoring/governance-finance/22.14/learner-guide.md	7951
docs/authoring/governance-finance/22.15/SCOPE-MAP.md	2715
docs/authoring/governance-finance/22.15/check-answers.md	767
docs/authoring/governance-finance/22.15/check-prompts.md	505
docs/authoring/governance-finance/22.15/later-packet.md	1584
docs/authoring/governance-finance/22.15/learner-guide.md	7696
docs/authoring/governance-finance/22.16/SCOPE-MAP.md	2644
docs/authoring/governance-finance/22.16/check-answers.md	770
docs/authoring/governance-finance/22.16/check-prompts.md	451
docs/authoring/governance-finance/22.16/later-packet.md	1567
docs/authoring/governance-finance/22.16/learner-guide.md	7420
docs/authoring/governance-finance/22.17/SCOPE-MAP.md	2778
docs/authoring/governance-finance/22.17/check-answers.md	682
docs/authoring/governance-finance/22.17/check-prompts.md	384
docs/authoring/governance-finance/22.17/later-packet.md	1621
docs/authoring/governance-finance/22.17/learner-guide.md	8089
docs/authoring/governance-finance/23.01/SCOPE-MAP.md	2672
docs/authoring/governance-finance/23.01/check-answers.md	562
docs/authoring/governance-finance/23.01/check-prompts.md	375
docs/authoring/governance-finance/23.01/later-packet.md	1454
docs/authoring/governance-finance/23.01/learner-guide.md	7105
docs/authoring/governance-finance/23.02/SCOPE-MAP.md	2649
docs/authoring/governance-finance/23.02/check-answers.md	553
docs/authoring/governance-finance/23.02/check-prompts.md	368
docs/authoring/governance-finance/23.02/later-packet.md	1440
docs/authoring/governance-finance/23.02/learner-guide.md	6614
docs/authoring/governance-finance/23.03/SCOPE-MAP.md	2716
docs/authoring/governance-finance/23.03/check-answers.md	606
docs/authoring/governance-finance/23.03/check-prompts.md	455
docs/authoring/governance-finance/23.03/later-packet.md	1628
docs/authoring/governance-finance/23.03/learner-guide.md	7356
docs/authoring/governance-finance/23.04/SCOPE-MAP.md	2626
docs/authoring/governance-finance/23.04/check-answers.md	594
docs/authoring/governance-finance/23.04/check-prompts.md	385
docs/authoring/governance-finance/23.04/later-packet.md	1453
docs/authoring/governance-finance/23.04/learner-guide.md	7288
docs/authoring/governance-finance/23.05/SCOPE-MAP.md	2729
docs/authoring/governance-finance/23.05/check-answers.md	629
docs/authoring/governance-finance/23.05/check-prompts.md	417
docs/authoring/governance-finance/23.05/later-packet.md	1431
docs/authoring/governance-finance/23.05/learner-guide.md	7470
docs/authoring/governance-finance/23.06/SCOPE-MAP.md	2694
docs/authoring/governance-finance/23.06/check-answers.md	706
docs/authoring/governance-finance/23.06/check-prompts.md	422
docs/authoring/governance-finance/23.06/later-packet.md	1557
docs/authoring/governance-finance/23.06/learner-guide.md	8068
docs/authoring/governance-finance/23.07/SCOPE-MAP.md	2701
docs/authoring/governance-finance/23.07/check-answers.md	629
docs/authoring/governance-finance/23.07/check-prompts.md	423
docs/authoring/governance-finance/23.07/later-packet.md	1770
docs/authoring/governance-finance/23.07/learner-guide.md	7612
docs/authoring/governance-finance/QUALITY-REVIEW.md	17486
docs/authoring/governance-finance/README.md	3617
docs/authoring/governance-finance/SOURCES.md	11300
docs/authoring/governance-finance/cohort.json	38844
docs/authoring/governance-finance/fixtures.json	5667
docs/authoring/governance-finance/sources.json	13018
docs/authoring/governance-finance/verification.json	28676
docs/authoring/health-foundations/12.01/SCOPE-MAP.md	3334
docs/authoring/health-foundations/12.01/check-answers.md	1247
docs/authoring/health-foundations/12.01/check-prompts.md	921
docs/authoring/health-foundations/12.01/later-packet.md	1847
docs/authoring/health-foundations/12.01/learner-guide.md	8950
docs/authoring/health-foundations/12.02/SCOPE-MAP.md	2953
docs/authoring/health-foundations/12.02/check-answers.md	975
docs/authoring/health-foundations/12.02/check-prompts.md	772
docs/authoring/health-foundations/12.02/later-packet.md	2076
docs/authoring/health-foundations/12.02/learner-guide.md	7890
docs/authoring/health-foundations/12.03/SCOPE-MAP.md	3317
docs/authoring/health-foundations/12.03/check-answers.md	982
docs/authoring/health-foundations/12.03/check-prompts.md	910
docs/authoring/health-foundations/12.03/later-packet.md	2119
docs/authoring/health-foundations/12.03/learner-guide.md	10276
docs/authoring/health-foundations/12.04/SCOPE-MAP.md	2805
docs/authoring/health-foundations/12.04/check-answers.md	1033
docs/authoring/health-foundations/12.04/check-prompts.md	803
docs/authoring/health-foundations/12.04/later-packet.md	1536
docs/authoring/health-foundations/12.04/learner-guide.md	8406
docs/authoring/health-foundations/12.06/SCOPE-MAP.md	2839
docs/authoring/health-foundations/12.06/check-answers.md	874
docs/authoring/health-foundations/12.06/check-prompts.md	745
docs/authoring/health-foundations/12.06/later-packet.md	1896
docs/authoring/health-foundations/12.06/learner-guide.md	10227
docs/authoring/health-foundations/12.07/SCOPE-MAP.md	2810
docs/authoring/health-foundations/12.07/check-answers.md	949
docs/authoring/health-foundations/12.07/check-prompts.md	750
docs/authoring/health-foundations/12.07/later-packet.md	2056
docs/authoring/health-foundations/12.07/learner-guide.md	8518
docs/authoring/health-foundations/README.md	2971
docs/authoring/health-foundations/SOURCES.md	7283
docs/authoring/health-foundations/cohort.json	8173
docs/authoring/health-foundations/fixtures.json	4743
docs/authoring/health-stewardship/12.09/SCOPE-MAP.md	2848
docs/authoring/health-stewardship/12.09/check-answers.md	925
docs/authoring/health-stewardship/12.09/check-prompts.md	745
docs/authoring/health-stewardship/12.09/later-packet.md	1530
docs/authoring/health-stewardship/12.09/learner-guide.md	8536
docs/authoring/health-stewardship/12.10/SCOPE-MAP.md	2837
docs/authoring/health-stewardship/12.10/check-answers.md	878
docs/authoring/health-stewardship/12.10/check-prompts.md	698
docs/authoring/health-stewardship/12.10/later-packet.md	1744
docs/authoring/health-stewardship/12.10/learner-guide.md	7855
docs/authoring/health-stewardship/12.11/SCOPE-MAP.md	3114
docs/authoring/health-stewardship/12.11/check-answers.md	1060
docs/authoring/health-stewardship/12.11/check-prompts.md	784
docs/authoring/health-stewardship/12.11/later-packet.md	1569
docs/authoring/health-stewardship/12.11/learner-guide.md	9431
docs/authoring/health-stewardship/12.12/SCOPE-MAP.md	2790
docs/authoring/health-stewardship/12.12/check-answers.md	912
docs/authoring/health-stewardship/12.12/check-prompts.md	741
docs/authoring/health-stewardship/12.12/later-packet.md	1726
docs/authoring/health-stewardship/12.12/learner-guide.md	8049
docs/authoring/health-stewardship/12.13/SCOPE-MAP.md	2732
docs/authoring/health-stewardship/12.13/check-answers.md	897
docs/authoring/health-stewardship/12.13/check-prompts.md	794
docs/authoring/health-stewardship/12.13/later-packet.md	1544
docs/authoring/health-stewardship/12.13/learner-guide.md	8722
docs/authoring/health-stewardship/12.14/SCOPE-MAP.md	3003
docs/authoring/health-stewardship/12.14/check-answers.md	1057
docs/authoring/health-stewardship/12.14/check-prompts.md	803
docs/authoring/health-stewardship/12.14/later-packet.md	2281
docs/authoring/health-stewardship/12.14/learner-guide.md	9515
docs/authoring/health-stewardship/README.md	3027
docs/authoring/health-stewardship/SOURCES.md	7226
docs/authoring/health-stewardship/cohort.json	8253
docs/authoring/health-stewardship/fixtures.json	4311
docs/authoring/leadership-foundations/22.01/SCOPE-MAP.md	2522
docs/authoring/leadership-foundations/22.01/check-answers.md	540
docs/authoring/leadership-foundations/22.01/check-prompts.md	392
docs/authoring/leadership-foundations/22.01/later-packet.md	1100
docs/authoring/leadership-foundations/22.01/learner-guide.md	7326
docs/authoring/leadership-foundations/22.02/SCOPE-MAP.md	2551
docs/authoring/leadership-foundations/22.02/check-answers.md	474
docs/authoring/leadership-foundations/22.02/check-prompts.md	439
docs/authoring/leadership-foundations/22.02/later-packet.md	1358
docs/authoring/leadership-foundations/22.02/learner-guide.md	7574
docs/authoring/leadership-foundations/22.03/SCOPE-MAP.md	2568
docs/authoring/leadership-foundations/22.03/check-answers.md	489
docs/authoring/leadership-foundations/22.03/check-prompts.md	402
docs/authoring/leadership-foundations/22.03/later-packet.md	1285
docs/authoring/leadership-foundations/22.03/learner-guide.md	7933
docs/authoring/leadership-foundations/22.04/SCOPE-MAP.md	2524
docs/authoring/leadership-foundations/22.04/check-answers.md	533
docs/authoring/leadership-foundations/22.04/check-prompts.md	407
docs/authoring/leadership-foundations/22.04/later-packet.md	1268
docs/authoring/leadership-foundations/22.04/learner-guide.md	7352
docs/authoring/leadership-foundations/22.05/SCOPE-MAP.md	2540
docs/authoring/leadership-foundations/22.05/check-answers.md	502
docs/authoring/leadership-foundations/22.05/check-prompts.md	457
docs/authoring/leadership-foundations/22.05/later-packet.md	1244
docs/authoring/leadership-foundations/22.05/learner-guide.md	7524
docs/authoring/leadership-foundations/22.06/SCOPE-MAP.md	2488
docs/authoring/leadership-foundations/22.06/check-answers.md	504
docs/authoring/leadership-foundations/22.06/check-prompts.md	400
docs/authoring/leadership-foundations/22.06/later-packet.md	1300
docs/authoring/leadership-foundations/22.06/learner-guide.md	7779
docs/authoring/leadership-foundations/22.07/SCOPE-MAP.md	2527
docs/authoring/leadership-foundations/22.07/check-answers.md	577
docs/authoring/leadership-foundations/22.07/check-prompts.md	437
docs/authoring/leadership-foundations/22.07/later-packet.md	1256
docs/authoring/leadership-foundations/22.07/learner-guide.md	7407
docs/authoring/leadership-foundations/22.08/SCOPE-MAP.md	2601
docs/authoring/leadership-foundations/22.08/check-answers.md	520
docs/authoring/leadership-foundations/22.08/check-prompts.md	414
docs/authoring/leadership-foundations/22.08/later-packet.md	1258
docs/authoring/leadership-foundations/22.08/learner-guide.md	7355
docs/authoring/leadership-foundations/22.09/SCOPE-MAP.md	2563
docs/authoring/leadership-foundations/22.09/check-answers.md	508
docs/authoring/leadership-foundations/22.09/check-prompts.md	433
docs/authoring/leadership-foundations/22.09/later-packet.md	1377
docs/authoring/leadership-foundations/22.09/learner-guide.md	7797
docs/authoring/leadership-foundations/22.10/SCOPE-MAP.md	2594
docs/authoring/leadership-foundations/22.10/check-answers.md	527
docs/authoring/leadership-foundations/22.10/check-prompts.md	429
docs/authoring/leadership-foundations/22.10/later-packet.md	1176
docs/authoring/leadership-foundations/22.10/learner-guide.md	7715
docs/authoring/leadership-foundations/22.11/SCOPE-MAP.md	2556
docs/authoring/leadership-foundations/22.11/check-answers.md	584
docs/authoring/leadership-foundations/22.11/check-prompts.md	399
docs/authoring/leadership-foundations/22.11/later-packet.md	1595
docs/authoring/leadership-foundations/22.11/learner-guide.md	7826
docs/authoring/leadership-foundations/22.12/SCOPE-MAP.md	2605
docs/authoring/leadership-foundations/22.12/check-answers.md	520
docs/authoring/leadership-foundations/22.12/check-prompts.md	441
docs/authoring/leadership-foundations/22.12/later-packet.md	1598
docs/authoring/leadership-foundations/22.12/learner-guide.md	8681
docs/authoring/leadership-foundations/QUALITY-REVIEW.md	16896
docs/authoring/leadership-foundations/README.md	3242
docs/authoring/leadership-foundations/SOURCES.md	7171
docs/authoring/leadership-foundations/cohort.json	35996
docs/authoring/leadership-foundations/fixtures.json	5859
docs/authoring/leadership-foundations/sources.json	7772
docs/authoring/leadership-foundations/verification.json	20437
docs/authoring/leisure-life-design/26.05/SCOPE-MAP.md	2450
docs/authoring/leisure-life-design/26.05/check-answers.md	799
docs/authoring/leisure-life-design/26.05/check-prompts.md	589
docs/authoring/leisure-life-design/26.05/later-packet.md	894
docs/authoring/leisure-life-design/26.05/learner-guide.md	5242
docs/authoring/leisure-life-design/26.06/SCOPE-MAP.md	2493
docs/authoring/leisure-life-design/26.06/check-answers.md	811
docs/authoring/leisure-life-design/26.06/check-prompts.md	731
docs/authoring/leisure-life-design/26.06/later-packet.md	1053
docs/authoring/leisure-life-design/26.06/learner-guide.md	5169
docs/authoring/leisure-life-design/26.07/SCOPE-MAP.md	2440
docs/authoring/leisure-life-design/26.07/check-answers.md	829
docs/authoring/leisure-life-design/26.07/check-prompts.md	474
docs/authoring/leisure-life-design/26.07/later-packet.md	891
docs/authoring/leisure-life-design/26.07/learner-guide.md	5225
docs/authoring/leisure-life-design/26.08/SCOPE-MAP.md	2395
docs/authoring/leisure-life-design/26.08/check-answers.md	835
docs/authoring/leisure-life-design/26.08/check-prompts.md	471
docs/authoring/leisure-life-design/26.08/later-packet.md	914
docs/authoring/leisure-life-design/26.08/learner-guide.md	4723
docs/authoring/leisure-life-design/26.09/SCOPE-MAP.md	2453
docs/authoring/leisure-life-design/26.09/check-answers.md	799
docs/authoring/leisure-life-design/26.09/check-prompts.md	514
docs/authoring/leisure-life-design/26.09/later-packet.md	815
docs/authoring/leisure-life-design/26.09/learner-guide.md	4958
docs/authoring/leisure-life-design/26.10/SCOPE-MAP.md	2531
docs/authoring/leisure-life-design/26.10/check-answers.md	718
docs/authoring/leisure-life-design/26.10/check-prompts.md	481
docs/authoring/leisure-life-design/26.10/later-packet.md	889
docs/authoring/leisure-life-design/26.10/learner-guide.md	4797
docs/authoring/leisure-life-design/26.11/SCOPE-MAP.md	2437
docs/authoring/leisure-life-design/26.11/check-answers.md	751
docs/authoring/leisure-life-design/26.11/check-prompts.md	446
docs/authoring/leisure-life-design/26.11/later-packet.md	1214
docs/authoring/leisure-life-design/26.11/learner-guide.md	5021
docs/authoring/leisure-life-design/26.12/SCOPE-MAP.md	2541
docs/authoring/leisure-life-design/26.12/check-answers.md	681
docs/authoring/leisure-life-design/26.12/check-prompts.md	750
docs/authoring/leisure-life-design/26.12/later-packet.md	953
docs/authoring/leisure-life-design/26.12/learner-guide.md	5024
docs/authoring/leisure-life-design/26.13/SCOPE-MAP.md	2486
docs/authoring/leisure-life-design/26.13/check-answers.md	750
docs/authoring/leisure-life-design/26.13/check-prompts.md	495
docs/authoring/leisure-life-design/26.13/later-packet.md	784
docs/authoring/leisure-life-design/26.13/learner-guide.md	4739
docs/authoring/leisure-life-design/26.14/SCOPE-MAP.md	2479
docs/authoring/leisure-life-design/26.14/check-answers.md	736
docs/authoring/leisure-life-design/26.14/check-prompts.md	565
docs/authoring/leisure-life-design/26.14/later-packet.md	1170
docs/authoring/leisure-life-design/26.14/learner-guide.md	5533
docs/authoring/leisure-life-design/27.01/SCOPE-MAP.md	2432
docs/authoring/leisure-life-design/27.01/check-answers.md	782
docs/authoring/leisure-life-design/27.01/check-prompts.md	716
docs/authoring/leisure-life-design/27.01/later-packet.md	1088
docs/authoring/leisure-life-design/27.01/learner-guide.md	5346
docs/authoring/leisure-life-design/27.02/SCOPE-MAP.md	2474
docs/authoring/leisure-life-design/27.02/check-answers.md	766
docs/authoring/leisure-life-design/27.02/check-prompts.md	723
docs/authoring/leisure-life-design/27.02/later-packet.md	936
docs/authoring/leisure-life-design/27.02/learner-guide.md	5415
docs/authoring/leisure-life-design/QUALITY-REVIEW.md	9829
docs/authoring/leisure-life-design/README.md	2986
docs/authoring/leisure-life-design/SOURCES.md	7125
docs/authoring/leisure-life-design/cohort.json	35789
docs/authoring/leisure-life-design/fixtures.json	5128
docs/authoring/leisure-life-design/sources.json	6126
docs/authoring/leisure-life-design/verification.json	17604
docs/authoring/life-integration/27.03/SCOPE-MAP.md	2449
docs/authoring/life-integration/27.03/check-answers.md	705
docs/authoring/life-integration/27.03/check-prompts.md	629
docs/authoring/life-integration/27.03/later-packet.md	919
docs/authoring/life-integration/27.03/learner-guide.md	4976
docs/authoring/life-integration/27.04/SCOPE-MAP.md	2509
docs/authoring/life-integration/27.04/check-answers.md	639
docs/authoring/life-integration/27.04/check-prompts.md	377
docs/authoring/life-integration/27.04/later-packet.md	864
docs/authoring/life-integration/27.04/learner-guide.md	4778
docs/authoring/life-integration/27.05/SCOPE-MAP.md	2471
docs/authoring/life-integration/27.05/check-answers.md	679
docs/authoring/life-integration/27.05/check-prompts.md	620
docs/authoring/life-integration/27.05/later-packet.md	903
docs/authoring/life-integration/27.05/learner-guide.md	4855
docs/authoring/life-integration/27.06/SCOPE-MAP.md	2410
docs/authoring/life-integration/27.06/check-answers.md	954
docs/authoring/life-integration/27.06/check-prompts.md	1114
docs/authoring/life-integration/27.06/later-packet.md	1020
docs/authoring/life-integration/27.06/learner-guide.md	4735
docs/authoring/life-integration/27.07/SCOPE-MAP.md	2493
docs/authoring/life-integration/27.07/check-answers.md	601
docs/authoring/life-integration/27.07/check-prompts.md	652
docs/authoring/life-integration/27.07/later-packet.md	945
docs/authoring/life-integration/27.07/learner-guide.md	5355
docs/authoring/life-integration/27.08/SCOPE-MAP.md	2420
docs/authoring/life-integration/27.08/check-answers.md	652
docs/authoring/life-integration/27.08/check-prompts.md	646
docs/authoring/life-integration/27.08/later-packet.md	995
docs/authoring/life-integration/27.08/learner-guide.md	4810
docs/authoring/life-integration/27.09/SCOPE-MAP.md	2437
docs/authoring/life-integration/27.09/check-answers.md	1072
docs/authoring/life-integration/27.09/check-prompts.md	1005
docs/authoring/life-integration/27.09/later-packet.md	901
docs/authoring/life-integration/27.09/learner-guide.md	4695
docs/authoring/life-integration/27.10/SCOPE-MAP.md	2474
docs/authoring/life-integration/27.10/check-answers.md	664
docs/authoring/life-integration/27.10/check-prompts.md	440
docs/authoring/life-integration/27.10/later-packet.md	1027
docs/authoring/life-integration/27.10/learner-guide.md	4879
docs/authoring/life-integration/27.11/SCOPE-MAP.md	2443
docs/authoring/life-integration/27.11/check-answers.md	636
docs/authoring/life-integration/27.11/check-prompts.md	353
docs/authoring/life-integration/27.11/later-packet.md	929
docs/authoring/life-integration/27.11/learner-guide.md	5158
docs/authoring/life-integration/27.12/SCOPE-MAP.md	2477
docs/authoring/life-integration/27.12/check-answers.md	722
docs/authoring/life-integration/27.12/check-prompts.md	372
docs/authoring/life-integration/27.12/later-packet.md	840
docs/authoring/life-integration/27.12/learner-guide.md	5041
docs/authoring/life-integration/27.13/SCOPE-MAP.md	2625
docs/authoring/life-integration/27.13/check-answers.md	728
docs/authoring/life-integration/27.13/check-prompts.md	483
docs/authoring/life-integration/27.13/later-packet.md	893
docs/authoring/life-integration/27.13/learner-guide.md	5190
docs/authoring/life-integration/27.14/SCOPE-MAP.md	2636
docs/authoring/life-integration/27.14/check-answers.md	762
docs/authoring/life-integration/27.14/check-prompts.md	450
docs/authoring/life-integration/27.14/later-packet.md	1054
docs/authoring/life-integration/27.14/learner-guide.md	5445
docs/authoring/life-integration/QUALITY-REVIEW.md	13547
docs/authoring/life-integration/README.md	2739
docs/authoring/life-integration/SOURCES.md	5602
docs/authoring/life-integration/cohort.json	36620
docs/authoring/life-integration/fixtures.json	4663
docs/authoring/life-integration/sources.json	4168
docs/authoring/life-integration/verification.json	11569
docs/authoring/models-information-execution/09.16/check-answers.md	3592
docs/authoring/models-information-execution/09.16/check-prompts.md	1528
docs/authoring/models-information-execution/09.16/later-packet.md	646
docs/authoring/models-information-execution/09.16/learner-guide.md	10366
docs/authoring/models-information-execution/09.17/check-answers.md	3896
docs/authoring/models-information-execution/09.17/check-prompts.md	1892
docs/authoring/models-information-execution/09.17/later-packet.md	1331
docs/authoring/models-information-execution/09.17/learner-guide.md	10928
docs/authoring/models-information-execution/11.01/check-answers.md	3366
docs/authoring/models-information-execution/11.01/check-prompts.md	1489
docs/authoring/models-information-execution/11.01/later-packet.md	967
docs/authoring/models-information-execution/11.01/learner-guide.md	10567
docs/authoring/models-information-execution/11.02/check-answers.md	3570
docs/authoring/models-information-execution/11.02/check-prompts.md	1490
docs/authoring/models-information-execution/11.02/learner-guide.md	10735
docs/authoring/models-information-execution/11.03/check-answers.md	3337
docs/authoring/models-information-execution/11.03/check-prompts.md	1593
docs/authoring/models-information-execution/11.03/later-packet.md	762
docs/authoring/models-information-execution/11.03/learner-guide.md	11217
docs/authoring/models-information-execution/11.04/check-answers.md	3428
docs/authoring/models-information-execution/11.04/check-prompts.md	1783
docs/authoring/models-information-execution/11.04/later-packet.md	1114
docs/authoring/models-information-execution/11.04/learner-guide.md	12237
docs/authoring/models-information-execution/README.md	3531
docs/authoring/models-information-execution/SCOPE-MAP.md	9194
docs/authoring/models-information-execution/SOURCES.md	5171
docs/authoring/models-information-execution/cohort.json	4677
docs/authoring/models-information-execution/fixtures.json	10871
docs/authoring/partnership-family/18.06/SCOPE-MAP.md	2781
docs/authoring/partnership-family/18.06/check-answers.md	794
docs/authoring/partnership-family/18.06/check-prompts.md	512
docs/authoring/partnership-family/18.06/later-packet.md	1242
docs/authoring/partnership-family/18.06/learner-guide.md	7009
docs/authoring/partnership-family/18.07/SCOPE-MAP.md	2834
docs/authoring/partnership-family/18.07/check-answers.md	813
docs/authoring/partnership-family/18.07/check-prompts.md	548
docs/authoring/partnership-family/18.07/later-packet.md	1244
docs/authoring/partnership-family/18.07/learner-guide.md	6908
docs/authoring/partnership-family/18.08/SCOPE-MAP.md	2794
docs/authoring/partnership-family/18.08/check-answers.md	763
docs/authoring/partnership-family/18.08/check-prompts.md	504
docs/authoring/partnership-family/18.08/later-packet.md	1241
docs/authoring/partnership-family/18.08/learner-guide.md	6811
docs/authoring/partnership-family/18.09/SCOPE-MAP.md	2831
docs/authoring/partnership-family/18.09/check-answers.md	770
docs/authoring/partnership-family/18.09/check-prompts.md	539
docs/authoring/partnership-family/18.09/later-packet.md	1142
docs/authoring/partnership-family/18.09/learner-guide.md	7239
docs/authoring/partnership-family/18.10/SCOPE-MAP.md	2812
docs/authoring/partnership-family/18.10/check-answers.md	773
docs/authoring/partnership-family/18.10/check-prompts.md	558
docs/authoring/partnership-family/18.10/later-packet.md	1307
docs/authoring/partnership-family/18.10/learner-guide.md	7056
docs/authoring/partnership-family/18.11/SCOPE-MAP.md	2780
docs/authoring/partnership-family/18.11/check-answers.md	764
docs/authoring/partnership-family/18.11/check-prompts.md	517
docs/authoring/partnership-family/18.11/later-packet.md	1209
docs/authoring/partnership-family/18.11/learner-guide.md	7071
docs/authoring/partnership-family/18.12/SCOPE-MAP.md	2850
docs/authoring/partnership-family/18.12/check-answers.md	757
docs/authoring/partnership-family/18.12/check-prompts.md	502
docs/authoring/partnership-family/18.12/later-packet.md	1226
docs/authoring/partnership-family/18.12/learner-guide.md	7099
docs/authoring/partnership-family/18.13/SCOPE-MAP.md	2874
docs/authoring/partnership-family/18.13/check-answers.md	760
docs/authoring/partnership-family/18.13/check-prompts.md	496
docs/authoring/partnership-family/18.13/later-packet.md	1313
docs/authoring/partnership-family/18.13/learner-guide.md	7765
docs/authoring/partnership-family/18.14/SCOPE-MAP.md	2902
docs/authoring/partnership-family/18.14/check-answers.md	766
docs/authoring/partnership-family/18.14/check-prompts.md	534
docs/authoring/partnership-family/18.14/later-packet.md	1280
docs/authoring/partnership-family/18.14/learner-guide.md	7155
docs/authoring/partnership-family/19.01/SCOPE-MAP.md	2893
docs/authoring/partnership-family/19.01/check-answers.md	762
docs/authoring/partnership-family/19.01/check-prompts.md	486
docs/authoring/partnership-family/19.01/later-packet.md	1217
docs/authoring/partnership-family/19.01/learner-guide.md	7349
docs/authoring/partnership-family/19.02/SCOPE-MAP.md	2814
docs/authoring/partnership-family/19.02/check-answers.md	745
docs/authoring/partnership-family/19.02/check-prompts.md	493
docs/authoring/partnership-family/19.02/later-packet.md	1228
docs/authoring/partnership-family/19.02/learner-guide.md	6870
docs/authoring/partnership-family/19.03/SCOPE-MAP.md	2827
docs/authoring/partnership-family/19.03/check-answers.md	784
docs/authoring/partnership-family/19.03/check-prompts.md	540
docs/authoring/partnership-family/19.03/later-packet.md	1340
docs/authoring/partnership-family/19.03/learner-guide.md	7110
docs/authoring/partnership-family/QUALITY-REVIEW.md	17492
docs/authoring/partnership-family/README.md	3230
docs/authoring/partnership-family/SOURCES.md	9680
docs/authoring/partnership-family/cohort.json	15508
docs/authoring/partnership-family/fixtures.json	5187
docs/authoring/partnership-family/sources.json	11492
docs/authoring/partnership-family/verification.json	29452
docs/authoring/quality/10.01/before.json	4188
docs/authoring/quality/10.01/delayed-transfer-check.md	2284
docs/authoring/quality/10.01/delayed-transfer-prompt.md	724
docs/authoring/quality/10.01/draft-record.json	666
docs/authoring/quality/10.01/first-recall-check.md	1798
docs/authoring/quality/10.01/first-recall-prompt.md	574
docs/authoring/quality/10.01/learning-guide.md	3820
docs/authoring/quality/10.01/recovered-repair-source.json	15488
docs/authoring/quality/10.01/revision-note.md	513
docs/authoring/quality/10.01/runtime-baseline.yaml	21157
docs/authoring/quality/10.01/runtime-check-delayed-key.md	2959
docs/authoring/quality/10.01/runtime-check-first-key.md	2473
docs/authoring/quality/10.01/runtime-check-second-key.md	2663
docs/authoring/quality/10.01/runtime-content-record.json	2022
docs/authoring/quality/10.01/runtime-learner-reader.md	8859
docs/authoring/quality/10.01/second-mixed-check.md	1797
docs/authoring/quality/10.01/second-mixed-prompt.md	619
docs/authoring/quality/10.02/before.json	5215
docs/authoring/quality/10.02/compatibility.md	749
docs/authoring/quality/10.02/component-desk-run.json	1908
docs/authoring/quality/10.02/draft-record.json	604
docs/authoring/quality/10.02/recovered-repair-source.json	5349
docs/authoring/quality/10.02/revision-note.md	266
docs/authoring/quality/10.02/runtime-baseline.yaml	21539
docs/authoring/quality/10.02/runtime-check-baseline-key.md	3089
docs/authoring/quality/10.02/runtime-check-retry-key.md	3121
docs/authoring/quality/10.02/runtime-content-record.json	2044
docs/authoring/quality/10.02/runtime-learner-reader.md	10202
docs/authoring/quality/10.02/verify_component.py	2125
docs/authoring/quality/10.03/revision-note.md	792
docs/authoring/quality/10.03/runtime-baseline.yaml	21789
docs/authoring/quality/10.03/runtime-check-classification-key.md	2962
docs/authoring/quality/10.03/runtime-check-resolution-key.md	2779
docs/authoring/quality/10.03/runtime-content-record.json	2075
docs/authoring/quality/10.03/runtime-learner-reader.md	8038
docs/authoring/quality/10.04/revision-note.md	866
docs/authoring/quality/10.04/runtime-baseline.yaml	21913
docs/authoring/quality/10.04/runtime-check-conflict-key.md	3314
docs/authoring/quality/10.04/runtime-check-new-policy-key.md	1243
docs/authoring/quality/10.04/runtime-check-source-role-key.md	2834
docs/authoring/quality/10.04/runtime-content-record.json	2072
docs/authoring/quality/10.04/runtime-learner-reader.md	8877
docs/authoring/quality/10.05/revision-note.md	886
docs/authoring/quality/10.05/runtime-baseline.yaml	21715
docs/authoring/quality/10.05/runtime-check-application-key.md	2543
docs/authoring/quality/10.05/runtime-check-new-note-key.md	1296
docs/authoring/quality/10.05/runtime-check-note-rubric.md	2489
docs/authoring/quality/10.05/runtime-content-record.json	2053
docs/authoring/quality/10.05/runtime-learner-reader.md	7835
docs/authoring/quality/10.06/revision-note.md	693
docs/authoring/quality/10.06/runtime-baseline.yaml	20792
docs/authoring/quality/10.06/runtime-check-first-recall-key.md	2660
docs/authoring/quality/10.06/runtime-check-version-check-key.md	2716
docs/authoring/quality/10.06/runtime-content-record.json	2102
docs/authoring/quality/10.06/runtime-learner-reader.md	7596
docs/authoring/quality/10.07/revision-note.md	632
docs/authoring/quality/10.07/runtime-baseline.yaml	22066
docs/authoring/quality/10.07/runtime-check-dependency-map-key.md	2759
docs/authoring/quality/10.07/runtime-check-integration-test-key.md	2853
docs/authoring/quality/10.07/runtime-check-part-practice-key.md	1322
docs/authoring/quality/10.07/runtime-content-record.json	2100
docs/authoring/quality/10.07/runtime-learner-reader.md	7893
docs/authoring/quality/10.08/revision-note.md	653
docs/authoring/quality/10.08/runtime-baseline.yaml	21735
docs/authoring/quality/10.08/runtime-check-fresh-retest-key.md	2721
docs/authoring/quality/10.08/runtime-check-literal-test-key.md	2665
docs/authoring/quality/10.08/runtime-content-record.json	2090
docs/authoring/quality/10.08/runtime-learner-reader.md	7456
docs/authoring/quality/10.09/revision-note.md	604
docs/authoring/quality/10.09/runtime-baseline.yaml	22487
docs/authoring/quality/10.09/runtime-check-four-bit-extension-key.md	2440
docs/authoring/quality/10.09/runtime-check-three-bit-table-key.md	2515
docs/authoring/quality/10.09/runtime-content-record.json	2145
docs/authoring/quality/10.09/runtime-learner-reader.md	7067
docs/authoring/quality/10.10/revision-note.md	619
docs/authoring/quality/10.10/runtime-baseline.yaml	21368
docs/authoring/quality/10.10/runtime-check-learner-application-key.md	2733
docs/authoring/quality/10.10/runtime-check-lesson-plan-key.md	2543
docs/authoring/quality/10.10/runtime-content-record.json	2122
docs/authoring/quality/10.10/runtime-learner-reader.md	7079
docs/authoring/quality/10.11/revision-note.md	594
docs/authoring/quality/10.11/runtime-baseline.yaml	22317
docs/authoring/quality/10.11/runtime-check-new-synthesis-key.md	1379
docs/authoring/quality/10.11/runtime-check-seven-lens-key.md	3323
docs/authoring/quality/10.11/runtime-check-two-lens-key.md	3400
docs/authoring/quality/10.11/runtime-content-record.json	2137
docs/authoring/quality/10.11/runtime-learner-reader.md	8297
docs/authoring/quality/10.12/revision-note.md	590
docs/authoring/quality/10.12/runtime-baseline.yaml	22195
docs/authoring/quality/10.12/runtime-check-corrected-attempt-key.md	2780
docs/authoring/quality/10.12/runtime-check-observation-key.md	2538
docs/authoring/quality/10.12/runtime-content-record.json	2159
docs/authoring/quality/10.12/runtime-learner-reader.md	8069
docs/authoring/quality/10.13/revision-note.md	573
docs/authoring/quality/10.13/runtime-baseline.yaml	23650
docs/authoring/quality/10.13/runtime-check-correction-key.md	2861
docs/authoring/quality/10.13/runtime-check-draft-key.md	2736
docs/authoring/quality/10.13/runtime-content-record.json	2188
docs/authoring/quality/10.13/runtime-learner-reader.md	7448
docs/authoring/quality/10.14/revision-note.md	570
docs/authoring/quality/10.14/runtime-baseline.yaml	22363
docs/authoring/quality/10.14/runtime-check-adapted-attempt-key.md	2764
docs/authoring/quality/10.14/runtime-check-barrier-key.md	2662
docs/authoring/quality/10.14/runtime-content-record.json	2160
docs/authoring/quality/10.14/runtime-learner-reader.md	7395
docs/authoring/quality/12.05/before.json	4640
docs/authoring/quality/12.05/recovered-repair-source.json	4640
docs/authoring/quality/12.05/revision-note.md	935
docs/authoring/quality/12.05/runtime-baseline.yaml	22210
docs/authoring/quality/12.05/runtime-check-progression-key.md	2283
docs/authoring/quality/12.05/runtime-check-route-key.md	3665
docs/authoring/quality/12.05/runtime-content-record.json	2223
docs/authoring/quality/12.05/runtime-learner-reader.md	10951
docs/authoring/quality/12.08/before.json	4240
docs/authoring/quality/12.08/recovered-repair-source.json	4240
docs/authoring/quality/12.08/revision-note.md	1016
docs/authoring/quality/12.08/runtime-baseline.yaml	22804
docs/authoring/quality/12.08/runtime-check-classification-key.md	2225
docs/authoring/quality/12.08/runtime-check-comparison-key.md	2120
docs/authoring/quality/12.08/runtime-check-route-check.md	4391
docs/authoring/quality/12.08/runtime-content-record.json	2248
docs/authoring/quality/12.08/runtime-learner-reader.md	10612
docs/authoring/quality/21.03/before.json	4502
docs/authoring/quality/21.03/checks/defect-key.md	785
docs/authoring/quality/21.03/checks/repair-cafe-key.md	987
docs/authoring/quality/21.03/checks/retest-key.md	916
docs/authoring/quality/21.03/checks/seed-swap-key.md	984
docs/authoring/quality/21.03/checks/sketch-walk-key.md	973
docs/authoring/quality/21.03/contact-retest-check.md	2918
docs/authoring/quality/21.03/contact-retest-prompt.md	1984
docs/authoring/quality/21.03/desk-test.json	1618
docs/authoring/quality/21.03/draft-record-recovered.json	666
docs/authoring/quality/21.03/draft-record.json	726
docs/authoring/quality/21.03/dry-run.json	1561
docs/authoring/quality/21.03/event-briefs.json	680
docs/authoring/quality/21.03/learner-exercise.md	9786
docs/authoring/quality/21.03/learning-guide.md	4877
docs/authoring/quality/21.03/repair-cafe-attempt-check.md	2684
docs/authoring/quality/21.03/repair-cafe-attempt-prompt.md	1679
docs/authoring/quality/21.03/repair-review.md	2128
docs/authoring/quality/21.03/repair-source.json	21949
docs/authoring/quality/21.03/revision-note.md	495
docs/authoring/quality/21.03/runtime-baseline.yaml	21536
docs/authoring/quality/21.03/runtime-check-defect-key.md	3831
docs/authoring/quality/21.03/runtime-check-repair-cafe-key.md	5053
docs/authoring/quality/21.03/runtime-check-retest-key.md	5287
docs/authoring/quality/21.03/runtime-check-seed-swap-key.md	5050
docs/authoring/quality/21.03/runtime-check-sketch-walk-key.md	5025
docs/authoring/quality/21.03/runtime-content-record.json	2026
docs/authoring/quality/21.03/runtime-learner-reader.md	11123
docs/authoring/quality/21.03/seed-swap-attempt-check.md	2681
docs/authoring/quality/21.03/seed-swap-attempt-prompt.md	1679
docs/authoring/quality/21.03/sketch-walk-attempt-check.md	2656
docs/authoring/quality/21.03/sketch-walk-attempt-prompt.md	1665
docs/authoring/quality/21.03/verify_repair.py	2220
docs/authoring/quality/README.md	2571
docs/authoring/quality/current-report.json	717599
docs/authoring/quality/ledger.json	62
docs/authoring/reasoning-foundations/09.01/check-answers.md	4438
docs/authoring/reasoning-foundations/09.01/check-prompts.md	1900
docs/authoring/reasoning-foundations/09.01/learner-guide.md	10190
docs/authoring/reasoning-foundations/09.02/check-answers.md	5406
docs/authoring/reasoning-foundations/09.02/check-prompts.md	2648
docs/authoring/reasoning-foundations/09.02/learner-guide.md	10576
docs/authoring/reasoning-foundations/09.03/check-answers.md	5397
docs/authoring/reasoning-foundations/09.03/check-prompts.md	2930
docs/authoring/reasoning-foundations/09.03/learner-guide.md	11761
docs/authoring/reasoning-foundations/README.md	5364
docs/authoring/reasoning-foundations/SCOPE-MAP.md	5949
docs/authoring/reasoning-foundations/SOURCES.md	3495
docs/authoring/reasoning-foundations/fixtures.json	6379
docs/authoring/resilience-community-listening/15.04/SCOPE-MAP.md	2563
docs/authoring/resilience-community-listening/15.04/check-answers.md	1002
docs/authoring/resilience-community-listening/15.04/check-prompts.md	545
docs/authoring/resilience-community-listening/15.04/later-packet.md	1304
docs/authoring/resilience-community-listening/15.04/learner-guide.md	7070
docs/authoring/resilience-community-listening/15.05/SCOPE-MAP.md	2897
docs/authoring/resilience-community-listening/15.05/check-answers.md	908
docs/authoring/resilience-community-listening/15.05/check-prompts.md	509
docs/authoring/resilience-community-listening/15.05/later-packet.md	1308
docs/authoring/resilience-community-listening/15.05/learner-guide.md	7618
docs/authoring/resilience-community-listening/15.06/SCOPE-MAP.md	2876
docs/authoring/resilience-community-listening/15.06/check-answers.md	826
docs/authoring/resilience-community-listening/15.06/check-prompts.md	558
docs/authoring/resilience-community-listening/15.06/later-packet.md	1278
docs/authoring/resilience-community-listening/15.06/learner-guide.md	7199
docs/authoring/resilience-community-listening/15.07/SCOPE-MAP.md	2818
docs/authoring/resilience-community-listening/15.07/check-answers.md	876
docs/authoring/resilience-community-listening/15.07/check-prompts.md	529
docs/authoring/resilience-community-listening/15.07/later-packet.md	1265
docs/authoring/resilience-community-listening/15.07/learner-guide.md	7400
docs/authoring/resilience-community-listening/15.08/SCOPE-MAP.md	2873
docs/authoring/resilience-community-listening/15.08/check-answers.md	833
docs/authoring/resilience-community-listening/15.08/check-prompts.md	463
docs/authoring/resilience-community-listening/15.08/later-packet.md	1314
docs/authoring/resilience-community-listening/15.08/learner-guide.md	7886
docs/authoring/resilience-community-listening/15.08/materials/station-card.txt	783
docs/authoring/resilience-community-listening/15.09/SCOPE-MAP.md	2895
docs/authoring/resilience-community-listening/15.09/check-answers.md	804
docs/authoring/resilience-community-listening/15.09/check-prompts.md	504
docs/authoring/resilience-community-listening/15.09/later-packet.md	1464
docs/authoring/resilience-community-listening/15.09/learner-guide.md	7853
docs/authoring/resilience-community-listening/15.10/SCOPE-MAP.md	2787
docs/authoring/resilience-community-listening/15.10/check-answers.md	768
docs/authoring/resilience-community-listening/15.10/check-prompts.md	426
docs/authoring/resilience-community-listening/15.10/later-packet.md	1248
docs/authoring/resilience-community-listening/15.10/learner-guide.md	7387
docs/authoring/resilience-community-listening/15.10/materials/fallback-card.txt	799
docs/authoring/resilience-community-listening/15.11/SCOPE-MAP.md	2924
docs/authoring/resilience-community-listening/15.11/check-answers.md	781
docs/authoring/resilience-community-listening/15.11/check-prompts.md	429
docs/authoring/resilience-community-listening/15.11/later-packet.md	1384
docs/authoring/resilience-community-listening/15.11/learner-guide.md	7563
docs/authoring/resilience-community-listening/15.12/SCOPE-MAP.md	2848
docs/authoring/resilience-community-listening/15.12/check-answers.md	833
docs/authoring/resilience-community-listening/15.12/check-prompts.md	450
docs/authoring/resilience-community-listening/15.12/later-packet.md	1405
docs/authoring/resilience-community-listening/15.12/learner-guide.md	7879
docs/authoring/resilience-community-listening/15.13/SCOPE-MAP.md	2665
docs/authoring/resilience-community-listening/15.13/check-answers.md	1202
docs/authoring/resilience-community-listening/15.13/check-prompts.md	793
docs/authoring/resilience-community-listening/15.13/later-packet.md	1229
docs/authoring/resilience-community-listening/15.13/learner-guide.md	7322
docs/authoring/resilience-community-listening/15.14/SCOPE-MAP.md	2853
docs/authoring/resilience-community-listening/15.14/check-answers.md	798
docs/authoring/resilience-community-listening/15.14/check-prompts.md	428
docs/authoring/resilience-community-listening/15.14/later-packet.md	1487
docs/authoring/resilience-community-listening/15.14/learner-guide.md	7646
docs/authoring/resilience-community-listening/16.01/SCOPE-MAP.md	2495
docs/authoring/resilience-community-listening/16.01/check-answers.md	845
docs/authoring/resilience-community-listening/16.01/check-prompts.md	526
docs/authoring/resilience-community-listening/16.01/later-packet.md	1450
docs/authoring/resilience-community-listening/16.01/learner-guide.md	7734
docs/authoring/resilience-community-listening/QUALITY-REVIEW.md	11817
docs/authoring/resilience-community-listening/README.md	4176
docs/authoring/resilience-community-listening/SOURCES.md	9891
docs/authoring/resilience-community-listening/cohort.json	15746
docs/authoring/resilience-community-listening/fixtures.json	4947
docs/authoring/resilience-community-listening/sources.json	10543
docs/authoring/resilience-community-listening/verification.json	18856
docs/authoring/respectful-connection/16.14/SCOPE-MAP.md	2460
docs/authoring/respectful-connection/16.14/check-answers.md	842
docs/authoring/respectful-connection/16.14/check-prompts.md	611
docs/authoring/respectful-connection/16.14/later-packet.md	1242
docs/authoring/respectful-connection/16.14/learner-guide.md	6620
docs/authoring/respectful-connection/16.15/SCOPE-MAP.md	2626
docs/authoring/respectful-connection/16.15/check-answers.md	839
docs/authoring/respectful-connection/16.15/check-prompts.md	553
docs/authoring/respectful-connection/16.15/later-packet.md	1166
docs/authoring/respectful-connection/16.15/learner-guide.md	6728
docs/authoring/respectful-connection/16.16/SCOPE-MAP.md	2530
docs/authoring/respectful-connection/16.16/check-answers.md	790
docs/authoring/respectful-connection/16.16/check-prompts.md	552
docs/authoring/respectful-connection/16.16/later-packet.md	1043
docs/authoring/respectful-connection/16.16/learner-guide.md	6447
docs/authoring/respectful-connection/16.17/SCOPE-MAP.md	2755
docs/authoring/respectful-connection/16.17/check-answers.md	1011
docs/authoring/respectful-connection/16.17/check-prompts.md	902
docs/authoring/respectful-connection/16.17/later-packet.md	1207
docs/authoring/respectful-connection/16.17/learner-guide.md	6911
docs/authoring/respectful-connection/16.18/SCOPE-MAP.md	2527
docs/authoring/respectful-connection/16.18/check-answers.md	826
docs/authoring/respectful-connection/16.18/check-prompts.md	599
docs/authoring/respectful-connection/16.18/later-packet.md	1092
docs/authoring/respectful-connection/16.18/learner-guide.md	6698
docs/authoring/respectful-connection/17.01/SCOPE-MAP.md	2430
docs/authoring/respectful-connection/17.01/check-answers.md	680
docs/authoring/respectful-connection/17.01/check-prompts.md	469
docs/authoring/respectful-connection/17.01/later-packet.md	961
docs/authoring/respectful-connection/17.01/learner-guide.md	6403
docs/authoring/respectful-connection/17.02/SCOPE-MAP.md	2438
docs/authoring/respectful-connection/17.02/check-answers.md	1080
docs/authoring/respectful-connection/17.02/check-prompts.md	903
docs/authoring/respectful-connection/17.02/later-packet.md	1016
docs/authoring/respectful-connection/17.02/learner-guide.md	6705
docs/authoring/respectful-connection/17.03/SCOPE-MAP.md	2593
docs/authoring/respectful-connection/17.03/check-answers.md	694
docs/authoring/respectful-connection/17.03/check-prompts.md	611
docs/authoring/respectful-connection/17.03/later-packet.md	990
docs/authoring/respectful-connection/17.03/learner-guide.md	6822
docs/authoring/respectful-connection/17.04/SCOPE-MAP.md	2482
docs/authoring/respectful-connection/17.04/check-answers.md	674
docs/authoring/respectful-connection/17.04/check-prompts.md	469
docs/authoring/respectful-connection/17.04/later-packet.md	1021
docs/authoring/respectful-connection/17.04/learner-guide.md	6294
docs/authoring/respectful-connection/17.05/SCOPE-MAP.md	2497
docs/authoring/respectful-connection/17.05/check-answers.md	640
docs/authoring/respectful-connection/17.05/check-prompts.md	557
docs/authoring/respectful-connection/17.05/later-packet.md	918
docs/authoring/respectful-connection/17.05/learner-guide.md	6790
docs/authoring/respectful-connection/17.06/SCOPE-MAP.md	2565
docs/authoring/respectful-connection/17.06/check-answers.md	1134
docs/authoring/respectful-connection/17.06/check-prompts.md	885
docs/authoring/respectful-connection/17.06/later-packet.md	1081
docs/authoring/respectful-connection/17.06/learner-guide.md	6847
docs/authoring/respectful-connection/17.07/SCOPE-MAP.md	2469
docs/authoring/respectful-connection/17.07/check-answers.md	743
docs/authoring/respectful-connection/17.07/check-prompts.md	533
docs/authoring/respectful-connection/17.07/later-packet.md	1112
docs/authoring/respectful-connection/17.07/learner-guide.md	6678
docs/authoring/respectful-connection/QUALITY-REVIEW.md	16001
docs/authoring/respectful-connection/README.md	3287
docs/authoring/respectful-connection/SOURCES.md	8160
docs/authoring/respectful-connection/cohort.json	14007
docs/authoring/respectful-connection/fixtures.json	3865
docs/authoring/respectful-connection/sources.json	10060
docs/authoring/respectful-connection/verification.json	17253
docs/authoring/risk-judgment-inference/09.10/check-answers.md	3573
docs/authoring/risk-judgment-inference/09.10/check-prompts.md	2023
docs/authoring/risk-judgment-inference/09.10/learner-guide.md	10886
docs/authoring/risk-judgment-inference/09.11/check-answers.md	3533
docs/authoring/risk-judgment-inference/09.11/check-prompts.md	1674
docs/authoring/risk-judgment-inference/09.11/learner-guide.md	10493
docs/authoring/risk-judgment-inference/09.12/check-answers.md	3169
docs/authoring/risk-judgment-inference/09.12/check-prompts.md	1644
docs/authoring/risk-judgment-inference/09.12/learner-guide.md	10392
docs/authoring/risk-judgment-inference/09.12/outcome-packet.md	930
docs/authoring/risk-judgment-inference/09.13/check-answers.md	4592
docs/authoring/risk-judgment-inference/09.13/check-prompts.md	2080
docs/authoring/risk-judgment-inference/09.13/learner-guide.md	10789
docs/authoring/risk-judgment-inference/09.14/check-answers.md	3668
docs/authoring/risk-judgment-inference/09.14/check-prompts.md	1932
docs/authoring/risk-judgment-inference/09.14/learner-guide.md	10877
docs/authoring/risk-judgment-inference/09.14/pilot-results.md	817
docs/authoring/risk-judgment-inference/09.15/check-answers.md	4120
docs/authoring/risk-judgment-inference/09.15/check-prompts.md	1776
docs/authoring/risk-judgment-inference/09.15/learner-guide.md	11596
docs/authoring/risk-judgment-inference/README.md	6278
docs/authoring/risk-judgment-inference/SCOPE-MAP.md	8078
docs/authoring/risk-judgment-inference/SOURCES.md	6105
docs/authoring/risk-judgment-inference/cohort.json	4824
docs/authoring/risk-judgment-inference/fixtures.json	7832
docs/authoring/sources.yaml	54682
docs/authoring/stewardship-enterprise/23.08/SCOPE-MAP.md	2782
docs/authoring/stewardship-enterprise/23.08/check-answers.md	571
docs/authoring/stewardship-enterprise/23.08/check-prompts.md	436
docs/authoring/stewardship-enterprise/23.08/later-packet.md	1429
docs/authoring/stewardship-enterprise/23.08/learner-guide.md	7461
docs/authoring/stewardship-enterprise/23.09/SCOPE-MAP.md	2735
docs/authoring/stewardship-enterprise/23.09/check-answers.md	614
docs/authoring/stewardship-enterprise/23.09/check-prompts.md	481
docs/authoring/stewardship-enterprise/23.09/later-packet.md	1446
docs/authoring/stewardship-enterprise/23.09/learner-guide.md	7644
docs/authoring/stewardship-enterprise/23.10/SCOPE-MAP.md	2720
docs/authoring/stewardship-enterprise/23.10/check-answers.md	525
docs/authoring/stewardship-enterprise/23.10/check-prompts.md	449
docs/authoring/stewardship-enterprise/23.10/later-packet.md	1511
docs/authoring/stewardship-enterprise/23.10/learner-guide.md	8042
docs/authoring/stewardship-enterprise/23.11/SCOPE-MAP.md	2879
docs/authoring/stewardship-enterprise/23.11/check-answers.md	607
docs/authoring/stewardship-enterprise/23.11/check-prompts.md	395
docs/authoring/stewardship-enterprise/23.11/later-packet.md	1457
docs/authoring/stewardship-enterprise/23.11/learner-guide.md	8523
docs/authoring/stewardship-enterprise/23.12/SCOPE-MAP.md	2799
docs/authoring/stewardship-enterprise/23.12/check-answers.md	619
docs/authoring/stewardship-enterprise/23.12/check-prompts.md	477
docs/authoring/stewardship-enterprise/23.12/later-packet.md	1589
docs/authoring/stewardship-enterprise/23.12/learner-guide.md	7564
docs/authoring/stewardship-enterprise/24.01/SCOPE-MAP.md	2762
docs/authoring/stewardship-enterprise/24.01/check-answers.md	562
docs/authoring/stewardship-enterprise/24.01/check-prompts.md	456
docs/authoring/stewardship-enterprise/24.01/later-packet.md	1556
docs/authoring/stewardship-enterprise/24.01/learner-guide.md	7893
docs/authoring/stewardship-enterprise/24.02/SCOPE-MAP.md	2675
docs/authoring/stewardship-enterprise/24.02/check-answers.md	554
docs/authoring/stewardship-enterprise/24.02/check-prompts.md	425
docs/authoring/stewardship-enterprise/24.02/later-packet.md	1503
docs/authoring/stewardship-enterprise/24.02/learner-guide.md	7728
docs/authoring/stewardship-enterprise/24.03/SCOPE-MAP.md	2718
docs/authoring/stewardship-enterprise/24.03/check-answers.md	620
docs/authoring/stewardship-enterprise/24.03/check-prompts.md	559
docs/authoring/stewardship-enterprise/24.03/later-packet.md	1455
docs/authoring/stewardship-enterprise/24.03/learner-guide.md	7534
docs/authoring/stewardship-enterprise/24.04/SCOPE-MAP.md	2703
docs/authoring/stewardship-enterprise/24.04/check-answers.md	617
docs/authoring/stewardship-enterprise/24.04/check-prompts.md	398
docs/authoring/stewardship-enterprise/24.04/later-packet.md	1485
docs/authoring/stewardship-enterprise/24.04/learner-guide.md	8038
docs/authoring/stewardship-enterprise/24.05/SCOPE-MAP.md	2697
docs/authoring/stewardship-enterprise/24.05/check-answers.md	573
docs/authoring/stewardship-enterprise/24.05/check-prompts.md	393
docs/authoring/stewardship-enterprise/24.05/later-packet.md	1466
docs/authoring/stewardship-enterprise/24.05/learner-guide.md	7717
docs/authoring/stewardship-enterprise/24.06/SCOPE-MAP.md	2760
docs/authoring/stewardship-enterprise/24.06/check-answers.md	575
docs/authoring/stewardship-enterprise/24.06/check-prompts.md	476
docs/authoring/stewardship-enterprise/24.06/later-packet.md	1577
docs/authoring/stewardship-enterprise/24.06/learner-guide.md	7885
docs/authoring/stewardship-enterprise/24.07/SCOPE-MAP.md	2775
docs/authoring/stewardship-enterprise/24.07/check-answers.md	607
docs/authoring/stewardship-enterprise/24.07/check-prompts.md	452
docs/authoring/stewardship-enterprise/24.07/later-packet.md	1583
docs/authoring/stewardship-enterprise/24.07/learner-guide.md	8103
docs/authoring/stewardship-enterprise/QUALITY-REVIEW.md	16207
docs/authoring/stewardship-enterprise/README.md	3656
docs/authoring/stewardship-enterprise/SOURCES.md	11114
docs/authoring/stewardship-enterprise/cohort.json	40600
docs/authoring/stewardship-enterprise/fixtures.json	4699
docs/authoring/stewardship-enterprise/sources.json	13353
docs/authoring/stewardship-enterprise/verification.json	46617
docs/authoring/systems-causes-tradeoffs/09.07/check-answers.md	4130
docs/authoring/systems-causes-tradeoffs/09.07/check-prompts.md	2068
docs/authoring/systems-causes-tradeoffs/09.07/learner-guide.md	12137
docs/authoring/systems-causes-tradeoffs/09.08/check-answers.md	3410
docs/authoring/systems-causes-tradeoffs/09.08/check-prompts.md	2067
docs/authoring/systems-causes-tradeoffs/09.08/learner-guide.md	12554
docs/authoring/systems-causes-tradeoffs/09.08/test-results.md	1377
docs/authoring/systems-causes-tradeoffs/09.09/check-answers.md	4045
docs/authoring/systems-causes-tradeoffs/09.09/check-prompts.md	2452
docs/authoring/systems-causes-tradeoffs/09.09/learner-guide.md	13334
docs/authoring/systems-causes-tradeoffs/README.md	4828
docs/authoring/systems-causes-tradeoffs/SCOPE-MAP.md	5740
docs/authoring/systems-causes-tradeoffs/SOURCES.md	3610
docs/authoring/systems-causes-tradeoffs/fixtures.json	2999
docs/authoring/work-delivery-voice/21.08/SCOPE-MAP.md	2690
docs/authoring/work-delivery-voice/21.08/check-answers.md	624
docs/authoring/work-delivery-voice/21.08/check-prompts.md	402
docs/authoring/work-delivery-voice/21.08/later-packet.md	1294
docs/authoring/work-delivery-voice/21.08/learner-guide.md	7237
docs/authoring/work-delivery-voice/21.09/SCOPE-MAP.md	2672
docs/authoring/work-delivery-voice/21.09/check-answers.md	556
docs/authoring/work-delivery-voice/21.09/check-prompts.md	381
docs/authoring/work-delivery-voice/21.09/later-packet.md	1207
docs/authoring/work-delivery-voice/21.09/learner-guide.md	7351
docs/authoring/work-delivery-voice/21.10/SCOPE-MAP.md	2695
docs/authoring/work-delivery-voice/21.10/check-answers.md	543
docs/authoring/work-delivery-voice/21.10/check-prompts.md	409
docs/authoring/work-delivery-voice/21.10/later-packet.md	1324
docs/authoring/work-delivery-voice/21.10/learner-guide.md	6882
docs/authoring/work-delivery-voice/21.11/SCOPE-MAP.md	2692
docs/authoring/work-delivery-voice/21.11/check-answers.md	540
docs/authoring/work-delivery-voice/21.11/check-prompts.md	371
docs/authoring/work-delivery-voice/21.11/later-packet.md	1256
docs/authoring/work-delivery-voice/21.11/learner-guide.md	8426
docs/authoring/work-delivery-voice/21.12/SCOPE-MAP.md	2665
docs/authoring/work-delivery-voice/21.12/check-answers.md	585
docs/authoring/work-delivery-voice/21.12/check-prompts.md	364
docs/authoring/work-delivery-voice/21.12/later-packet.md	1254
docs/authoring/work-delivery-voice/21.12/learner-guide.md	7266
docs/authoring/work-delivery-voice/21.13/SCOPE-MAP.md	2640
docs/authoring/work-delivery-voice/21.13/check-answers.md	921
docs/authoring/work-delivery-voice/21.13/check-prompts.md	893
docs/authoring/work-delivery-voice/21.13/later-packet.md	1331
docs/authoring/work-delivery-voice/21.13/learner-guide.md	8202
docs/authoring/work-delivery-voice/21.14/SCOPE-MAP.md	2708
docs/authoring/work-delivery-voice/21.14/check-answers.md	567
docs/authoring/work-delivery-voice/21.14/check-prompts.md	454
docs/authoring/work-delivery-voice/21.14/later-packet.md	1266
docs/authoring/work-delivery-voice/21.14/learner-guide.md	7827
docs/authoring/work-delivery-voice/21.15/SCOPE-MAP.md	2816
docs/authoring/work-delivery-voice/21.15/check-answers.md	549
docs/authoring/work-delivery-voice/21.15/check-prompts.md	444
docs/authoring/work-delivery-voice/21.15/later-packet.md	1185
docs/authoring/work-delivery-voice/21.15/learner-guide.md	7875
docs/authoring/work-delivery-voice/21.16/SCOPE-MAP.md	2795
docs/authoring/work-delivery-voice/21.16/check-answers.md	568
docs/authoring/work-delivery-voice/21.16/check-prompts.md	415
docs/authoring/work-delivery-voice/21.16/later-packet.md	1226
docs/authoring/work-delivery-voice/21.16/learner-guide.md	8606
docs/authoring/work-delivery-voice/21.17/SCOPE-MAP.md	2734
docs/authoring/work-delivery-voice/21.17/check-answers.md	595
docs/authoring/work-delivery-voice/21.17/check-prompts.md	447
docs/authoring/work-delivery-voice/21.17/later-packet.md	1335
docs/authoring/work-delivery-voice/21.17/learner-guide.md	8727
docs/authoring/work-delivery-voice/21.18/SCOPE-MAP.md	2737
docs/authoring/work-delivery-voice/21.18/check-answers.md	1072
docs/authoring/work-delivery-voice/21.18/check-prompts.md	1056
docs/authoring/work-delivery-voice/21.18/later-packet.md	1306
docs/authoring/work-delivery-voice/21.18/learner-guide.md	8270
docs/authoring/work-delivery-voice/21.19/SCOPE-MAP.md	2698
docs/authoring/work-delivery-voice/21.19/check-answers.md	613
docs/authoring/work-delivery-voice/21.19/check-prompts.md	633
docs/authoring/work-delivery-voice/21.19/later-packet.md	1212
docs/authoring/work-delivery-voice/21.19/learner-guide.md	7595
docs/authoring/work-delivery-voice/QUALITY-REVIEW.md	18615
docs/authoring/work-delivery-voice/README.md	3575
docs/authoring/work-delivery-voice/SOURCES.md	9391
docs/authoring/work-delivery-voice/cohort.json	35516
docs/authoring/work-delivery-voice/fixtures.json	6178
docs/authoring/work-delivery-voice/sources.json	11346
docs/authoring/work-delivery-voice/verification.json	19184
docs/backup-and-restore.md	5607
docs/context-and-personal-os.md	18262
docs/context-discovery-policy.md	2511
docs/data-import.md	8096
docs/deployment.md	15996
docs/evidence-audit.md	5226
docs/evidence-contract.md	11338
docs/evidence/M6B-GOV-AUDIT-2026-09-01.json	6589
docs/evidence/M6B-GOV-AUDIT-2026-09-01.md	5017
docs/evidence/M6C-01-2026-08-13.md	11510
docs/evidence/M6C-02-2026-08-13.md	13753
docs/evidence/M6C-03-2026-08-14.md	11820
docs/evidence/M6C-04-2026-08-14.md	14587
docs/evidence/M6D-01-2026-08-15.md	18932
docs/evidence/M6E-FULL-FRONTIER-2026-08-26.md	5009
docs/evidence/M6F-ALL-ACTIVE-2026-08-26.md	5431
docs/evidence/M6H-01-2026-08-27.md	3336
docs/evidence/M6H-02-2026-09-01.md	3842
docs/evidence/M6I-01-COMPOSITE-CLOSEOUT-SCORING-2026-09-01.md	7449
docs/evidence/M6I-02-APPLICABILITY-PERSONAL-COVERAGE-2026-09-02.md	2124
docs/evidence/M6I-03-ASSESSMENT-CALIBRATION-READINESS-2026-09-02.md	2188
docs/evidence/M6I-04-CONSENTED-ASSESSMENT-CALIBRATION-DATA-2026-09-02.md	4038
docs/evidence/M6I-05-ASSESSMENT-CALIBRATION-ANALYSIS-READINESS-2026-09-03.md	4196
docs/evidence/M6J-01-TAILORED-COMPETENCY-PRACTICES-2026-09-05.md	3691
docs/evidence/M6J-02-SELF-KNOWLEDGE-PRACTICES-2026-09-05.md	8878
docs/evidence/M6J-03-FOUNDATIONAL-PRACTICES-2026-09-06.md	6567
docs/evidence/M6J-04-VULNERABILITY-PRACTICES-2026-09-06.md	6433
docs/evidence/M6K-ADAPTIVE-DIGITAL-SIX.md	5990
docs/evidence/M6K-APPRENTICESHIP-TRANSMISSION-ACCESS-RUNTIME.md	5101
docs/evidence/M6K-ATTENTION-AGENCY-FINAL-THIRTEEN.md	6923
docs/evidence/M6K-BELONGING-PARTNERSHIP-TWELVE.md	7001
docs/evidence/M6K-CATALOG-EDITORIAL-REMEDIATION-20260927.md	2768
docs/evidence/M6K-CATALOG-OWNER-RELEASE-20260928.md	3540
docs/evidence/M6K-CATALOG-PRODUCT-INTEGRATION-20260928.md	4620
docs/evidence/M6K-CATALOG-QUALITY-AUDIT-20260927.md	4880
docs/evidence/M6K-CIVIC-PARTICIPATION-TWELVE.md	5610
docs/evidence/M6K-CIVIC-WORK-FOUNDATIONS-TWELVE.md	6367
docs/evidence/M6K-COMMUNICATION-INFLUENCE-TWELVE.md	6556
docs/evidence/M6K-CONTINUATION-2026-09-08.md	5205
docs/evidence/M6K-CREATIVE-CULTURE-LEISURE-TWELVE.md	5306
docs/evidence/M6K-DIGITAL-JUDGMENT-PREPAREDNESS-TWELVE.md	7581
docs/evidence/M6K-ECONOMICS-CREATIVE-TWELVE.md	4034
docs/evidence/M6K-EMOTIONAL-FOUNDATIONS-THIRTEEN.md	6885
docs/evidence/M6K-EXECUTION-CAPACITY-CLOSEOUT-SIX.md	7171
docs/evidence/M6K-FAMILY-STEWARDSHIP-TWELVE.md	4618
docs/evidence/M6K-GOVERNANCE-FINANCE-TWELVE.md	5425
docs/evidence/M6K-HEALTH-FOUNDATIONS-SIX.md	6999
docs/evidence/M6K-HEALTH-STEWARDSHIP-SIX.md	7059
docs/evidence/M6K-INDEPENDENT-TEACHING-BREADTH-RUNTIME.md	4216
docs/evidence/M6K-INQUIRY-NOTES-RUNTIME.md	4778
docs/evidence/M6K-INSTRUCTIONAL-2026-09-08.md	3940
docs/evidence/M6K-LEADERSHIP-FOUNDATIONS-TWELVE.md	5357
docs/evidence/M6K-LEARNING-CRAFT-RUNTIME.md	5510
docs/evidence/M6K-LEARNING-LOOP-RUNTIME.md	4399
docs/evidence/M6K-LEISURE-LIFE-DESIGN-TWELVE.md	6616
docs/evidence/M6K-LIFE-INTEGRATION-TWELVE.md	6587
docs/evidence/M6K-PARTNERSHIP-FAMILY-TWELVE.md	3589
docs/evidence/M6K-PHYSICAL-CAPACITY-RUNTIME.md	4840
docs/evidence/M6K-QA01-CRAFT-REPAIR.md	4025
docs/evidence/M6K-RECOVERY-2026-09-08.md	1838
docs/evidence/M6K-RESILIENCE-COMMUNITY-LISTENING-TWELVE.md	5646
docs/evidence/M6K-RESPECTFUL-CONNECTION-TWELVE.md	6355
docs/evidence/M6K-REVIEW-EVIDENCE-2026-09-08.md	4250
docs/evidence/M6K-SOURCE-CONSOLIDATION-RETRY.md	23049
docs/evidence/M6K-STEWARDSHIP-ENTERPRISE-TWELVE.md	5298
docs/evidence/M6K-WORK-DELIVERY-VOICE-TWELVE.md	6028
docs/evidence/M6L-01-GUIDED-ENTRY-20260929.md	4860
docs/evidence/M6L-02-CONTEXT-ALTERNATIVES-20260929.md	6328
docs/evidence/M6L-03-DIRECTION-CONNECTION-20260929.md	6564
docs/evidence/M6L-04-RECURRING-WEEKLY-20260929.md	5543
docs/evidence/M6L-05-HISTORY-CONTINUITY-20260929.md	8036
docs/evidence/M6L-06-APPLICATION-CONSISTENCY-20260929.md	4197
docs/evidence/local/.gitignore	14
docs/evidence/m6k-2026-09-08/browser-collection.txt	251
docs/evidence/m6k-2026-09-08/contract.txt	1055
docs/evidence/m6k-2026-09-08/determinism.txt	84
docs/evidence/m6k-2026-09-08/focused-tests.txt	110
docs/evidence/m6k-2026-09-08/recovery.txt	130
docs/evidence/m6k-2026-09-08/regression-tests.txt	111
docs/evidence/m6k-2026-09-08/report-generation.txt	891
docs/evidence/m6k-continuation-2026-09-08/baseline-catalog.txt	1200
docs/evidence/m6k-continuation-2026-09-08/baseline-quick-incomplete.txt	3136
docs/evidence/m6k-continuation-2026-09-08/baseline-readiness.txt	8981
docs/evidence/m6k-continuation-2026-09-08/continuation-tests.txt	100
docs/evidence/m6k-continuation-2026-09-08/contract-check.txt	1055
docs/evidence/m6k-continuation-2026-09-08/focused-regression.txt	192
docs/evidence/m6k-continuation-2026-09-08/portfolio-tests.txt	7774
docs/evidence/m6k-continuation-2026-09-08/preview.json	640
docs/evidence/m6k-continuation-2026-09-08/sample-batch.yaml	4033
docs/evidence/m6k-continuation-2026-09-08/source-hashes.json	2285
docs/evidence/m6k-learning-craft/competency-evidence.txt	3666
docs/evidence/m6k-learning-craft/compiler.txt	84
docs/evidence/m6k-learning-craft/continuation-tests.txt	100
docs/evidence/m6k-learning-craft/contract.txt	1055
docs/evidence/m6k-learning-craft/curriculum.txt	2748
docs/evidence/m6k-learning-craft/final-contract.txt	1055
docs/evidence/m6k-learning-craft/next-formal-action.json	526
docs/evidence/m6k-learning-craft/pilot.txt	2567
docs/evidence/m6k-learning-craft/previous-program-receipts.json	31148
docs/evidence/m6k-learning-craft/recovery.txt	155
docs/evidence/m6k-learning-craft/regression-initial.txt	18351
docs/evidence/m6k-learning-craft/reports.txt	991
docs/evidence/m6k-learning-craft/runtime-views.txt	99
docs/evidence/m6k-learning-craft/scope-check.json	646
docs/evidence/m6k-qa01/browser-provenance.json	1670
docs/evidence/m6k-qa01/browser-review.md	1767
docs/evidence/m6k-qa01/contract-check.txt	1055
docs/evidence/m6k-qa01/craft-tests.txt	98
docs/evidence/m6k-qa01/hosted-browser.txt	1216
docs/evidence/m6k-qa01/m6k-guide-check-zoom-1280.png	604355
docs/evidence/m6k-qa01/m6k-guide-check-zoom-390.png	738791
docs/evidence/m6k-qa01/m6k-guide-prompt-1280.png	141018
docs/evidence/m6k-qa01/m6k-guide-prompt-390.png	122926
docs/evidence/m6k-qa01/next-action.json	800
docs/evidence/m6k-qa01/scope-check.json	344
docs/evidence/m6k-qa01/tests.txt	192
docs/evidence/m6k-review-2026-09-08/browser-install-failed.txt	1218
docs/evidence/m6k-review-2026-09-08/catalog-progress.partial.txt	810
docs/evidence/m6k-review-2026-09-08/environment.txt	95
docs/evidence/m6k-review-2026-09-08/final-contract.txt	115
docs/evidence/m6k-review-2026-09-08/focused-66.txt	111
docs/evidence/m6k-review-2026-09-08/full-suite-progress.partial.txt	2105
docs/evidence/m6k-review-2026-09-08/readiness-progress.partial.txt	4919
docs/evidence/m6k-review-2026-09-08/review-and-baseline-check.txt	43
docs/evidence/m6k-review-2026-09-08/review-final-49.txt	100
docs/history-continuity.md	4568
docs/ideal_person_curriculum_scope_audit.md	4060
docs/ideal_person_curriculum_v2_revision_report.md	5987
docs/pilot-feedback.md	5807
docs/pilot/PILOT_002_FINDINGS.md	1944
docs/pilot/PILOT_READINESS_CLOSEOUT.md	8696
docs/pilot/PRIVATE_PILOT_001_FINDINGS.md	4931
docs/pilot/PRIVATE_PILOT_OPERATIONS.md	8345
docs/pilot/pilot_001_rescore_v1_1.md	1850
docs/plans/AGENTIC_DELIVERY_GAPS.md	1933
docs/plans/DELIVERY_AUTOMATION.md	2415
docs/plans/m6k/AUDIT.md	4774
docs/plans/m6k/CONTINUATION.md	4898
docs/plans/m6k/README.md	19272
docs/plans/m6k/REVIEW_IMPLEMENTATION.md	7844
docs/plans/m6k/REVIEW_RECORD.md	6511
docs/plans/m6k/continuation-receipts.schema.json	4260
docs/plans/m6k/continuation.py	26270
docs/plans/m6k/input-manifest.json	1407
docs/plans/m6k/navigation-state.json	93
docs/plans/m6k/portfolio/automation.schema.json	4826
docs/plans/m6k/portfolio/batch.schema.json	3810
docs/plans/m6k/portfolio/product.schema.json	1140
docs/plans/m6k/portfolio/product.yaml	2829
docs/plans/m6k/portfolio/provenance.json	887
docs/plans/m6k/previous-active-batch.yaml	5023
docs/plans/m6k/program-receipts.json	42461
docs/plans/m6k/program.json	10765
docs/plans/m6k/queue.py	9131
docs/plans/m6k/recovery.py	16079
docs/plans/m6k/recovery/GITG_M6J_Unpublished_Inputs.zip	610670
docs/plans/m6k/recovery/INPUT_MANIFEST.json	4074
docs/plans/m6k/recovery/README.md	1778
docs/plans/m6k/recovery/initial-quality-ledger.json	87649
docs/plans/m6k/recovery/reconciliation.json	12483
docs/plans/m6k/recovery/runtime-invariants.json	320935
docs/plans/m6k/recovery/selected/exercises/01.yaml	32108
docs/plans/m6k/recovery/selected/exercises/02.yaml	45846
docs/plans/m6k/recovery/selected/exercises/03.yaml	61360
docs/plans/m6k/recovery/selected/exercises/04.yaml	46070
docs/plans/m6k/recovery/selected/exercises/05.yaml	41551
docs/plans/m6k/recovery/selected/exercises/06.yaml	71620
docs/plans/m6k/recovery/selected/exercises/07.yaml	55179
docs/plans/m6k/recovery/selected/exercises/08.yaml	74717
docs/plans/m6k/recovery/selected/exercises/09.yaml	73030
docs/plans/m6k/recovery/selected/exercises/10.yaml	59914
docs/plans/m6k/recovery/selected/exercises/11.yaml	42461
docs/plans/m6k/recovery/selected/exercises/12.yaml	72201
docs/plans/m6k/recovery/selected/exercises/13.yaml	50955
docs/plans/m6k/recovery/selected/exercises/14.yaml	58591
docs/plans/m6k/recovery/selected/exercises/15.yaml	66453
docs/plans/m6k/recovery/selected/exercises/16.yaml	79808
docs/plans/m6k/recovery/selected/exercises/17.yaml	63199
docs/plans/m6k/recovery/selected/exercises/18.yaml	64955
docs/plans/m6k/recovery/selected/exercises/19.yaml	69233
docs/plans/m6k/recovery/selected/exercises/20.yaml	80872
docs/plans/m6k/recovery/selected/exercises/21.yaml	84680
docs/plans/m6k/recovery/selected/exercises/22.yaml	76898
docs/plans/m6k/recovery/selected/exercises/23.yaml	57963
docs/plans/m6k/recovery/selected/exercises/24.yaml	64818
docs/plans/m6k/recovery/selected/exercises/25.yaml	58478
docs/plans/m6k/recovery/selected/exercises/26.yaml	63899
docs/plans/m6k/recovery/selected/exercises/27.yaml	71193
docs/plans/m6k/recovery/selected/sources.yaml	142530
docs/plans/m6k/recovery/source-inventory.json	194800
docs/plans/m6k/reviews.py	25438
docs/plans/m6k/runtime-projections.json	35589
docs/plans/m6k/schemas/ledger.schema.json	863
docs/plans/m6k/schemas/receipt.schema.json	14746
docs/plans/m6k/schemas/scope-plan.schema.json	4875
docs/plans/m6l/README.md	4497
docs/plans/m6l/actions.yaml	10557
docs/plans/m6l/m6l-01-active-batch.yaml	3617
docs/plans/m6l/m6l-02-active-batch.yaml	3806
docs/plans/m6l/m6l-03-active-batch.yaml	3992
docs/plans/m6l/m6l-04-active-batch.yaml	4152
docs/plans/m6l/m6l-05-active-batch.yaml	4244
docs/plans/m6l/previous-active-batch.yaml	3769
docs/practice-content.md	6143
docs/practice-direction-contract.md	3670
docs/practice-workflow.md	7833
docs/program/M6_CURRICULUM_EXPANSION.md	16001
docs/program/M6_VALIDATION_AND_PILOT_PLAN.md	10956
docs/protocol-library.md	8540
docs/runbooks/agentic-development.md	1586
docs/scoring-shadow.md	8361
docs/scoring-state.md	10614
docs/testing.md	18786
docs/weekly-followup.md	4025
examples/top_25_task_preview_pilot002.csv	25336
grounded_growth/__init__.py	1
grounded_growth/middleware.py	735
grounded_growth/settings.py	4855
grounded_growth/settings_test.py	913
grounded_growth/urls.py	2489
grounded_growth/wsgi.py	176
growth/__init__.py	1
growth/apps.py	492
growth/db.py	701
growth/domain/__init__.py	41
growth/domain/assessment_calibration.py	2394
growth/domain/competency_scoring.py	31514
growth/domain/composite_scoring.py	29925
growth/domain/context.py	11678
growth/domain/context_priority.py	21453
growth/domain/evidence.py	12816
growth/domain/evidence_dispatch.py	1965
growth/domain/instructional_content.py	5319
growth/domain/personal_os.py	11940
growth/domain/practice_content.py	73406
growth/domain/practice_direction.py	1029
growth/domain/ranking.py	4092
growth/domain/scoring.py	17242
growth/domain/typed_evidence.py	52120
growth/domain/weekly_execution.py	10862
growth/forms.py	48019
growth/forms_direction.py	3081
growth/forms_history.py	514
growth/forms_weekly_followup.py	739
growth/management/__init__.py	1
growth/management/commands/__init__.py	1
growth/management/commands/analyze_assessment_calibration_dataset.py	3424
growth/management/commands/backfill_evidence_events.py	1523
growth/management/commands/backup_database.py	2260
growth/management/commands/bootstrap_user.py	1351
growth/management/commands/export_assessment_calibration_dataset.py	2079
growth/management/commands/generate_competency_evidence_reports.py	1315
growth/management/commands/generate_practice_reports.py	1227
growth/management/commands/purge_pilot_feedback.py	1801
growth/management/commands/rebuild_composite_score_state.py	3177
growth/management/commands/rebuild_score_state.py	2959
growth/management/commands/seed_canonical.py	904
growth/management/commands/validate_canonical_content.py	1606
growth/management/commands/verify_applicability_coverage.py	1166
growth/management/commands/verify_assessment_calibration_analysis.py	1243
growth/management/commands/verify_assessment_calibration_collection.py	1260
growth/management/commands/verify_competency_evidence_readiness.py	2023
growth/management/commands/verify_composite_scoring_readiness.py	1184
growth/management/commands/verify_context_priority_readiness.py	1386
growth/management/commands/verify_context_readiness.py	1241
growth/management/commands/verify_database_backup.py	1966
growth/management/commands/verify_evidence_events.py	781
growth/management/commands/verify_expansion_readiness.py	1683
growth/management/commands/verify_m6c_pilot_readiness.py	1662
growth/management/commands/verify_m6d_authoring_readiness.py	1847
growth/management/commands/verify_m6h_operations_readiness.py	1326
growth/management/commands/verify_personal_os_readiness.py	1300
growth/management/commands/verify_pilot_readiness.py	1752
growth/management/commands/verify_weekly_execution_readiness.py	1355
growth/migrations/0001_initial.py	22367
growth/migrations/0002_m1b_workflow_fields.py	2378
growth/migrations/0003_m2a_evidence_events.py	9410
growth/migrations/0004_m3a_shadow_scoring.py	3118
growth/migrations/0005_m3b_score_state.py	9957
growth/migrations/0006_m4a_protocol_library.py	837
growth/migrations/0007_pilotfeedback.py	7722
growth/migrations/0008_assessmentcontext_practicecontext.py	15166
growth/migrations/0009_personalosrevision.py	6474
growth/migrations/0010_practicecheckin_typed_observations.py	725
growth/migrations/0011_weeklyexecutionplan_weeklyexecutionreview_and_more.py	8470
growth/migrations/0012_composite_closeout_scoring.py	13328
growth/migrations/0013_assessmentcalibrationconsent.py	3239
growth/migrations/0014_practice_direction_revision.py	3972
growth/migrations/__init__.py	0
growth/models.py	87966
growth/models_direction.py	5449
growth/presentation.py	1370
growth/services/__init__.py	1
growth/services/applicability_coverage.py	10526
growth/services/assessment.py	22640
growth/services/assessment_calibration.py	18473
growth/services/assessment_calibration_analysis.py	34174
growth/services/canonical_import.py	27690
growth/services/competency_evidence_readiness.py	8303
growth/services/competency_evidence_reports.py	66071
growth/services/composite_score_state.py	32688
growth/services/composite_scoring_readiness.py	5560
growth/services/context.py	11855
growth/services/context_priority.py	24337
growth/services/context_review.py	2025
growth/services/data_lifecycle.py	33804
growth/services/database_backup.py	7242
growth/services/evidence.py	19222
growth/services/expansion_readiness.py	6970
growth/services/history.py	6025
growth/services/m6c_pilot_readiness.py	8235
growth/services/m6d_authoring_readiness.py	18705
growth/services/operations_readiness.py	4695
growth/services/personal_os.py	8670
growth/services/personal_os_browser.py	14175
growth/services/pilot_feedback.py	6111
growth/services/pilot_readiness.py	16559
growth/services/practice.py	15334
growth/services/practice_content_reports.py	39589
growth/services/practice_direction.py	4760
growth/services/practice_discovery.py	2009
growth/services/profile.py	14579
growth/services/score_state.py	29529
growth/services/scoring.py	24842
growth/services/weekly_execution.py	17931
growth/services/weekly_followup.py	8851
growth/static/growth/app.css	29193
growth/static/growth/application.css	2686
growth/static/growth/application.js	1391
growth/static/growth/assessment.js	17197
growth/static/growth/contextual_forms.js	2157
growth/static/growth/guided_entry.css	314
growth/static/growth/personal_os.js	1831
growth/templatetags/__init__.py	1
growth/templatetags/growth_extras.py	379
growth/templatetags/instructional.py	1083
growth/templatetags/presentation.py	2345
growth/urls.py	3383
growth/views.py	3181
growth/views_assessment.py	1960
growth/views_data.py	10889
growth/views_direction.py	6534
growth/views_errors.py	1206
growth/views_evidence.py	1911
growth/views_history.py	6198
growth/views_instructional.py	2373
growth/views_personal_os.py	7292
growth/views_pilot.py	1874
growth/views_practice.py	23687
growth/views_weekly.py	11075
growth/views_weekly_followup.py	7741
legacy/ideal_person_curriculum_150.md	42949
legacy/ideal_person_curriculum_150.yaml	46068
legacy/original-js/js-logic/archetype.js	19203
legacy/original-js/js-logic/archetypes/connector/emotional.md	7518
legacy/original-js/js-logic/archetypes/connector/spiritual.md	7228
legacy/original-js/js-logic/archetypes/entertainer/host.md	7647
legacy/original-js/js-logic/archetypes/entertainer/includer.md	6898
legacy/original-js/js-logic/archetypes/entertainer/performer.md	8047
legacy/original-js/js-logic/archetypes/entertainer/tenacious.md	7368
legacy/original-js/js-logic/archetypes/helper/enabler.md	6994
legacy/original-js/js-logic/archetypes/helper/stabilizer.md	7610
legacy/original-js/js-logic/archetypes/introspector/creator.md	7663
legacy/original-js/js-logic/archetypes/introspector/designer.md	7407
legacy/original-js/js-logic/archetypes/introspector/strategizer.md	8051
legacy/original-js/js-logic/archetypes/leader/innovative.md	7618
legacy/original-js/js-logic/archetypes/leader/order.md	7285
legacy/original-js/js-logic/archetypes/planner/social.md	5957
legacy/original-js/js-logic/archetypes/planner/system.md	5386
legacy/original-js/js-logic/archetypes/supporter/supporter.md	5691
legacy/original-js/js-logic/background.cjs	5096
legacy/original-js/js-logic/family.txt	23358
legacy/original-js/js-logic/focuses.js	9009
legacy/original-js/js-logic/goals.js	17148
legacy/original-js/js-logic/life.js	840
legacy/original-js/js-logic/main.js	4520
legacy/original-js/js-logic/other_repo/enneagram/enneagram_1.js	4318
legacy/original-js/js-logic/other_repo/enneagram/enneagram_2.js	6653
legacy/original-js/js-logic/other_repo/enneagram/enneagram_3.js	6471
legacy/original-js/js-logic/other_repo/enneagram/enneagram_4.js	6250
legacy/original-js/js-logic/other_repo/enneagram/enneagram_5.js	6474
legacy/original-js/js-logic/other_repo/enneagram/enneagram_6.js	6396
legacy/original-js/js-logic/other_repo/enneagram/enneagram_7.js	6213
legacy/original-js/js-logic/other_repo/enneagram/enneagram_8.cjs	6309
legacy/original-js/js-logic/other_repo/enneagram/enneagram_9.js	6489
legacy/original-js/js-logic/other_repo/mapping.js	604
legacy/original-js/js-logic/other_repo/mbti/ENFJ.js	8199
legacy/original-js/js-logic/other_repo/mbti/ENFP.js	7936
legacy/original-js/js-logic/other_repo/mbti/ENTJ.js	8219
legacy/original-js/js-logic/other_repo/mbti/ENTP.js	8161
legacy/original-js/js-logic/other_repo/mbti/ESFJ.js	8021
legacy/original-js/js-logic/other_repo/mbti/ESFP.js	8049
legacy/original-js/js-logic/other_repo/mbti/ESTJ.js	8215
legacy/original-js/js-logic/other_repo/mbti/ESTP.js	7909
legacy/original-js/js-logic/other_repo/mbti/INFJ.js	8093
legacy/original-js/js-logic/other_repo/mbti/INFP.js	8064
legacy/original-js/js-logic/other_repo/mbti/INTJ.js	7959
legacy/original-js/js-logic/other_repo/mbti/INTP.js	7869
legacy/original-js/js-logic/other_repo/mbti/ISFJ.js	8009
legacy/original-js/js-logic/other_repo/mbti/ISFP.js	8115
legacy/original-js/js-logic/other_repo/mbti/ISTJ.js	8210
legacy/original-js/js-logic/other_repo/mbti/ISTP.cjs	8070
legacy/original-js/js-logic/other_repo/philosophy.md	4460
legacy/original-js/js-logic/other_repo/webpage.js	5313
legacy/original-js/js-logic/populate.js	9568
legacy/original-js/js-logic/prompt.cjs	55358
legacy/original-js/js-logic/scoring.js	0
legacy/original-js/js-logic/tag_groups.js	8486
legacy/original-js/js-logic/taglist	1993
legacy/original-js/js-logic/tags.js	20166
legacy/original-js/js-logic/task_list.yaml	139302
legacy/original-js/js-logic/task_list_ai_self.yaml	0
legacy/original-js/js-logic/task_obj.js	1540
legacy/original-js/js-logic/tasks.js	735
legacy/original-js/js-logic/tasks.yaml	28299
legacy/original-js/js-logic/values.js	25485
legacy/source-pdfs/Archetype_notes_optimized.pdf	2379102
legacy/source-pdfs/Audit_of_Ideal_Person_Curriculum.pdf	1679257
legacy/source-pdfs/Personality_notes_optimized.pdf	5412842
legacy/source-pdfs/Product_notes_optimized.pdf	1400079
legacy/source-pdfs/Quiz_notes_optimized.pdf	2379102
legacy/source-pdfs/Research_notes_2024_09_08_optimized.pdf	5410613
legacy/source-pdfs/Source_notes_optimized.pdf	1961701
legacy/source-pdfs/Weighting_ADD.pdf	952936
legacy/tasks_list_original_876.yaml	57193
manage.py	291
pyproject.toml	682
reports/assessment-calibration/assessment_calibration_readiness_v1.json	18314
reports/assessment-calibration/assessment_calibration_readiness_v1.md	2314
reports/practice-content/catalog_governance_audit_v1.json	9957006
reports/practice-content/catalog_governance_findings_v1.csv	4376613
reports/practice-content/catalog_governance_review_packet_v1.md	2420
reports/practice-content/catalog_governance_review_queue_v1.csv	2321498
reports/practice-content/competency_coverage_v1.csv	316359
reports/practice-content/competency_evidence_readiness_v1.json	2575
reports/practice-content/composite_scoring_catalog_v1.json	1185829
reports/practice-content/content_originality_v1.json	5981290
reports/practice-content/coverage_summary_v1.json	959
reports/practice-content/domain_coverage_v1.csv	2136
reports/practice-content/lever_coverage_v1.csv	3222
reports/practice-content/m6d_01_cohort_readiness_v1.json	5667
reports/practice-content/risk_register_v1.csv	725207
reports/practice-content/scoring_policy_execution_v1.csv	1826
reports/practice-content/tailored_practice_coverage_v1.json	53680
reports/practice-content/typed_evidence_capability_v1.csv	4334
requirements-dev.txt	139
requirements.txt	134
scripts/agent-verify.sh	1363
scripts/assessment_calibration_readiness.py	19437
scripts/author_full_competency_frontier.py	60375
scripts/catalog_governance_audit.py	43478
scripts/catalog_learning_guides.py	7814
scripts/check-m6b-governance-gate.py	2129
scripts/composite_scoring_catalog.py	17093
scripts/ensure-agent-env.py	2001
scripts/roadmap-autopilot.sh	1050
scripts/tailored_practice_authoring.py	19862
scripts/verify-manifest.py	2172
scripts/verify_applicability_coverage.sh	1194
scripts/verify_assessment_calibration_analysis.sh	1313
scripts/verify_assessment_calibration_collection.sh	1585
scripts/verify_assessment_golden.js	2068
scripts/verify_catalog_product_integration.py	7154
scripts/verify_competency_evidence_readiness.sh	2093
scripts/verify_compose.sh	16009
scripts/verify_composite_scoring_readiness.sh	2530
scripts/verify_context_priority_readiness.sh	2197
scripts/verify_context_readiness.sh	1935
scripts/verify_expansion_readiness.sh	1740
scripts/verify_http_login.py	6816
scripts/verify_m6c_pilot_readiness.sh	4500
scripts/verify_m6d_authoring_readiness.sh	2088
scripts/verify_m6h_operations_readiness.sh	2640
scripts/verify_personal_os_readiness.sh	3190
scripts/verify_pilot_readiness.sh	1549
scripts/verify_weekly_execution_readiness.sh	3634
templates/500.html	447
templates/base.html	1569
templates/growth/assessment.html	9119
templates/growth/context_review.html	3986
templates/growth/data_management.html	7506
templates/growth/direction_review.html	2972
templates/growth/evidence_audit_error.html	900
templates/growth/evidence_ledger.html	5421
templates/growth/history.html	1948
templates/growth/history_period.html	3304
templates/growth/history_plan.html	1687
templates/growth/history_reuse.html	2886
templates/growth/home.html	12134
templates/growth/partials/form_errors.html	485
templates/growth/partials/instructional_link.html	248
templates/growth/partials/navigation.html	645
templates/growth/partials/practice_direction.html	1422
templates/growth/partials/setup_form.html	829
templates/growth/partials/weekly_next_step.html	1670
templates/growth/partials/weekly_proof.html	654
templates/growth/personal_os.html	6981
templates/growth/pilot_feedback.html	3937
templates/growth/practice_card.html	855
templates/growth/practice_check_in.html	3681
templates/growth/practice_check_in_detail.html	4957
templates/growth/practice_context.html	5893
templates/growth/practice_direction.html	2653
templates/growth/practice_guide.html	2702
templates/growth/practice_list.html	5337
templates/growth/practice_recommendation.html	5006
templates/growth/practice_review.html	3913
templates/growth/practice_review_complete.html	2464
templates/growth/practice_setup.html	4896
templates/growth/practice_sprint.html	9828
templates/growth/profile.html	13021
templates/growth/recovery.html	795
templates/growth/weekly_execution.html	10703
templates/growth/weekly_plan_detail.html	2053
templates/growth/weekly_replan.html	1975
templates/growth/weekly_transition.html	1121
templates/registration/login.html	1095
templates/registration/password_change_done.html	362
templates/registration/password_change_form.html	992
tests/__init__.py	1
tests/conftest.py	866
tests/e2e/conftest.py	233
tests/e2e/test_application_consistency.py	10287
tests/e2e/test_catalog_guides.py	3715
tests/e2e/test_context_discovery.py	4011
tests/e2e/test_core_flow.py	47842
tests/e2e/test_guided_entry.py	3266
tests/e2e/test_history_continuity.py	3931
tests/e2e/test_instructional_content.py	5332
tests/e2e/test_practice_direction.py	4744
tests/e2e/test_weekly_followup.py	3309
tests/fixtures/assessment/README.md	878
tests/fixtures/assessment/manifest.json	415
tests/fixtures/context/context_v1.json	871
tests/fixtures/context_priority/context_priority_v1.json	2885
tests/fixtures/evidence/README.md	712
tests/fixtures/evidence/calibration_v1.json	7352
tests/fixtures/evidence/m6d_01_protocols_v1.json	37471
tests/fixtures/evidence/typed_v1.json	19540
tests/fixtures/personal_os/personal_os_v1.json	1607
tests/fixtures/scoring/README.md	729
tests/fixtures/scoring/competency_shadow_v1.json	8408
tests/fixtures/scoring/shadow_v1.json	3337
tests/m6k_historical_inputs.py	706
tests/test_all_active_runtime.py	11129
tests/test_applicability_coverage.py	7973
tests/test_application_consistency.py	5082
tests/test_assessment_calibration_analysis.py	9323
tests/test_assessment_calibration_consent.py	17635
tests/test_assessment_calibration_readiness.py	7321
tests/test_assessment_golden.py	1251
tests/test_assessment_integration.py	7725
tests/test_auth_and_health.py	2169
tests/test_bootstrap.py	1411
tests/test_canonical_import.py	7416
tests/test_catalog_governance_audit.py	8887
tests/test_catalog_learning_guides.py	6215
tests/test_catalog_yaml_backend.py	1218
tests/test_competency_evidence_readiness.py	2480
tests/test_competency_evidence_reports.py	7388
tests/test_competency_shadow.py	24872
tests/test_composite_score_state.py	16953
tests/test_composite_scoring.py	5534
tests/test_composite_scoring_catalog.py	3988
tests/test_composite_scoring_readiness.py	1381
tests/test_context_discovery.py	9889
tests/test_context_models.py	8967
tests/test_context_priority.py	10695
tests/test_context_priority_readiness.py	19283
tests/test_context_readiness.py	3741
tests/test_context_services.py	13403
tests/test_data_lifecycle.py	19236
tests/test_database_and_backup.py	4895
tests/test_deployment_contract.py	8306
tests/test_direction_migration.py	2616
tests/test_evidence_audit.py	17101
tests/test_evidence_dispatch.py	5190
tests/test_evidence_engine.py	14027
tests/test_expansion_readiness.py	2367
tests/test_full_competency_frontier.py	3693
tests/test_guided_entry.py	5878
tests/test_history_continuity.py	14108
tests/test_instructional_content.py	9591
tests/test_m6c_pilot_readiness.py	10156
tests/test_m6d_authoring_readiness.py	7744
tests/test_m6k_2103.py	3141
tests/test_m6k_adaptive_digital_sources.py	18954
tests/test_m6k_attention_agency_sources.py	23209
tests/test_m6k_belonging_partnership_sources.py	19638
tests/test_m6k_civic_participation_sources.py	26082
tests/test_m6k_civic_work_foundations_sources.py	26788
tests/test_m6k_communication_influence_sources.py	19785
tests/test_m6k_continuation.py	15994
tests/test_m6k_creative_culture_leisure_sources.py	30646
tests/test_m6k_digital_judgment_preparedness_sources.py	22707
tests/test_m6k_economics_creative_sources.py	26440
tests/test_m6k_emotional_foundations_sources.py	27105
tests/test_m6k_evidence_humility_forecasting_sources.py	16902
tests/test_m6k_execution_capacity_closeout_sources.py	32983
tests/test_m6k_family_stewardship_sources.py	23416
tests/test_m6k_governance_finance_sources.py	24882
tests/test_m6k_guided_learning.py	8432
tests/test_m6k_health_foundations_sources.py	24833
tests/test_m6k_health_stewardship_sources.py	26349
tests/test_m6k_independent_teaching_breadth.py	7969
tests/test_m6k_inquiry_notes.py	7580
tests/test_m6k_leadership_foundations_sources.py	24968
tests/test_m6k_learning_craft.py	5394
tests/test_m6k_learning_loop.py	8480
tests/test_m6k_leisure_life_design_sources.py	24560
tests/test_m6k_life_integration_sources.py	25281
tests/test_m6k_models_information_execution_sources.py	27418
tests/test_m6k_partnership_family_sources.py	20509
tests/test_m6k_physical_capacity.py	6515
tests/test_m6k_reasoning_sources.py	15447
tests/test_m6k_recovery.py	2573
tests/test_m6k_repair_drafts.py	3745
tests/test_m6k_resilience_community_listening_sources.py	18244
tests/test_m6k_respectful_connection_sources.py	21593
tests/test_m6k_review_evidence.py	23142
tests/test_m6k_risk_judgment_inference_sources.py	33686
tests/test_m6k_stewardship_enterprise_sources.py	24574
tests/test_m6k_systems_causes_tradeoffs_sources.py	18315
tests/test_m6k_work_delivery_voice_sources.py	25284
tests/test_models.py	2870
tests/test_personal_os_browser.py	26813
tests/test_personal_os_models.py	5683
tests/test_personal_os_readiness.py	10096
tests/test_personal_os_services.py	18098
tests/test_pilot_feedback.py	17180
tests/test_pilot_findings.py	7106
tests/test_pilot_readiness.py	4001
tests/test_practice_content.py	24323
tests/test_practice_direction.py	10596
tests/test_practice_workflow.py	13906
tests/test_protocol_library.py	19382
tests/test_score_state.py	24448
tests/test_shadow_scoring.py	17070
tests/test_similarity_audit_bound.py	1538
tests/test_tailored_practice_authoring.py	10662
tests/test_typed_evidence.py	14362
tests/test_weekly_execution.py	18959
tests/test_weekly_followup.py	12056
