id,name,editorial_status,distinct_context,source,repairs,remaining_evidence
01.01,Conceptions of flourishing,editorial_followup_resolved,"Compares character, obligation and consequences on one afternoon allocation; reversal tests a changed care need.",docs/authoring/exercises/01.yaml,"Added individually authored teaching, complete fictional material, practice and separately revealed changed-case key.",Independent learner-only run; actual learner/live evidence where claimed; qualified and owner acceptance. None fabricated.
01.02,A provisional worldview,editorial_followup_resolved,"Six worldview headings distinguish conviction, reason and uncertainty; responsibility versus opportunity tests coherence.",docs/authoring/exercises/01.yaml,"Added individually authored teaching, complete fictional material, practice and separately revealed changed-case key.",Independent learner-only run; actual learner/live evidence where claimed; qualified and owner acceptance. None fabricated.
01.03,Chosen and inherited values,editorial_followup_resolved,Traces value origins and permits conscious reaffirmation of inherited commitments; tests one interpretation in conduct.,docs/authoring/exercises/01.yaml,"Added individually authored teaching, complete fictional material, practice and separately revealed changed-case key.",Independent learner-only run; actual learner/live evidence where claimed; qualified and owner acceptance. None fabricated.
01.04,A hierarchy of goods,editorial_followup_resolved,Orders genuine competing goods with a reversal threshold and a role-reversal test; preserves the forgone good.,docs/authoring/exercises/01.yaml,"Added individually authored teaching, complete fictional material, practice and separately revealed changed-case key.",Independent learner-only run; actual learner/live evidence where claimed; qualified and owner acceptance. None fabricated.
01.05,Purpose and calling,editorial_followup_resolved,Purpose is tested through a recipient-defined contribution and a continue/change/stop commitment decision.,docs/authoring/exercises/01.yaml,"Added individually authored teaching, complete fictional material, practice and separately revealed changed-case key.",Independent learner-only run; actual learner/live evidence where claimed; qualified and owner acceptance. None fabricated.
01.06,Meaning versus status,editorial_followup_resolved,Tests the underlying activity without display while preserving legitimate professional recognition.,docs/authoring/exercises/01.yaml,"Added individually authored teaching, complete fictional material, practice and separately revealed changed-case key.",Independent learner-only run; actual learner/live evidence where claimed; qualified and owner acceptance. None fabricated.
01.07,Commitment under uncertainty,editorial_followup_resolved,"Facts, assumptions, information cost and stop conditions shape a reversible trial followed by reassessment.",docs/authoring/exercises/01.yaml,"Added individually authored teaching, complete fictional material, practice and separately revealed changed-case key.",Independent learner-only run; actual learner/live evidence where claimed; qualified and owner acceptance. None fabricated.
01.08,Existential responsibility,editorial_followup_resolved,"Control/influence/external conditions lead to a proportionate follow-up and checking limit, with refusal respected.",docs/authoring/exercises/01.yaml,"Added individually authored teaching, complete fictional material, practice and separately revealed changed-case key.",Independent learner-only run; actual learner/live evidence where claimed; qualified and owner acceptance. None fabricated.
01.09,Life review and philosophical revision,editorial_followup_resolved,"Uses supporting, conflicting and ambiguous weekly moments; an actual second review governs adjustment.",docs/authoring/exercises/01.yaml,"Added individually authored teaching, complete fictional material, practice and separately revealed changed-case key.",Independent learner-only run; actual learner/live evidence where claimed; qualified and owner acceptance. None fabricated.
01.10,Meaning after disillusionment,editorial_followup_resolved,Separates a failed promise from the whole life story; keeps a worthwhile commitment without forced positivity.,docs/authoring/exercises/01.yaml,"Added individually authored teaching, complete fictional material, practice and separately revealed changed-case key.",Independent learner-only run; actual learner/live evidence where claimed; qualified and owner acceptance. None fabricated.
01.11,Plural ends and reasonable disagreement,editorial_followup_resolved,"Steelmans stability and exploration, checks recognizability and designs limited cooperation without false agreement.",docs/authoring/exercises/01.yaml,"Added individually authored teaching, complete fictional material, practice and separately revealed changed-case key.",Independent learner-only run; actual learner/live evidence where claimed; qualified and owner acceptance. None fabricated.
02.01,Moral frameworks,editorial_followup_resolved,"Camera promise contrasts virtue, duty, consequences and care; changed circumstances preserve disagreement.",docs/authoring/exercises/02.yaml,"Added individually authored teaching, complete fictional material, practice and separately revealed changed-case key.",Independent learner-only run; actual learner/live evidence where claimed; qualified and owner acceptance. None fabricated.
02.02,Moral perception,editorial_followup_resolved,"An event announcement exposes hidden work, consent, truth and power before publication.",docs/authoring/exercises/02.yaml,"Added individually authored teaching, complete fictional material, practice and separately revealed changed-case key.",Independent learner-only run; actual learner/live evidence where claimed; qualified and owner acceptance. None fabricated.
02.03,Behavioral definitions of virtue,editorial_followup_resolved,"Four courage responses distinguish deficiency, excess and counterfeit using purpose and proportionality.",docs/authoring/exercises/02.yaml,"Added individually authored teaching, complete fictional material, practice and separately revealed changed-case key.",Independent learner-only run; actual learner/live evidence where claimed; qualified and owner acceptance. None fabricated.
02.04,Truthfulness and candor,editorial_followup_resolved,"Candor separates promise, actual outcome, uncertainty, confidential detail and reasonable inference.",docs/authoring/exercises/02.yaml,"Added individually authored teaching, complete fictional material, practice and separately revealed changed-case key.",Independent learner-only run; actual learner/live evidence where claimed; qualified and owner acceptance. None fabricated.
02.05,"Promises, reliability, and one's word",editorial_followup_resolved,"Promise reliability includes capacity, dependencies, pre-deadline renegotiation and accessible delivery confirmation.",docs/authoring/exercises/02.yaml,"Added individually authored teaching, complete fictional material, practice and separately revealed changed-case key.",Independent learner-only run; actual learner/live evidence where claimed; qualified and owner acceptance. None fabricated.
02.06,"Justice, fairness, and equal dignity",editorial_followup_resolved,"Room allocation uses predeclared criteria, identity reversal, access needs and an appeal route.",docs/authoring/exercises/02.yaml,"Added individually authored teaching, complete fictional material, practice and separately revealed changed-case key.",Independent learner-only run; actual learner/live evidence where claimed; qualified and owner acceptance. None fabricated.
02.07,Moral courage,editorial_followup_resolved,Moral courage is a proportionate factual intervention reviewed for actual effect and avoidable costs.,docs/authoring/exercises/02.yaml,"Added individually authored teaching, complete fictional material, practice and separately revealed changed-case key.",Independent learner-only run; actual learner/live evidence where claimed; qualified and owner acceptance. None fabricated.
02.08,Temperance and moderation,editorial_followup_resolved,Moderation protects another good while considering both excess and unnecessary rigidity.,docs/authoring/exercises/02.yaml,"Added individually authored teaching, complete fictional material, practice and separately revealed changed-case key.",Independent learner-only run; actual learner/live evidence where claimed; qualified and owner acceptance. None fabricated.
02.09,"Compassion, mercy, and forgiveness",editorial_followup_resolved,"Damaged-book response separates compassion, repair, revenge, forgiveness, trust and access.",docs/authoring/exercises/02.yaml,"Added individually authored teaching, complete fictional material, practice and separately revealed changed-case key.",Independent learner-only run; actual learner/live evidence where claimed; qualified and owner acceptance. None fabricated.
02.10,Loyalty and principled dissent,editorial_followup_resolved,Loyalty supports a club's legitimate aim while refusing endorsement of a false attendance claim.,docs/authoring/exercises/02.yaml,"Added individually authored teaching, complete fictional material, practice and separately revealed changed-case key.",Independent learner-only run; actual learner/live evidence where claimed; qualified and owner acceptance. None fabricated.
02.11,"Responsibility, apology, and restitution",editorial_followup_resolved,"Apology owns foreseeable impact, keeps repair distinct from forgiveness and respects refused contact.",docs/authoring/exercises/02.yaml,"Added individually authored teaching, complete fictional material, practice and separately revealed changed-case key.",Independent learner-only run; actual learner/live evidence where claimed; qualified and owner acceptance. None fabricated.
02.12,Integrity across contexts,editorial_followup_resolved,"Tests credit attribution under public, private and rewarded conditions with a reciprocity check.",docs/authoring/exercises/02.yaml,"Added individually authored teaching, complete fictional material, practice and separately revealed changed-case key.",Independent learner-only run; actual learner/live evidence where claimed; qualified and owner acceptance. None fabricated.
02.13,"Moral luck, complicity, and dirty hands",editorial_followup_resolved,Equal prior carelessness with unequal rain damage cleanly separates luck from conduct and repair.,docs/authoring/exercises/02.yaml,"Added individually authored teaching, complete fictional material, practice and separately revealed changed-case key.",Independent learner-only run; actual learner/live evidence where claimed; qualified and owner acceptance. None fabricated.
02.14,"Conscience, conscientious objection, and civil disobedience",editorial_followup_resolved,"Club refusal uses public reasons, proportionate alternatives, accountability and protection from abuse.",docs/authoring/exercises/02.yaml,"Added individually authored teaching, complete fictional material, practice and separately revealed changed-case key.",Independent learner-only run; actual learner/live evidence where claimed; qualified and owner acceptance. None fabricated.
02.15,Ethics of care and dependency,editorial_followup_resolved,"Care mapping includes noticing, planning, reminders and rescue, plus dependent and coordinator perspectives.",docs/authoring/exercises/02.yaml,"Added individually authored teaching, complete fictional material, practice and separately revealed changed-case key.",Independent learner-only run; actual learner/live evidence where claimed; qualified and owner acceptance. None fabricated.
03.01,Metaphysical and spiritual inquiry,editorial_followup_resolved,Six metaphysical contrasts and four accounts of providence distinguish experience from inference and honest uncertainty.,docs/authoring/exercises/03.yaml,"Added individually authored teaching, complete fictional material, practice and separately revealed changed-case key.",Independent learner-only run; actual learner/live evidence where claimed; qualified and owner acceptance. None fabricated.
03.02,Serious study of a wisdom tradition,editorial_followup_resolved,"A defined Stoic reading unit connects primary texts, historical setting, exemplar, practice, internal difference and living community.",docs/authoring/exercises/03.yaml,"Added individually authored teaching, complete fictional material, practice and separately revealed changed-case key.",Independent learner-only run; actual learner/live evidence where claimed; qualified and owner acceptance. None fabricated.
03.03,"Contemplation, prayer, and silence",editorial_followup_resolved,"Five short contemplative opportunities track a chosen conduct marker, misses, discomfort and competing explanations.",docs/authoring/exercises/03.yaml,"Added individually authored teaching, complete fictional material, practice and separately revealed changed-case key.",Independent learner-only run; actual learner/live evidence where claimed; qualified and owner acceptance. None fabricated.
03.04,Reverence and the sacred,editorial_followup_resolved,"A concrete plant encounter separates observation, emotion, sacred interpretation and a proportionate care action.",docs/authoring/exercises/03.yaml,"Added individually authored teaching, complete fictional material, practice and separately revealed changed-case key.",Independent learner-only run; actual learner/live evidence where claimed; qualified and owner acceptance. None fabricated.
03.05,Gratitude and received life,editorial_followup_resolved,"Traces gifts, contingency, sacrifice and inheritance without inventing unknown costs, then revisits later conduct.",docs/authoring/exercises/03.yaml,"Added individually authored teaching, complete fictional material, practice and separately revealed changed-case key.",Independent learner-only run; actual learner/live evidence where claimed; qualified and owner acceptance. None fabricated.
03.06,Surrender and limits of control,editorial_followup_resolved,"Invitation uncertainty combines a respectful action, fallback, checking boundary and two later reviews; differs from 01.08 by practicing the wait and disappointing outcome.",docs/authoring/exercises/03.yaml,"Added individually authored teaching, complete fictional material, practice and separately revealed changed-case key.",Independent learner-only run; actual learner/live evidence where claimed; qualified and owner acceptance. None fabricated.
03.07,Religious and spiritual community,editorial_followup_resolved,"A chosen community contribution tests welcome, care, celebration, accountability and the response to a time boundary.",docs/authoring/exercises/03.yaml,"Added individually authored teaching, complete fictional material, practice and separately revealed changed-case key.",Independent learner-only run; actual learner/live evidence where claimed; qualified and owner acceptance. None fabricated.
03.08,Vocation and service beyond self,editorial_followup_resolved,"Two work periods produce a permitted shared-item return card, with beneficiary-defined use and explicit opportunity cost.",docs/authoring/exercises/03.yaml,"Added individually authored teaching, complete fictional material, practice and separately revealed changed-case key.",Independent learner-only run; actual learner/live evidence where claimed; qualified and owner acceptance. None fabricated.
03.09,"Ritual, remembrance, and sacred time",editorial_followup_resolved,"Five-part weekly ritual explicitly links symbol, gratitude, unfinished matter, commitment and rest; repeats after checking conduct.",docs/authoring/exercises/03.yaml,"Added individually authored teaching, complete fictional material, practice and separately revealed changed-case key.",Independent learner-only run; actual learner/live evidence where claimed; qualified and owner acceptance. None fabricated.
03.10,"Communal worship, liturgy, and shared sacred practice",editorial_followup_resolved,"A ten-minute consented shared remembrance provides an actual communal fallback while differentiating observation, participation and tradition membership.",docs/authoring/exercises/03.yaml,"Added individually authored teaching, complete fictional material, practice and separately revealed changed-case key.",Independent learner-only run; actual learner/live evidence where claimed; qualified and owner acceptance. None fabricated.
03.11,"Authority, tradition, conscience, and reform",editorial_followup_resolved,"Six authority roles, a visitor policy, silence and a changed members-only case form a specific discernment exercise.",docs/authoring/exercises/03.yaml,"Added individually authored teaching, complete fictional material, practice and separately revealed changed-case key.",Independent learner-only run; actual learner/live evidence where claimed; qualified and owner acceptance. None fabricated.
03.12,Religious pluralism and interfaith humility,editorial_followup_resolved,Two named accounts with an actual creator disagreement inform optional-prayer cooperation without fabricated consensus.,docs/authoring/exercises/03.yaml,"Added individually authored teaching, complete fictional material, practice and separately revealed changed-case key.",Independent learner-only run; actual learner/live evidence where claimed; qualified and owner acceptance. None fabricated.
03.13,"Mystical, ecstatic, and peak experience",editorial_followup_resolved,"Experience, interpretation and action are separated; two outside responses test a special-mission claim before ordinary action and delayed review.",docs/authoring/exercises/03.yaml,"Added individually authored teaching, complete fictional material, practice and separately revealed changed-case key.",Independent learner-only run; actual learner/live evidence where claimed; qualified and owner acceptance. None fabricated.
04.01,"Suffering, evil, and lament",editorial_followup_resolved,"Lament distinguishes storm damage, lost connection, feeling and unanswered meaning before modest care.",docs/authoring/exercises/04.yaml,"Added individually authored teaching, complete fictional material, practice and separately revealed changed-case key.",Independent learner-only run; actual learner/live evidence where claimed; qualified and owner acceptance. None fabricated.
04.02,Mortality and impermanence,editorial_followup_resolved,"Four impermanence areas lead to a real tradeoff in time, without death predictions or forced reconciliation.",docs/authoring/exercises/04.yaml,"Added individually authored teaching, complete fictional material, practice and separately revealed changed-case key.",Independent learner-only run; actual learner/live evidence where claimed; qualified and owner acceptance. None fabricated.
04.03,Tragic knowledge and the limits of control,editorial_followup_resolved,"Competing room needs force acknowledgment of loss, authority and fair process before an ordinary personal application.",docs/authoring/exercises/04.yaml,"Added individually authored teaching, complete fictional material, practice and separately revealed changed-case key. | Removed an unavailable future-priority implication.",Independent learner-only run; actual learner/live evidence where claimed; qualified and owner acceptance. None fabricated.
04.04,Meaning after catastrophic loss,editorial_followup_resolved,Workshop loss separates ended/changed/remains/unknown and matches needs to bounded support roles.,docs/authoring/exercises/04.yaml,"Added individually authored teaching, complete fictional material, practice and separately revealed changed-case key.",Independent learner-only run; actual learner/live evidence where claimed; qualified and owner acceptance. None fabricated.
04.05,"Absurdity, existential anxiety, and meaninglessness",editorial_followup_resolved,Repeated household work exposes the inference from emptiness or recurrence to universal meaninglessness; local usefulness and mood are reviewed separately.,docs/authoring/exercises/04.yaml,"Added individually authored teaching, complete fictional material, practice and separately revealed changed-case key.",Independent learner-only run; actual learner/live evidence where claimed; qualified and owner acceptance. None fabricated.
04.06,Endurance without self-optimization,editorial_followup_resolved,"A small care floor, reduced optional demand and three observations resist turning endurance into optimization.",docs/authoring/exercises/04.yaml,"Added individually authored teaching, complete fictional material, practice and separately revealed changed-case key.",Independent learner-only run; actual learner/live evidence where claimed; qualified and owner acceptance. None fabricated.
04.07,Moral injury and compromised action,editorial_followup_resolved,"Moral-injury literacy separates guilt, shame, trauma, responsibility, repair and support across four kinds of involvement.",docs/authoring/exercises/04.yaml,"Added individually authored teaching, complete fictional material, practice and separately revealed changed-case key.",Independent learner-only run; actual learner/live evidence where claimed; qualified and owner acceptance. None fabricated.
04.08,"Dying, end-of-life choices, and accompaniment",editorial_followup_resolved,"Advance-care questions, legal-document limits and consent-led accompaniment are distinguished; a sample uncertain response avoids false reassurance.",docs/authoring/exercises/04.yaml,"Added individually authored teaching, complete fictional material, practice and separately revealed changed-case key.",Independent learner-only run; actual learner/live evidence where claimed; qualified and owner acceptance. None fabricated.
04.09,Hope without denial,editorial_followup_resolved,Outcome hope differs from hope about response; a garden appeal may fail while relationship and knowledge remain worth caring for.,docs/authoring/exercises/04.yaml,"Added individually authored teaching, complete fictional material, practice and separately revealed changed-case key.",Independent learner-only run; actual learner/live evidence where claimed; qualified and owner acceptance. None fabricated.
04.10,"Irreversibility, remorse, and living after the unfixable",editorial_followup_resolved,"An irretrievable handwritten note separates permanent loss, feasible repair, permission rules and forgiveness.",docs/authoring/exercises/04.yaml,"Added individually authored teaching, complete fictional material, practice and separately revealed changed-case key.",Independent learner-only run; actual learner/live evidence where claimed; qualified and owner acceptance. None fabricated.
05.01,An honest personal inventory,editorial_followup_resolved,"Nine inventory headings include unknown/private states, bidirectional overstatement correction and a prospective counterexample.",docs/authoring/exercises/05.yaml,"Added individually authored teaching, complete fictional material, practice and separately revealed changed-case key.",Independent learner-only run; actual learner/live evidence where claimed; qualified and owner acceptance. None fabricated.
05.02,Narrative identity,editorial_followup_resolved,"A three-moment narrative restores agency, help, constraints and unresolved loss without requiring redemption.",docs/authoring/exercises/05.yaml,"Added individually authored teaching, complete fictional material, practice and separately revealed changed-case key.",Independent learner-only run; actual learner/live evidence where claimed; qualified and owner acceptance. None fabricated.
05.03,"Strengths, limitations, and fit",editorial_followup_resolved,"Two comparable performance sessions vary one support and retain energy, aids and alternative explanations.",docs/authoring/exercises/05.yaml,"Added individually authored teaching, complete fictional material, practice and separately revealed changed-case key.",Independent learner-only run; actual learner/live evidence where claimed; qualified and owner acceptance. None fabricated.
05.04,Personality as hypothesis,editorial_followup_resolved,"A personality label risks a contextual prediction, contrary opportunity and opposite-capacity attempt rather than becoming destiny.",docs/authoring/exercises/05.yaml,"Added individually authored teaching, complete fictional material, practice and separately revealed changed-case key.",Independent learner-only run; actual learner/live evidence where claimed; qualified and owner acceptance. None fabricated.
05.05,Defenses and self-deception,editorial_followup_resolved,Repeated cosmetic rewriting supplies an observable cue for replacing an excuse with an honest bounded response.,docs/authoring/exercises/05.yaml,"Added individually authored teaching, complete fictional material, practice and separately revealed changed-case key.",Independent learner-only run; actual learner/live evidence where claimed; qualified and owner acceptance. None fabricated.
05.06,Triggers and repeated patterns,editorial_followup_resolved,Two prior cue/action/consequence sequences and a naturally occurring alternative distinguish late noticing from earlier intervention.,docs/authoring/exercises/05.yaml,"Added individually authored teaching, complete fictional material, practice and separately revealed changed-case key.",Independent learner-only run; actual learner/live evidence where claimed; qualified and owner acceptance. None fabricated.
05.07,Feedback and disconfirmation,editorial_followup_resolved,Voluntary event-specific feedback is summarized for correction before a targeted change is tested.,docs/authoring/exercises/05.yaml,"Added individually authored teaching, complete fictional material, practice and separately revealed changed-case key.",Independent learner-only run; actual learner/live evidence where claimed; qualified and owner acceptance. None fabricated.
05.08,Self-worth beyond performance,editorial_followup_resolved,Success and failure remain bounded outcomes; accountability and ordinary care continue with unsettled feelings.,docs/authoring/exercises/05.yaml,"Added individually authored teaching, complete fictional material, practice and separately revealed changed-case key.",Independent learner-only run; actual learner/live evidence where claimed; qualified and owner acceptance. None fabricated.
05.09,Integration of conflicting parts,editorial_followup_resolved,"Independent hobby choice and chosen companionship test a two-need arrangement, including transition costs and refusal.",docs/authoring/exercises/05.yaml,"Added individually authored teaching, complete fictional material, practice and separately revealed changed-case key.",Independent learner-only run; actual learner/live evidence where claimed; qualified and owner acceptance. None fabricated.
05.10,Humility and proportionate self-regard,editorial_followup_resolved,"Self-credit, correction, help and obscurity are examined through actual contribution rather than modest wording.",docs/authoring/exercises/05.yaml,"Added individually authored teaching, complete fictional material, practice and separately revealed changed-case key.",Independent learner-only run; actual learner/live evidence where claimed; qualified and owner acceptance. None fabricated.
05.11,Embodied and socially situated identity,editorial_followup_resolved,"An access route separates personal choice, institutional conditions and unknown barriers without impersonating groups.",docs/authoring/exercises/05.yaml,"Added individually authored teaching, complete fictional material, practice and separately revealed changed-case key.",Independent learner-only run; actual learner/live evidence where claimed; qualified and owner acceptance. None fabricated.
05.12,Cultural self-location and inherited assumptions,editorial_followup_resolved,"A guest-offer norm is compared with a situated first-person account, within-culture variation and a clarification attempt.",docs/authoring/exercises/05.yaml,"Added individually authored teaching, complete fictional material, practice and separately revealed changed-case key.",Independent learner-only run; actual learner/live evidence where claimed; qualified and owner acceptance. None fabricated.
06.01,Vulnerability as a human condition,editorial_followup_resolved,A bounded clarification request retains decision ownership and distinguishes help received from help merely requested.,docs/authoring/exercises/06.yaml,"Added individually authored teaching, complete fictional material, practice and separately revealed changed-case key.",Independent learner-only run; actual learner/live evidence where claimed; qualified and owner acceptance. None fabricated.
06.02,Trauma and post-traumatic stress literacy,editorial_followup_resolved,Eight trauma-related concepts are mapped only to stated observations; source-based support preparation rejects forced disclosure and exposure.,docs/authoring/exercises/06.yaml,"Added individually authored teaching, complete fictional material, practice and separately revealed changed-case key.",Independent learner-only run; actual learner/live evidence where claimed; qualified and owner acceptance. None fabricated.
06.03,Recovery after violation and betrayal,editorial_followup_resolved,"Six recovery areas protect bodily ownership, privacy, agency and service fit; the rehearsal accepts refusal of touch and details.",docs/authoring/exercises/06.yaml,"Added individually authored teaching, complete fictional material, practice and separately revealed changed-case key.",Independent learner-only run; actual learner/live evidence where claimed; qualified and owner acceptance. None fabricated.
06.04,Chronic illness adaptation,editorial_followup_resolved,"Usual/reduced/deferred day plans preserve existing care, identity and later effects under changing capacity.",docs/authoring/exercises/06.yaml,"Added individually authored teaching, complete fictional material, practice and separately revealed changed-case key.",Independent learner-only run; actual learner/live evidence where claimed; qualified and owner acceptance. None fabricated.
06.05,Chronic pain and pain-related functioning,editorial_followup_resolved,"Cure, management and adaptation are separated; participation remains conditional on real care guidance rather than pain provocation.",docs/authoring/exercises/06.yaml,"Added individually authored teaching, complete fictional material, practice and separately revealed changed-case key.",Independent learner-only run; actual learner/live evidence where claimed; qualified and owner acceptance. None fabricated.
06.06,"Disability identity, access, and adaptive excellence",editorial_followup_resolved,"Medical, social and identity perspectives inform a functional access request; inaudible seating is correctly only partial access.",docs/authoring/exercises/06.yaml,"Added individually authored teaching, complete fictional material, practice and separately revealed changed-case key.",Independent learner-only run; actual learner/live evidence where claimed; qualified and owner acceptance. None fabricated.
06.07,Neurodiversity and cognitive variation,editorial_followup_resolved,"Six cognitive demands lead to a supported three-part catch-up format, without removing aids or assigning diagnostic stereotypes.",docs/authoring/exercises/06.yaml,"Added individually authored teaching, complete fictional material, practice and separately revealed changed-case key.",Independent learner-only run; actual learner/live evidence where claimed; qualified and owner acceptance. None fabricated.
06.08,Receiving care and seasons of reduced agency,editorial_followup_resolved,"Grocery help separates item choices, logistics and private credentials; changed preferences require a fresh consent check.",docs/authoring/exercises/06.yaml,"Added individually authored teaching, complete fictional material, practice and separately revealed changed-case key.",Independent learner-only run; actual learner/live evidence where claimed; qualified and owner acceptance. None fabricated.
06.09,"Accommodation, assistive technology, and universal design",editorial_followup_resolved,A complete ambiguous notice is rewritten from fixed facts and retested on five information needs; unconfirmed physical access stays explicit.,docs/authoring/exercises/06.yaml,"Added individually authored teaching, complete fictional material, practice and separately revealed changed-case key.",Independent learner-only run; actual learner/live evidence where claimed; qualified and owner acceptance. None fabricated.
06.10,Dignity under limitation and loss of role,editorial_followup_resolved,Five conditional prices of belonging are rejected through a former organizer's continued limitation and consensual connection.,docs/authoring/exercises/06.yaml,"Added individually authored teaching, complete fictional material, practice and separately revealed changed-case key.",Independent learner-only run; actual learner/live evidence where claimed; qualified and owner acceptance. None fabricated.
06.11,"Relapse, recurrence, and nonlinear recovery",editorial_followup_resolved,"Earlier gains coexist with current needs; an unavailable-helper scenario tests reduced demands, backup and conditional re-entry.",docs/authoring/exercises/06.yaml,"Added individually authored teaching, complete fictional material, practice and separately revealed changed-case key.",Independent learner-only run; actual learner/live evidence where claimed; qualified and owner acceptance. None fabricated.
06.12,Care-recipient agency and safeguarding,editorial_followup_resolved,"Recipient communication, independent complaints, missed-need follow-up and feedback ownership are explicitly tested.",docs/authoring/exercises/06.yaml,"Added individually authored teaching, complete fictional material, practice and separately revealed changed-case key.",Independent learner-only run; actual learner/live evidence where claimed; qualified and owner acceptance. None fabricated.
06.13,"Ableism, stigma, and inclusive participation",editorial_followup_resolved,"A concrete exclusionary club notice is replaced with seated/written/pass options, private access contact and voluntary recognition.",docs/authoring/exercises/06.yaml,"Added individually authored teaching, complete fictional material, practice and separately revealed changed-case key.",Independent learner-only run; actual learner/live evidence where claimed; qualified and owner acceptance. None fabricated.
06.14,Professional and emergency boundaries,editorial_followup_resolved,"Seven limits of self-help map to four location-specific routes; rehearsal distinguishes routine, crisis and immediate emergency contact.",docs/authoring/exercises/06.yaml,"Added individually authored teaching, complete fictional material, practice and separately revealed changed-case key. | NIMH immediate-help section distinguishes life-threatening emergencies (911) from 988 suicidal crisis/emotional distress in the US.",Independent learner-only run; actual learner/live evidence where claimed; qualified and owner acceptance. None fabricated.
07.01,Emotional vocabulary and differentiation,editorial_followup_resolved,"Separates event, bodily cue, intensity, emotion label, meaning and urge using a cancelled walk and an eight-word bank.",docs/authoring/emotional-foundations/07.01/learner-guide.md,"Added a separately revealed, context-specific changed-case attempt and corrective answer. | Moved catalog/compatibility status to the editorial archive and retained plain-language limits, consent and actual-practice requirements.",Independent learner-only run; actual learner/live evidence where claimed; qualified and owner acceptance. None fabricated.
07.02,Body-based emotional awareness,editorial_followup_resolved,"Compares jaw and grip cues with typing onset, including fifteen- and twelve-second lead times and unchanged pain.",docs/authoring/emotional-foundations/07.02/learner-guide.md,"Moved catalog/compatibility status to the editorial archive and retained plain-language limits, consent and actual-practice requirements.",Independent learner-only run; actual learner/live evidence where claimed; qualified and owner acceptance. None fabricated.
07.03,The pause between feeling and action,editorial_followup_resolved,Separates a ninety-second pause from a promised return and a genuine thirty-second deadline.,docs/authoring/emotional-foundations/07.03/learner-guide.md,"Added a separately revealed, context-specific changed-case attempt and corrective answer. | Moved catalog/compatibility status to the editorial archive and retained plain-language limits, consent and actual-practice requirements.",Independent learner-only run; actual learner/live evidence where claimed; qualified and owner acceptance. None fabricated.
07.04,Anxiety and courageous exposure,editorial_followup_resolved,"Uses a voluntary craft-group question, a graded approach ladder and explicit permission to pass.",docs/authoring/emotional-foundations/07.04/learner-guide.md,"Moved catalog/compatibility status to the editorial archive and retained plain-language limits, consent and actual-practice requirements.",Independent learner-only run; actual learner/live evidence where claimed; qualified and owner acceptance. None fabricated.
07.05,Anger and assertive repair,editorial_followup_resolved,Distinguishes a missing personally owned ruler and loan boundary from a harder community-owned tool case.,docs/authoring/emotional-foundations/07.05/learner-guide.md,"Moved catalog/compatibility status to the editorial archive and retained plain-language limits, consent and actual-practice requirements.",Independent learner-only run; actual learner/live evidence where claimed; qualified and owner acceptance. None fabricated.
07.06,"Sadness, grief, and loss",editorial_followup_resolved,"Uses the closure of a drawing circle to separate loss, retained routines, private remembrance and consented support.",docs/authoring/emotional-foundations/07.06/learner-guide.md,"Moved catalog/compatibility status to the editorial archive and retained plain-language limits, consent and actual-practice requirements.",Independent learner-only run; actual learner/live evidence where claimed; qualified and owner acceptance. None fabricated.
07.07,"Shame, guilt, and remorse",editorial_followup_resolved,"Separates missed labels, another person's replacement work, specific repair and a future reminder from global self-condemnation.",docs/authoring/emotional-foundations/07.07/learner-guide.md,"Moved catalog/compatibility status to the editorial archive and retained plain-language limits, consent and actual-practice requirements.",Independent learner-only run; actual learner/live evidence where claimed; qualified and owner acceptance. None fabricated.
07.08,"Envy, jealousy, and comparison",editorial_followup_resolved,"Distinguishes a scarce feature slot, available workshop places, admiration and an unsupported relationship fear.",docs/authoring/emotional-foundations/07.08/learner-guide.md,"Added a separately revealed, context-specific changed-case attempt and corrective answer. | Moved catalog/compatibility status to the editorial archive and retained plain-language limits, consent and actual-practice requirements.",Independent learner-only run; actual learner/live evidence where claimed; qualified and owner acceptance. None fabricated.
07.09,Healthy emotional expression,editorial_followup_resolved,"Turns a changed lunch time into observation, feeling, value and a bounded request, with unread-message facts changing responsibility.",docs/authoring/emotional-foundations/07.09/learner-guide.md,"Moved catalog/compatibility status to the editorial archive and retained plain-language limits, consent and actual-practice requirements.",Independent learner-only run; actual learner/live evidence where claimed; qualified and owner acceptance. None fabricated.
07.10,Self-compassion with standards,editorial_followup_resolved,"Combines a missed study plan with a promised summary, rest, an honest update and a bounded restart.",docs/authoring/emotional-foundations/07.10/learner-guide.md,"Corrected learner-guide.md: a three-card summary by Wednesday 09:00 | Corrected learner-guide.md: window for the three-card summary | Corrected later-packet.md: accepting the shorter summary | Moved catalog/compatibility status to the editorial archive and retained plain-language limits, consent and actual-practice requirements.",Independent learner-only run; actual learner/live evidence where claimed; qualified and owner acceptance. None fabricated.
07.11,"Hope, optimism, joy, and contentment",editorial_followup_resolved,"Uses a late room guide and a proposal deadline to distinguish facts, present resources, future possibilities and unconfirmed approval.",docs/authoring/emotional-foundations/07.11/learner-guide.md,"Moved catalog/compatibility status to the editorial archive and retained plain-language limits, consent and actual-practice requirements.",Independent learner-only run; actual learner/live evidence where claimed; qualified and owner acceptance. None fabricated.
07.12,Resilience and post-setback adaptation,editorial_followup_resolved,Uses a delivery interruption and six objects with different ownership to bound a restart to the remaining table task.,docs/authoring/emotional-foundations/07.12/learner-guide.md,"Moved catalog/compatibility status to the editorial archive and retained plain-language limits, consent and actual-practice requirements.",Independent learner-only run; actual learner/live evidence where claimed; qualified and owner acceptance. None fabricated.
07.13,Mental-health literacy and help-seeking,editorial_followup_resolved,"Routes a fictional US adult with three weeks of functional impairment through ordinary, professional, urgent and emergency support, distinguishing requests from attendance.",docs/authoring/attention-agency/07.13/learner-guide.md,"Moved catalog/compatibility status to the editorial archive and retained plain-language limits, consent and actual-practice requirements.",Independent learner-only run; actual learner/live evidence where claimed; qualified and owner acceptance. None fabricated.
07.14,Chronic dysregulation and skill generalization,editorial_followup_resolved,"Compares two regulation strategies across desk and conversation requests, distinguishing unavailable strategies from ineffective attempts.",docs/authoring/attention-agency/07.14/learner-guide.md,"A bounded next context | Moved catalog/compatibility status to the editorial archive and retained plain-language limits, consent and actual-practice requirements.",Independent learner-only run; actual learner/live evidence where claimed; qualified and owner acceptance. None fabricated.
08.01,Attention audit,editorial_followup_resolved,Tags overlapping attention uses in six sampled windows and changes one recurring news-tile cue while preserving a friend's call.,docs/authoring/attention-agency/08.01/learner-guide.md,"Moved catalog/compatibility status to the editorial archive and retained plain-language limits, consent and actual-practice requirements.",Independent learner-only run; actual learner/live evidence where claimed; qualified and owner acceptance. None fabricated.
08.02,Mindfulness and present attention,editorial_followup_resolved,"Preserves three presence windows, one environmental change, a timely repeat, necessary interruptions and accessible duration adaptation.",docs/authoring/attention-agency/08.02/learner-guide.md,"Optional material for the existing attention window | Optional extensions to the same route-card activity | Moved catalog/compatibility status to the editorial archive and retained plain-language limits, consent and actual-practice requirements.",Independent learner-only run; actual learner/live evidence where claimed; qualified and owner acceptance. None fabricated.
08.03,Impulse control,editorial_followup_resolved,Distinguishes a pre-action novelty pause from late redirection and preserves the endorsed reason.,docs/authoring/attention-agency/08.03/learner-guide.md,"Added a separately revealed, context-specific changed-case attempt and corrective answer. | Moved catalog/compatibility status to the editorial archive and retained plain-language limits, consent and actual-practice requirements.",Independent learner-only run; actual learner/live evidence where claimed; qualified and owner acceptance. None fabricated.
08.04,"Desire, craving, and lust",editorial_followup_resolved,Tests a reward prediction against an agreed call and continued desire after later viewing.,docs/authoring/attention-agency/08.04/learner-guide.md,"Added a separately revealed, context-specific changed-case attempt and corrective answer. | Moved catalog/compatibility status to the editorial archive and retained plain-language limits, consent and actual-practice requirements.",Independent learner-only run; actual learner/live evidence where claimed; qualified and owner acceptance. None fabricated.
08.05,Tolerance of discomfort,editorial_followup_resolved,Bounds paper sorting by purpose and distinguishes boredom from a pain-triggered stop.,docs/authoring/attention-agency/08.05/learner-guide.md,"Added a separately revealed, context-specific changed-case attempt and corrective answer. | Moved catalog/compatibility status to the editorial archive and retained plain-language limits, consent and actual-practice requirements.",Independent learner-only run; actual learner/live evidence where claimed; qualified and owner acceptance. None fabricated.
08.06,Action independent of motivation,editorial_followup_resolved,"Preserves ordinary versus cued starts, actual edits, duration adaptations and a care-driven deferral.",docs/authoring/attention-agency/08.06/learner-guide.md,"Corrected check-prompts.md: A duration field permits a wider validation range than the two-to | Corrected check-answers.md: A schema's validation range is not permission to expand the exerc | Moved catalog/compatibility status to the editorial archive and retained plain-language limits, consent and actual-practice requirements.",Independent learner-only run; actual learner/live evidence where claimed; qualified and owner acceptance. None fabricated.
08.07,Habit and environment design,editorial_followup_resolved,Tests one notebook placement and retains an observed writing-access cost and an untested revised layout.,docs/authoring/attention-agency/08.07/learner-guide.md,"Moved catalog/compatibility status to the editorial archive and retained plain-language limits, consent and actual-practice requirements.",Independent learner-only run; actual learner/live evidence where claimed; qualified and owner acceptance. None fabricated.
08.08,Consistency and minimum standards,editorial_followup_resolved,"Defines normal retrieval, a smaller corrected minimum and a care pause without rewriting prior records.",docs/authoring/attention-agency/08.08/learner-guide.md,"Moved catalog/compatibility status to the editorial archive and retained plain-language limits, consent and actual-practice requirements.",Independent learner-only run; actual learner/live evidence where claimed; qualified and owner acceptance. None fabricated.
08.09,Voluntary restraint and hardship,editorial_followup_resolved,Tests omitting one optional commentary layer while preserving sensory support and an early finish.,docs/authoring/attention-agency/08.09/learner-guide.md,"Added a separately revealed, context-specific changed-case attempt and corrective answer. | Moved catalog/compatibility status to the editorial archive and retained plain-language limits, consent and actual-practice requirements.",Independent learner-only run; actual learner/live evidence where claimed; qualified and owner acceptance. None fabricated.
08.10,Completion and perseverance,editorial_followup_resolved,"Separates active, parked and retired private loops and verifies a three-paragraph note by reopening it.",docs/authoring/attention-agency/08.10/learner-guide.md,"Moved catalog/compatibility status to the editorial archive and retained plain-language limits, consent and actual-practice requirements.",Independent learner-only run; actual learner/live evidence where claimed; qualified and owner acceptance. None fabricated.
08.11,Discipline without domination or purity,editorial_followup_resolved,"Tests saving an adequate rough reminder, retaining failed retrieval and a proposed minimal naming repair.",docs/authoring/attention-agency/08.11/learner-guide.md,"Moved catalog/compatibility status to the editorial archive and retained plain-language limits, consent and actual-practice requirements.",Independent learner-only run; actual learner/live evidence where claimed; qualified and owner acceptance. None fabricated.
09.01,Observation versus interpretation,editorial_followup_resolved,"Separates observation, attributed report, emotion, interpretation, assumption and prediction through chair-count evidence and two fresh provenance checks.",docs/authoring/reasoning-foundations/09.01/learner-guide.md,"Moved catalog/compatibility status to the editorial archive and retained plain-language limits, consent and actual-practice requirements.",Independent learner-only run; actual learner/live evidence where claimed; qualified and owner acceptance. None fabricated.
09.02,Logic and argument structure,editorial_followup_resolved,"Contrasts valid-but-unsound free-event inference with invalid reservation inference, then transfers to voucher truth assignments and room-access evidence.",docs/authoring/reasoning-foundations/09.02/learner-guide.md,"Moved catalog/compatibility status to the editorial archive and retained plain-language limits, consent and actual-practice requirements.",Independent learner-only run; actual learner/live evidence where claimed; qualified and owner acceptance. None fabricated.
09.03,Cognitive and motivational bias,editorial_followup_resolved,"Preserves an initial event preference, audits seven bias mechanisms, performs a countercheck, and tests a fresh case where retaining the choice is correct.",docs/authoring/reasoning-foundations/09.03/learner-guide.md,"Moved catalog/compatibility status to the editorial archive and retained plain-language limits, consent and actual-practice requirements.",Independent learner-only run; actual learner/live evidence where claimed; qualified and owner acceptance. None fabricated.
09.04,Source and evidence evaluation,reviewed_no_edit_required,"Traces publications to underlying datasets, separates survey response from behavior, computes missing-response bounds, and compares stronger replicated evidence.",docs/authoring/evidence-humility-forecasting/09.04/learner-guide.md,Baseline material retained; no new editorial defect identified.,Independent learner-only run; actual learner/live evidence where claimed; qualified and owner acceptance. None fabricated.
09.05,Epistemic humility,reviewed_no_edit_required,"Uses preserved versions of a library-usability belief, delayed room observations, and contrasting unsupported pressure versus an official schedule correction.",docs/authoring/evidence-humility-forecasting/09.05/learner-guide.md,Baseline material retained; no new editorial defect identified.,Independent learner-only run; actual learner/live evidence where claimed; qualified and owner acceptance. None fabricated.
09.06,Probabilistic and scenario thinking,editorial_followup_resolved,"Uses prospective meeting forecasts, predeclared missing/cancelled rules, expected-value sensitivity and explicit calibration groups distinct from Brier accuracy.",docs/authoring/evidence-humility-forecasting/09.06/learner-guide.md,"Moved catalog/compatibility status to the editorial archive and retained plain-language limits, consent and actual-practice requirements.",Independent learner-only run; actual learner/live evidence where claimed; qualified and owner acceptance. None fabricated.
09.07,Systems and causal reasoning,reviewed_no_edit_required,"Models ready, delayed and hidden requests across three policies, then transfers stock/flow reasoning to a delayed ordering pipeline.",docs/authoring/systems-causes-tradeoffs/09.07/learner-guide.md,Baseline material retained; no new editorial defect identified.,Independent learner-only run; actual learner/live evidence where claimed; qualified and owner acceptance. None fabricated.
09.08,Root-cause problem solving,editorial_followup_resolved,"Crosses first/last-digit routing rules with complete/masked inputs, separating correct completion from safe holds and testing fresh valid and invalid decks.",docs/authoring/systems-causes-tradeoffs/09.08/learner-guide.md,"Moved catalog/compatibility status to the editorial archive and retained plain-language limits, consent and actual-practice requirements.",Independent learner-only run; actual learner/live evidence where claimed; qualified and owner acceptance. None fabricated.
09.09,Tradeoffs and opportunity cost,reviewed_no_edit_required,"Screens time, access and agreement before valuing archive/visit/recovery plans; numerical extension separates dominance from preference sensitivity.",docs/authoring/systems-causes-tradeoffs/09.09/learner-guide.md,Baseline material retained; no new editorial defect identified.,Independent learner-only run; actual learner/live evidence where claimed; qualified and owner acceptance. None fabricated.
09.10,Risk assessment and precaution,editorial_followup_resolved,"Uses route-specific visibility, occupancy and permission constraints, then changes proceed/hold decisions under three supplied events.",docs/authoring/risk-judgment-inference/09.10/learner-guide.md,"Added a separately revealed, context-specific changed-case attempt and corrective answer.",Independent learner-only run; actual learner/live evidence where claimed; qualified and owner acceptance. None fabricated.
09.11,Practical wisdom and context,reviewed_no_edit_required,"Adapts usable notice across timing, coordinator authority, access preferences, private relays and unavailable safe channels.",docs/authoring/risk-judgment-inference/09.11/learner-guide.md,Baseline material retained; no new editorial defect identified.,Independent learner-only run; actual learner/live evidence where claimed; qualified and owner acceptance. None fabricated.
09.12,Decision records and updating,editorial_followup_resolved,"Preserves choice-time assumptions and dissent codes, appends delayed closure/fallback outcomes, and tests outcome bias and rewritten chronology.",docs/authoring/risk-judgment-inference/09.12/learner-guide.md,"Moved catalog/compatibility status to the editorial archive and retained plain-language limits, consent and actual-practice requirements.",Independent learner-only run; actual learner/live evidence where claimed; qualified and owner acceptance. None fabricated.
09.13,Statistical literacy,reviewed_no_edit_required,"Combines distribution summaries, exhaustive tiny sampling, fitted-line versus causal interpretation, noisy-extreme selection and base-rate contingency tables.",docs/authoring/risk-judgment-inference/09.13/learner-guide.md,Baseline material retained; no new editorial defect identified.,Independent learner-only run; actual learner/live evidence where claimed; qualified and owner acceptance. None fabricated.
09.14,Scientific reasoning and research design,reviewed_no_edit_required,"Supplies matched filing decks, a pre-result protocol, counterbalanced four-run pilot and fresh critique of confounding, units and selective reporting.",docs/authoring/risk-judgment-inference/09.14/learner-guide.md,Baseline material retained; no new editorial defect identified.,Independent learner-only run; actual learner/live evidence where claimed; qualified and owner acceptance. None fabricated.
09.15,Causal inference and intervention logic,reviewed_no_edit_required,"Uses reversed aggregate/stratified study-support associations, potential-outcome completions and randomized-offer totals to distinguish causal questions.",docs/authoring/risk-judgment-inference/09.15/learner-guide.md,Baseline material retained; no new editorial defect identified.,Independent learner-only run; actual learner/live evidence where claimed; qualified and owner acceptance. None fabricated.
09.16,"Models, simulations, and abstraction limits",reviewed_no_edit_required,"Separates formula verification, fitting, held-out model comparison, sensitivity and permissible use through sorting-time models.",docs/authoring/models-information-execution/09.16/learner-guide.md,Baseline material retained; no new editorial defect identified.,Independent learner-only run; actual learner/live evidence where claimed; qualified and owner acceptance. None fabricated.
09.17,Adversarial reasoning and information operations,reviewed_no_edit_required,"Decomposes a fictional closure/payment message, maps repost dependence and compares an official notice with a narrower independent visit record.",docs/authoring/models-information-execution/09.17/learner-guide.md,Baseline material retained; no new editorial defect identified.,Independent learner-only run; actual learner/live evidence where claimed; qualified and owner acceptance. None fabricated.
10.01,The science of learning,reviewed_no_edit_required,"Uses six definitions, spaced retrieval, mixed questions and a changed-endpoint delayed application with separate keys.",docs/authoring/exercises/10.yaml,Baseline material retained; no new editorial defect identified.,Independent learner-only run; actual learner/live evidence where claimed; qualified and owner acceptance. None fabricated.
10.02,Deliberate practice,editorial_followup_resolved,"Uses four cell-selection and updating criteria, baseline 24→25, retry 28→29, and a nonadjacent-input progression.",docs/authoring/exercises/10.yaml,Removed application-field instructions and clarified the private diagnostic comparison.,Independent learner-only run; actual learner/live evidence where claimed; qualified and owner acceptance. None fabricated.
10.03,Curiosity and question formation,editorial_followup_resolved,"Separates descriptive, causal and evaluative questions using named overlapping notices and a question backlog.",docs/authoring/exercises/10.yaml,"Corrected the overlap count: eight involved notices, four uninvolved, five pairs.",Independent learner-only run; actual learner/live evidence where claimed; qualified and owner acceptance. None fabricated.
10.04,Research and information gathering,editorial_followup_resolved,"Traces fictional lending policy claims by issuer, authority and effective date, preserving unknown eligibility and exceptions.",docs/authoring/exercises/10.yaml,Added a different source set with an independently answerable provenance and date conflict.,Independent learner-only run; actual learner/live evidence where claimed; qualified and owner acceptance. None fabricated.
10.05,Knowledge organization and notes,editorial_followup_resolved,"Makes a source-linked note prove its utility through a three-entry retrieval index, delayed new-data application and a revision log.",docs/authoring/exercises/10.yaml,Kept the guided averages note and added independent note construction from a distinct unit-cost source.,Independent learner-only run; actual learner/live evidence where claimed; qualified and owner acceptance. None fabricated.
10.06,Memory and recall,editorial_followup_resolved,"Practices versioned sequence recall with actual delays, mnemonic repair and a one-position room-number change while preserving supports.",docs/authoring/exercises/10.yaml,Separated assistance from accuracy so wrong unaided recall remains representable.,Independent learner-only run; actual learner/live evidence where claimed; qualified and owner acceptance. None fabricated.
10.07,Skill decomposition and progression,editorial_followup_resolved,Maps filing-rule prerequisites into component milestones and a held-back waiting-versus-due-date integration case.,docs/authoring/exercises/10.yaml,Moved part-practice answers out of the visible materials and distinguished plan steps from performance milestones. | Checked the actual prompt projection and added the folder-system material reference.,Independent learner-only run; actual learner/live evidence where claimed; qualified and owner acceptance. None fabricated.
10.08,Feedback and error correction,editorial_followup_resolved,"Uses ambiguous folder instructions, a literal test, a preserved correction and a green-slip retest.",docs/authoring/exercises/10.yaml,Corrected the worked feedback description to acknowledge both referent and location repairs.,Independent learner-only run; actual learner/live evidence where claimed; qualified and owner acceptance. None fabricated.
10.09,Independent learning and resourcefulness,editorial_followup_resolved,"Builds all eight three-bit rows from place value, records targeted help and extends to a fourth bit.",docs/authoring/exercises/10.yaml,Removed outer-action and adaptation spoilers for the held-back four-bit extension.,Independent learner-only run; actual learner/live evidence where claimed; qualified and owner acceptance. None fabricated.
10.10,Teaching and explanation,reviewed_no_edit_required,"Uses coordinate teaching with distinct demonstration, contrast, first application and post-revision application, plus an explicitly fictional learner-response fallback.",docs/authoring/exercises/10.yaml,Baseline material retained; no new editorial defect identified.,Independent learner-only run; actual learner/live evidence where claimed; qualified and owner acceptance. None fabricated.
10.11,Breadth and interdisciplinary literacy,editorial_followup_resolved,"Maps seven disciplinary questions around a waiting area, then links display specifications to two-reader access evidence and a budget tension.",docs/authoring/exercises/10.yaml,Corrected the five remaining lenses and added an unseen historical/access synthesis.,Independent learner-only run; actual learner/live evidence where claimed; qualified and owner acceptance. None fabricated.
10.12,Apprenticeship and tacit knowledge,editorial_followup_resolved,"Uses a willing demonstrator's loop/tension judgments, preserved imitation error, restated correction and functional bow release, with a separate simulation fallback.",docs/authoring/exercises/10.yaml,"Added an accessible observation, contribution and feedback route for the community-of-practice facet.",Independent learner-only run; actual learner/live evidence where claimed; qualified and owner acceptance. None fabricated.
10.13,Communal and intergenerational knowledge transmission,reviewed_no_edit_required,"Preserves a holder's reasons, exceptions and local variation alongside separate recording, attribution and audience permissions.",docs/authoring/exercises/10.yaml,Baseline material retained; no new editorial defect identified.,Independent learner-only run; actual learner/live evidence where claimed; qualified and owner acceptance. None fabricated.
10.14,Accessible and differentiated learning,reviewed_no_edit_required,"Separates route-order skill from print, pace and response barriers, compares two complete routes, and audits usability apart from correctness.",docs/authoring/exercises/10.yaml,Baseline material retained; no new editorial defect identified.,Independent learner-only run; actual learner/live evidence where claimed; qualified and owner acceptance. None fabricated.
11.01,Time and energy audit,reviewed_no_edit_required,"Reconciles three evening time/energy records, proposes an explicit leisure-for-reading tradeoff and reviews a shorter delayed trial without erasing obligations.",docs/authoring/models-information-execution/11.01/learner-guide.md,Baseline material retained; no new editorial defect identified.,Independent learner-only run; actual learner/live evidence where claimed; qualified and owner acceptance. None fabricated.
11.02,Priority hierarchy,reviewed_no_edit_required,"Allocates six competing categories under explicit promises, approved reduced versions and a protected buffer, then replans after capacity falls.",docs/authoring/models-information-execution/11.02/learner-guide.md,Baseline material retained; no new editorial defect identified.,Independent learner-only run; actual learner/live evidence where claimed; qualified and owner acceptance. None fabricated.
11.03,Goal definition and success criteria,reviewed_no_edit_required,"Turns organization into three-item find-and-return criteria with protected access, then preserves a failed prototype and challenges continued goal value.",docs/authoring/models-information-execution/11.03/learner-guide.md,Baseline material retained; no new editorial defect identified.,Independent learner-only run; actual learner/live evidence where claimed; qualified and owner acceptance. None fabricated.
11.04,Milestones and task decomposition,editorial_followup_resolved,"Builds a dependency map for a fully supplied discussion, separating drafted artifacts, replies, confirmation and event completion across two alternative branches.",docs/authoring/models-information-execution/11.04/learner-guide.md,"Added a separately revealed, context-specific changed-case attempt and corrective answer.",Independent learner-only run; actual learner/live evidence where claimed; qualified and owner acceptance. None fabricated.
11.05,Scheduling and realistic capacity,editorial_followup_resolved,"Fits upper-duration tasks into actual access/energy intervals, tracks a single-use buffer and responds to late access and early-deadline interruptions.",docs/authoring/execution-capacity-closeout/11.05/learner-guide.md,"Moved catalog/compatibility status to the editorial archive and retained plain-language limits, consent and actual-practice requirements.",Independent learner-only run; actual learner/live evidence where claimed; qualified and owner acceptance. None fabricated.
11.06,Project and workflow management,reviewed_no_edit_required,"Produces and inspects a cupboard instruction sheet through evidence-based card states, WIP, rework and distinct paper/shared-release completion.",docs/authoring/execution-capacity-closeout/11.06/learner-guide.md,Baseline material retained; no new editorial defect identified.,Independent learner-only run; actual learner/live evidence where claimed; qualified and owner acceptance. None fabricated.
11.07,Pacing and sustainable intensity,reviewed_no_edit_required,"Chooses maintenance, a feasible bounded sprint or recovery from urgency/capacity, then counts accepted inventory output, rework and later obligations.",docs/authoring/execution-capacity-closeout/11.07/learner-guide.md,Baseline material retained; no new editorial defect identified.,Independent learner-only run; actual learner/live evidence where claimed; qualified and owner acceptance. None fabricated.
11.08,Follow-through and accountability,editorial_followup_resolved,"Tracks a book-return promise through risk notice, accepted or ambiguous revisions, intermediary custody, recipient receipt and a missed revised handoff.",docs/authoring/execution-capacity-closeout/11.08/learner-guide.md,"Moved catalog/compatibility status to the editorial archive and retained plain-language limits, consent and actual-practice requirements.",Independent learner-only run; actual learner/live evidence where claimed; qualified and owner acceptance. None fabricated.
11.09,"Review, measurement, and adaptation",reviewed_no_edit_required,"Closes a lunch-preparation review loop with preserved baseline, a single method change and six outcome/cost/comparability branches.",docs/authoring/execution-capacity-closeout/11.09/learner-guide.md,Baseline material retained; no new editorial defect identified.,Independent learner-only run; actual learner/live evidence where claimed; qualified and owner acceptance. None fabricated.
11.10,Saying no and ending responsibly,editorial_followup_resolved,"Separates optional refusal, existing promise revision, obsolete project cancellation and voluntary activity-partnership closure with resource return.",docs/authoring/execution-capacity-closeout/11.10/learner-guide.md,"Moved catalog/compatibility status to the editorial archive and retained plain-language limits, consent and actual-practice requirements.",Independent learner-only run; actual learner/live evidence where claimed; qualified and owner acceptance. None fabricated.
12.01,Health literacy and preventive care,editorial_followup_resolved,"Navigates six preventive-care areas through source-dated statuses, bounded consent, a records request and separate medication/dental follow-up.",docs/authoring/health-foundations/12.01/learner-guide.md,"Moved catalog/compatibility status to the editorial archive and retained plain-language limits, consent and actual-practice requirements.",Independent learner-only run; actual learner/live evidence where claimed; qualified and owner acceptance. None fabricated.
12.02,Sleep and circadian health,editorial_followup_resolved,"Compares sleep opportunity, actual-sleep uncertainty and functioning across three baseline/four trial nights while preserving care and safety supports.",docs/authoring/health-foundations/12.02/learner-guide.md,"Moved catalog/compatibility status to the editorial archive and retained plain-language limits, consent and actual-practice requirements.",Independent learner-only run; actual learner/live evidence where claimed; qualified and owner acceptance. None fabricated.
12.03,Nutrition fundamentals,editorial_followup_resolved,"Combines nourishment functions with whole-package cash, label-unit arithmetic, allergy verification and timed repeat feasibility for a fictional personal plan.",docs/authoring/health-foundations/12.03/learner-guide.md,"Moved catalog/compatibility status to the editorial archive and retained plain-language limits, consent and actual-practice requirements.",Independent learner-only run; actual learner/live evidence where claimed; qualified and owner acceptance. None fabricated.
12.04,Food relationship and body image,editorial_followup_resolved,"Separates observed event, appearance judgment, care need and preference, with a lower-activation garment route and delayed support-status branches.",docs/authoring/health-foundations/12.04/learner-guide.md,"Moved catalog/compatibility status to the editorial archive and retained plain-language limits, consent and actual-practice requirements.",Independent learner-only run; actual learner/live evidence where claimed; qualified and owner acceptance. None fabricated.
12.05,Strength and muscular capability,editorial_followup_resolved,"Maps five strength patterns to entry, established-plan and instruction-first routes with recovery and progression decisions.",docs/authoring/exercises/12.yaml,Removed internal allowlist terminology while preserving privacy and clinical limits.,Independent learner-only run; actual learner/live evidence where claimed; qualified and owner acceptance. None fabricated.
12.06,Cardiovascular endurance,editorial_followup_resolved,"Checks total route-and-return time, effort/support comparability and immediate/delayed recovery under a fictional existing activity plan.",docs/authoring/health-foundations/12.06/learner-guide.md,"Higher intensity: instruction before participation | Moved catalog/compatibility status to the editorial archive and retained plain-language limits, consent and actual-practice requirements. | CDC distinguishes relative from absolute intensity; effort and recovery demands cannot be reduced to completing a route faster.",Independent learner-only run; actual learner/live evidence where claimed; qualified and owner acceptance. None fabricated.
12.07,"Mobility, flexibility, and joint capacity",editorial_followup_resolved,"Separates environmental reach reduction from measured joint capacity and tests support, control and delayed grip tolerance on two occasions.",docs/authoring/health-foundations/12.07/learner-guide.md,"Moved catalog/compatibility status to the editorial archive and retained plain-language limits, consent and actual-practice requirements.",Independent learner-only run; actual learner/live evidence where claimed; qualified and owner acceptance. None fabricated.
12.08,"Power, speed, coordination, and agility",reviewed_no_edit_required,"Distinguishes coordination, reaction, speed, power and reactive agility, with prerequisite screens and separate established-plan routes.",docs/authoring/exercises/12.yaml,Baseline material retained; no new editorial defect identified.,Independent learner-only run; actual learner/live evidence where claimed; qualified and owner acceptance. None fabricated.
12.09,Body composition and metabolic health,editorial_followup_resolved,"Maps weight, unmeasured tissues, garment conditions, task function and clinical-marker uncertainty before choosing an existing-plan/review action.",docs/authoring/health-stewardship/12.09/learner-guide.md,"Moved catalog/compatibility status to the editorial archive and retained plain-language limits, consent and actual-practice requirements.",Independent learner-only run; actual learner/live evidence where claimed; qualified and owner acceptance. None fabricated.
12.10,"Recovery, fatigue, and injury prevention",editorial_followup_resolved,"Reviews load, sleep, nourishment, symptoms and daily function before deferring an unagreed session and interpreting clinical-response states.",docs/authoring/health-stewardship/12.10/learner-guide.md,"Moved catalog/compatibility status to the editorial archive and retained plain-language limits, consent and actual-practice requirements.",Independent learner-only run; actual learner/live evidence where claimed; qualified and owner acceptance. None fabricated.
12.11,Substances and altered states,editorial_followup_resolved,"Distinguishes five substance-risk categories and makes a drowsy person's transport/help plan executable under money, access and waiting constraints.",docs/authoring/health-stewardship/12.11/learner-guide.md,"Moved catalog/compatibility status to the editorial archive and retained plain-language limits, consent and actual-practice requirements.",Independent learner-only run; actual learner/live evidence where claimed; qualified and owner acceptance. None fabricated.
12.12,Bodily autonomy and personal boundaries,editorial_followup_resolved,"Traces current touch and disclosure permission, withdrawal, an actual overstep, bounded repair and supported communication, with separate medical-preparation questions.",docs/authoring/health-stewardship/12.12/learner-guide.md,"Moved catalog/compatibility status to the editorial archive and retained plain-language limits, consent and actual-practice requirements.",Independent learner-only run; actual learner/live evidence where claimed; qualified and owner acceptance. None fabricated.
12.13,"Grooming, dress, and presentation",editorial_followup_resolved,"Tests hygiene, clothing, identity, actual movement and timing against verified meeting requirements rather than appearance approval.",docs/authoring/health-stewardship/12.13/learner-guide.md,"Moved catalog/compatibility status to the editorial archive and retained plain-language limits, consent and actual-practice requirements.",Independent learner-only run; actual learner/live evidence where claimed; qualified and owner acceptance. None fabricated.
12.14,Functional aging and lifelong movement,editorial_followup_resolved,"Maps valued garden participation to function, bone-health questions, transport, transfers and consented support, then reviews an access-cancelled second opportunity.",docs/authoring/health-stewardship/12.14/learner-guide.md,"Moved catalog/compatibility status to the editorial archive and retained plain-language limits, consent and actual-practice requirements.",Independent learner-only run; actual learner/live evidence where claimed; qualified and owner acceptance. None fabricated.
12.15,Adaptive movement and fitness,reviewed_no_edit_required,"Morgan's established-plan schedule separates 6 active minutes from setup, rest and closing, then changes support availability and symptoms across three dates and four adaptation contexts.",docs/authoring/adaptive-digital/12.15/learner-guide.md,Baseline material retained; no new editorial defect identified.,Independent learner-only run; actual learner/live evidence where claimed; qualified and owner acceptance. None fabricated.
12.16,Pain literacy and safe response,reviewed_no_edit_required,"Three symptom records distinguish uncertain soreness, acute functional loss and persistent pain; alternative later branches test whether new emergency features override a familiar plan.",docs/authoring/adaptive-digital/12.16/learner-guide.md,Baseline material retained; no new editorial defect identified.,Independent learner-only run; actual learner/live evidence where claimed; qualified and owner acceptance. None fabricated.
13.01,Independent-living administration,editorial_followup_resolved,"Captures three obligations, completes one authorized action and tests retrieval of its confirmation and deadline.",docs/authoring/exercises/13.yaml,"Added individually authored teaching, complete fictional material, practice and separately revealed changed-case key.",Independent learner-only run; actual learner/live evidence where claimed; qualified and owner acceptance. None fabricated.
13.02,Home organization and maintenance systems,editorial_followup_resolved,Installs a reversible bag-readiness cue and observes two natural upkeep opportunities and shared burden.,docs/authoring/exercises/13.yaml,"Added individually authored teaching, complete fictional material, practice and separately revealed changed-case key. | Removed application-maintenance instructions from the learner check.",Independent learner-only run; actual learner/live evidence where claimed; qualified and owner acceptance. None fabricated.
13.03,"Cleaning, sanitation, and waste",editorial_followup_resolved,"Selects a compatible cleaner for an identified surface, tests a small area and separates dirty materials.",docs/authoring/exercises/13.yaml,"Added individually authored teaching, complete fictional material, practice and separately revealed changed-case key.",Independent learner-only run; actual learner/live evidence where claimed; qualified and owner acceptance. None fabricated.
13.04,Laundry and clothing care,editorial_followup_resolved,"Translates garment-label restrictions into washing, drying, inspection and storage decisions.",docs/authoring/exercises/13.yaml,"Added individually authored teaching, complete fictional material, practice and separately revealed changed-case key. | UF/IFAS 4H414 pp. 1–3 supplies needle/thread/button/scissors preparation, two-hole stitching, securing, and the spacing purpose of a thread shank. | Moved button instruction before the attempt; limited flat attachment to scrap practice and retained garment-specific transfer guidance.",Independent learner-only run; actual learner/live evidence where claimed; qualified and owner acceptance. None fabricated.
13.05,Cooking fundamentals,editorial_followup_resolved,"Provides a bean-and-vegetable skillet with preparation, heat/moisture adjustment, tasting and a second-attempt improvement.",docs/authoring/exercises/13.yaml,"Added individually authored teaching, complete fictional material, practice and separately revealed changed-case key.",Independent learner-only run; actual learner/live evidence where claimed; qualified and owner acceptance. None fabricated.
13.06,Baking and food chemistry,editorial_followup_resolved,Compares equal dough portions with and without baking powder while retaining quantities and confounds.,docs/authoring/exercises/13.yaml,"Added individually authored teaching, complete fictional material, practice and separately revealed changed-case key. | The named baker’s teaching explains hydration of gluten-forming proteins, network development and gas retention.",Independent learner-only run; actual learner/live evidence where claimed; qualified and owner acceptance. None fabricated.
13.07,"Meal planning, shopping, and food storage",editorial_followup_resolved,"Connects three meals through inventory subtraction, quantities, budget, substitutions and storage order.",docs/authoring/exercises/13.yaml,"Added individually authored teaching, complete fictional material, practice and separately revealed changed-case key.",Independent learner-only run; actual learner/live evidence where claimed; qualified and owner acceptance. None fabricated.
13.08,Basic tools and household repair,editorial_followup_resolved,Distinguishes a merely loose cabinet handle from damaged threads and uses a fitting hand tool and function test.,docs/authoring/exercises/13.yaml,"Added individually authored teaching, complete fictional material, practice and separately revealed changed-case key.",Independent learner-only run; actual learner/live evidence where claimed; qualified and owner acceptance. None fabricated.
13.09,Mechanical and vehicle literacy,editorial_followup_resolved,"Connects an exact manual, observed warning or service interval, missing history and an authorized service request.",docs/authoring/exercises/13.yaml,"Added individually authored teaching, complete fictional material, practice and separately revealed changed-case key.",Independent learner-only run; actual learner/live evidence where claimed; qualified and owner acceptance. None fabricated.
13.10,Utilities and household systems,editorial_followup_resolved,Separates a device issue from a whole-service interruption and builds a permitted-action/stop decision tree.,docs/authoring/exercises/13.yaml,"Added individually authored teaching, complete fictional material, practice and separately revealed changed-case key.",Independent learner-only run; actual learner/live evidence where claimed; qualified and owner acceptance. None fabricated.
13.11,Gardening and plant care,editorial_followup_resolved,"Matches plant identity and site conditions, observes moisture before care and retains unobserved growing stages.",docs/authoring/exercises/13.yaml,"Added individually authored teaching, complete fictional material, practice and separately revealed changed-case key.",Independent learner-only run; actual learner/live evidence where claimed; qualified and owner acceptance. None fabricated.
13.12,Resource maintenance and repair culture,editorial_followup_resolved,"Compares maintain, repair and replace by function, money, time, service life and disposal rather than appearance alone.",docs/authoring/exercises/13.yaml,"Added individually authored teaching, complete fictional material, practice and separately revealed changed-case key.",Independent learner-only run; actual learner/live evidence where claimed; qualified and owner acceptance. None fabricated.
13.13,Hospitality and a functional living environment,editorial_followup_resolved,"Tests arrival, seating, privacy, household needs and reset effort in a modest reversible welcome.",docs/authoring/exercises/13.yaml,"Added individually authored teaching, complete fictional material, practice and separately revealed changed-case key.",Independent learner-only run; actual learner/live evidence where claimed; qualified and owner acceptance. None fabricated.
13.14,"Housing, tenancy, and basic property literacy",editorial_followup_resolved,"Traces one housing issue through agreement clauses, a factual request and a jurisdiction-appropriate advice route.",docs/authoring/exercises/13.yaml,"Added individually authored teaching, complete fictional material, practice and separately revealed changed-case key.",Independent learner-only run; actual learner/live evidence where claimed; qualified and owner acceptance. None fabricated.
13.15,Domestic life under scarcity or instability,editorial_followup_resolved,"Prioritizes essential gaps against actual money, storage, transport and verified support, retaining unresolved needs.",docs/authoring/exercises/13.yaml,"Added individually authored teaching, complete fictional material, practice and separately revealed changed-case key. | Supplied departure times and distinguished 90 minutes of travel/collection from 120 minutes of full scheduled burden.",Independent learner-only run; actual learner/live evidence where claimed; qualified and owner acceptance. None fabricated.
13.16,Accessibility and adaptable home design,reviewed_no_edit_required,"Uses the affected person’s own task, permission and preferences to test a reversible environmental change and new barriers.",docs/authoring/exercises/13.yaml,Baseline material retained; no new editorial defect identified.,Independent learner-only run; actual learner/live evidence where claimed; qualified and owner acceptance. None fabricated.
14.01,Digital and media self-governance,reviewed_no_edit_required,"Governs media by purpose, entry route, chosen stopping point and essential alerts, then reviews detours and legitimate exceptions.",docs/authoring/adaptive-digital/14.01/learner-guide.md,Baseline material retained; no new editorial defect identified.,Independent learner-only run; actual learner/live evidence where claimed; qualified and owner acceptance. None fabricated.
14.02,Digital competence and data hygiene,reviewed_no_edit_required,"Performs a non-destructive version-specific copy/retrieval, supplies actual text files and distinguishes synchronization, backup coverage and usable recovery.",docs/authoring/adaptive-digital/14.02/learner-guide.md,Baseline material retained; no new editorial defect identified.,Independent learner-only run; actual learner/live evidence where claimed; qualified and owner acceptance. None fabricated.
14.03,"Digital identity, privacy, and data rights",editorial_followup_resolved,"Audits supplied, observed and linked data by audience, purpose, retention and separately verified privacy controls.",docs/authoring/adaptive-digital/14.03/learner-guide.md,"Added a separately revealed, context-specific changed-case attempt and corrective answer.",Independent learner-only run; actual learner/live evidence where claimed; qualified and owner acceptance. None fabricated.
14.04,Cybersecurity and account resilience,reviewed_no_edit_required,"Traces conjunctive authentication prerequisites under phone/session loss, safe recovery preparation, consumed-code validity and distinct encryption/backup dependencies.",docs/authoring/adaptive-digital/14.04/learner-guide.md,Baseline material retained; no new editorial defect identified.,Independent learner-only run; actual learner/live evidence where claimed; qualified and owner acceptance. None fabricated.
14.05,"Online fraud, scams, and social engineering",reviewed_no_edit_required,"Uses six distinct pressure/request patterns, independently reached bank/club verification and separate code-exposure/payment-recovery branches.",docs/authoring/digital-judgment-preparedness/14.05/learner-guide.md,Baseline material retained; no new editorial defect identified.,Independent learner-only run; actual learner/live evidence where claimed; qualified and owner acceptance. None fabricated.
14.06,Algorithmic feeds and persuasive design,reviewed_no_edit_required,"Audits a ten-card recommender sample by purpose, dependent sources and continuation invitations, then compares direct retrieval with discovery and stale-source risk.",docs/authoring/digital-judgment-preparedness/14.06/learner-guide.md,Baseline material retained; no new editorial defect identified.,Independent learner-only run; actual learner/live evidence where claimed; qualified and owner acceptance. None fabricated.
14.07,AI literacy and appropriate use,reviewed_no_edit_required,"Audits an authored AI-like notice for contradicted logistics, unsupported claims/citation and exclusionary framing, then compares total usable-draft effort.",docs/authoring/digital-judgment-preparedness/14.07/learner-guide.md,Baseline material retained; no new editorial defect identified.,Independent learner-only run; actual learner/live evidence where claimed; qualified and owner acceptance. None fabricated.
14.08,"Synthetic media, deepfakes, and provenance",reviewed_no_edit_required,"Separates asset origin/history/integrity from event truth across audio, image, PDF and signed video, then resolves venue and fee independently.",docs/authoring/digital-judgment-preparedness/14.08/learner-guide.md,Baseline material retained; no new editorial defect identified.,Independent learner-only run; actual learner/live evidence where claimed; qualified and owner acceptance. None fabricated.
14.09,Digital information verification,reviewed_no_edit_required,"Verifies a dated closure proposition through repost dependencies, relative timestamps, image-context leads and a superseding narrower notice.",docs/authoring/digital-judgment-preparedness/14.09/learner-guide.md,Baseline material retained; no new editorial defect identified.,Independent learner-only run; actual learner/live evidence where claimed; qualified and owner acceptance. None fabricated.
14.10,Online communication and community conduct,reviewed_no_edit_required,"Repairs a forum reply by separating public version evidence from private chat, then distinguishes ordinary clarification from coordinated targeting.",docs/authoring/digital-judgment-preparedness/14.10/learner-guide.md,Baseline material retained; no new editorial defect identified.,Independent learner-only run; actual learner/live evidence where claimed; qualified and owner acceptance. None fabricated.
14.11,"Digital creation, ownership, and attribution",reviewed_no_edit_required,"Builds a rights/ingredient ledger for a stipulated commercial workshop, separates CC variants, software notices, private data and creator compensation, then audits cropped credit and restrictive distribution.",docs/authoring/digital-judgment-preparedness/14.11/learner-guide.md,Baseline material retained; no new editorial defect identified.,Independent learner-only run; actual learner/live evidence where claimed; qualified and owner acceptance. None fabricated.
14.12,Automation dependence and operational resilience,reviewed_no_edit_required,"Tests a current offline event card against minimum service questions, then reconciles exact pending request IDs under stipulated duplicate rules.",docs/authoring/digital-judgment-preparedness/14.12/learner-guide.md,Baseline material retained; no new editorial defect identified.,Independent learner-only run; actual learner/live evidence where claimed; qualified and owner acceptance. None fabricated.
14.13,Digital citizenship and platform governance,reviewed_no_edit_required,"Evaluates a moderation policy through safety, expression, privacy, access, incentives/competition and due process, with usable appeals and staffing constraints.",docs/authoring/digital-judgment-preparedness/14.13/learner-guide.md,Baseline material retained; no new editorial defect identified.,Independent learner-only run; actual learner/live evidence where claimed; qualified and owner acceptance. None fabricated.
15.01,"First aid, CPR, and emergency response",reviewed_no_edit_required,Rehearses a precise emergency handoff with changed access/hazard branches and audits eight training topics against explicit fictional course assessments.,docs/authoring/digital-judgment-preparedness/15.01/learner-guide.md,Baseline material retained; no new editorial defect identified.,Independent learner-only run; actual learner/live evidence where claimed; qualified and owner acceptance. None fabricated.
15.02,Household emergency planning,reviewed_no_edit_required,"Tests six hazard-specific household responses plus actual harmless offline contact retrieval, keeping equipment continuity, transport, consent and supplies separate.",docs/authoring/digital-judgment-preparedness/15.02/learner-guide.md,Baseline material retained; no new editorial defect identified.,Independent learner-only run; actual learner/live evidence where claimed; qualified and owner acceptance. None fabricated.
15.03,Situational awareness,editorial_followup_resolved,"Compares library visits with level-access constraints, distinguishing observable obstruction from identity-based suspicion and returning attention to the visit.",docs/authoring/digital-judgment-preparedness/15.03/learner-guide.md,"Added a separately revealed, context-specific changed-case attempt and corrective answer.",Independent learner-only run; actual learner/live evidence where claimed; qualified and owner acceptance. None fabricated.
15.04,Personal safety and de-escalation,reviewed_no_edit_required,"Rehearses an optional exit phrase together with a reachable endpoint and help request, then removes staff availability without escalating partner aggression.",docs/authoring/resilience-community-listening/15.04/learner-guide.md,Baseline material retained; no new editorial defect identified.,Independent learner-only run; actual learner/live evidence where claimed; qualified and owner acceptance. None fabricated.
15.05,Self-protection and lawful force,reviewed_no_edit_required,"Evaluates training credentials, stop procedures, legal scope, protective purpose and aftermath across three invented providers and three incident checkpoints.",docs/authoring/resilience-community-listening/15.05/learner-guide.md,Baseline material retained; no new editorial defect identified.,Independent learner-only run; actual learner/live evidence where claimed; qualified and owner acceptance. None fabricated.
15.06,Outdoor survival fundamentals,reviewed_no_edit_required,"Allocates seven outdoor priorities on a V–J–P route, retrieves a harmless item and applies a weather/clock return rule with supervised physical transfer separately specified.",docs/authoring/resilience-community-listening/15.06/learner-guide.md,Baseline material retained; no new editorial defect identified.,Independent learner-only run; actual learner/live evidence where claimed; qualified and owner acceptance. None fabricated.
15.07,Water competence and rescue awareness,reviewed_no_edit_required,"Classifies five aquatic skills by assistance and setting, compares pool/river/unknown leisure conditions and rehearses a dryland help report.",docs/authoring/resilience-community-listening/15.07/learner-guide.md,Baseline material retained; no new editorial defect identified.,Independent learner-only run; actual learner/live evidence where claimed; qualified and owner acceptance. None fabricated.
15.08,Travel and unfamiliar-environment safety,reviewed_no_edit_required,"Recovers a canceled connection under closing-time, access, offline information and reserved-cash constraints while preserving separate entry and medicine questions.",docs/authoring/resilience-community-listening/15.08/learner-guide.md,Baseline material retained; no new editorial defect identified.,Independent learner-only run; actual learner/live evidence where claimed; qualified and owner acceptance. None fabricated.
15.09,"Cybersecurity, fraud, and identity protection",reviewed_no_edit_required,"Triages five independent cyber/fraud signals with authorized owners and staged account containment, payment recovery and identity exposure.",docs/authoring/resilience-community-listening/15.09/learner-guide.md,Baseline material retained; no new editorial defect identified.,Independent learner-only run; actual learner/live evidence where claimed; qualified and owner acceptance. None fabricated.
15.10,Risk ownership and contingency thinking,reviewed_no_edit_required,"Maps event dependencies across person, information, room and notices, then tests an agreed backup's authority, finite time and handback.",docs/authoring/resilience-community-listening/15.10/learner-guide.md,Baseline material retained; no new editorial defect identified.,Independent learner-only run; actual learner/live evidence where claimed; qualified and owner acceptance. None fabricated.
15.11,Community disaster readiness and mutual aid,reviewed_no_edit_required,"Coordinates an outage notice, finite supplies, consented welfare checks, step-free transport and a bounded volunteer handover.",docs/authoring/resilience-community-listening/15.11/learner-guide.md,Baseline material retained; no new editorial defect identified.,Independent learner-only run; actual learner/live evidence where claimed; qualified and owner acceptance. None fabricated.
15.12,Public-health emergency competence,reviewed_no_edit_required,"Translates a dated respiratory-health notice into organizer-owned actions and accessible participation, then reconciles a later smoke constraint.",docs/authoring/resilience-community-listening/15.12/learner-guide.md,Baseline material retained; no new editorial defect identified.,Independent learner-only run; actual learner/live evidence where claimed; qualified and owner acceptance. None fabricated.
15.13,Bystander intervention and violence prevention,editorial_followup_resolved,"Compares five bystander strategies, rehearses factual delegation and accepting refusal, and removes staff availability without forcing confrontation.",docs/authoring/resilience-community-listening/15.13/learner-guide.md,"Added a separately revealed, context-specific changed-case attempt and corrective answer.",Independent learner-only run; actual learner/live evidence where claimed; qualified and owner acceptance. None fabricated.
15.14,Workplace and activity-specific safety,editorial_followup_resolved,"Analyzes five work-stage hazards and authority limits, then performs a harmless sheet-handling task with setup, reach and cleanup rechecks.",docs/authoring/resilience-community-listening/15.14/learner-guide.md,Corrected later-packet.md: A learner safely relocates their own sheets within reach and comp,Independent learner-only run; actual learner/live evidence where claimed; qualified and owner acceptance. None fabricated.
16.01,Attentive listening,reviewed_no_edit_required,"Uses an exhibition conversation to preserve the speaker’s wish to attend, time limits and choice before clarification and revision.",docs/authoring/resilience-community-listening/16.01/learner-guide.md,Baseline material retained; no new editorial defect identified.,Independent learner-only run; actual learner/live evidence where claimed; qualified and owner acceptance. None fabricated.
16.02,Clear and direct expression,editorial_followup_resolved,"Turns a missing-projector grievance into an observed event, practical need, answerable request and controlled lending boundary, then checks recipient decoding.",docs/authoring/communication-influence/16.02/learner-guide.md,"Removed score-system commentary while retaining separate delivered, understood, agreed and returned outcomes.",Independent learner-only run; actual learner/live evidence where claimed; qualified and owner acceptance. None fabricated.
16.03,Nonverbal communication,editorial_followup_resolved,"Separates observed nonverbal cues, disconfirmable hypotheses, a welcome clarification and adjustment of one's own pace/distance, preserving declined clarification as unknown.",docs/authoring/communication-influence/16.03/learner-guide.md,"Moved catalog/compatibility status to the editorial archive and retained plain-language limits, consent and actual-practice requirements.",Independent learner-only run; actual learner/live evidence where claimed; qualified and owner acceptance. None fabricated.
16.04,One-to-one and group conversation,reviewed_no_edit_required,"Practices pair and group conversation separately through responsive sharing, transitions, opt-out inclusion, text access and honest closing.",docs/authoring/communication-influence/16.04/learner-guide.md,Baseline material retained; no new editorial defect identified.,Independent learner-only run; actual learner/live evidence where claimed; qualified and owner acceptance. None fabricated.
16.05,Perspective taking and empathic accuracy,reviewed_no_edit_required,Uses a museum-booking disagreement to compare competing perspective hypotheses against a reported parcel constraint and explicit refusal of ticket purchase.,docs/authoring/communication-influence/16.05/learner-guide.md,Baseline material retained; no new editorial defect identified.,Independent learner-only run; actual learner/live evidence where claimed; qualified and owner acceptance. None fabricated.
16.06,Audience and context adaptation,reviewed_no_edit_required,"Adapts a workshop move for visitors and setup volunteers using invariant facts, different next actions, usable media and role-specific times.",docs/authoring/communication-influence/16.06/learner-guide.md,Baseline material retained; no new editorial defect identified.,Independent learner-only run; actual learner/live evidence where claimed; qualified and owner acceptance. None fabricated.
16.07,Feedback and developmental conversation,reviewed_no_edit_required,"Uses a complete invitation to practice giving bounded feedback, revising an artifact, receiving criticism and testing a correction rather than obeying every proposed solution.",docs/authoring/communication-influence/16.07/learner-guide.md,Baseline material retained; no new editorial defect identified.,Independent learner-only run; actual learner/live evidence where claimed; qualified and owner acceptance. None fabricated.
16.08,Classical and modern rhetoric,reviewed_no_edit_required,"Analyzes ethos/pathos/logos, framing and narrative through a planting proposal whose emotional appeal conceals maintenance and resource limits.",docs/authoring/communication-influence/16.08/learner-guide.md,Baseline material retained; no new editorial defect identified.,Independent learner-only run; actual learner/live evidence where claimed; qualified and owner acceptance. None fabricated.
16.09,Public speaking and presentation,reviewed_no_edit_required,"Builds, rehearses twice and delivers a borrowing-shelf explanation, using audience procedural recall and unknown-policy questions to guide a targeted repair.",docs/authoring/communication-influence/16.09/learner-guide.md,Baseline material retained; no new editorial defect identified.,Independent learner-only run; actual learner/live evidence where claimed; qualified and owner acceptance. None fabricated.
16.10,Storytelling and explanation,reviewed_no_edit_required,"Builds causal story beats and a bounded analogy around conflicting entrance/room signs, then diagnoses an uncoached retelling that substitutes blame.",docs/authoring/communication-influence/16.10/learner-guide.md,Baseline material retained; no new editorial defect identified.,Independent learner-only run; actual learner/live evidence where claimed; qualified and owner acceptance. None fabricated.
16.11,Negotiation,reviewed_no_edit_required,"Negotiates quiet/shared hobby-room time through interests, verified alternatives, minimum constraints, packages, consent and principled refusal.",docs/authoring/communication-influence/16.11/learner-guide.md,Baseline material retained; no new editorial defect identified.,Independent learner-only run; actual learner/live evidence where claimed; qualified and owner acceptance. None fabricated.
16.12,Conflict and de-escalation,reviewed_no_edit_required,"Repairs a room-booking conflict by distinguishing availability inquiry, accepted assignment, confirmed reservation and later acknowledgment while permitting a safe ending.",docs/authoring/communication-influence/16.12/learner-guide.md,Baseline material retained; no new editorial defect identified.,Independent learner-only run; actual learner/live evidence where claimed; qualified and owner acceptance. None fabricated.
16.13,"Humor, warmth, and social ease",editorial_followup_resolved,"Audits a prepared joke for target, timing and social cost, permits a complete non-humorous warmth route and responds to reported harm despite another person's smile.",docs/authoring/communication-influence/16.13/learner-guide.md,"Added a separately revealed, context-specific changed-case attempt and corrective answer.",Independent learner-only run; actual learner/live evidence where claimed; qualified and owner acceptance. None fabricated.
16.14,"Etiquette, courtesy, and first impressions",reviewed_no_edit_required,"Prepares a first workshop visit through stated requirements, access questions, arrival arithmetic, attention aids, photo permission and a delay repair.",docs/authoring/respectful-connection/16.14/learner-guide.md,Baseline material retained; no new editorial defect identified.,Independent learner-only run; actual learner/live evidence where claimed; qualified and owner acceptance. None fabricated.
16.15,Manipulation and coercion literacy,reviewed_no_edit_required,Separates seven pressure mechanisms from person-level diagnoses and applies an ordinary gift/shift boundary with a distinct monitoring/threat safety branch.,docs/authoring/respectful-connection/16.15/learner-guide.md,Baseline material retained; no new editorial defect identified.,Independent learner-only run; actual learner/live evidence where claimed; qualified and owner acceptance. None fabricated.
16.16,"High-context, indirect, and face-sensitive communication",reviewed_no_edit_required,"Treats indirect refusal as competing interpretations and seeks only the smallest needed disposition while preserving face, hierarchy limits and private reasons.",docs/authoring/respectful-connection/16.16/learner-guide.md,Baseline material retained; no new editorial defect identified.,Independent learner-only run; actual learner/live evidence where claimed; qualified and owner acceptance. None fabricated.
16.17,Intercultural communication and code-switching,editorial_followup_resolved,"Compares peer-chat and committee-agenda invitations across seven communication dimensions while holding cost, time, capacity, voluntariness and privacy constant.",docs/authoring/respectful-connection/16.17/learner-guide.md,"Added a separately revealed, context-specific changed-case attempt and corrective answer.",Independent learner-only run; actual learner/live evidence where claimed; qualified and owner acceptance. None fabricated.
16.18,Language access and communication accommodation,reviewed_no_edit_required,"Repairs both incoming information and outgoing expression for an AAC user's event choice, preserving neither-option and helper-authority limits.",docs/authoring/respectful-connection/16.18/learner-guide.md,Baseline material retained; no new editorial defect identified.,Independent learner-only run; actual learner/live evidence where claimed; qualified and owner acceptance. None fabricated.
17.01,Initiating connection,reviewed_no_edit_required,"Chooses a welcome puzzle-table opening instead of interrupting work or a phone call, adds a small self-detail and respects permission for quiet parallel activity.",docs/authoring/respectful-connection/17.01/learner-guide.md,Baseline material retained; no new editorial defect identified.,Independent learner-only run; actual learner/live evidence where claimed; qualified and owner acceptance. None fabricated.
17.02,Friendship formation and selection,editorial_followup_resolved,"Reviews friendship direction through six distinct facets over three encounters, then uses a genuine invitation and partial interruption repair without covert loyalty tests.",docs/authoring/respectful-connection/17.02/learner-guide.md,"Added a separately revealed, context-specific changed-case attempt and corrective answer.",Independent learner-only run; actual learner/live evidence where claimed; qualified and owner acceptance. None fabricated.
17.03,Maintaining friendship,editorial_followup_resolved,"Maintains an existing friendship through substantive listening, a specific invitation and topic-based follow-up, with celebration/help/ordinary presence scoped to what is welcome.",docs/authoring/respectful-connection/17.03/learner-guide.md,"Moved catalog/compatibility status to the editorial archive and retained plain-language limits, consent and actual-practice requirements.",Independent learner-only run; actual learner/live evidence where claimed; qualified and owner acceptance. None fabricated.
17.04,Reliable support,reviewed_no_edit_required,"Chooses among six support modes, makes a finite offer and checks the full round-trip errand and handover before commitment.",docs/authoring/respectful-connection/17.04/learner-guide.md,Baseline material retained; no new editorial defect identified.,Independent learner-only run; actual learner/live evidence where claimed; qualified and owner acceptance. None fabricated.
17.05,Reciprocity and healthy dependence,reviewed_no_edit_required,"Practices a bounded request, receiving useful help and declining unneeded extra work without compulsory repayment or exact relational accounting.",docs/authoring/respectful-connection/17.05/learner-guide.md,Baseline material retained; no new editorial defect identified.,Independent learner-only run; actual learner/live evidence where claimed; qualified and owner acceptance. None fabricated.
17.06,Boundaries and harmful relationships,editorial_followup_resolved,"Distinguishes mismatch, recurrence and non-repair in a nickname case, chooses controlled access reduction and branches away from ordinary rehearsal when threats/dependence appear.",docs/authoring/respectful-connection/17.06/learner-guide.md,"Added a separately revealed, context-specific changed-case attempt and corrective answer.",Independent learner-only run; actual learner/live evidence where claimed; qualified and owner acceptance. None fabricated.
17.07,Hospitality and inclusion,reviewed_no_edit_required,"Maps invitation, arrival and participation, makes an authorized music change and checks whether a newcomer can actually join without compelled disclosure or speech.",docs/authoring/respectful-connection/17.07/learner-guide.md,Baseline material retained; no new editorial defect identified.,Independent learner-only run; actual learner/live evidence where claimed; qualified and owner acceptance. None fabricated.
17.08,Collaboration and complementary strengths,reviewed_no_edit_required,"Produces a shared welcome guide with voluntary roles, timed handoffs, version correction, newcomer testing and contribution-specific credit.",docs/authoring/belonging-partnership/17.08/learner-guide.md,Baseline material retained; no new editorial defect identified.,Independent learner-only run; actual learner/live evidence where claimed; qualified and owner acceptance. None fabricated.
17.09,"Belonging, loneliness, and social ecology",reviewed_no_edit_required,"Maps connection forms by wanted functions and sustainable access, then checks a local drawing visit against travel and care responsibilities.",docs/authoring/belonging-partnership/17.09/learner-guide.md,Baseline material retained; no new editorial defect identified.,Independent learner-only run; actual learner/live evidence where claimed; qualified and owner acceptance. None fabricated.
17.10,Networks and social capital,editorial_followup_resolved,"Chooses a checked public resource or a separately consented introduction, with minimal authorized disclosure, bounded request and optional usefulness check.",docs/authoring/belonging-partnership/17.10/learner-guide.md,"Added a separately revealed, context-specific changed-case attempt and corrective answer.",Independent learner-only run; actual learner/live evidence where claimed; qualified and owner acceptance. None fabricated.
17.11,Intergenerational friendship and mentorship,reviewed_no_edit_required,Creates a reciprocal adult life-stage exchange that separates a useful past principle from an obsolete joining mechanism and follows up without presuming mentorship.,docs/authoring/belonging-partnership/17.11/learner-guide.md,Baseline material retained; no new editorial defect identified.,Independent learner-only run; actual learner/live evidence where claimed; qualified and owner acceptance. None fabricated.
17.12,"Kin, clan, neighborhood, and communal obligation",reviewed_no_edit_required,"Examines a communal duty's protected good, invisible labor and legitimate limits through a finite cleanup contribution and unassigned remainder.",docs/authoring/belonging-partnership/17.12/learner-guide.md,Baseline material retained; no new editorial defect identified.,Independent learner-only run; actual learner/live evidence where claimed; qualified and owner acceptance. None fabricated.
17.13,Friendship across deep difference,editorial_followup_resolved,"Discusses a genuine lifestyle difference between existing friends, corrects caricatures and preserves ordinary care independently of agreement.",docs/authoring/belonging-partnership/17.13/learner-guide.md,"Added a separately revealed, context-specific changed-case attempt and corrective answer.",Independent learner-only run; actual learner/live evidence where claimed; qualified and owner acceptance. None fabricated.
17.14,Collective belonging without conformity,editorial_followup_resolved,"Separates a group's useful purpose and legitimate rules from a retreat-spending loyalty test, using an authorized private concern and an independent contribution.",docs/authoring/belonging-partnership/17.14/learner-guide.md,"Complete inventory card | Moved catalog/compatibility status to the editorial archive and retained plain-language limits, consent and actual-practice requirements.",Independent learner-only run; actual learner/live evidence where claimed; qualified and owner acceptance. None fabricated.
18.01,The nature and practice of love,reviewed_no_edit_required,"Distinguishes eight motives and relational concepts through quiet-space care, a prior library commitment and a separately requested celebration conversation.",docs/authoring/belonging-partnership/18.01/learner-guide.md,Baseline material retained; no new editorial defect identified.,Independent learner-only run; actual learner/live evidence where claimed; qualified and owner acceptance. None fabricated.
18.02,Attraction and respectful courtship,editorial_followup_resolved,"Practices an honest adult date invitation or decline with context/power checks, pacing and response classification rather than an attraction or rejection quota.",docs/authoring/belonging-partnership/18.02/learner-guide.md,"Added a separately revealed, context-specific changed-case attempt and corrective answer.",Independent learner-only run; actual learner/live evidence where claimed; qualified and owner acceptance. None fabricated.
18.03,Partner selection and compatibility,editorial_followup_resolved,"Evaluates eight compatibility areas before a shared lease, preserving attraction and reliable small commitments alongside a newly confirmed location mismatch.",docs/authoring/belonging-partnership/18.03/learner-guide.md,Corrected later-packet.md: Dana's care responsibilities invalidate Remy's opportunity,Independent learner-only run; actual learner/live evidence where claimed; qualified and owner acceptance. None fabricated.
18.04,Attachment and relational security,reviewed_no_edit_required,"Separates cue, story, feeling and impulse during agreed unavailability, then negotiates a feasible check-in without surveillance or retaliatory silence.",docs/authoring/belonging-partnership/18.04/learner-guide.md,Baseline material retained; no new editorial defect identified.,Independent learner-only run; actual learner/live evidence where claimed; qualified and owner acceptance. None fabricated.
18.05,Vulnerability and emotional intimacy,reviewed_no_edit_required,"Chooses a relevant, manageable disclosure with readiness, privacy and response-mode limits, then repairs an enrollment misunderstanding without forcing reciprocal confession.",docs/authoring/belonging-partnership/18.05/learner-guide.md,Baseline material retained; no new editorial defect identified.,Independent learner-only run; actual learner/live evidence where claimed; qualified and owner acceptance. None fabricated.
18.06,Relationship stages and changing needs,editorial_followup_resolved,"Separates changing relationship capacity, a specific unrepaired conduct issue and longer-term fit through a dated two-week contact trial.",docs/authoring/partnership-family/18.06/learner-guide.md,"Moved catalog/compatibility status to the editorial archive and retained plain-language limits, consent and actual-practice requirements.",Independent learner-only run; actual learner/live evidence where claimed; qualified and owner acceptance. None fabricated.
18.07,"Shared expectations, roles, and labor",editorial_followup_resolved,"Maps a shared meal across noticing, planning, supplies, execution and cleanup, including an unassigned delivery check.",docs/authoring/partnership-family/18.07/learner-guide.md,"Moved catalog/compatibility status to the editorial archive and retained plain-language limits, consent and actual-practice requirements.",Independent learner-only run; actual learner/live evidence where claimed; qualified and owner acceptance. None fabricated.
18.08,Partnership conflict and repair,editorial_followup_resolved,"Tracks accountability, restitution and prevention separately in repeated ride-change conflict, including reduced harm despite a failed confirmation agreement.",docs/authoring/partnership-family/18.08/learner-guide.md,"Moved catalog/compatibility status to the editorial archive and retained plain-language limits, consent and actual-practice requirements.",Independent learner-only run; actual learner/live evidence where claimed; qualified and owner acceptance. None fabricated.
18.09,Sexual ethics and consent,editorial_followup_resolved,"Uses four adult no-contact cases to distinguish specificity, withdrawal, pressure and capacity, then judges conduct after an initial verbal answer.",docs/authoring/partnership-family/18.09/learner-guide.md,"Moved catalog/compatibility status to the editorial archive and retained plain-language limits, consent and actual-practice requirements.",Independent learner-only run; actual learner/live evidence where claimed; qualified and owner acceptance. None fabricated.
18.10,"Sexual communication, pleasure, and health",editorial_followup_resolved,"Builds an optional eight-topic intimacy conversation that separates personal preferences, declined activity, aftercare and qualified pregnancy/infection-prevention questions.",docs/authoring/partnership-family/18.10/learner-guide.md,"Moved catalog/compatibility status to the editorial archive and retained plain-language limits, consent and actual-practice requirements.",Independent learner-only run; actual learner/live evidence where claimed; qualified and owner acceptance. None fabricated.
18.11,"Commitment, fidelity, and trust",editorial_followup_resolved,"Maps explicit fidelity promises, assumptions and proposed changes before responding to a former partner's coffee invitation, separating attraction from conduct.",docs/authoring/partnership-family/18.11/learner-guide.md,"Corrected learner-guide.md: no booking before the required discussion | Moved catalog/compatibility status to the editorial archive and retained plain-language limits, consent and actual-practice requirements.",Independent learner-only run; actual learner/live evidence where claimed; qualified and owner acceptance. None fabricated.
18.12,"Separation, divorce, estrangement, and endings",editorial_followup_resolved,"Maps an ending's continuing obligations across housing/property, care, communication and private grief, prioritizing a care deadline before a later planning talk.",docs/authoring/partnership-family/18.12/learner-guide.md,"Moved catalog/compatibility status to the editorial archive and retained plain-language limits, consent and actual-practice requirements.",Independent learner-only run; actual learner/live evidence where claimed; qualified and owner acceptance. None fabricated.
18.13,Relationship diversity and chosen form,editorial_followup_resolved,"Distinguishes orientation, relationship structure and actual conduct across four adult cases while preserving personal commitments and ordinary dignity.",docs/authoring/partnership-family/18.13/learner-guide.md,"Picnic information available to share | Moved catalog/compatibility status to the editorial archive and retained plain-language limits, consent and actual-practice requirements.",Independent learner-only run; actual learner/live evidence where claimed; qualified and owner acceptance. None fabricated.
18.14,Reproductive intentions and partnership communication,editorial_followup_resolved,"Separates present reproductive wishes, timing, bodily authority and qualified questions, then tracks a bounded public-cost research task alongside an unresolved mismatch.",docs/authoring/partnership-family/18.14/learner-guide.md,"Moved catalog/compatibility status to the editorial archive and retained plain-language limits, consent and actual-practice requirements.",Independent learner-only run; actual learner/live evidence where claimed; qualified and owner acceptance. None fabricated.
19.01,Family systems and intergenerational patterns,editorial_followup_resolved,"Maps two family reply-collection episodes, preserves the meal's value and changes a self-controlled communication role without diagnosing inherited trauma.",docs/authoring/partnership-family/19.01/learner-guide.md,"An existing contribution | Moved catalog/compatibility status to the editorial archive and retained plain-language limits, consent and actual-practice requirements.",Independent learner-only run; actual learner/live evidence where claimed; qualified and owner acceptance. None fabricated.
19.02,Parenting and child development,editorial_followup_resolved,"Adapts a familiar authorized child-care tidy through choice, modeling, warmth and two observations under changed fatigue/support/task conditions.",docs/authoring/partnership-family/19.02/learner-guide.md,"Moved catalog/compatibility status to the editorial archive and retained plain-language limits, consent and actual-practice requirements.",Independent learner-only run; actual learner/live evidence where claimed; qualified and owner acceptance. None fabricated.
19.03,"Caregiving for elders, illness, and disability",editorial_followup_resolved,"Plans task-specific caregiving transport authority, time/budget margins, a missed-pickup trigger and accepted backup while preserving the recipient's voice.",docs/authoring/partnership-family/19.03/learner-guide.md,"Moved catalog/compatibility status to the editorial archive and retained plain-language limits, consent and actual-practice requirements.",Independent learner-only run; actual learner/live evidence where claimed; qualified and owner acceptance. None fabricated.
19.04,Fertility and reproductive health literacy,editorial_followup_resolved,"Uses three reproductive decision cards and narrowly assigned official readings to distinguish avoidance, pregnancy preparation/care and individualized fertility evaluation.",docs/authoring/family-stewardship/19.04/learner-guide.md,"Moved catalog/compatibility status to the editorial archive and retained plain-language limits, consent and actual-practice requirements.",Independent learner-only run; actual learner/live evidence where claimed; qualified and owner acceptance. None fabricated.
19.05,"Pregnancy, birth, and postpartum responsibility",editorial_followup_resolved,"Plans separate postpartum meal, rest, infant-care and qualified-contact handoffs, then rehearses concern escalation and an accepted meal substitution.",docs/authoring/family-stewardship/19.05/learner-guide.md,"Moved catalog/compatibility status to the editorial archive and retained plain-language limits, consent and actual-practice requirements.",Independent learner-only run; actual learner/live evidence where claimed; qualified and owner acceptance. None fabricated.
19.06,"Miscarriage, infertility, and reproductive grief",editorial_followup_resolved,"Offers bounded practical care after an unspecified reproductive loss, preserving different meanings, a declined call and a request for space.",docs/authoring/family-stewardship/19.06/learner-guide.md,"Moved catalog/compatibility status to the editorial archive and retained plain-language limits, consent and actual-practice requirements.",Independent learner-only run; actual learner/live evidence where claimed; qualified and owner acceptance. None fabricated.
19.07,"Adoption, fostering, stepfamilies, and chosen family",editorial_followup_resolved,"Separates belonging, care responsibility and legal authority through an optional family shelf with origin memories, chosen titles and revocable participation.",docs/authoring/family-stewardship/19.07/learner-guide.md,"Moved catalog/compatibility status to the editorial archive and retained plain-language limits, consent and actual-practice requirements.",Independent learner-only run; actual learner/live evidence where claimed; qualified and owner acceptance. None fabricated.
19.08,Child protection and safeguarding,editorial_followup_resolved,"Uses a narrowly specified Arizona school-personnel/caregiver case to distinguish calm disclosure response, required receiving route, internal discussion and unsubmitted rehearsal.",docs/authoring/family-stewardship/19.08/learner-guide.md,"Moved catalog/compatibility status to the editorial archive and retained plain-language limits, consent and actual-practice requirements.",Independent learner-only run; actual learner/live evidence where claimed; qualified and owner acceptance. None fabricated.
19.09,Developmentally appropriate autonomy and discipline,editorial_followup_resolved,"Audits a shared-space boundary against unnecessary alphabetic-order preference, then adjusts two book-return opportunities to observed ability and fatigue.",docs/authoring/family-stewardship/19.09/learner-guide.md,"Moved catalog/compatibility status to the editorial archive and retained plain-language limits, consent and actual-practice requirements.",Independent learner-only run; actual learner/live evidence where claimed; qualified and owner acceptance. None fabricated.
19.10,"Education, formation, and modeling in family life",editorial_followup_resolved,"Integrates property care, honest damage reporting, regulated embarrassment, optional family custom and source checking into teaching followed by a supported retry.",docs/authoring/family-stewardship/19.10/learner-guide.md,"Second book: save a response before the later packet | Corrected learner-guide.md: Offer the second fictional book for a retry | Moved catalog/compatibility status to the editorial archive and retained plain-language limits, consent and actual-practice requirements.",Independent learner-only run; actual learner/live evidence where claimed; qualified and owner acceptance. None fabricated.
19.11,"Elder care, dementia, and later-life decision-making",editorial_followup_resolved,"Separates observed missed reminders, diagnosis, decision-specific capacity, legal powers and chosen support in a later-life planning case.",docs/authoring/family-stewardship/19.11/learner-guide.md,"Moved catalog/compatibility status to the editorial archive and retained plain-language limits, consent and actual-practice requirements.",Independent learner-only run; actual learner/live evidence where claimed; qualified and owner acceptance. None fabricated.
19.12,"Family labor, provision, and invisible work",editorial_followup_resolved,"Makes planning/monitoring and emotional/logistical work visible, then reviews a whole drinks-and-table transfer with resource autonomy and optional rework.",docs/authoring/family-stewardship/19.12/learner-guide.md,"Headcount, preferences, access and prices | Moved catalog/compatibility status to the editorial archive and retained plain-language limits, consent and actual-practice requirements.",Independent learner-only run; actual learner/live evidence where claimed; qualified and owner acceptance. None fabricated.
19.13,"Co-parenting, separation, and family restructuring",editorial_followup_resolved,"Protects dependent-person continuity through an authorized pickup, approved-collector limits, permitted adult channel and an existing delay fallback.",docs/authoring/family-stewardship/19.13/learner-guide.md,"Labeled repeated questions as consolidation rather than independent transfer. | Moved catalog/compatibility status to the editorial archive and retained plain-language limits, consent and actual-practice requirements.",Independent learner-only run; actual learner/live evidence where claimed; qualified and owner acceptance. None fabricated.
19.14,"Family ritual, heritage, and intergenerational continuity",editorial_followup_resolved,"Revises a spoon heritage activity to preserve patient attention while removing humiliating language, separating telling from recording and permitting alternate memories or opt-out.",docs/authoring/family-stewardship/19.14/learner-guide.md,"Corrected learner-guide.md: A short word in an older relative's language expresses patient at | Moved catalog/compatibility status to the editorial archive and retained plain-language limits, consent and actual-practice requirements. | RAE definitions include enduring difficulty, doing meticulous tasks and waiting; the supplied English gloss patience is appropriate to the fictional telling.",Independent learner-only run; actual learner/live evidence where claimed; qualified and owner acceptance. None fabricated.
19.15,"Caregiver limits, respite, and shared responsibility",editorial_followup_resolved,"Creates accepted competent respite coverage with start/handback acknowledgments and distinguishes scheduled time, actual coverage, optional monitoring and experienced relief.",docs/authoring/family-stewardship/19.15/learner-guide.md,"Labeled repeated questions as consolidation rather than independent transfer. | Moved catalog/compatibility status to the editorial archive and retained plain-language limits, consent and actual-practice requirements.",Independent learner-only run; actual learner/live evidence where claimed; qualified and owner acceptance. None fabricated.
20.01,Social interdependence,editorial_followup_resolved,Traces six dependencies behind a library loan and chooses a permitted reciprocal return/report rather than unauthorized repair or burdensome donation.,docs/authoring/civic-participation/20.01/learner-guide.md,"Moved catalog/compatibility status to the editorial archive and retained plain-language limits, consent and actual-practice requirements.",Independent learner-only run; actual learner/live evidence where claimed; qualified and owner acceptance. None fabricated.
20.02,Civic and governmental literacy,editorial_followup_resolved,"Maps operating, policy, budget, advisory, election-information and review functions in a fictional municipal service before routing narrow inquiries.",docs/authoring/civic-participation/20.02/learner-guide.md,"Moved catalog/compatibility status to the editorial archive and retained plain-language limits, consent and actual-practice requirements.",Independent learner-only run; actual learner/live evidence where claimed; qualified and owner acceptance. None fabricated.
20.03,"Rights, duties, law, and civil liberty",editorial_followup_resolved,"Tests rights consistency by swapping favored/disliked group labels while holding capacity/conduct fixed, then separates an authenticated threat requiring authorized review.",docs/authoring/civic-participation/20.03/learner-guide.md,"Moved catalog/compatibility status to the editorial archive and retained plain-language limits, consent and actual-practice requirements.",Independent learner-only run; actual learner/live evidence where claimed; qualified and owner acceptance. None fabricated.
20.04,"Justice, inequality, and social structure",editorial_followup_resolved,"Compares structural, logistical and individual mechanisms behind an attendance gap, with privacy-conscious evidence routes and a reversible access change.",docs/authoring/civic-participation/20.04/learner-guide.md,"Labeled repeated questions as consolidation rather than independent transfer. | Moved catalog/compatibility status to the editorial archive and retained plain-language limits, consent and actual-practice requirements.",Independent learner-only run; actual learner/live evidence where claimed; qualified and owner acceptance. None fabricated.
20.05,Engagement across difference,editorial_followup_resolved,Checks a competing offline-access view and co-produces matching paper/digital notice drafts while preserving disagreement about which format should lead.,docs/authoring/civic-participation/20.05/learner-guide.md,"Moved catalog/compatibility status to the editorial archive and retained plain-language limits, consent and actual-practice requirements.",Independent learner-only run; actual learner/live evidence where claimed; qualified and owner acceptance. None fabricated.
20.06,Service and volunteering,editorial_followup_resolved,"Delivers two explicitly requested notice units with complete templates/facts and reviews usable output, correction, time and coordinator burden.",docs/authoring/civic-participation/20.06/learner-guide.md,"Labeled repeated questions as consolidation rather than independent transfer. | Moved catalog/compatibility status to the editorial archive and retained plain-language limits, consent and actual-practice requirements.",Independent learner-only run; actual learner/live evidence where claimed; qualified and owner acceptance. None fabricated.
20.07,Helping without paternalism,editorial_followup_resolved,"Provides a specifically requested waiting-list explanation and accessible copy while leaving device, submission, choices and ongoing help with the recipient.",docs/authoring/civic-participation/20.07/learner-guide.md,"Corrected check-answers.md: In this case the explanation, accessible copy and located contact | Moved catalog/compatibility status to the editorial archive and retained plain-language limits, consent and actual-practice requirements.",Independent learner-only run; actual learner/live evidence where claimed; qualified and owner acceptance. None fabricated.
20.08,Collective action and organizing,editorial_followup_resolved,"Organizes a fully inventoried noticeboard task through accepted roles, exact removal authority, user trial/revision and separately accepted future maintenance.",docs/authoring/civic-participation/20.08/learner-guide.md,"Labeled repeated questions as consolidation rather than independent transfer. | Added a separately revealed, context-specific changed-case attempt and corrective answer. | Moved catalog/compatibility status to the editorial archive and retained plain-language limits, consent and actual-practice requirements.",Independent learner-only run; actual learner/live evidence where claimed; qualified and owner acceptance. None fabricated.
20.09,Public discourse and information responsibility,editorial_followup_resolved,"Traces a cropped closure claim through dependent reposts, a dated conditional plan and an operations reply, then separates correcting an error from updating a changed plan.",docs/authoring/civic-participation/20.09/learner-guide.md,"Labeled repeated questions as consolidation rather than independent transfer. | Added a separately revealed, context-specific changed-case attempt and corrective answer. | Moved catalog/compatibility status to the editorial archive and retained plain-language limits, consent and actual-practice requirements.",Independent learner-only run; actual learner/live evidence where claimed; qualified and owner acceptance. None fabricated.
20.10,Stewardship of commons and environment,editorial_followup_resolved,"Repairs a shared shelf's return instruction while preserving damage reporting, permitted scope and accepted future maintenance without ecological overclaims.",docs/authoring/civic-participation/20.10/learner-guide.md,"Inspectable shelf layout | Moved catalog/compatibility status to the editorial archive and retained plain-language limits, consent and actual-practice requirements.",Independent learner-only run; actual learner/live evidence where claimed; qualified and owner acceptance. None fabricated.
20.11,Pluralism and peaceful coexistence,editorial_followup_resolved,"Four reading-room cases separate ideological exclusion, scheduling conflict, inaccessible requests and harassment, then test an identity swap without erasing relevant needs.",docs/authoring/civic-participation/20.11/learner-guide.md,"Identified repeated questions as consolidation; retained the bounded later-transfer route. | Moved catalog/compatibility status to the editorial archive and retained plain-language limits, consent and actual-practice requirements.",Independent learner-only run; actual learner/live evidence where claimed; qualified and owner acceptance. None fabricated.
20.12,Institutional and media-system literacy,editorial_followup_resolved,"Institutional handoff trace distinguishes researcher, sponsor, newsroom, advocate, republisher and platform while retaining respondent denominators and unknown nonresponse.",docs/authoring/civic-participation/20.12/learner-guide.md,"Labeled repeated questions as consolidation rather than independent transfer. | Moved catalog/compatibility status to the editorial archive and retained plain-language limits, consent and actual-practice requirements.",Independent learner-only run; actual learner/live evidence where claimed; qualified and owner acceptance. None fabricated.
20.13,"Propaganda, polarization, and democratic resilience",editorial_followup_resolved,"Three invented posts isolate collective blame, disconfirmation immunity and leader/source closure, followed by an ordinary plumbing record and a private favored-label consistency test.",docs/authoring/civic-work-foundations/20.13/learner-guide.md,"Moved catalog/compatibility status to the editorial archive and retained plain-language limits, consent and actual-practice requirements. | Regression check caught a remaining normative-status enum; removed it while preserving voluntary role and participation limits.",Independent learner-only run; actual learner/live evidence where claimed; qualified and owner acceptance. None fabricated.
20.14,Nonviolent action and conflict transformation,editorial_followup_resolved,"An access-notice request compares negotiation, mediation, restorative practice and pressure methods, then separates refusal rehearsal from an incomplete text-plus-telephone offer.",docs/authoring/civic-work-foundations/20.14/learner-guide.md,"Moved catalog/compatibility status to the editorial archive and retained plain-language limits, consent and actual-practice requirements. | Regression check caught a remaining normative-status enum; removed it while preserving voluntary role and participation limits.",Independent learner-only run; actual learner/live evidence where claimed; qualified and owner acceptance. None fabricated.
20.15,Civil disobedience and principled lawbreaking,editorial_followup_resolved,"Contrasts a public equal-access protest claim with a convenience-driven secret booking breach, explicitly keeping legal status unknown.",docs/authoring/civic-work-foundations/20.15/learner-guide.md,"Added a separately revealed, context-specific changed-case attempt and corrective answer. | Moved catalog/compatibility status to the editorial archive and retained plain-language limits, consent and actual-practice requirements. | Regression check caught a remaining normative-status enum; removed it while preserving voluntary role and participation limits.",Independent learner-only run; actual learner/live evidence where claimed; qualified and owner acceptance. None fabricated.
20.16,Mutual aid and community resilience,editorial_followup_resolved,Reciprocal hours verification and a large-print route card distinguish network reciprocity from repayment; accepted backup is separated from future performance across six support areas.,docs/authoring/civic-work-foundations/20.16/learner-guide.md,"Moved catalog/compatibility status to the editorial archive and retained plain-language limits, consent and actual-practice requirements. | Regression check caught a remaining normative-status enum; removed it while preserving voluntary role and participation limits.",Independent learner-only run; actual learner/live evidence where claimed; qualified and owner acceptance. None fabricated.
20.17,Social insurance and shared risk,editorial_followup_resolved,"Uses a 100-member civic risk pool to compare proof requirements, access burdens and correlated needs without invented fraud rates.",docs/authoring/civic-work-foundations/20.17/learner-guide.md,"Labeled repeated questions as consolidation rather than independent transfer. | Moved catalog/compatibility status to the editorial archive and retained plain-language limits, consent and actual-practice requirements. | Regression check caught a remaining normative-status enum; removed it while preserving voluntary role and participation limits.",Independent learner-only run; actual learner/live evidence where claimed; qualified and owner acceptance. None fabricated.
20.18,Peacebuilding and reconciliation after collective harm,editorial_followup_resolved,"Three reconciliation proposals separate six functions, challenge compulsory testimony and expose a 40-versus-25 resource gap rather than selecting the fullest proposal automatically.",docs/authoring/civic-work-foundations/20.18/learner-guide.md,"Labeled repeated questions as consolidation rather than independent transfer. | Moved catalog/compatibility status to the editorial archive and retained plain-language limits, consent and actual-practice requirements. | Regression check caught a remaining normative-status enum; removed it while preserving voluntary role and participation limits.",Independent learner-only run; actual learner/live evidence where claimed; qualified and owner acceptance. None fabricated.
21.01,Work worth doing,editorial_followup_resolved,"Eight work criteria compare a prestigious role, documentation work, staying and an unapproved redesign against income and hours constraints.",docs/authoring/civic-work-foundations/21.01/learner-guide.md,"Moved catalog/compatibility status to the editorial archive and retained plain-language limits, consent and actual-practice requirements. | Regression check caught a remaining normative-status enum; removed it while preserving voluntary role and participation limits.",Independent learner-only run; actual learner/live evidence where claimed; qualified and owner acceptance. None fabricated.
21.02,Professional reliability,editorial_followup_resolved,"An agenda handoff distinguishes checkpoint, accepted planning-only version, late complete version, delivery, recipient acceptance and effort versus elapsed waiting.",docs/authoring/civic-work-foundations/21.02/learner-guide.md,"Labeled repeated questions as consolidation rather than independent transfer. | Moved catalog/compatibility status to the editorial archive and retained plain-language limits, consent and actual-practice requirements. | Regression check caught a remaining normative-status enum; removed it while preserving voluntary role and participation limits.",Independent learner-only run; actual learner/live evidence where claimed; qualified and owner acceptance. None fabricated.
21.03,Foundational craft competence,reviewed_no_edit_required,"Supplies three complete event briefs, five factual and two usability criteria, matching keys, a changed-contact retest and a wrong-date challenge.",docs/authoring/exercises/21.yaml,Baseline material retained; no new editorial defect identified.,Independent learner-only run; actual learner/live evidence where claimed; qualified and owner acceptance. None fabricated.
21.04,Deliberate mastery and expertise,editorial_followup_resolved,"A borrowing rule isolates damaged-item routing, then shows an integration regression that drops logging despite successful component practice.",docs/authoring/civic-work-foundations/21.04/learner-guide.md,"How to use the supplied outcomes | Added a separately revealed, context-specific changed-case attempt and corrective answer. | Moved catalog/compatibility status to the editorial archive and retained plain-language limits, consent and actual-practice requirements. | Regression check caught a remaining normative-status enum; removed it while preserving voluntary role and participation limits.",Independent learner-only run; actual learner/live evidence where claimed; qualified and owner acceptance. None fabricated.
21.05,"Quality, craftsmanship, and reputation",editorial_followup_resolved,"A complete 4-by-4 paper-room specification makes setup, clear route, missing-token handling and restoration independently checkable and contrasts useful finish with decoration.",docs/authoring/civic-work-foundations/21.05/learner-guide.md,"Moved catalog/compatibility status to the editorial archive and retained plain-language limits, consent and actual-practice requirements. | Regression check caught a remaining normative-status enum; removed it while preserving voluntary role and participation limits.",Independent learner-only run; actual learner/live evidence where claimed; qualified and owner acceptance. None fabricated.
21.06,"Customer, stakeholder, and user understanding",editorial_followup_resolved,"Invitation usability tests separate praise from entrance choice, derive a need from owner facts and vary the second event's date and times.",docs/authoring/civic-work-foundations/21.06/learner-guide.md,"Moved catalog/compatibility status to the editorial archive and retained plain-language limits, consent and actual-practice requirements. | Regression check caught a remaining normative-status enum; removed it while preserving voluntary role and participation limits.",Independent learner-only run; actual learner/live evidence where claimed; qualified and owner acceptance. None fabricated.
21.07,Systems and organizational awareness,editorial_followup_resolved,"Three notice versions expose the difference between recency and version-bound approval, constrained by an approver window and receiver-confirmed handoff needs.",docs/authoring/civic-work-foundations/21.07/learner-guide.md,"Labeled repeated questions as consolidation rather than independent transfer. | Moved catalog/compatibility status to the editorial archive and retained plain-language limits, consent and actual-practice requirements. | Regression check caught a remaining normative-status enum; removed it while preserving voluntary role and participation limits.",Independent learner-only run; actual learner/live evidence where claimed; qualified and owner acceptance. None fabricated.
21.08,Project delivery,editorial_followup_resolved,"A five-question newcomer guide separates requirements, verification, reader use and version-specific acceptance, with an access dependency and editable-source maintenance handover.",docs/authoring/work-delivery-voice/21.08/learner-guide.md,"Moved catalog/compatibility status to the editorial archive and retained plain-language limits, consent and actual-practice requirements.",Independent learner-only run; actual learner/live evidence where claimed; qualified and owner acceptance. None fabricated.
21.09,Collaboration and team contribution,editorial_followup_resolved,"A team invitation tests whether 17:50 arrival and 18:00 start are really inconsistent, then asks for a corrected accusation, usable handoff and accurate credit.",docs/authoring/work-delivery-voice/21.09/learner-guide.md,"Moved catalog/compatibility status to the editorial archive and retained plain-language limits, consent and actual-practice requirements.",Independent learner-only run; actual learner/live evidence where claimed; qualified and owner acceptance. None fabricated.
21.10,Innovation and improvement,editorial_followup_resolved,"Four file sets compare label/marker changes with baseline correctness and content openings, deliberately retaining a stale-marker failure and upkeep burden.",docs/authoring/work-delivery-voice/21.10/learner-guide.md,"Moved catalog/compatibility status to the editorial archive and retained plain-language limits, consent and actual-practice requirements.",Independent learner-only run; actual learner/live evidence where claimed; qualified and owner acceptance. None fabricated.
21.11,Career adaptability and marketable capability,editorial_followup_resolved,Conflicting fictional market signals lead to a reproducible inventory handoff rather than an assumed tool purchase; reserved stock is distinguished from on-hand stock.,docs/authoring/work-delivery-voice/21.11/learner-guide.md,"Save both attempts before the combined answer packet | Moved catalog/compatibility status to the editorial archive and retained plain-language limits, consent and actual-practice requirements.",Independent learner-only run; actual learner/live evidence where claimed; qualified and owner acceptance. None fabricated.
21.12,Meaningful contribution and service through work,editorial_followup_resolved,"A contribution chain follows a schedule update through current-version interpretation to bounded recipient benefit, with wider ethical effects explicitly unresolved.",docs/authoring/work-delivery-voice/21.12/learner-guide.md,"Moved catalog/compatibility status to the editorial archive and retained plain-language limits, consent and actual-practice requirements.",Independent learner-only run; actual learner/live evidence where claimed; qualified and owner acceptance. None fabricated.
21.13,"Documentation, maintainability, and professional legacy",editorial_followup_resolved,"A successor handover includes source authority, format rationale, rejected alternative, missing-room recovery and maintenance triggers, with N1/N2 requiring different room decisions.",docs/authoring/work-delivery-voice/21.13/learner-guide.md,"How to use the supplied outcomes | Added a separately revealed, context-specific changed-case attempt and corrective answer. | Moved catalog/compatibility status to the editorial archive and retained plain-language limits, consent and actual-practice requirements.",Independent learner-only run; actual learner/live evidence where claimed; qualified and owner acceptance. None fabricated.
21.14,"Efficiency, thoroughness, and quality tradeoffs",editorial_followup_resolved,"Three consequence levels distinguish a disposable brainstorm, reusable guide and unperformable hazardous-equipment instruction, with a missing entrance held beyond a timer.",docs/authoring/work-delivery-voice/21.14/learner-guide.md,"Moved catalog/compatibility status to the editorial archive and retained plain-language limits, consent and actual-practice requirements.",Independent learner-only run; actual learner/live evidence where claimed; qualified and owner acceptance. None fabricated.
21.15,Worker rights and employment law literacy,editorial_followup_resolved,"A preparation-time inquiry separately maps eight employment issues, unknown jurisdiction/classification and inquiry versus formal filing, then narrows the record discrepancy.",docs/authoring/work-delivery-voice/21.15/learner-guide.md,"Moved catalog/compatibility status to the editorial archive and retained plain-language limits, consent and actual-practice requirements.",Independent learner-only run; actual learner/live evidence where claimed; qualified and owner acceptance. None fabricated.
21.16,"Power asymmetry, exploitation, and precarity",editorial_followup_resolved,"Contrasting busy-period and housing-dependent arrangements separates task difficulty from coercive leverage, then removes an invented accommodation resource from an exit plan.",docs/authoring/work-delivery-voice/21.16/learner-guide.md,"Moved catalog/compatibility status to the editorial archive and retained plain-language limits, consent and actual-practice requirements.",Independent learner-only run; actual learner/live evidence where claimed; qualified and owner acceptance. None fabricated.
21.17,"Collective bargaining, unions, and worker voice",editorial_followup_resolved,"Four worker-voice routes compare mandate, governance, burden and coverage before a municipal-sector update invalidates the assumed private-sector route.",docs/authoring/work-delivery-voice/21.17/learner-guide.md,"Moved catalog/compatibility status to the editorial archive and retained plain-language limits, consent and actual-practice requirements.",Independent learner-only run; actual learner/live evidence where claimed; qualified and owner acceptance. None fabricated.
21.18,Inclusive and accessible work,editorial_followup_resolved,"A volunteer information task holds five factual categories and one clarification constant while separating live-speed assumptions, an account-access blockage and an authorized paper route.",docs/authoring/work-delivery-voice/21.18/learner-guide.md,"How to use the supplied outcomes | Added a separately revealed, context-specific changed-case attempt and corrective answer. | Moved catalog/compatibility status to the editorial archive and retained plain-language limits, consent and actual-practice requirements.",Independent learner-only run; actual learner/live evidence where claimed; qualified and owner acceptance. None fabricated.
21.19,"Work boundaries, rest, and freedom from total identity",editorial_followup_resolved,"A nonurgent formatting request is renegotiated against actual work hours, accepted urgent coverage and a chosen drawing interval, then checked against interruptions and next-day delivery.",docs/authoring/work-delivery-voice/21.19/learner-guide.md,"Labeled repeated questions as consolidation rather than independent transfer. | Moved catalog/compatibility status to the editorial archive and retained plain-language limits, consent and actual-practice requirements.",Independent learner-only run; actual learner/live evidence where claimed; qualified and owner acceptance. None fabricated.
22.01,Self-leadership and credibility,editorial_followup_resolved,"A chair must meet the same source/status standard as colleagues, repair both a defensive response and two inaccurate plan copies, then reconcile a missed promise.",docs/authoring/leadership-foundations/22.01/learner-guide.md,"Moved catalog/compatibility status to the editorial archive and retained plain-language limits, consent and actual-practice requirements.",Independent learner-only run; actual learner/live evidence where claimed; qualified and owner acceptance. None fabricated.
22.02,"Direction, vision, and priorities",editorial_followup_resolved,"A concrete newcomer destination is translated into costed priorities and non-priorities, then revised when an owner accepts only a narrower five-minute task.",docs/authoring/leadership-foundations/22.02/learner-guide.md,"Moved catalog/compatibility status to the editorial archive and retained plain-language limits, consent and actual-practice requirements.",Independent learner-only run; actual learner/live evidence where claimed; qualified and owner acceptance. None fabricated.
22.03,Authority and ethical use of power,editorial_followup_resolved,"A demonstration-slot decision maps formal selection, rota/reference leverage, friendship, recusal, private willingness and an access-to-opportunity tie-break.",docs/authoring/leadership-foundations/22.03/learner-guide.md,"Moved catalog/compatibility status to the editorial archive and retained plain-language limits, consent and actual-practice requirements.",Independent learner-only run; actual learner/live evidence where claimed; qualified and owner acceptance. None fabricated.
22.04,Decision-making under responsibility,editorial_followup_resolved,"A room choice combines approved capacities, costs, differentiated expertise, recorded dissent and a time-limited reversible booking with a later attendance change.",docs/authoring/leadership-foundations/22.04/learner-guide.md,"Moved catalog/compatibility status to the editorial archive and retained plain-language limits, consent and actual-practice requirements.",Independent learner-only run; actual learner/live evidence where claimed; qualified and owner acceptance. None fabricated.
22.05,Delegation and empowerment,editorial_followup_resolved,"An accepted agenda delegation gives Jo discretionary wording/order/timing within five topic minima, a sequence rule, a checkpoint and an escalation boundary.",docs/authoring/leadership-foundations/22.05/learner-guide.md,"Moved catalog/compatibility status to the editorial archive and retained plain-language limits, consent and actual-practice requirements.",Independent learner-only run; actual learner/live evidence where claimed; qualified and owner acceptance. None fabricated.
22.06,"Coaching, mentorship, and development",editorial_followup_resolved,"Coaching uses a contradictory-time draft, a separate room-change model and a new reminder under seven fixed checks, distinguishing checklist support from dictated answers.",docs/authoring/leadership-foundations/22.06/learner-guide.md,"Moved catalog/compatibility status to the editorial archive and retained plain-language limits, consent and actual-practice requirements.",Independent learner-only run; actual learner/live evidence where claimed; qualified and owner acceptance. None fabricated.
22.07,Accountability and standards,editorial_followup_resolved,"A wrong-time notice is traced through the writer's documented source and a manager's conflicting current labels, then repaired by separate owners under stable standards.",docs/authoring/leadership-foundations/22.07/learner-guide.md,"Moved catalog/compatibility status to the editorial archive and retained plain-language limits, consent and actual-practice requirements.",Independent learner-only run; actual learner/live evidence where claimed; qualified and owner acceptance. None fabricated.
22.08,"Conflict, dissent, and psychological safety",editorial_followup_resolved,"A private access concern, a disparaging remark and unexplained silence receive separate dispositions, with a time-bounded venue check and unattributed update.",docs/authoring/leadership-foundations/22.08/learner-guide.md,"Moved catalog/compatibility status to the editorial archive and retained plain-language limits, consent and actual-practice requirements.",Independent learner-only run; actual learner/live evidence where claimed; qualified and owner acceptance. None fabricated.
22.09,Culture and institutional design,editorial_followup_resolved,"A seven-part institutional map connects stated candor with green-status praise, information bottlenecks, selection, progression and consequences, then tests an unintended report-count incentive.",docs/authoring/leadership-foundations/22.09/learner-guide.md,"Moved catalog/compatibility status to the editorial archive and retained plain-language limits, consent and actual-practice requirements.",Independent learner-only run; actual learner/live evidence where claimed; qualified and owner acceptance. None fabricated.
22.10,Organizational politics and stakeholder navigation,editorial_followup_resolved,"A later-meeting proposal distinguishes formal scheduling/room powers from informal influence, corrects an unsupported coalition claim and negotiates an accepted clearance dependency.",docs/authoring/leadership-foundations/22.10/learner-guide.md,"Moved catalog/compatibility status to the editorial archive and retained plain-language limits, consent and actual-practice requirements.",Independent learner-only run; actual learner/live evidence where claimed; qualified and owner acceptance. None fabricated.
22.11,Crisis leadership,editorial_followup_resolved,"An announced venue-loss tabletop separates site authority, unverified cause, accepted communication/status/alternative owners, a decision deadline and acknowledgment follow-up.",docs/authoring/leadership-foundations/22.11/learner-guide.md,"Moved catalog/compatibility status to the editorial archive and retained plain-language limits, consent and actual-practice requirements.",Independent learner-only run; actual learner/live evidence where claimed; qualified and owner acceptance. None fabricated.
22.12,Succession and institutional stewardship,editorial_followup_resolved,"Succession combines appointment, backup, shared records, governance rationale and a two-current-approvals spending exception, while exposing residual notice-channel dependence.",docs/authoring/leadership-foundations/22.12/learner-guide.md,"Moved catalog/compatibility status to the editorial archive and retained plain-language limits, consent and actual-practice requirements.",Independent learner-only run; actual learner/live evidence where claimed; qualified and owner acceptance. None fabricated.
22.13,Anti-corruption and conflicts of interest,editorial_followup_resolved,"A procurement file separates supplier eligibility from selector conflicts, personal voucher from organizational discount and recommendation from independent approval/delivery verification.",docs/authoring/governance-finance/22.13/learner-guide.md,"Moved catalog/compatibility status to the editorial archive and retained plain-language limits, consent and actual-practice requirements.",Independent learner-only run; actual learner/live evidence where claimed; qualified and owner acceptance. None fabricated.
22.14,Institutional capture and concentrated power,editorial_followup_resolved,"Three institutional cases distinguish funding/agenda control, information monopoly and appointment/appeal capture, with different authorities and pressure costs.",docs/authoring/governance-finance/22.14/learner-guide.md,"Moved catalog/compatibility status to the editorial archive and retained plain-language limits, consent and actual-practice requirements.",Independent learner-only run; actual learner/live evidence where claimed; qualified and owner acceptance. None fabricated.
22.15,Whistleblowing and protected dissent,editorial_followup_resolved,"A sign-off discrepancy is split into authorized observation, unsupported secondhand suspicion and inference, with conflict-aware intake, absence fallback and unresolved technical authority.",docs/authoring/governance-finance/22.15/learner-guide.md,"Moved catalog/compatibility status to the editorial archive and retained plain-language limits, consent and actual-practice requirements.",Independent learner-only run; actual learner/live evidence where claimed; qualified and owner acceptance. None fabricated.
22.16,"Governance, checks, and accountable authority",editorial_followup_resolved,"A room-allocation appeal combines published eligibility, earlier submission, independent corrective authority, recusal, appointed substitutes, prospective rule changes and oversight.",docs/authoring/governance-finance/22.16/learner-guide.md,"Moved catalog/compatibility status to the editorial archive and retained plain-language limits, consent and actual-practice requirements.",Independent learner-only run; actual learner/live evidence where claimed; qualified and owner acceptance. None fabricated.
22.17,Abuse response and institutional repair,editorial_followup_resolved,"Conduct and duplicate-receipt reports require different qualified routes while separating protection, determination, remedy and structural monitoring.",docs/authoring/governance-finance/22.17/learner-guide.md,"Moved catalog/compatibility status to the editorial archive and retained plain-language limits, consent and actual-practice requirements.",Independent learner-only run; actual learner/live evidence where claimed; qualified and owner acceptance. None fabricated.
23.01,Personal financial literacy,editorial_followup_resolved,"Stock-flow literacy combines gross/net pay, opening/closing cash, unresolved debt allocation, independent toy interest/inflation and opportunity-cost choices.",docs/authoring/governance-finance/23.01/learner-guide.md,"Moved catalog/compatibility status to the editorial archive and retained plain-language limits, consent and actual-practice requirements.",Independent learner-only run; actual learner/live evidence where claimed; qualified and owner acceptance. None fabricated.
23.02,Budgeting and cash-flow control,editorial_followup_resolved,"Two dated cash calendars show why positive month-end cash does not repair an earlier shortfall, with an explicitly agreed rent split and separate savings pots.",docs/authoring/governance-finance/23.02/learner-guide.md,"Moved catalog/compatibility status to the editorial archive and retained plain-language limits, consent and actual-practice requirements.",Independent learner-only run; actual learner/live evidence where claimed; qualified and owner acceptance. None fabricated.
23.03,Emergency reserves and liquidity,editorial_followup_resolved,"Two disruption targets distinguish funded balance, immediate liquidity and tested access through a deliberately incomplete two-business-day disclosure.",docs/authoring/governance-finance/23.03/learner-guide.md,"Corrected later-packet.md: One contribution, one missed capacity check | Moved catalog/compatibility status to the editorial archive and retained plain-language limits, consent and actual-practice requirements.",Independent learner-only run; actual learner/live evidence where claimed; qualified and owner acceptance. None fabricated.
23.04,Debt and credit,editorial_followup_resolved,"Balloon-loan cards compare nominal interest with full fees, then stress an exit funded by monthly saving and separately add collateral risk.",docs/authoring/governance-finance/23.04/learner-guide.md,"Moved catalog/compatibility status to the editorial archive and retained plain-language limits, consent and actual-practice requirements.",Independent learner-only run; actual learner/live evidence where claimed; qualified and owner acceptance. None fabricated.
23.05,"Saving, investing, and retirement",editorial_followup_resolved,"Two goal policies distinguish loss capacity from willingness, identical underlying holdings from fund-label count, gross costs from net compounding and account from asset.",docs/authoring/governance-finance/23.05/learner-guide.md,"Moved catalog/compatibility status to the editorial archive and retained plain-language limits, consent and actual-practice requirements.",Independent learner-only run; actual learner/live evidence where claimed; qualified and owner acceptance. None fabricated.
23.06,"Insurance, estate, and dependent protection",editorial_followup_resolved,"A living-absence continuity map separates trusted contact, locator access, financial agency, beneficiary, will, coverage and dependent-care authority.",docs/authoring/governance-finance/23.06/learner-guide.md,"Moved catalog/compatibility status to the editorial archive and retained plain-language limits, consent and actual-practice requirements.",Independent learner-only run; actual learner/live evidence where claimed; qualified and owner acceptance. None fabricated.
23.07,"Consumption, status, and enoughness",editorial_followup_resolved,"A safe chair comparison distinguishes observed function/comfort, valued appearance and untested status prediction, with four full-cost options and a preselected pause.",docs/authoring/governance-finance/23.07/learner-guide.md,"Moved catalog/compatibility status to the editorial archive and retained plain-language limits, consent and actual-practice requirements.",Independent learner-only run; actual learner/live evidence where claimed; qualified and owner acceptance. None fabricated.
23.08,Generosity and responsible provision,editorial_followup_resolved,"A requested private cash-flow explanation treats knowledge as a bounded gift with verified access, preparation burden, accepted terms and no reciprocal monitoring demand.",docs/authoring/stewardship-enterprise/23.08/learner-guide.md,"Moved catalog/compatibility status to the editorial archive and retained plain-language limits, consent and actual-practice requirements.",Independent learner-only run; actual learner/live evidence where claimed; qualified and owner acceptance. None fabricated.
23.09,Family and intergenerational stewardship,editorial_followup_resolved,"A600-unit family allocation separates resource ownership, conditional course support, elder-chosen transport, shared-asset permission and a separate60-unit teaching pot.",docs/authoring/stewardship-enterprise/23.09/learner-guide.md,"Moved catalog/compatibility status to the editorial archive and retained plain-language limits, consent and actual-practice requirements.",Independent learner-only run; actual learner/live evidence where claimed; qualified and owner acceptance. None fabricated.
23.10,Material and ecological stewardship,editorial_followup_resolved,"A six-stage lifecycle map is tied to an owned wipe-clean bag's specific manufacturer instructions, then tests care burden, storage consent and later reuse friction.",docs/authoring/stewardship-enterprise/23.10/learner-guide.md,"Corrected later-packet.md: On the next trip it was left in its drying place and forgotten. | Corrected later-packet.md: Total recorded active effort across the two entries is **12 minut | Moved catalog/compatibility status to the editorial archive and retained plain-language limits, consent and actual-practice requirements.",Independent learner-only run; actual learner/live evidence where claimed; qualified and owner acceptance. None fabricated.
23.11,"Financial hardship, poverty, and constrained choice",editorial_followup_resolved,"An essentials-only deficit is combined with dated housing pressure, disability/care needs and a specific official assistance inquiry, then updated for an actual fictional gift and a separate deferral.",docs/authoring/stewardship-enterprise/23.11/learner-guide.md,"Moved catalog/compatibility status to the editorial archive and retained plain-language limits, consent and actual-practice requirements.",Independent learner-only run; actual learner/live evidence where claimed; qualified and owner acceptance. None fabricated.
23.12,Financial relationships and shared money,editorial_followup_resolved,"Two contribution principles are combined with privacy boundaries, category-level delegation, prior exception approval and a later income shock that can raise the unchanged earner's burden.",docs/authoring/stewardship-enterprise/23.12/learner-guide.md,"Moved catalog/compatibility status to the editorial archive and retained plain-language limits, consent and actual-practice requirements.",Independent learner-only run; actual learner/live evidence where claimed; qualified and owner acceptance. None fabricated.
24.01,"Income, negotiation, and career economics",editorial_followup_resolved,"A compensation brief links bounded handoff outcomes to a budget-tracking skill gap, contrasting public occupational duties with fictional pay/hour/transport tradeoffs.",docs/authoring/stewardship-enterprise/24.01/learner-guide.md,"Moved catalog/compatibility status to the editorial archive and retained plain-language limits, consent and actual-practice requirements.",Independent learner-only run; actual learner/live evidence where claimed; qualified and owner acceptance. None fabricated.
24.02,Entrepreneurship and value creation,editorial_followup_resolved,"A five-field visitor guide compares actual task success with organizer burden and provider effort, retaining an initial wrong-entrance response and a different-reader retry.",docs/authoring/stewardship-enterprise/24.02/learner-guide.md,"Moved catalog/compatibility status to the editorial archive and retained plain-language limits, consent and actual-practice requirements.",Independent learner-only run; actual learner/live evidence where claimed; qualified and owner acceptance. None fabricated.
24.03,"Business, markets, and economics",editorial_followup_resolved,"Four delivered notices connect market substitutes and operating stages with revenue, profit, receipts, cash, receivables and conditional macroeconomic channels.",docs/authoring/stewardship-enterprise/24.03/learner-guide.md,"Corrected check-prompts.md: with opening cash 50 and all costs paid now | Corrected check-prompts.md: What are profit and closing cash? | Moved catalog/compatibility status to the editorial archive and retained plain-language limits, consent and actual-practice requirements.",Independent learner-only run; actual learner/live evidence where claimed; qualified and owner acceptance. None fabricated.
24.04,Customer discovery and problem validation,editorial_followup_resolved,"Three contrasting discovery records cover recent behavior, workaround, cost, frequency and buyer authority, including a satisfactory substitute and an approval problem that disconfirm the broad app idea.",docs/authoring/stewardship-enterprise/24.04/learner-guide.md,"Moved catalog/compatibility status to the editorial archive and retained plain-language limits, consent and actual-practice requirements.",Independent learner-only run; actual learner/live evidence where claimed; qualified and owner acceptance. None fabricated.
24.05,"Business models, pricing, and unit economics",editorial_followup_resolved,"Unit economics distinguishes per-pack contribution, acquisition per new customer, capacity-limited break-even, dated cash funding and an explicitly loss-making bounded pilot.",docs/authoring/stewardship-enterprise/24.05/learner-guide.md,"Moved catalog/compatibility status to the editorial archive and retained plain-language limits, consent and actual-practice requirements.",Independent learner-only run; actual learner/live evidence where claimed; qualified and owner acceptance. None fabricated.
24.06,"Operations, accounting, and compliance",editorial_followup_resolved,"A synthetic order packet binds source history, explicit v2 approval, quality check, delivery, invoice and unpaid status to distinct roles, then exposes an ambiguous index.",docs/authoring/stewardship-enterprise/24.06/learner-guide.md,"Moved catalog/compatibility status to the editorial archive and retained plain-language limits, consent and actual-practice requirements.",Independent learner-only run; actual learner/live evidence where claimed; qualified and owner acceptance. None fabricated.
24.07,"Competition, monopoly, and market power",editorial_followup_resolved,"Three booking services distinguish quality, two-sided network value and export/exclusivity restrictions, with a privacy-defective remedy later failing time-zone usability.",docs/authoring/stewardship-enterprise/24.07/learner-guide.md,"Moved catalog/compatibility status to the editorial archive and retained plain-language limits, consent and actual-practice requirements.",Independent learner-only run; actual learner/live evidence where claimed; qualified and owner acceptance. None fabricated.
24.08,Externalities and full-cost accounting,editorial_followup_resolved,"A meeting full-cost account separates included closing service from additional sorting, maps six affected groups and compares consented remedies without inventing carbon values.",docs/authoring/economics-creative/24.08/learner-guide.md,"Moved catalog/compatibility status to the editorial archive and retained plain-language limits, consent and actual-practice requirements.",Independent learner-only run; actual learner/live evidence where claimed; qualified and owner acceptance. None fabricated.
24.09,Macroeconomics and economic cycles,editorial_followup_resolved,"A fictional macroeconomy separates basket inflation, unemployment denominator, sector output/productivity and exact household purchasing power, then compares policy mechanisms under supply strain.",docs/authoring/economics-creative/24.09/learner-guide.md,"Moved catalog/compatibility status to the editorial archive and retained plain-language limits, consent and actual-practice requirements.",Independent learner-only run; actual learner/live evidence where claimed; qualified and owner acceptance. None fabricated.
24.10,"Public finance, taxation, and redistribution",editorial_followup_resolved,"A tax-base sensitivity and separate seller/buyer incidence example compare full and phased public services, including staffed access and omitted future maintenance.",docs/authoring/economics-creative/24.10/learner-guide.md,"Moved catalog/compatibility status to the editorial archive and retained plain-language limits, consent and actual-practice requirements.",Independent learner-only run; actual learner/live evidence where claimed; qualified and owner acceptance. None fabricated.
24.11,Social insurance and welfare-state design,editorial_followup_resolved,"Uses a 200-participant unemployment pool with administration costs, three funding/eligibility designs and an applicant’s staged access journey.",docs/authoring/economics-creative/24.11/learner-guide.md,"Moved catalog/compatibility status to the editorial archive and retained plain-language limits, consent and actual-practice requirements.",Independent learner-only run; actual learner/live evidence where claimed; qualified and owner acceptance. None fabricated.
24.12,"Ownership, governance, and alternative enterprise forms",editorial_followup_resolved,"Seven enterprise forms are compared across capital and rights, then cooperative/nonprofit rule cards face a mission-conflicting funder and a fee-cut deficit.",docs/authoring/economics-creative/24.12/learner-guide.md,"Moved catalog/compatibility status to the editorial archive and retained plain-language limits, consent and actual-practice requirements.",Independent learner-only run; actual learner/live evidence where claimed; qualified and owner acceptance. None fabricated.
24.13,Responsible innovation and technological change,editorial_followup_resolved,"A reminder-tool review maps seven effect areas, applies a pre-release stop gate to invented time and obsolete room, and counts full review/repair effort against manual work.",docs/authoring/economics-creative/24.13/learner-guide.md,"Moved catalog/compatibility status to the editorial archive and retained plain-language limits, consent and actual-practice requirements.",Independent learner-only run; actual learner/live evidence where claimed; qualified and owner acceptance. None fabricated.
24.14,"Global trade, development, and supply chains",editorial_followup_resolved,"Opportunity-cost gains are explicitly calculated before a separate supply-chain analysis assigns currency, rejection, delay and bargaining risks across seven stages.",docs/authoring/economics-creative/24.14/learner-guide.md,"Moved catalog/compatibility status to the editorial archive and retained plain-language limits, consent and actual-practice requirements.",Independent learner-only run; actual learner/live evidence where claimed; qualified and owner acceptance. None fabricated.
25.01,Regular creative production,editorial_followup_resolved,Three complete six-sentence missing-object scenes vary viewpoint/setting/mood and pair artifacts with an interrupted making schedule and a specific next-session adjustment.,docs/authoring/economics-creative/25.01/learner-guide.md,"Moved catalog/compatibility status to the editorial archive and retained plain-language limits, consent and actual-practice requirements.",Independent learner-only run; actual learner/live evidence where claimed; qualified and owner acceptance. None fabricated.
25.02,Observation and imagination,editorial_followup_resolved,"Eight tagged details from a complete cup description drive three relational transformations, a failed noun-swap revision and a six-sentence miniature changed by a later spatial fact.",docs/authoring/economics-creative/25.02/learner-guide.md,"Moved catalog/compatibility status to the editorial archive and retained plain-language limits, consent and actual-practice requirements.",Independent learner-only run; actual learner/live evidence where claimed; qualified and owner acceptance. None fabricated.
25.03,Aesthetic literacy and taste,editorial_followup_resolved,"Three original departure sentences are compared across specificity, rhythm, implied action, ambiguity and purpose, then reevaluated as factual instructions and revised without copying the favored mechanism.",docs/authoring/economics-creative/25.03/learner-guide.md,"Moved catalog/compatibility status to the editorial archive and retained plain-language limits, consent and actual-practice requirements.",Independent learner-only run; actual learner/live evidence where claimed; qualified and owner acceptance. None fabricated.
25.04,Medium and technique,editorial_followup_resolved,"Six stable words support statement/question/pause variants, three controlled notation passes and the same four-turn exchange in written and performance-script forms.",docs/authoring/economics-creative/25.04/learner-guide.md,"Moved catalog/compatibility status to the editorial archive and retained plain-language limits, consent and actual-practice requirements.",Independent learner-only run; actual learner/live evidence where claimed; qualified and owner acceptance. None fabricated.
25.05,Originality through synthesis,editorial_followup_resolved,"An eight-line invitation integrates two-beat pacing, notice logistics and a welcoming-light image, revising literal knock wording that could mislead entrants.",docs/authoring/economics-creative/25.05/learner-guide.md,"Moved catalog/compatibility status to the editorial archive and retained plain-language limits, consent and actual-practice requirements.",Independent learner-only run; actual learner/live evidence where claimed; qualified and owner acceptance. None fabricated.
25.06,Creative courage and experimentation,editorial_followup_resolved,"Three complete umbrella stories test reverse chronology, dialogue-only and object viewpoint, then a single-actor reference repair preserves a failed original and incomplete curiosity effect.",docs/authoring/creative-culture-leisure/25.06/learner-guide.md,"Moved catalog/compatibility status to the editorial archive and retained plain-language limits, consent and actual-practice requirements.",Independent learner-only run; actual learner/live evidence where claimed; qualified and owner acceptance. None fabricated.
25.07,"Revision, finishing, and publication",editorial_followup_resolved,"A complete lost-mitten scene has saved meaning and proofreading versions, four completion criteria, consented private release and a delayed mixed response followed by deliberate closure.",docs/authoring/creative-culture-leisure/25.07/learner-guide.md,"Moved catalog/compatibility status to the editorial archive and retained plain-language limits, consent and actual-practice requirements.",Independent learner-only run; actual learner/live evidence where claimed; qualified and owner acceptance. None fabricated.
25.08,Creative collaboration,editorial_followup_resolved,"A six-line invitation gives two makers substantive influence, swapped roles, contrasting endings, corrected credit and private-use limits tested by an unagreed edit/public proposal.",docs/authoring/creative-culture-leisure/25.08/learner-guide.md,"Moved catalog/compatibility status to the editorial archive and retained plain-language limits, consent and actual-practice requirements.",Independent learner-only run; actual learner/live evidence where claimed; qualified and owner acceptance. None fabricated.
25.09,"Art as truth, memory, and moral imagination",editorial_followup_resolved,"Two complete perspective cards and a sub300-word scene hold memory and independent access in tension through a movable sign, contrasted with a direct explanation.",docs/authoring/creative-culture-leisure/25.09/learner-guide.md,"Moved catalog/compatibility status to the editorial archive and retained plain-language limits, consent and actual-practice requirements.",Independent learner-only run; actual learner/live evidence where claimed; qualified and owner acceptance. None fabricated.
25.10,Cultural and historical literacy,editorial_followup_resolved,"Two exact museum objects are studied through explicitly text-mediated details, contrasting print collaboration and pigment exchange with painting versions and correcting a stereotyped causal caption.",docs/authoring/creative-culture-leisure/25.10/learner-guide.md,"Route beyond the two visual works | Moved catalog/compatibility status to the editorial archive and retained plain-language limits, consent and actual-practice requirements.",Independent learner-only run; actual learner/live evidence where claimed; qualified and owner acceptance. None fabricated.
25.11,Personal style and aesthetic environment,editorial_followup_resolved,"A reading-surface arrangement balances clear-use zone, meaningful keepsake, repeated shapes, left-hand reach and hospitality across two supplied use checks.",docs/authoring/creative-culture-leisure/25.11/learner-guide.md,"Moved catalog/compatibility status to the editorial archive and retained plain-language limits, consent and actual-practice requirements.",Independent learner-only run; actual learner/live evidence where claimed; qualified and owner acceptance. None fabricated.
25.12,Communal craft and tradition-bearing,editorial_followup_resolved,"A complete accordion-fan sequence combines eight panels/seven alternating creases with a fictional teaching line, two distinct technique failures and permission-specific transmission.",docs/authoring/creative-culture-leisure/25.12/learner-guide.md,"Corrected learner-guide.md: spare paper | Moved catalog/compatibility status to the editorial archive and retained plain-language limits, consent and actual-practice requirements.",Independent learner-only run; actual learner/live evidence where claimed; qualified and owner acceptance. None fabricated.
25.13,"Cultural appropriation, exchange, and attribution",editorial_followup_resolved,"Five distinct permitted uses are compared across a bounded workshop invitation, an unverified ceremony clip and unsupported commercial endorsement, with authority, benefit and representation kept separate.",docs/authoring/creative-culture-leisure/25.13/learner-guide.md,"Moved catalog/compatibility status to the editorial archive and retained plain-language limits, consent and actual-practice requirements.",Independent learner-only run; actual learner/live evidence where claimed; qualified and owner acceptance. None fabricated.
26.01,Play for its own sake,editorial_followup_resolved,"A teaspoon story and sock weather forecast distinguish reserved time, actual play, return and a shift into performance optimization under the frozen ten-day protocol.",docs/authoring/creative-culture-leisure/26.01/learner-guide.md,"Moved catalog/compatibility status to the editorial archive and retained plain-language limits, consent and actual-practice requirements.",Independent learner-only run; actual learner/live evidence where claimed; qualified and owner acceptance. None fabricated.
26.02,Rest and leisure,editorial_followup_resolved,"Three leisure periods contrast agitating quiet, apparently restorative music and a neutral repeat while retaining workload and sleep confounds and essential care contact.",docs/authoring/creative-culture-leisure/26.02/learner-guide.md,"Moved catalog/compatibility status to the editorial archive and retained plain-language limits, consent and actual-practice requirements.",Independent learner-only run; actual learner/live evidence where claimed; qualified and owner acceptance. None fabricated.
26.03,Hobbies and lifelong interests,editorial_followup_resolved,"Four original word-puzzle sessions preserve an awkward branch/book relation, a clearer index revision, a meal-category variation and a hinted private exchange.",docs/authoring/creative-culture-leisure/26.03/learner-guide.md,"Moved catalog/compatibility status to the editorial archive and retained plain-language limits, consent and actual-practice requirements.",Independent learner-only run; actual learner/live evidence where claimed; qualified and owner acceptance. None fabricated.
26.04,Nature connection and ecological awareness,editorial_followup_resolved,"Three Tucson window observations separate rain, time-of-day shadows, uncertain cactus identity and a single bird sighting, then motivate an actually taken paved route.",docs/authoring/creative-culture-leisure/26.04/learner-guide.md,"Identified repeated questions as consolidation; retained the bounded later-transfer route. | Moved catalog/compatibility status to the editorial archive and retained plain-language limits, consent and actual-practice requirements.",Independent learner-only run; actual learner/live evidence where claimed; qualified and owner acceptance. None fabricated.
26.05,Outdoor competence and responsible recreation,editorial_followup_resolved,"A timed E–J–O map includes a closed pond branch, changing closure at the junction and separate arrival, message and acknowledgment records.",docs/authoring/leisure-life-design/26.05/learner-guide.md,"Moved catalog/compatibility status to the editorial archive and retained plain-language limits, consent and actual-practice requirements.",Independent learner-only run; actual learner/live evidence where claimed; qualified and owner acceptance. None fabricated.
26.06,"Travel, geography, and place",editorial_followup_resolved,"Bellwater combines a river map, ferry-to-bridge history, current waiting-room use and invitation windows into a timed considerate visit with missing worker perspectives.",docs/authoring/leisure-life-design/26.06/learner-guide.md,"Labeled repeated questions as consolidation rather than independent transfer. | Moved catalog/compatibility status to the editorial archive and retained plain-language limits, consent and actual-practice requirements.",Independent learner-only run; actual learner/live evidence where claimed; qualified and owner acceptance. None fabricated.
26.07,Cross-cultural exploration,editorial_followup_resolved,"Two workshop participants give different accounts of a deliberately unassigned repair slot, while observation, attributed meaning and unknown verse permissions remain separate.",docs/authoring/leisure-life-design/26.07/learner-guide.md,"Moved catalog/compatibility status to the editorial archive and retained plain-language limits, consent and actual-practice requirements.",Independent learner-only run; actual learner/live evidence where claimed; qualified and owner acceptance. None fabricated.
26.08,Adventure and calculated challenge,editorial_followup_resolved,"A supported library-navigation challenge uses a blue-line junction, ambiguous temporary sign, staff-only restriction and a 14:10 turnaround.",docs/authoring/leisure-life-design/26.08/learner-guide.md,"Moved catalog/compatibility status to the editorial archive and retained plain-language limits, consent and actual-practice requirements.",Independent learner-only run; actual learner/live evidence where claimed; qualified and owner acceptance. None fabricated.
26.09,Wonder and awe,editorial_followup_resolved,"A simplified two-source light signal model connects attentive wonder to distance/time distinction, emission versus arrival, credited correction and optional neutral affect.",docs/authoring/leisure-life-design/26.09/learner-guide.md,"Moved catalog/compatibility status to the editorial archive and retained plain-language limits, consent and actual-practice requirements.",Independent learner-only run; actual learner/live evidence where claimed; qualified and owner acceptance. None fabricated.
26.10,Communal festivity and celebration,editorial_followup_resolved,"A zero-budget reading-corner celebration recognizes five different contributions, supports asynchronous participation and fits setup, occasion and cleanup into a host's limit.",docs/authoring/leisure-life-design/26.10/learner-guide.md,"Moved catalog/compatibility status to the editorial archive and retained plain-language limits, consent and actual-practice requirements.",Independent learner-only run; actual learner/live evidence where claimed; qualified and owner acceptance. None fabricated.
26.11,Communal recreation and inclusive play,editorial_followup_resolved,"Two impossible-object game rounds expose typed responses lost to a fast open floor and undescribed drawings, then test agreed response/pass collection and descriptions.",docs/authoring/leisure-life-design/26.11/learner-guide.md,"Moved catalog/compatibility status to the editorial archive and retained plain-language limits, consent and actual-practice requirements.",Independent learner-only run; actual learner/live evidence where claimed; qualified and owner acceptance. None fabricated.
26.12,Pilgrimage and meaningful journey,editorial_followup_resolved,"A post-course library journey links a historically attributed alcove, harmless no-post restraint, waiting for current users and a separately completed map-booklet return.",docs/authoring/leisure-life-design/26.12/learner-guide.md,"Labeled repeated questions as consolidation rather than independent transfer. | Moved catalog/compatibility status to the editorial archive and retained plain-language limits, consent and actual-practice requirements.",Independent learner-only run; actual learner/live evidence where claimed; qualified and owner acceptance. None fabricated.
26.13,"Humor, delight, and lightness",editorial_followup_resolved,"Three original humor lines distinguish object absurdity, personal humiliation and deadline avoidance; a declined joke is followed by an inspectable 18:00-to-18:30 notice correction.",docs/authoring/leisure-life-design/26.13/learner-guide.md,"Moved catalog/compatibility status to the editorial archive and retained plain-language limits, consent and actual-practice requirements.",Independent learner-only run; actual learner/live evidence where claimed; qualified and owner acceptance. None fabricated.
26.14,Ecological relationship and reciprocal stewardship,editorial_followup_resolved,"Reed Court's drain-observation protocol requires full ten-minute visibility, distinguishes a dry null from unknown obstruction and separates coordinator receipt from usable acceptance.",docs/authoring/leisure-life-design/26.14/learner-guide.md,"Moved catalog/compatibility status to the editorial archive and retained plain-language limits, consent and actual-practice requirements.",Independent learner-only run; actual learner/live evidence where claimed; qualified and owner acceptance. None fabricated.
27.01,Life architecture,editorial_followup_resolved,"Three priorities are mapped across six life arrangements, with a reachable care tray, a sent invitation and an ownership-limited work surface grounded in actual available windows.",docs/authoring/leisure-life-design/27.01/learner-guide.md,"Labeled repeated questions as consolidation rather than independent transfer. | Moved catalog/compatibility status to the editorial archive and retained plain-language limits, consent and actual-practice requirements.",Independent learner-only run; actual learner/live evidence where claimed; qualified and owner acceptance. None fabricated.
27.02,Balancing competing goods,editorial_followup_resolved,"A 180-minute weekend compares a rare welcome visit, study, approved service and rest while explicitly disposing all eight competing goods and reviewing a cancellation-triggered fallback.",docs/authoring/leisure-life-design/27.02/learner-guide.md,"Labeled repeated questions as consolidation rather than independent transfer. | Moved catalog/compatibility status to the editorial archive and retained plain-language limits, consent and actual-practice requirements.",Independent learner-only run; actual learner/live evidence where claimed; qualified and owner acceptance. None fabricated.
27.03,Seasons and changing emphasis,editorial_followup_resolved,"An uncertain caregiving fortnight sorts advance/protect/wait actions with actual handoff receipt, an agreed puzzle pause and a failed second rest opportunity.",docs/authoring/life-integration/27.03/learner-guide.md,"Labeled repeated questions as consolidation rather than independent transfer. | Moved catalog/compatibility status to the editorial archive and retained plain-language limits, consent and actual-practice requirements.",Independent learner-only run; actual learner/live evidence where claimed; qualified and owner acceptance. None fabricated.
27.04,Roles and responsibility portfolio,editorial_followup_resolved,"Eight role cards distinguish held and unheld roles, an actual next-morning work agreement, an invented instant-response demand and repairs to friend, library and key obligations.",docs/authoring/life-integration/27.04/learner-guide.md,"Moved catalog/compatibility status to the editorial archive and retained plain-language limits, consent and actual-practice requirements.",Independent learner-only run; actual learner/live evidence where claimed; qualified and owner acceptance. None fabricated.
27.05,Personal operating reviews,editorial_followup_resolved,"Two bounded eight-heading reviews turn an overdue club form, welcome invitation and dispensable solo challenge into distinct submitted, scheduled, performed and released states.",docs/authoring/life-integration/27.05/learner-guide.md,"Labeled repeated questions as consolidation rather than independent transfer. | Moved catalog/compatibility status to the editorial archive and retained plain-language limits, consent and actual-practice requirements.",Independent learner-only run; actual learner/live evidence where claimed; qualified and owner acceptance. None fabricated.
27.06,Goals as experiments,editorial_followup_resolved,"A fortnight explanation trial declares tray-rule precedence, effort limits and continue/adapt/stop conditions before a missed session and reader duplicate-rule error.",docs/authoring/life-integration/27.06/learner-guide.md,"Labeled repeated questions as consolidation rather than independent transfer. | Added a separately revealed, context-specific changed-case attempt and corrective answer. | Moved catalog/compatibility status to the editorial archive and retained plain-language limits, consent and actual-practice requirements.",Independent learner-only run; actual learner/live evidence where claimed; qualified and owner acceptance. None fabricated.
27.07,Transition preparedness,editorial_followup_resolved,"A changed study schedule traces morning pickup, accessible corridor, return and an untransferred 16:00 household duty while allowing an emotional goodbye to remain separate.",docs/authoring/life-integration/27.07/learner-guide.md,"Labeled repeated questions as consolidation rather than independent transfer. | Check the zero-margin handoff | Moved catalog/compatibility status to the editorial archive and retained plain-language limits, consent and actual-practice requirements.",Independent learner-only run; actual learner/live evidence where claimed; qualified and owner acceptance. None fabricated.
27.08,Ambition and contentment,editorial_followup_resolved,"A cupboard-loan guide contrasts vague courtesy with complete procedure, predeclared sufficiency, optional stylistic stretch and a protected quiet period.",docs/authoring/life-integration/27.08/learner-guide.md,"Labeled repeated questions as consolidation rather than independent transfer. | Moved catalog/compatibility status to the editorial archive and retained plain-language limits, consent and actual-practice requirements.",Independent learner-only run; actual learner/live evidence where claimed; qualified and owner acceptance. None fabricated.
27.09,Coherence without rigidity,editorial_followup_resolved,"A reading-circle reply trial separates reliability from immediacy using evidence both for and against the old method, an agreed ordinary window and a failed urgent-decision exception.",docs/authoring/life-integration/27.09/learner-guide.md,"Labeled repeated questions as consolidation rather than independent transfer. | Added a separately revealed, context-specific changed-case attempt and corrective answer. | Moved catalog/compatibility status to the editorial archive and retained plain-language limits, consent and actual-practice requirements.",Independent learner-only run; actual learner/live evidence where claimed; qualified and owner acceptance. None fabricated.
27.10,Mentorship and generativity,editorial_followup_resolved,"Four complete notices support baseline omission, demonstrated preparation, prompted first use and an eight-day delayed check with text-to-speech but no content hint.",docs/authoring/life-integration/27.10/learner-guide.md,"Moved catalog/compatibility status to the editorial archive and retained plain-language limits, consent and actual-practice requirements.",Independent learner-only run; actual learner/live evidence where claimed; qualified and owner acceptance. None fabricated.
27.11,"Legacy in people, institutions, and works",editorial_followup_resolved,"A requested room-opening guide links prior notice repair, complete versioned rules, a missing-card test, correction of an ambiguous return desk and explicitly accepted maintenance/retirement authority.",docs/authoring/life-integration/27.11/learner-guide.md,"Moved catalog/compatibility status to the editorial archive and retained plain-language limits, consent and actual-practice requirements.",Independent learner-only run; actual learner/live evidence where claimed; qualified and owner acceptance. None fabricated.
27.12,Annual reckoning and recommitment,editorial_followup_resolved,"Eight dated records and four explicitly missing months support an uneven annual account, a welcome repair offer, newsletter release and a capped shelf-check recommitment.",docs/authoring/life-integration/27.12/learner-guide.md,"Moved catalog/compatibility status to the editorial archive and retained plain-language limits, consent and actual-practice requirements.",Independent learner-only run; actual learner/live evidence where claimed; qualified and owner acceptance. None fabricated.
27.13,"Applicability, role choice, and the right to leave domains unchosen",editorial_followup_resolved,"Five optional-role cards separate an endorsed entrepreneurship decline, a constrained nonattendance possibility and existing employee/briefing obligations.",docs/authoring/life-integration/27.13/learner-guide.md,"Moved catalog/compatibility status to the editorial archive and retained plain-language limits, consent and actual-practice requirements.",Independent learner-only run; actual learner/live evidence where claimed; qualified and owner acceptance. None fabricated.
27.14,Multiple pathways to flourishing,editorial_followup_resolved,"A reading-room table proposal defines three underlying contribution checks separately from evening speech, with complete opposing needs, lighting uncertainty and an accepted written route.",docs/authoring/life-integration/27.14/learner-guide.md,"Moved catalog/compatibility status to the editorial archive and retained plain-language limits, consent and actual-practice requirements.",Independent learner-only run; actual learner/live evidence where claimed; qualified and owner acceptance. None fabricated.
27.15,Receiving as well as achieving,editorial_followup_resolved,"A shared map card, bounded paper-sorting help and quiet courtyard interval contrast inherited goods, freely offered care, borrowing duties and an unwanted publication condition.",docs/authoring/emotional-foundations/27.15/learner-guide.md,"Moved catalog/compatibility status to the editorial archive and retained plain-language limits, consent and actual-practice requirements.",Independent learner-only run; actual learner/live evidence where claimed; qualified and owner acceptance. None fabricated.
