competency_id,name,domain_name,source_path,source_line,source_file_sha256,source_record_sha256,review_depth,finding_category,companion_materials_read,disposition,professional_quality,findings,next_action
01.01,Conceptions of flourishing,"Meaning, Worldview, and Purpose",docs/authoring/exercises/01.yaml,4,ef8e9f507c6ee2386b7f033ee015bd5ab6a681256753a2c6f11e6c6d5ed5ae37,2cc8196ef5c6e5c6213043f5b4dd3417282da4e7733f7a5b55b5952091b8019a,full_primary,substantive_editorial_followup,False,revision_findings_open,not_demonstrated_by_current_revision_acceptance,E-01.01,"Supply fair compact account summaries and a fully specified allocation case, with separate comparison check and an extension into additional accounts."
01.02,A provisional worldview,"Meaning, Worldview, and Purpose",docs/authoring/exercises/01.yaml,27,ef8e9f507c6ee2386b7f033ee015bd5ab6a681256753a2c6f11e6c6d5ed5ae37,6f1b399c4bf79906844cfbaf8a827ac5606409f356949b313869f670af16f04b,full_primary,substantive_editorial_followup,False,revision_findings_open,not_demonstrated_by_current_revision_acceptance,E-01.02,"Provide two developed fictional positions, a tension example that distinguishes contradiction from levels of explanation, and a later review prompt with corrective criteria."
01.03,Chosen and inherited values,"Meaning, Worldview, and Purpose",docs/authoring/exercises/01.yaml,50,ef8e9f507c6ee2386b7f033ee015bd5ab6a681256753a2c6f11e6c6d5ed5ae37,46a2f112e1b7ec8a2b1dc9fd97f5f93deb1a82b58b01b2241ba66e00813319c9,full_primary,substantive_editorial_followup,False,revision_findings_open,not_demonstrated_by_current_revision_acceptance,E-01.03,"Add contrasting origin histories and a separate check on endorsement versus reaction, retaining an optional personal route."
01.04,A hierarchy of goods,"Meaning, Worldview, and Purpose",docs/authoring/exercises/01.yaml,73,ef8e9f507c6ee2386b7f033ee015bd5ab6a681256753a2c6f11e6c6d5ed5ae37,4cf74c1def4ecc16e8bfdfc8c7f48c9c59bfcee3db04a4daa04d24f98362edd4,full_primary,substantive_editorial_followup,False,revision_findings_open,not_demonstrated_by_current_revision_acceptance,E-01.04,"Supply a complete conflict with enough facts for two defensible choices and distinguish competent, partial and self-serving reasoning."
01.05,Purpose and calling,"Meaning, Worldview, and Purpose",docs/authoring/exercises/01.yaml,96,ef8e9f507c6ee2386b7f033ee015bd5ab6a681256753a2c6f11e6c6d5ed5ae37,eec14c07b05b98e78abc5e897bc8baad614d96f27ee10b1fe8ab819952c9323d,full_primary,substantive_editorial_followup,False,revision_findings_open,not_demonstrated_by_current_revision_acceptance,E-01.05,"Add a full fictional contribution brief and response, separate preparation from delivery, and assess fit using a qualitative rubric."
01.06,Meaning versus status,"Meaning, Worldview, and Purpose",docs/authoring/exercises/01.yaml,119,ef8e9f507c6ee2386b7f033ee015bd5ab6a681256753a2c6f11e6c6d5ed5ae37,6a787eca42a1fe2f91114e5216812749cc5f452753bb02a4ea1cbe576a8cce5b,full_primary,substantive_editorial_followup,False,revision_findings_open,not_demonstrated_by_current_revision_acceptance,E-01.06,"Offer one complete novice-ready activity and a comparison record with mixed motives, plus a fresh goal-revision check."
01.07,Commitment under uncertainty,"Meaning, Worldview, and Purpose",docs/authoring/exercises/01.yaml,142,ef8e9f507c6ee2386b7f033ee015bd5ab6a681256753a2c6f11e6c6d5ed5ae37,6630ae31923f3862ad586e9dcfbf7f1812804c33c0f44991ffeb22678b03d0f6,full_primary,substantive_editorial_followup,False,revision_findings_open,not_demonstrated_by_current_revision_acceptance,E-01.07,"Supply a trial packet and outcome, then a bounded decision-preparation pathway for consequential choices with explicit escalation and review criteria."
01.08,Existential responsibility,"Meaning, Worldview, and Purpose",docs/authoring/exercises/01.yaml,165,ef8e9f507c6ee2386b7f033ee015bd5ab6a681256753a2c6f11e6c6d5ed5ae37,b19afc1e04dc56d9d69f6af8e27c2fe9ddb946d8e458b02817b561016f0b724e,full_primary,substantive_editorial_followup,False,revision_findings_open,not_demonstrated_by_current_revision_acceptance,E-01.08,"Add a new scenario and corrective rubric distinguishing agency, influence, coercion and legitimate support."
01.09,Life review and philosophical revision,"Meaning, Worldview, and Purpose",docs/authoring/exercises/01.yaml,188,ef8e9f507c6ee2386b7f033ee015bd5ab6a681256753a2c6f11e6c6d5ed5ae37,7637986fdeed1f4c36d18e707e2cfeb3c37d937423c22d98da49aa7799cbfec4,full_primary,substantive_editorial_followup,False,revision_findings_open,not_demonstrated_by_current_revision_acceptance,E-01.09,"Supply a three-moment week and later result, with a rubric contrasting behavior revision, belief revision and legitimate tradeoff."
01.10,Meaning after disillusionment,"Meaning, Worldview, and Purpose",docs/authoring/exercises/01.yaml,211,ef8e9f507c6ee2386b7f033ee015bd5ab6a681256753a2c6f11e6c6d5ed5ae37,1a82acd22d4bd6af829887d5114d025e515300cafd5503b60403de2d342c1f54,full_primary,substantive_editorial_followup,False,revision_findings_open,not_demonstrated_by_current_revision_acceptance,E-01.10,"Add a complete optional fictional reconstruction and context-fit next routes for distinct kinds of disillusionment, retaining qualified support where needed."
01.11,Plural ends and reasonable disagreement,"Meaning, Worldview, and Purpose",docs/authoring/exercises/01.yaml,234,ef8e9f507c6ee2386b7f033ee015bd5ab6a681256753a2c6f11e6c6d5ed5ae37,e3969e4fdc7f94d152ab6739b98086907cd3f090ff81852644e1c25f5b85aac6,full_primary,substantive_editorial_followup,False,revision_findings_open,not_demonstrated_by_current_revision_acceptance,E-01.11,"Supply two substantive positions and an independent correction/constraint packet, then assess a shared arrangement against both voices."
02.01,Moral frameworks,"Ethics, Virtue, and Integrity",docs/authoring/exercises/02.yaml,4,7418458d121cb294088df2b81104e9089e9ea32245bf087aa281db32248a7aeb,dec0a67e18dae787c7de8e2011752671f8a2ef446a781ab68f747b96ed2b61bc,full_primary,substantive_editorial_followup,False,revision_findings_open,not_demonstrated_by_current_revision_acceptance,E-02.01,Add concise non-caricatured framework explanations and bounded comparison routes; supply authority facts and a separate argument-quality check.
02.02,Moral perception,"Ethics, Virtue, and Integrity",docs/authoring/exercises/02.yaml,27,7418458d121cb294088df2b81104e9089e9ea32245bf087aa281db32248a7aeb,bc0683ca7993f5394c30cefe887d3856b5d942861324e523bb8fc25c299a0d7c,full_primary,substantive_editorial_followup,False,revision_findings_open,not_demonstrated_by_current_revision_acceptance,E-02.02,"Provide a complete event brief, draft notice and permissions ledger, then a separate revised-notice check with defensible alternatives."
02.03,Behavioral definitions of virtue,"Ethics, Virtue, and Integrity",docs/authoring/exercises/02.yaml,50,7418458d121cb294088df2b81104e9089e9ea32245bf087aa281db32248a7aeb,f4c68d2e5baff2186d5843c3c48452c002aa6c3ab0b0790a9c39e59dac4b8d3d,full_primary,substantive_editorial_followup,False,revision_findings_open,not_demonstrated_by_current_revision_acceptance,E-02.03,Add contrasting non-courage virtues and a fresh classification task; route remaining virtues through a worked definition method and criteria.
02.04,Truthfulness and candor,"Ethics, Virtue, and Integrity",docs/authoring/exercises/02.yaml,73,7418458d121cb294088df2b81104e9089e9ea32245bf087aa281db32248a7aeb,c75d1d7ec2a233d5e28770772f4f7a65866f9d834b0e131295d821dec96c7b90,full_primary,substantive_editorial_followup,False,revision_findings_open,not_demonstrated_by_current_revision_acceptance,E-02.04,"Supply a short commitment record and held-back recipient question, with examples of truthful, evasive and overconfident responses."
02.05,"Promises, reliability, and one's word","Ethics, Virtue, and Integrity",docs/authoring/exercises/02.yaml,96,7418458d121cb294088df2b81104e9089e9ea32245bf087aa281db32248a7aeb,176081da99154c9435b84aebe9f22317a3d30c0ed0ad5bb9cc036e9bc5600d08,full_primary,substantive_editorial_followup,False,revision_findings_open,not_demonstrated_by_current_revision_acceptance,E-02.05,"Add an initial promise, progress update and recipient response so a learner can test renegotiation and repair without invented consent."
02.06,"Justice, fairness, and equal dignity","Ethics, Virtue, and Integrity",docs/authoring/exercises/02.yaml,119,7418458d121cb294088df2b81104e9089e9ea32245bf087aa281db32248a7aeb,b5ce1f42483d4ceb0562acf66538af00792a7043b3a0940a2047dd15a78f8cd5,full_primary,substantive_editorial_followup,False,revision_findings_open,not_demonstrated_by_current_revision_acceptance,E-02.06,"Supply four complete anonymized request records and fixed capacity, then a rubric distinguishing justified accommodation from favoritism."
02.07,Moral courage,"Ethics, Virtue, and Integrity",docs/authoring/exercises/02.yaml,142,7418458d121cb294088df2b81104e9089e9ea32245bf087aa281db32248a7aeb,780c264d2aa63c6b370ab10debdd1964ab25fbfb173ffe44dd5524dde3c698b8,full_primary,substantive_editorial_followup,False,revision_findings_open,not_demonstrated_by_current_revision_acceptance,E-02.07,"Supply a credit record and response branch, distinguish 02.03 definition work from 02.07 intervention judgment, and give a meaningful later live route."
02.08,Temperance and moderation,"Ethics, Virtue, and Integrity",docs/authoring/exercises/02.yaml,165,7418458d121cb294088df2b81104e9089e9ea32245bf087aa281db32248a7aeb,affae1db1835fc71ce298b5aad045e1bd1e4de0dc0f35df4c3ea1f9a961831a1,full_primary,substantive_editorial_followup,False,revision_findings_open,not_demonstrated_by_current_revision_acceptance,E-02.08,Teach moderation versus harm/compulsion with suitable alternative routes and a fresh case where extending a limit is or is not justified.
02.09,"Compassion, mercy, and forgiveness","Ethics, Virtue, and Integrity",docs/authoring/exercises/02.yaml,188,7418458d121cb294088df2b81104e9089e9ea32245bf087aa281db32248a7aeb,0b155224ce91a56a25f56e40771d22990f84642866e660db02a706b3844a7c59,full_primary,substantive_editorial_followup,False,revision_findings_open,not_demonstrated_by_current_revision_acceptance,E-02.09,Provide contrasting complete response drafts and delayed corrective criteria without requiring forgiveness or contact.
02.10,Loyalty and principled dissent,"Ethics, Virtue, and Integrity",docs/authoring/exercises/02.yaml,211,7418458d121cb294088df2b81104e9089e9ea32245bf087aa281db32248a7aeb,ce5759cd437572c886e45be155fa8ed5d9245a6fba799e88dc62882ee49242cf,full_primary,substantive_editorial_followup,False,revision_findings_open,not_demonstrated_by_current_revision_acceptance,E-02.10,Supply evidence of discussion quality or use only supported wording; add an accuracy check and two actual response branches.
02.11,"Responsibility, apology, and restitution","Ethics, Virtue, and Integrity",docs/authoring/exercises/02.yaml,234,7418458d121cb294088df2b81104e9089e9ea32245bf087aa281db32248a7aeb,6aab39a02c68455d9791caa9a46021b6a53964ac8c88d94efa5d0e543837e24c,full_primary,substantive_editorial_followup,False,revision_findings_open,not_demonstrated_by_current_revision_acceptance,E-02.11,"Supply a complete minor-failure record and an optional refusal/repair response, with separate apology and practical-closure criteria."
02.12,Integrity across contexts,"Ethics, Virtue, and Integrity",docs/authoring/exercises/02.yaml,257,7418458d121cb294088df2b81104e9089e9ea32245bf087aa281db32248a7aeb,a24b507afec7b2d3bbaf4854fe11d88b35188fb6e1eac367413720ee026310f0,full_primary,substantive_editorial_followup,False,revision_findings_open,not_demonstrated_by_current_revision_acceptance,E-02.12,Provide three versions of one document plus contribution and confidentiality facts; assess the same principle across changed incentives.
02.13,"Moral luck, complicity, and dirty hands","Ethics, Virtue, and Integrity",docs/authoring/exercises/02.yaml,280,7418458d121cb294088df2b81104e9089e9ea32245bf087aa281db32248a7aeb,ea7a1a0d05a40547a0a7503de0446dfe123448f8794dfc08c167e989d66270ab,full_primary,substantive_editorial_followup,False,revision_findings_open,not_demonstrated_by_current_revision_acceptance,E-02.13,Retain the rain example and add an explicit constrained no-win case and benefit-without-direct-action comparison with residual-responsibility criteria.
02.14,"Conscience, conscientious objection, and civil disobedience","Ethics, Virtue, and Integrity",docs/authoring/exercises/02.yaml,303,7418458d121cb294088df2b81104e9089e9ea32245bf087aa281db32248a7aeb,6c13dd78d2ebf56c80d072cf60a9f03b02901ccff8d2d0c6c8ca105e2e59ac8a,full_primary,substantive_editorial_followup,False,revision_findings_open,not_demonstrated_by_current_revision_acceptance,E-02.14,Add a non-action legal/ethical comparison using verified jurisdiction-bound context and a refusal-versus-disobedience rubric; keep live lawbreaking outside the exercise.
02.15,Ethics of care and dependency,"Ethics, Virtue, and Integrity",docs/authoring/exercises/02.yaml,326,7418458d121cb294088df2b81104e9089e9ea32245bf087aa281db32248a7aeb,9aafa5a6da3a70563792b0e8e44ce9173a22a8a958ec27a047b9a0c3746c6b1a,full_primary,substantive_editorial_followup,False,revision_findings_open,not_demonstrated_by_current_revision_acceptance,E-02.15,"Supply a care-work packet and consented fictional follow-up showing visible-task transfer versus full ownership, then check residual coordination."
03.01,Metaphysical and spiritual inquiry,"Spirituality, Religion, Ritual, and Transcendence",docs/authoring/exercises/03.yaml,4,116ca0700f45e941ab2f7741715dc4512bf4bc9fc19d4fd1894b7cd29acca60e,f2a510c048b7048c43db23df48638c65f3ce10ba06586e3f674d709e3a01078c,full_primary,substantive_editorial_followup,False,revision_findings_open,not_demonstrated_by_current_revision_acceptance,E-03.01,Supply a worked charitable argument/objection pair for each constructed account and a separate evidence-versus-interpretation check.
03.02,Serious study of a wisdom tradition,"Spirituality, Religion, Ritual, and Transcendence",docs/authoring/exercises/03.yaml,27,116ca0700f45e941ab2f7741715dc4512bf4bc9fc19d4fd1894b7cd29acca60e,3f3aae8d5f905e6cfe79a95f889e9dad081391544c24c7901b6f802561a95ade,full_primary,substantive_editorial_followup,False,revision_findings_open,not_demonstrated_by_current_revision_acceptance,E-03.02,Add a passage-grounded fresh interpretation task and corrective rubric; verify the actual learner route to each named external source.
03.03,"Contemplation, prayer, and silence","Spirituality, Religion, Ritual, and Transcendence",docs/authoring/exercises/03.yaml,50,116ca0700f45e941ab2f7741715dc4512bf4bc9fc19d4fd1894b7cd29acca60e,d8384842fd1271e4bcec0ae14856f06e041716ba7d39327fcada6231a9915d48,full_primary,substantive_editorial_followup,False,revision_findings_open,not_demonstrated_by_current_revision_acceptance,E-03.03,"Add a separate five-occasion interpretation check including a miss, neutral result and confound, with a bounded-conclusion key."
03.04,Reverence and the sacred,"Spirituality, Religion, Ritual, and Transcendence",docs/authoring/exercises/03.yaml,73,116ca0700f45e941ab2f7741715dc4512bf4bc9fc19d4fd1894b7cd29acca60e,5b470464cbf96d17d416c0568386c6bca5877ef90ff10711ed371d9f06f13559,full_primary,substantive_editorial_followup,False,revision_findings_open,not_demonstrated_by_current_revision_acceptance,E-03.04,Give a complete harmless care alternative and contrasting respectful/disrespectful interpretations for a separate judgment check.
03.05,Gratitude and received life,"Spirituality, Religion, Ritual, and Transcendence",docs/authoring/exercises/03.yaml,96,116ca0700f45e941ab2f7741715dc4512bf4bc9fc19d4fd1894b7cd29acca60e,aa14fdba7b08137a222df2459b44e60a88a1bfc06e92d568cc66a2ae45e3d724,full_primary,substantive_editorial_followup,False,revision_findings_open,not_demonstrated_by_current_revision_acceptance,E-03.05,State the prerequisite and supply an impersonal complete contribution chain with a later-use comparison and corrective criteria.
03.06,Surrender and limits of control,"Spirituality, Religion, Ritual, and Transcendence",docs/authoring/exercises/03.yaml,119,116ca0700f45e941ab2f7741715dc4512bf4bc9fc19d4fd1894b7cd29acca60e,1bac1fa94575f4d6b1cd22dd9d54410e12721747ce61d185921edfed036b9c63,full_primary,substantive_editorial_followup,False,revision_findings_open,not_demonstrated_by_current_revision_acceptance,E-03.06,"Provide an initial invitation record and separately revealed refusal/late-answer outcome; assess action, continued feeling and uncontrollable result separately."
03.07,Religious and spiritual community,"Spirituality, Religion, Ritual, and Transcendence",docs/authoring/exercises/03.yaml,142,116ca0700f45e941ab2f7741715dc4512bf4bc9fc19d4fd1894b7cd29acca60e,b0b2dd89ba3f2d57e9d2c69363b0183e85907fc3de33122c3ebd0ba5719bad4d,full_primary,substantive_editorial_followup,False,revision_findings_open,not_demonstrated_by_current_revision_acceptance,E-03.07,"Supply a fictional gathering notice and response record, with missing-accountability and coercive-pressure variations for checking."
03.08,Vocation and service beyond self,"Spirituality, Religion, Ritual, and Transcendence",docs/authoring/exercises/03.yaml,165,116ca0700f45e941ab2f7741715dc4512bf4bc9fc19d4fd1894b7cd29acca60e,03e5198a8e49d0fe891e671e7b9d840167e6a200476c150d17011995ae8917cc,full_primary,substantive_editorial_followup,False,revision_findings_open,not_demonstrated_by_current_revision_acceptance,E-03.08,"Supply one safe shared-item brief and an incomplete draft to test, keeping real service and simulated usefulness separate."
03.09,"Ritual, remembrance, and sacred time","Spirituality, Religion, Ritual, and Transcendence",docs/authoring/exercises/03.yaml,188,116ca0700f45e941ab2f7741715dc4512bf4bc9fc19d4fd1894b7cd29acca60e,1bfe889b424d3e64bb9023a1d693a959bfd3423f3a3d19666d7cfd78f1b284da,full_primary,substantive_editorial_followup,False,revision_findings_open,not_demonstrated_by_current_revision_acceptance,E-03.09,Add two later records and a qualitative checking rubric that does not infer sincerity solely from task completion or emotion.
03.10,"Communal worship, liturgy, and shared sacred practice","Spirituality, Religion, Ritual, and Transcendence",docs/authoring/exercises/03.yaml,211,116ca0700f45e941ab2f7741715dc4512bf4bc9fc19d4fd1894b7cd29acca60e,317f371028f944102eebc1a8095d062277bc8f6aa5803b0c1562cfc16494547d,full_primary,substantive_editorial_followup,False,revision_findings_open,not_demonstrated_by_current_revision_acceptance,E-03.10,Add a fresh role/eligibility case and a separate key; retain the untested status when no willing companion exists.
03.11,"Authority, tradition, conscience, and reform","Spirituality, Religion, Ritual, and Transcendence",docs/authoring/exercises/03.yaml,234,116ca0700f45e941ab2f7741715dc4512bf4bc9fc19d4fd1894b7cd29acca60e,7240d930a6303e3b9bb628240adb4fcf1841b6fed190c1cfaac65bad5c508477,full_primary,substantive_editorial_followup,False,revision_findings_open,not_demonstrated_by_current_revision_acceptance,E-03.11,"Provide a separate changed policy case before its answer and a rubric for justified compliance, dissent and referral."
03.12,Religious pluralism and interfaith humility,"Spirituality, Religion, Ritual, and Transcendence",docs/authoring/exercises/03.yaml,257,116ca0700f45e941ab2f7741715dc4512bf4bc9fc19d4fd1894b7cd29acca60e,1f34192b71c56888900de51ddb6c061ef027a8782699a26e687a037e10239896,full_primary,substantive_editorial_followup,False,revision_findings_open,not_demonstrated_by_current_revision_acceptance,E-03.12,Add source-linked summary corrections and a fresh venue constraint with separate checking; retain original-source access requirements.
03.13,"Mystical, ecstatic, and peak experience","Spirituality, Religion, Ritual, and Transcendence",docs/authoring/exercises/03.yaml,280,116ca0700f45e941ab2f7741715dc4512bf4bc9fc19d4fd1894b7cd29acca60e,205af548abeb0812f6d6dcc55fe4bbb3f3e459b6ed6ec57feaf2479ad52f9e12,full_primary,substantive_editorial_followup,False,revision_findings_open,not_demonstrated_by_current_revision_acceptance,E-03.13,Add a different non-distressing claim and adverse proposed action for an independent judgment check; retain actual-action and qualified-support limits.
04.01,"Suffering, evil, and lament","Mortality, Suffering, Tragedy, and Hope",docs/authoring/exercises/04.yaml,4,12b33ed448f1961bf6c8d083a6bf88dc96e54d0a666add951275b48a71413728,011cc1f01163f5a5a4589b6892b0cfb6cf0ef8e7498165972b6ebe6907c0c5c1,full_primary,substantive_editorial_followup,False,revision_findings_open,not_demonstrated_by_current_revision_acceptance,E-04.01,Supply a brief closure record and two acknowledgment drafts; distinguish factual notice accuracy from the quality of lament.
04.02,Mortality and impermanence,"Mortality, Suffering, Tragedy, and Hope",docs/authoring/exercises/04.yaml,27,12b33ed448f1961bf6c8d083a6bf88dc96e54d0a666add951275b48a71413728,150bb5ac81703a4b4fbc16069691d22d355556a8eb5df63acacbef6838437f7a,full_primary,substantive_editorial_followup,False,revision_findings_open,not_demonstrated_by_current_revision_acceptance,E-04.02,Add a fresh finite-time decision with a qualitative key that permits rest and honest partial action.
04.03,Tragic knowledge and the limits of control,"Mortality, Suffering, Tragedy, and Hope",docs/authoring/exercises/04.yaml,50,12b33ed448f1961bf6c8d083a6bf88dc96e54d0a666add951275b48a71413728,70821a30f5b357528f58f0fb76aaf42d17122be7ddbaf6e015d62f6aa074d2d4,full_primary,substantive_editorial_followup,False,revision_findings_open,not_demonstrated_by_current_revision_acceptance,E-04.03,"Specify authority, prior rules and genuine mitigation capacity, then provide a held-back change requiring reassessment without inventing a lossless option."
04.04,Meaning after catastrophic loss,"Mortality, Suffering, Tragedy, and Hope",docs/authoring/exercises/04.yaml,73,12b33ed448f1961bf6c8d083a6bf88dc96e54d0a666add951275b48a71413728,3ea59cbc77e6e6bda98d3f9246b2d94fedfadf42ea7e1cdb5654e107f7c860f3,full_primary,substantive_editorial_followup,False,revision_findings_open,not_demonstrated_by_current_revision_acceptance,E-04.04,"Provide realistic fictional contact capacities and a later response; assess mismatched support, remaining loss and tolerable commitment separately."
04.05,"Absurdity, existential anxiety, and meaninglessness","Mortality, Suffering, Tragedy, and Hope",docs/authoring/exercises/04.yaml,96,12b33ed448f1961bf6c8d083a6bf88dc96e54d0a666add951275b48a71413728,494930d0621370f9f0a8f6a60790b4ce39cb94dcf96cc82ce383b18736be7d17,full_primary,substantive_editorial_followup,False,revision_findings_open,not_demonstrated_by_current_revision_acceptance,E-04.05,"Add separate short argument and later-outcome prompts with corrective reasoning, preserving uncertainty and care options."
04.06,Endurance without self-optimization,"Mortality, Suffering, Tragedy, and Hope",docs/authoring/exercises/04.yaml,119,12b33ed448f1961bf6c8d083a6bf88dc96e54d0a666add951275b48a71413728,49a3f99cfe51785d07cb88d66a4e42eff7c5aa040b0a2a63a888f32e7e30da96,full_primary,substantive_editorial_followup,False,revision_findings_open,not_demonstrated_by_current_revision_acceptance,E-04.06,Supply contrasting three-occasion records and a rubric that protects care without rewarding stoicism or avoidable hardship.
04.07,Moral injury and compromised action,"Mortality, Suffering, Tragedy, and Hope",docs/authoring/exercises/04.yaml,142,12b33ed448f1961bf6c8d083a6bf88dc96e54d0a666add951275b48a71413728,159bfaa8686a9c3f6e7cac7f088baf6561972ef3a4463083115de42c88227625,full_primary,substantive_editorial_followup,False,revision_findings_open,not_demonstrated_by_current_revision_acceptance,E-04.07,Add a non-graphic new case with incorrect role assignments and separate correction; retain actual provider access and qualified review as open.
04.08,"Dying, end-of-life choices, and accompaniment","Mortality, Suffering, Tragedy, and Hope",docs/authoring/exercises/04.yaml,165,12b33ed448f1961bf6c8d083a6bf88dc96e54d0a666add951275b48a71413728,30af88e3e685a61a6bfd30bb1c0e4419e4f539f6d92eac900e1434d839119903,full_primary,substantive_editorial_followup,False,revision_findings_open,not_demonstrated_by_current_revision_acceptance,E-04.08,"Supply a consent-changing response packet and a separate check distinguishing informal preparation, legal authority and actual clinical care."
04.09,Hope without denial,"Mortality, Suffering, Tragedy, and Hope",docs/authoring/exercises/04.yaml,188,12b33ed448f1961bf6c8d083a6bf88dc96e54d0a666add951275b48a71413728,6b67c9483ad8b341296fc29c0a1bbf9398f7678d6caa3bc2edadf4300231e13f,full_primary,substantive_editorial_followup,False,revision_findings_open,not_demonstrated_by_current_revision_acceptance,E-04.09,"Supply the original note, permission conditions and a later appeal outcome; check revised expectation and remaining grief independently."
04.10,"Irreversibility, remorse, and living after the unfixable","Mortality, Suffering, Tragedy, and Hope",docs/authoring/exercises/04.yaml,211,12b33ed448f1961bf6c8d083a6bf88dc96e54d0a666add951275b48a71413728,0b220d428b2eb71cf1fae0688dfbbabb3dc473512b3816c67d865d740f92a7a3,full_primary,substantive_editorial_followup,False,revision_findings_open,not_demonstrated_by_current_revision_acceptance,E-04.10,Add a bounded second irreversible case and contrasting repair proposals with a separate rubric; keep actual follow-through distinct from a rule installation.
05.01,An honest personal inventory,"Self-Knowledge, Identity, and Humility",docs/authoring/exercises/05.yaml,4,579e18d0164337b81e65d9dfc5b8254e9aa40a1887556d9b5b130f05ff571ab7,7de44875cdf1e8014ae512a29bec1d6dd190bb7d6dd9de6658872aad174ab958,full_primary,substantive_editorial_followup,False,revision_findings_open,not_demonstrated_by_current_revision_acceptance,E-05.01,"Supply a two-week fictional record and held-back occasion, with proportionate-claim criteria that preserve unknowns."
05.02,Narrative identity,"Self-Knowledge, Identity, and Humility",docs/authoring/exercises/05.yaml,27,579e18d0164337b81e65d9dfc5b8254e9aa40a1887556d9b5b130f05ff571ab7,deafe89a37d23b0876740bedbb7f6b0f18b2f5b6ef0bec39da87ceec391e0efd,full_primary,substantive_editorial_followup,False,revision_findings_open,not_demonstrated_by_current_revision_acceptance,E-05.02,"Provide an event record and one-sided draft, then a separate balance/uncertainty check without forcing a positive ending."
05.03,"Strengths, limitations, and fit","Self-Knowledge, Identity, and Humility",docs/authoring/exercises/05.yaml,50,579e18d0164337b81e65d9dfc5b8254e9aa40a1887556d9b5b130f05ff571ab7,3be1101e1f745f70b6819dd172ae4b0ffd75695c369176260d2acd62a59ddb27,full_primary,substantive_editorial_followup,False,revision_findings_open,not_demonstrated_by_current_revision_acceptance,E-05.03,"Supply matched task material and fixed performance criteria, plus an adverse or confounded second result for checking."
05.04,Personality as hypothesis,"Self-Knowledge, Identity, and Humility",docs/authoring/exercises/05.yaml,73,579e18d0164337b81e65d9dfc5b8254e9aa40a1887556d9b5b130f05ff571ab7,2f0ded4850bec5445b0c444a5fe47c36efdffbf46285c663214eeeb4e2ea6e81,full_primary,substantive_editorial_followup,False,revision_findings_open,not_demonstrated_by_current_revision_acceptance,E-05.04,"Add contrasting observations and a separate conditional-label key, explicitly avoiding treating all listed models as equally supported."
05.05,Defenses and self-deception,"Self-Knowledge, Identity, and Humility",docs/authoring/exercises/05.yaml,96,579e18d0164337b81e65d9dfc5b8254e9aa40a1887556d9b5b130f05ff571ab7,b9256d54d6e1082996fe5bbc35e81a563a499e8436a6f918d0457d8bc402e0c0,full_primary,substantive_editorial_followup,False,revision_findings_open,not_demonstrated_by_current_revision_acceptance,E-05.05,"Supply the request/draft and broader contrasting explanations, then a separate check that protects genuine capacity limits."
05.06,Triggers and repeated patterns,"Self-Knowledge, Identity, and Humility",docs/authoring/exercises/05.yaml,119,579e18d0164337b81e65d9dfc5b8254e9aa40a1887556d9b5b130f05ff571ab7,d30451d6cc45661f15018812c2109361a1048ee81324d8d77504f0d3819fbd6f,full_primary,substantive_editorial_followup,False,revision_findings_open,not_demonstrated_by_current_revision_acceptance,E-05.06,"Add complete prior sequences and a withheld natural opportunity, with timing and no-opportunity corrections."
05.07,Feedback and disconfirmation,"Self-Knowledge, Identity, and Humility",docs/authoring/exercises/05.yaml,142,579e18d0164337b81e65d9dfc5b8254e9aa40a1887556d9b5b130f05ff571ab7,385b817f4a72be3619ac6acf677803ac7a71eef7f1a5bf4c5e0c7ca9bfc5a45f,full_primary,substantive_editorial_followup,False,revision_findings_open,not_demonstrated_by_current_revision_acceptance,E-05.07,"Provide a complete direction brief, initial explanation, feedback and later task; assess summary accuracy before evaluating advice."
05.08,Self-worth beyond performance,"Self-Knowledge, Identity, and Humility",docs/authoring/exercises/05.yaml,165,579e18d0164337b81e65d9dfc5b8254e9aa40a1887556d9b5b130f05ff571ab7,171e05bc33a7005c0665f162f6c5bbc37eb1559401ac03a63bed31f5c81f445c,full_primary,substantive_editorial_followup,False,revision_findings_open,not_demonstrated_by_current_revision_acceptance,E-05.08,Supply one success and one failure record plus contrasting response drafts and separate corrective criteria.
05.09,Integration of conflicting parts,"Self-Knowledge, Identity, and Humility",docs/authoring/exercises/05.yaml,188,579e18d0164337b81e65d9dfc5b8254e9aa40a1887556d9b5b130f05ff571ab7,cfefc5f3f084020368a280fa3aae7934c35a540a2eb513aa594af08ea9e5df47,full_primary,substantive_editorial_followup,False,revision_findings_open,not_demonstrated_by_current_revision_acceptance,E-05.09,Supply a complete fictional arrangement/outcome and clarify the solo route's narrower evidence; add a new tension check.
05.10,Humility and proportionate self-regard,"Self-Knowledge, Identity, and Humility",docs/authoring/exercises/05.yaml,211,579e18d0164337b81e65d9dfc5b8254e9aa40a1887556d9b5b130f05ff571ab7,49402663f1e72bef0398b5407b6da0a25477881f5b65e0cd500808f452657144,full_primary,substantive_editorial_followup,False,revision_findings_open,not_demonstrated_by_current_revision_acceptance,E-05.10,"Provide a small artifact and accurate/inaccurate corrections, with a separate rubric for proportionate receipt of praise and help."
05.11,Embodied and socially situated identity,"Self-Knowledge, Identity, and Humility",docs/authoring/exercises/05.yaml,234,579e18d0164337b81e65d9dfc5b8254e9aa40a1887556d9b5b130f05ff571ab7,d3af8b27ef159dcb98c0d687712f68d30322eac4a985c1d9b8579ee56cbe8d06,full_primary,substantive_editorial_followup,False,revision_findings_open,not_demonstrated_by_current_revision_acceptance,E-05.11,"Supply an accessible process brief and a changed condition, then assess the difference between a personal workaround and structural resolution."
05.12,Cultural self-location and inherited assumptions,"Self-Knowledge, Identity, and Humility",docs/authoring/exercises/05.yaml,257,579e18d0164337b81e65d9dfc5b8254e9aa40a1887556d9b5b130f05ff571ab7,c8eaa8248e758150c0aa1b3a96632a47b4a4ba00ba24121cf43e17d6edc8974b,full_primary,substantive_editorial_followup,False,revision_findings_open,not_demonstrated_by_current_revision_acceptance,E-05.12,Provide a bounded attributable account with exact locator and a full fictional contrast; independently check cultural inference and limits.
06.01,Vulnerability as a human condition,"Vulnerability, Trauma, Disability, Neurodiversity, and Dependency",docs/authoring/exercises/06.yaml,4,5966b221bcc670ef54103edd01758507eb0a21cbcd29372dc9c3274383861937,84985741db96a2fcb031046daa9ed296b5bbb7dc458dfb3c3eb6f0e65fc0ffc7,full_primary,substantive_editorial_followup,False,revision_findings_open,not_demonstrated_by_current_revision_acceptance,E-06.01,"Supply a short instruction, offered explanation and unsolicited extra decision; test which help was actually authorized."
06.02,Trauma and post-traumatic stress literacy,"Vulnerability, Trauma, Disability, Neurodiversity, and Dependency",docs/authoring/exercises/06.yaml,27,5966b221bcc670ef54103edd01758507eb0a21cbcd29372dc9c3274383861937,fe3e9f1d9c86ad715b6f2a7c06981dc2b837af2e19c8cdbbf15911ccf8fa0e00,full_primary,substantive_editorial_followup,False,revision_findings_open,not_demonstrated_by_current_revision_acceptance,E-06.02,"Add a non-graphic held-back vignette and support-role check, with qualified terminology review kept open."
06.03,Recovery after violation and betrayal,"Vulnerability, Trauma, Disability, Neurodiversity, and Dependency",docs/authoring/exercises/06.yaml,50,5966b221bcc670ef54103edd01758507eb0a21cbcd29372dc9c3274383861937,48f9bfa87aaf57e0c46d40892d53259a1fc04255c332eae1ecd6ed2d41e759de,full_primary,substantive_editorial_followup,False,revision_findings_open,not_demonstrated_by_current_revision_acceptance,E-06.03,Add a fresh constrained-choice response and provider-scope card for an independent check; preserve preparation versus survivor-chosen contact.
06.04,Chronic illness adaptation,"Vulnerability, Trauma, Disability, Neurodiversity, and Dependency",docs/authoring/exercises/06.yaml,73,5966b221bcc670ef54103edd01758507eb0a21cbcd29372dc9c3274383861937,8a4bee6210e4be09982c88fd546a5ef5aed5e1d79104a6c58b94684264def7eb,full_primary,substantive_editorial_followup,False,revision_findings_open,not_demonstrated_by_current_revision_acceptance,E-06.04,Supply a complete day packet and later observation showing why immediate fit is not proof of sustainability.
06.05,Chronic pain and pain-related functioning,"Vulnerability, Trauma, Disability, Neurodiversity, and Dependency",docs/authoring/exercises/06.yaml,96,5966b221bcc670ef54103edd01758507eb0a21cbcd29372dc9c3274383861937,bdc9a859449f380f9cc86503999d221cea61299738fb0ae4b782218e1a80a8da,full_primary,substantive_editorial_followup,False,revision_findings_open,not_demonstrated_by_current_revision_acceptance,E-06.05,Add a fresh fictional guidance/unknowns record with a separate role-and-status key; retain qualified clinical review.
06.06,"Disability identity, access, and adaptive excellence","Vulnerability, Trauma, Disability, Neurodiversity, and Dependency",docs/authoring/exercises/06.yaml,119,5966b221bcc670ef54103edd01758507eb0a21cbcd29372dc9c3274383861937,6b1bfb9d0a786ed32382814fac0ae5c4b70ff150bb0fcf302214a86877ee2127,full_primary,substantive_editorial_followup,False,revision_findings_open,not_demonstrated_by_current_revision_acceptance,E-06.06,Add another access response with a different hidden barrier and a separate function-based key.
06.07,Neurodiversity and cognitive variation,"Vulnerability, Trauma, Disability, Neurodiversity, and Dependency",docs/authoring/exercises/06.yaml,142,5966b221bcc670ef54103edd01758507eb0a21cbcd29372dc9c3274383861937,363fbacc7f4219de3baf74444c771f9c4df54597afb2c64d6041b01360bbf604,full_primary,substantive_editorial_followup,False,revision_findings_open,not_demonstrated_by_current_revision_acceptance,E-06.07,"Provide two complete uses and one adverse support effect, with a separate bounded-interpretation check."
06.08,Receiving care and seasons of reduced agency,"Vulnerability, Trauma, Disability, Neurodiversity, and Dependency",docs/authoring/exercises/06.yaml,165,5966b221bcc670ef54103edd01758507eb0a21cbcd29372dc9c3274383861937,665e975150d677c30ec42614e9ca0c29a251c7cf988b2f5039da4e6f7c7f5c19,full_primary,substantive_editorial_followup,False,revision_findings_open,not_demonstrated_by_current_revision_acceptance,E-06.08,"Add the actual delivery options and helper limits, then assess a changed preference without inventing entitlement or availability."
06.09,"Accommodation, assistive technology, and universal design","Vulnerability, Trauma, Disability, Neurodiversity, and Dependency",docs/authoring/exercises/06.yaml,188,5966b221bcc670ef54103edd01758507eb0a21cbcd29372dc9c3274383861937,873c38564106095eafddf6b162dad853678480898c774456ac1b990c6070afe7,full_primary,substantive_editorial_followup,False,revision_findings_open,not_demonstrated_by_current_revision_acceptance,E-06.09,Add a second notice or held-back reading-order result and a separate correction key without claiming universal accessibility.
06.10,Dignity under limitation and loss of role,"Vulnerability, Trauma, Disability, Neurodiversity, and Dependency",docs/authoring/exercises/06.yaml,211,5966b221bcc670ef54103edd01758507eb0a21cbcd29372dc9c3274383861937,b2bb6265793e4e458820048ce220cc19696a5ca70c7f913695af44c03aabd5ca,full_primary,substantive_editorial_followup,False,revision_findings_open,not_demonstrated_by_current_revision_acceptance,E-06.10,Add contrasting invitation drafts with delayed corrective criteria; preserve actual grief and ongoing limitation.
06.11,"Relapse, recurrence, and nonlinear recovery","Vulnerability, Trauma, Disability, Neurodiversity, and Dependency",docs/authoring/exercises/06.yaml,234,5966b221bcc670ef54103edd01758507eb0a21cbcd29372dc9c3274383861937,def55c1e229205cf667be276fc506e7e9e96972f94ad37e7b5120d73b5d67517,full_primary,substantive_editorial_followup,False,revision_findings_open,not_demonstrated_by_current_revision_acceptance,E-06.11,"Supply a support-capacity card and unavailability update, plus a fresh check distinguishing recurrence planning from predicted recovery."
06.12,Care-recipient agency and safeguarding,"Vulnerability, Trauma, Disability, Neurodiversity, and Dependency",docs/authoring/exercises/06.yaml,257,5966b221bcc670ef54103edd01758507eb0a21cbcd29372dc9c3274383861937,8e34e1dc93b9625e9acf90d7cc971d52865c29b2c596188a8de664da34d4a027,full_primary,substantive_editorial_followup,False,revision_findings_open,not_demonstrated_by_current_revision_acceptance,E-06.12,"Supply a flawed handover and contact/access packet, then separately test changed preference, refused task and missed need; retain qualified safeguarding review."
06.13,"Ableism, stigma, and inclusive participation","Vulnerability, Trauma, Disability, Neurodiversity, and Dependency",docs/authoring/exercises/06.yaml,280,5966b221bcc670ef54103edd01758507eb0a21cbcd29372dc9c3274383861937,54ef23e21235fb1f716616ae0fe8562c1137d451173b4283e5e2a250149f7eae,full_primary,substantive_editorial_followup,False,revision_findings_open,not_demonstrated_by_current_revision_acceptance,E-06.13,Retain it as a worked example and add a fresh notice with different barriers and separate corrective criteria.
06.14,Professional and emergency boundaries,"Vulnerability, Trauma, Disability, Neurodiversity, and Dependency",docs/authoring/exercises/06.yaml,303,5966b221bcc670ef54103edd01758507eb0a21cbcd29372dc9c3274383861937,0b602e5037fdcc2fb0b30ef85acfc48e76c1f903188d5161d87ed6e95cca594c,full_primary,substantive_editorial_followup,False,revision_findings_open,not_demonstrated_by_current_revision_acceptance,E-06.14,Add brief non-graphic cases and official service-scope cards with a separately revealed routing rationale; keep local verification and specialist acceptance distinct.
07.01,Emotional vocabulary and differentiation,"Emotional Maturity, Resilience, and Mental Well-Being",docs/authoring/emotional-foundations/07.01/learner-guide.md,1,5bc1fbb0c084cf7a06346863c252e915cd822be35c1a72abc1bbbbd716d04e04,b0f6250af8ec3e57007257ffe897bf300816fd42ac767922738fe293d3752cdf,full_primary,substantive_editorial_followup,True,revision_findings_open,not_demonstrated_by_current_revision_acceptance,F-METADATA;E-07.01,Keep the vocabulary distinctions; move editorial status out of learner copy and use a second event for unaided differentiation.
07.02,Body-based emotional awareness,"Emotional Maturity, Resilience, and Mental Well-Being",docs/authoring/emotional-foundations/07.02/learner-guide.md,1,ba4a289d26381a5e50447518af7e1b4777d39993c251472170ce0773933644c6,b11dc5884e888792c9c85c01aa5585762f74c6653e28e72f369ed044e92f925a,full_primary,learner_copy,True,revision_findings_open,not_demonstrated_by_current_revision_acceptance,F-METADATA;E-07.02,"Move governance text to the editorial record; retain timing, absent cues and pain uncertainty in learner instructions."
07.03,The pause between feeling and action,"Emotional Maturity, Resilience, and Mental Well-Being",docs/authoring/emotional-foundations/07.03/learner-guide.md,1,df60c90ee6b889f60195c5a911fac3ac771e60b6f7e88e71418cf7bd911c70f6,813c83575a9e3cc2be182143d30056ae188012cf76cce4f79e001004162475ab,full_primary,substantive_editorial_followup,True,revision_findings_open,not_demonstrated_by_current_revision_acceptance,F-METADATA;E-07.03,Preserve the time constraints; supply an unanswered comparable scheduling conflict and remove editorial metadata.
07.04,Anxiety and courageous exposure,"Emotional Maturity, Resilience, and Mental Well-Being",docs/authoring/emotional-foundations/07.04/learner-guide.md,1,df3b4ec272e18621bb4cdeb8447992b2ad44c10a064d8ee89c116765ce83d8b4,258a8fd38f4b68701cda41635e3cdb5a11aa56d6a60afd5162892dfc7ff451f4,full_primary,substantive_editorial_followup,True,revision_findings_open,not_demonstrated_by_current_revision_acceptance,F-METADATA;E-07.04,"Retain nonclinical and consent boundaries, obtain qualified review before clinical claims, and remove editorial status from learner copy."
07.05,Anger and assertive repair,"Emotional Maturity, Resilience, and Mental Well-Being",docs/authoring/emotional-foundations/07.05/learner-guide.md,1,1e737eabc20d5f560da207560589454bd32bf14b06b43f0c5fa4ec4990cbd895,669891906ea94ed6b8b1e31d4a3d7d7bf08e1bad6e3c9318a1c8f76f5ec9d5f4,full_primary,learner_copy,True,revision_findings_open,not_demonstrated_by_current_revision_acceptance,F-METADATA;E-07.05,Keep the authority contrast and remove governance metadata from learner-facing material.
07.06,"Sadness, grief, and loss","Emotional Maturity, Resilience, and Mental Well-Being",docs/authoring/emotional-foundations/07.06/learner-guide.md,1,e2f1ed0ffa1ca3e512af3d85bf0f5c18f6574a839020d2d8bd3cdf67c747c4af,15dc76238956c5d994da233d28a9ae004fefeca6aa6e9b2283a8373790f98c31,full_primary,learner_copy,True,revision_findings_open,not_demonstrated_by_current_revision_acceptance,F-METADATA;E-07.06,Retain the concrete grief context and move editorial status to a maintainer document.
07.07,"Shame, guilt, and remorse","Emotional Maturity, Resilience, and Mental Well-Being",docs/authoring/emotional-foundations/07.07/learner-guide.md,1,f6c62eaccc704471e9022f591950e21a9e96676639e28383d3308d3f96ba846d,8e568c9cbdf598409cf1ca31cddfab47dbf778ce11b82ace126fcee06d6fa8eb,full_primary,learner_copy,True,revision_findings_open,not_demonstrated_by_current_revision_acceptance,F-METADATA;E-07.07,Keep the actual impact and consented repair; remove internal governance language.
07.08,"Envy, jealousy, and comparison","Emotional Maturity, Resilience, and Mental Well-Being",docs/authoring/emotional-foundations/07.08/learner-guide.md,1,1fab611a64170255f474a9544315b22afa38130c1a15d1913a5a0d58592a0d56,0af39564804daf97b8da2ca320e81eb4c27a5d6692a051565ed3a402484b307b,full_primary,substantive_editorial_followup,True,revision_findings_open,not_demonstrated_by_current_revision_acceptance,F-METADATA;E-07.08,Use an unanswered comparison case after instruction; move editorial status outside the learner guide.
07.09,Healthy emotional expression,"Emotional Maturity, Resilience, and Mental Well-Being",docs/authoring/emotional-foundations/07.09/learner-guide.md,1,1564bf89250f0626270a386843cd9ba8a808dd9e1f0b8ffe87e7ced2303f44f9,3da8263b0d61ef8ab24582ba72ce48b9e5eecfe26acfa78e95e7a7fd22a13a9a,full_primary,learner_copy,True,revision_findings_open,not_demonstrated_by_current_revision_acceptance,F-METADATA;E-07.09,Retain the changed-fact contrast and relocate maintainer-only content.
07.10,Self-compassion with standards,"Emotional Maturity, Resilience, and Mental Well-Being",docs/authoring/emotional-foundations/07.10/learner-guide.md,1,6b9dcedfb5b2a3e6692d0ec494487d059ae2401281acae6b843815b37b7252a2,7c2bdf1d91cc236036762d086344689b94b1e59e3ecbbde8ab75025fe1854088,full_primary,substantive_editorial_followup,True,revision_findings_open,not_demonstrated_by_current_revision_acceptance,F-METADATA;E-07.10,Specify exactly what is reduced and what the partner must agree to; remove editorial status from learner copy.
07.11,"Hope, optimism, joy, and contentment","Emotional Maturity, Resilience, and Mental Well-Being",docs/authoring/emotional-foundations/07.11/learner-guide.md,1,bc41d52f0a208ed24e3d0988e73bc709eab42c59531ab0fe2e932b99eebf0a9a,6b79f546da73a23e7af9273a955c9ec2d99b5f26b4fe4663ecc640518f01008f,full_primary,learner_copy,True,revision_findings_open,not_demonstrated_by_current_revision_acceptance,F-METADATA;E-07.11,Keep the refusal route and pending approval; relocate governance content.
07.12,Resilience and post-setback adaptation,"Emotional Maturity, Resilience, and Mental Well-Being",docs/authoring/emotional-foundations/07.12/learner-guide.md,1,6dcf1865760e84f91c47f3bd08d64ef49b6d0eb733d2e13dbdd7703541793308,1258489efa8fc6652f3734eb638e16661ef0b949298fab1b86366688fc75c7cf,full_primary,learner_copy,True,revision_findings_open,not_demonstrated_by_current_revision_acceptance,F-METADATA;E-07.12,Preserve actual available minutes and ownership limits; remove maintainer metadata.
07.13,Mental-health literacy and help-seeking,"Emotional Maturity, Resilience, and Mental Well-Being",docs/authoring/attention-agency/07.13/learner-guide.md,1,c1942c80a10a70301741ea8d3410f4b660fb26406de474447c4d96d039eec9b5,5c88ca947d985ffb47fd8b56c2247fe60a7d5a1594cae513103c02936fc3100e,full_primary,substantive_editorial_followup,True,revision_findings_open,not_demonstrated_by_current_revision_acceptance,F-METADATA;E-07.13,"Verify the cited services and narrow claim anchors, retain escalation and access limits, and move governance metadata out of learner copy."
07.14,Chronic dysregulation and skill generalization,"Emotional Maturity, Resilience, and Mental Well-Being",docs/authoring/attention-agency/07.14/learner-guide.md,1,48db28627ca4711e54d248266eb9b8a27a8f52b9b8136e8fceb77dd74e42ecf6,84545b077db202735ba81b6802952b4846ef78e96b3050c549ac24979000156c,full_primary,substantive_editorial_followup,True,revision_findings_open,not_demonstrated_by_current_revision_acceptance,F-METADATA;E-07.14,"Retain the limitation, develop a bounded next-context route before broader claims, and remove maintainer status from learner copy."
08.01,Attention audit,"Attention, Desire, Temperance, and Discipline",docs/authoring/attention-agency/08.01/learner-guide.md,1,e863f6e452663853cb4b0799dfefc0fb47260be5c32c0d255ec06ec7da631783,6370a4205dbe1682a17412c4bb5497637da3ad31cdd8640b0c7e535914fdb246,full_primary,learner_copy,True,revision_findings_open,not_demonstrated_by_current_revision_acceptance,F-METADATA;E-08.01,Retain unknown duration and comparable-window limits; move schema and governance notes outside the learner guide.
08.02,Mindfulness and present attention,"Attention, Desire, Temperance, and Discipline",docs/authoring/attention-agency/08.02/learner-guide.md,1,2b7de3c9b31dc690dfefe09b3359ee61da6f1722ca5da2740576cac58d1a2540,81b2503af8b1db584a09bbddb30d81c94ba6985f4db1f159c2c0ad3a3fcb3aaa,full_primary,substantive_editorial_followup,True,revision_findings_open,not_demonstrated_by_current_revision_acceptance,F-METADATA;E-08.02,Give the task enough meaningful optional material for the window without productivity scoring; preserve frozen rules and relocate engineering metadata.
08.03,Impulse control,"Attention, Desire, Temperance, and Discipline",docs/authoring/attention-agency/08.03/learner-guide.md,1,b0827e13b0bc631fc7090ec0e3f7ba49f8522dd972a194224e9caaa33b577618,908aa3ae9d00b4ed41512eab6d7bb22aee8fa9a8e21c3c19cdf619b64ea3594a,full_primary,substantive_editorial_followup,True,revision_findings_open,not_demonstrated_by_current_revision_acceptance,F-METADATA;E-08.03,"Add an unanswered transfer situation requiring the learner to identify cue, reason and timing; remove maintainer copy."
08.04,"Desire, craving, and lust","Attention, Desire, Temperance, and Discipline",docs/authoring/attention-agency/08.04/learner-guide.md,1,3124ac038c1e52e2837a6268edf51762bf892d20594c4cd32cb1afbed6659ccc,23bdb960687df4d4c2dcda6080629072a14b2874f84df8b429dfea53b54753fa,full_primary,substantive_editorial_followup,True,revision_findings_open,not_demonstrated_by_current_revision_acceptance,F-METADATA;E-08.04,Use a new timing/consent case without its answer in the guide and relocate governance text.
08.05,Tolerance of discomfort,"Attention, Desire, Temperance, and Discipline",docs/authoring/attention-agency/08.05/learner-guide.md,1,9572bd43bfe0312104f452254546532751fd96e4a140c362a9cad511406f1b61,e4dc8facfa4577e59150e5a74d67e6723669097b3438104d6e8474feda3d033c,full_primary,substantive_editorial_followup,True,revision_findings_open,not_demonstrated_by_current_revision_acceptance,F-METADATA;E-08.05,Supply a new duration/stop record for independent interpretation; remove editorial metadata.
08.06,Action independent of motivation,"Attention, Desire, Temperance, and Discipline",docs/authoring/attention-agency/08.06/learner-guide.md,1,52cf0e819efade075fa26a5c3dc496a1bc5678f5638b08e0b8697284fc4d4579,1ff944caea8472a97436c254463fc103dc240ae42aaed76d885023c5c8e19d60,full_primary,learner_copy,True,revision_findings_open,not_demonstrated_by_current_revision_acceptance,F-METADATA;E-08.06,"Keep the actual-start/deferral distinction and frozen semantics, but move schema compatibility checks and internal status to maintainer review."
08.07,Habit and environment design,"Attention, Desire, Temperance, and Discipline",docs/authoring/attention-agency/08.07/learner-guide.md,1,422b54a71d15db06750b8a3d56071614f0fca36220f7537ee524234de63b6c34,453743c1d024a92cba8e9fc88582971f7a88a27fac72a576db4e7dfda614f18e,full_primary,learner_copy,True,revision_findings_open,not_demonstrated_by_current_revision_acceptance,F-METADATA;E-08.07,Retain the mixed outcome and consented accountability limits; remove maintainer metadata.
08.08,Consistency and minimum standards,"Attention, Desire, Temperance, and Discipline",docs/authoring/attention-agency/08.08/learner-guide.md,1,fbbbfa755bf7cc6ee93f1d49e4ebc82ddac9378035aec612f2059af6991f994c,1414f44a991d96248068f27345669d38a74bd390eb13225a2fca30c7835e1fb9,full_primary,learner_copy,True,revision_findings_open,not_demonstrated_by_current_revision_acceptance,F-METADATA;E-08.08,Preserve all three statuses and the capacity-based revision rule; relocate editorial metadata.
08.09,Voluntary restraint and hardship,"Attention, Desire, Temperance, and Discipline",docs/authoring/attention-agency/08.09/learner-guide.md,1,cc536bd891fad01474078f51a86aaa2715a95941bcfbd4d8b67595558cc1a829,7d8a7d5275138b4e151c80f8883e538ca914c40a7dab0ba76c2520354be90664,full_primary,substantive_editorial_followup,True,revision_findings_open,not_demonstrated_by_current_revision_acceptance,F-METADATA;E-08.09,Use a different boundary/ownership scenario for transfer and move internal status outside learner copy.
08.10,Completion and perseverance,"Attention, Desire, Temperance, and Discipline",docs/authoring/attention-agency/08.10/learner-guide.md,1,dbc6de99517f9dfb78c77a598fd140b9ccd8bf2ebe8ff6eabe4a8c1a096e7e46,bb8fada81e77cc539c2f8f8f99ec5c65da90289b5e92d5bcda3ea216650e8c95,full_primary,learner_copy,True,revision_findings_open,not_demonstrated_by_current_revision_acceptance,F-METADATA;E-08.10,Keep explicit done criteria and responsible shared-task termination; remove maintainer metadata.
08.11,Discipline without domination or purity,"Attention, Desire, Temperance, and Discipline",docs/authoring/attention-agency/08.11/learner-guide.md,1,7c541de503cfdf8b6761e473eb8b04fdd907011b0c7f4e86cf3c7d662e128aa2,882c7253c40645c00c075081629dfc8f51cb5b19f0c3ff3610ff8a8f42958895,full_primary,learner_copy,True,revision_findings_open,not_demonstrated_by_current_revision_acceptance,F-METADATA;E-08.11,Retain the failed retrieval and untested revision; move governance material out of learner copy.
09.01,Observation versus interpretation,"Reasoning, Science, Truth, and Decision-Making",docs/authoring/reasoning-foundations/09.01/learner-guide.md,1,f1fa5e5a74c1cc782549d4cd7b23ef902ec91515750e9251ca07f7b9d9c87a88,f9cb5b5922cead585575ca189a40ff956de197636ad350bfc11ba239e93ec8be,full_primary,learner_copy,True,revision_findings_open,not_demonstrated_by_current_revision_acceptance,E-09.01,Move application and acceptance-status commentary into authoring records; preserve the evidence-attribution and correction tasks.
09.02,Logic and argument structure,"Reasoning, Science, Truth, and Decision-Making",docs/authoring/reasoning-foundations/09.02/learner-guide.md,1,2b1081bfc4b3d6a5e6a37f9eeb612354dde2bdb6d13c3642b56ffe31ef199460,a1e1fffe8b0ab9fe54adc295ae58c06214ee6531ca6fa087e975b3e43f681fc9,full_primary,learner_copy,True,revision_findings_open,not_demonstrated_by_current_revision_acceptance,E-09.02,Retain the argument-specific counterexamples and uncertainty distinctions; move scoring and review-process status out of learner-facing materials.
09.03,Cognitive and motivational bias,"Reasoning, Science, Truth, and Decision-Making",docs/authoring/reasoning-foundations/09.03/learner-guide.md,1,41303921f63864e03f12b37a4918b41be89fab7e1f233e952a46b0b7f7423f97,d6bde88b8f84cee9e1fcec62b81da0409c12d04f785bfa830e6f48e6ee131992,full_primary,learner_copy,True,revision_findings_open,not_demonstrated_by_current_revision_acceptance,E-09.03,Relocate implementation and acceptance-status commentary; retain explicit real-choice evidence limits and the unchanged-choice adverse check.
09.04,Source and evidence evaluation,"Reasoning, Science, Truth, and Decision-Making",docs/authoring/evidence-humility-forecasting/09.04/learner-guide.md,1,968b9cb27f3eccb543efcee60d744ad6530e526649b350810b66a1a6737be71e,9312f0fffea366a5d1996caf7be3b86c655c19226964c7542f9fd9ffdbaa2dd9,full_primary,no_new_blocker_observed,True,acceptance_not_established,not_demonstrated_by_current_revision_acceptance,,Retain the denominator and dependent-source checks; obtain the required fresh independent and qualified reviews before acceptance.
09.05,Epistemic humility,"Reasoning, Science, Truth, and Decision-Making",docs/authoring/evidence-humility-forecasting/09.05/learner-guide.md,1,82de8d21e4fffa404dd76e144bcaf78e546a79fa70aeb94ebb808e122856b187,d0af0466c6997fc8968ce2c54b2c654dc766614700adc1857c6999e326e4ee5e,full_primary,no_new_blocker_observed,True,acceptance_not_established,not_demonstrated_by_current_revision_acceptance,,Preserve versioned belief records and distinguish fictional updating from actual meaningful-belief evidence; complete independent review before acceptance.
09.06,Probabilistic and scenario thinking,"Reasoning, Science, Truth, and Decision-Making",docs/authoring/evidence-humility-forecasting/09.06/learner-guide.md,1,b9564799c77aee1c9de5bde4d65a1b7e678d1217a5e906ca3ab51d4704b445a4,ffae8fa6e31fa25e737933dd09f015532f76521e554d0c310fa740090cd4808f,full_primary,learner_copy,True,revision_findings_open,not_demonstrated_by_current_revision_acceptance,E-09.06,Remove application/production scoring commentary while retaining educational limits; preserve the missing-outcome denominator and different-event-set adverse checks.
09.07,Systems and causal reasoning,"Reasoning, Science, Truth, and Decision-Making",docs/authoring/systems-causes-tradeoffs/09.07/learner-guide.md,1,706f58a29e770beade4b209b27db4c0068c2de8c0f9972774233f5a8166edd51,f0492ff55eaa7ff31ffe1a6da289f73cc50c7f5bd2775aa47fb64bef6cff170e,full_primary,no_new_blocker_observed,True,acceptance_not_established,not_demonstrated_by_current_revision_acceptance,,Retain separate delayed and hidden stocks and explicit model assumptions; complete independent review and avoid inferring real service improvement from the simulation.
09.08,Root-cause problem solving,"Reasoning, Science, Truth, and Decision-Making",docs/authoring/systems-causes-tradeoffs/09.08/learner-guide.md,1,85f89bd1d23f17b19abd53910143e2d9e73da599b619e8eaacd9f78bc05de75d,cf339ea902c7daad2cbd05fec3ff8d96cc5970001fed00379f9c9a271283f415,full_primary,learner_copy,True,revision_findings_open,not_demonstrated_by_current_revision_acceptance,E-09.08,"Move production-contract and acceptance-status prose to author records; preserve the causal contrasts, explicit holds and real-improvement evidence boundary."
09.09,Tradeoffs and opportunity cost,"Reasoning, Science, Truth, and Decision-Making",docs/authoring/systems-causes-tradeoffs/09.09/learner-guide.md,1,e33ae34abad60c5aaf1179ce593ea0d194312658af1878df7861d982f1c12bae,a6375d17e8334b2412ec2ea75802e0d510b54f7ff3226609b695181c18dc8677,full_primary,no_new_blocker_observed,True,acceptance_not_established,not_demonstrated_by_current_revision_acceptance,,"Preserve explicit preference assumptions, contingent consent and foregone alternatives; obtain independent review and actual follow-through evidence where claimed."
09.10,Risk assessment and precaution,"Reasoning, Science, Truth, and Decision-Making",docs/authoring/risk-judgment-inference/09.10/learner-guide.md,1,5ab68f2c13e4f51c13d3a0a4196756e0d9589e26e732f12b4136bf79fbf1d6b4,9dba496516c576a163549510ce2c5017904e1205a748d0a5e87929fe6460c022,full_primary,substantive_editorial_followup,True,revision_findings_open,not_demonstrated_by_current_revision_acceptance,E-09.10,Keep the detector/dependence challenge and replace or relabel the repeated numerical portion; preserve the six risk dimensions and bounded tabletop evidence.
09.11,Practical wisdom and context,"Reasoning, Science, Truth, and Decision-Making",docs/authoring/risk-judgment-inference/09.11/learner-guide.md,1,42b0cb458ad4dd8be3f7f3922f3cfbbebba99e7b21213622b86fe234f5be3bdf,af5703f0b3d5ea1d06a338a0f512fe85fac3f9f60aaf6a9f18aa12a41c2150b3,full_primary,no_new_blocker_observed,True,acceptance_not_established,not_demonstrated_by_current_revision_acceptance,,Preserve materially relevant context distinctions and plural acceptable responses; complete independent contextual review and distinguish rehearsal from actual communication.
09.12,Decision records and updating,"Reasoning, Science, Truth, and Decision-Making",docs/authoring/risk-judgment-inference/09.12/learner-guide.md,1,9102bbd66074ef48fdf6ae50b3fb2faaeaf1b4d8646cdfee73be5d4159c4c53d,0bc6f23be3ab2ee12f60ab5b52d67df70ec9deaf596181f0a9038f7e06ba2b82,full_primary,learner_copy,True,revision_findings_open,not_demonstrated_by_current_revision_acceptance,F-METADATA;E-09.12,"Retain neutral-code privacy and real-versus-simulated chronology, but move compatibility and production-validation instructions to maintainer records. Preserve retained typed evidence unchanged."
09.13,Statistical literacy,"Reasoning, Science, Truth, and Decision-Making",docs/authoring/risk-judgment-inference/09.13/learner-guide.md,1,ee9409757e686e4b617e383d3087ab02d54e388e5e785e8cc5e9c3fdfb0b5fb7,8dafc6b90b662ddfce832f9bda017b3519d1ca594c55d5437c58ffae42be5e8b,full_primary,no_new_blocker_observed,True,acceptance_not_established,not_demonstrated_by_current_revision_acceptance,,Preserve worked-versus-fresh datasets and denominator-specific feedback; obtain independent statistical review before professional acceptance.
09.14,Scientific reasoning and research design,"Reasoning, Science, Truth, and Decision-Making",docs/authoring/risk-judgment-inference/09.14/learner-guide.md,1,3200930b0a6b813b5714d10c2ef7e53e609ad4fd95be538ae893b2379e14a468,075e672d2eab762f009d0d5c7438b82b3e9c305e67effb39e0a4d486830cf434,full_primary,no_new_blocker_observed,True,acceptance_not_established,not_demonstrated_by_current_revision_acceptance,,"Preserve full decks, prospective criterion and error-aware denominators; secure independent methods review and do not count synthetic runs as participant evidence."
09.15,Causal inference and intervention logic,"Reasoning, Science, Truth, and Decision-Making",docs/authoring/risk-judgment-inference/09.15/learner-guide.md,1,bf9e00dcc3357bae3e3797edb1fc810cea9b540f9289ee550ddf9bd9095b6105,24dfd7df1c050759f9f48ae12ce77c8b3d27ca276216e49f109bd494e2398d3e,full_primary,no_new_blocker_observed,True,acceptance_not_established,not_demonstrated_by_current_revision_acceptance,,"Retain causal-question specificity, counterfactual nonidentification and intervention burden checks; complete independent domain review before acceptance."
09.16,"Models, simulations, and abstraction limits","Reasoning, Science, Truth, and Decision-Making",docs/authoring/models-information-execution/09.16/learner-guide.md,1,04fb6f79e3365cf4222301d9c82b1a79717716d247a92199932a12f9e7189116,1102b2e6da2445506ebe96461065dd9db4723c107f519e36c1e721e7a2561c34,full_primary,no_new_blocker_observed,True,acceptance_not_established,not_demonstrated_by_current_revision_acceptance,,"Preserve frozen model versions, changed-category suspension and explicit nonprobabilistic sensitivity; obtain independent review and real-process validation for any real use claim."
09.17,Adversarial reasoning and information operations,"Reasoning, Science, Truth, and Decision-Making",docs/authoring/models-information-execution/09.17/learner-guide.md,1,a2a83204b2ed756a8f22ede79b396ba8a2e1e87ee34f4635c2d82eab83c5f24b,ce4f0124153e4ab0fc4280bcc587302dc17eb86184d18418722a9d07a7502e48,full_primary,no_new_blocker_observed,True,acceptance_not_established,not_demonstrated_by_current_revision_acceptance,,Preserve claim-level provenance and defensive verification limits; actual independent checking and qualified review remain necessary for their respective acceptance claims.
10.01,The science of learning,"Learning, Memory, Curiosity, Apprenticeship, and Teaching",docs/authoring/exercises/10.yaml,4,2d4a519948c6446127dcb5fe041af9995a936d9eef2d63b817553ced3477ca09,731fee7666ee1aed3356752d1312009d79ca9beffe98458315c9d5bf77d25e87,full_primary,no_new_blocker_observed,False,acceptance_not_established,not_demonstrated_by_current_revision_acceptance,,Retain separated keys and obtain revision-bound A/B/C evidence.
10.02,Deliberate practice,"Learning, Memory, Curiosity, Apprenticeship, and Teaching",docs/authoring/exercises/10.yaml,273,2d4a519948c6446127dcb5fe041af9995a936d9eef2d63b817553ced3477ca09,cb9bb450db9ee4ba2079833a92af3c5af32757c0cf23157d82d0d71274e1d807,full_primary,learner_copy,False,revision_findings_open,not_demonstrated_by_current_revision_acceptance,E-10.02,Move compatibility wording to maintainer material and clarify the private diagnostic versus application scoring.
10.03,Curiosity and question formation,"Learning, Memory, Curiosity, Apprenticeship, and Teaching",docs/authoring/exercises/10.yaml,497,2d4a519948c6446127dcb5fe041af9995a936d9eef2d63b817553ced3477ca09,7137b68dcdd850c03e7cd7415415d6b7e0ce9580e3b00979cdd603bd532857fd,full_primary,substantive_editorial_followup,False,revision_findings_open,not_demonstrated_by_current_revision_acceptance,E-10.03,Correct the inconsistent fact and add a check distinguishing pairs from distinct notices; recompile and re-review affected projections.
10.04,Research and information gathering,"Learning, Memory, Curiosity, Apprenticeship, and Teaching",docs/authoring/exercises/10.yaml,637,2d4a519948c6446127dcb5fe041af9995a936d9eef2d63b817553ced3477ca09,ad45cc43e252ffd9ef9d8ee830e0cd878efbd6a5919871ff4e41682362b32b86,full_primary,substantive_editorial_followup,False,revision_findings_open,not_demonstrated_by_current_revision_acceptance,E-10.04,Keep the source-role task as guided practice and add a separate source set with a new authority/effective-date conflict and its key for unassisted transfer.
10.05,Knowledge organization and notes,"Learning, Memory, Curiosity, Apprenticeship, and Teaching",docs/authoring/exercises/10.yaml,786,2d4a519948c6446127dcb5fe041af9995a936d9eef2d63b817553ced3477ca09,1d57e361a51aa7cdde77c0eedb161331899894ac3b348e75712c125de45d2166,full_primary,substantive_editorial_followup,False,revision_findings_open,not_demonstrated_by_current_revision_acceptance,E-10.05,"Retain the worked note as teaching and provide a different short source for independently building a note, then test later use through its learner-chosen cue; preserve the valid fresh arithmetic and support log."
10.06,Memory and recall,"Learning, Memory, Curiosity, Apprenticeship, and Teaching",docs/authoring/exercises/10.yaml,924,2d4a519948c6446127dcb5fe041af9995a936d9eef2d63b817553ced3477ca09,ca51ec07544ae159e5f7e037aca42ba9a9c5f40b07c24736768df4b7e9c65896,full_primary,substantive_editorial_followup,False,revision_findings_open,not_demonstrated_by_current_revision_acceptance,E-10.06,Separate retrieval route from correctness in the recording instructions so an unaided wrong response and a cued wrong response can both be recorded without ambiguity.
10.07,Skill decomposition and progression,"Learning, Memory, Curiosity, Apprenticeship, and Teaching",docs/authoring/exercises/10.yaml,1111,2d4a519948c6446127dcb5fe041af9995a936d9eef2d63b817553ced3477ca09,f3c735b31128e538cb382b0fa4650980b6fdc903124c10b75a1f0b663aad609c,full_primary,substantive_editorial_followup,False,revision_findings_open,not_demonstrated_by_current_revision_acceptance,E-10.07,Move A-F answers behind their practice check; reconcile outer and instructional milestone definitions while preserving the distinct G integration test and self-review label.
10.08,Feedback and error correction,"Learning, Memory, Curiosity, Apprenticeship, and Teaching",docs/authoring/exercises/10.yaml,1303,2d4a519948c6446127dcb5fe041af9995a936d9eef2d63b817553ced3477ca09,6c39bf8b177095a017aa814c58142df7a6318248a5bd31fadc5010aa40b690c2,full_primary,substantive_editorial_followup,False,revision_findings_open,not_demonstrated_by_current_revision_acceptance,E-10.08,"Describe the correction as the complete semantic repair or actually isolate one change, and align the retest/partial-result explanation with that choice."
10.09,Independent learning and resourcefulness,"Learning, Memory, Curiosity, Apprenticeship, and Teaching",docs/authoring/exercises/10.yaml,1489,2d4a519948c6446127dcb5fe041af9995a936d9eef2d63b817553ced3477ca09,52cc86086e770399f44713e93ec9481834a4e015a9361c7613db201b96320286,full_primary,substantive_editorial_followup,False,revision_findings_open,not_demonstrated_by_current_revision_acceptance,E-10.09,Replace the extension with genuinely unseen inputs or remove their prior answers; inspect the entire learner bundle before claiming unaided transfer.
10.10,Teaching and explanation,"Learning, Memory, Curiosity, Apprenticeship, and Teaching",docs/authoring/exercises/10.yaml,1671,2d4a519948c6446127dcb5fe041af9995a936d9eef2d63b817553ced3477ca09,45ed3c2ec8ce75d7e5d02d417108125e182821b37c51b10cdaf582b503b9c9a0,full_primary,no_new_blocker_observed,False,acceptance_not_established,not_demonstrated_by_current_revision_acceptance,,"Preserve consent, access inquiry, answer-withholding and the actual-learner versus rehearsal boundary; obtain independent teaching review and real learner evidence before those claims are accepted."
10.11,Breadth and interdisciplinary literacy,"Learning, Memory, Curiosity, Apprenticeship, and Teaching",docs/authoring/exercises/10.yaml,1858,2d4a519948c6446127dcb5fe041af9995a936d9eef2d63b817553ced3477ca09,fc1b2b106222447ee1051383b364a0b15ed7b1e4889660b0a09856195548b478,full_primary,substantive_editorial_followup,False,revision_findings_open,not_demonstrated_by_current_revision_acceptance,E-10.11,"Correct the selected-versus-uninvestigated lens accounting consistently across prompt/template/key, and add a new evidence pair for independent synthesis after the guided D1/U1 example."
10.12,Apprenticeship and tacit knowledge,"Learning, Memory, Curiosity, Apprenticeship, and Teaching",docs/authoring/exercises/10.yaml,2058,2d4a519948c6446127dcb5fe041af9995a936d9eef2d63b817553ced3477ca09,7d6b26564f2b5425b0906fb57af68004528aa9b607c0ad79a60fef159018f880,full_primary,substantive_editorial_followup,False,revision_findings_open,not_demonstrated_by_current_revision_acceptance,E-10.12,"Keep the safe guided encounter and honest simulation limits; supply a bounded, accessible community-of-practice participation pathway with permission, observation, contribution and feedback evidence, or document the unresolved canonical facet for review."
10.13,Communal and intergenerational knowledge transmission,"Learning, Memory, Curiosity, Apprenticeship, and Teaching",docs/authoring/exercises/10.yaml,2235,2d4a519948c6446127dcb5fe041af9995a936d9eef2d63b817553ced3477ca09,4b6ef1d99bb6ab68421d96d536139f611d932f38f6c5639d9f1a5d6f73b5d1ce,full_primary,no_new_blocker_observed,False,acceptance_not_established,not_demonstrated_by_current_revision_acceptance,,"Retain content and distribution checks, legitimate variation and accessible readback; obtain independent review and actual holder/recipient evidence before claiming real transmission."
10.14,Accessible and differentiated learning,"Learning, Memory, Curiosity, Apprenticeship, and Teaching",docs/authoring/exercises/10.yaml,2415,2d4a519948c6446127dcb5fe041af9995a936d9eef2d63b817553ced3477ca09,c2c81161be91089f90a9db899bb729347ae2f962bcc2b6105520c51c25bd7b8e,full_primary,no_new_blocker_observed,False,acceptance_not_established,not_demonstrated_by_current_revision_acceptance,,"Preserve learner-chosen supports, full path criteria and usability/performance separation; obtain independent accessibility review and actual learner evidence before claiming improvement."
11.01,Time and energy audit,"Time, Priorities, Goals, and Execution",docs/authoring/models-information-execution/11.01/learner-guide.md,1,f9bc532e67cf3ddc367c8f2e6d0e49aaefe0be56f251bf44a54fc3734586e1bf,0371fb6b477354e37503cb43c0405d9ae97bdf246c8f7e3ad403580b3e2c54e0,full_primary,no_new_blocker_observed,True,acceptance_not_established,not_demonstrated_by_current_revision_acceptance,,Retain task-specific energy descriptions and actual-duration limits; independent review and actual observation are required before claims of changed personal allocation.
11.02,Priority hierarchy,"Time, Priorities, Goals, and Execution",docs/authoring/models-information-execution/11.02/learner-guide.md,1,ccccb386a0de76c93b8d6b87647b3908ae8d7d9b565475b8aef57a710e918c46,8230765e0cd5fcd9b3c9b6ea82d2f5dccc9fbaa85f289145e76eab6b4a848da1,full_primary,no_new_blocker_observed,True,acceptance_not_established,not_demonstrated_by_current_revision_acceptance,,"Preserve plural defensible priorities, real duration/consent constraints and explicit deferrals; obtain independent review and live follow-through evidence for those claims."
11.03,Goal definition and success criteria,"Time, Priorities, Goals, and Execution",docs/authoring/models-information-execution/11.03/learner-guide.md,1,951614ff2b74785bf6cdc2ce56ed42263913d8c9480dc8184b490b12ca3714ac,a5543e25778e9ae4265d00b5cc3c2d700db056879fde3533f519a035af5ad502,full_primary,no_new_blocker_observed,True,acceptance_not_established,not_demonstrated_by_current_revision_acceptance,,"Retain predeclared criteria, versioned revisions and distinct missing/failed evidence; independent review and real-user usefulness remain unestablished."
11.04,Milestones and task decomposition,"Time, Priorities, Goals, and Execution",docs/authoring/models-information-execution/11.04/learner-guide.md,1,4569645e45d878a0837144d1826fd6ba295bb151ab2ae8b51bb4de8456abf0ac,dc07b8e431ae235dfb14f6c987d78ed74179e991715cd796e274e291da6d9563,full_primary,substantive_editorial_followup,True,revision_findings_open,not_demonstrated_by_current_revision_acceptance,E-11.04,Relabel the reused graph portion as guided retrieval or provide a genuinely different dependency network for fresh assessment; retain the cycle repair and branch-specific milestone evidence.
11.05,Scheduling and realistic capacity,"Time, Priorities, Goals, and Execution",docs/authoring/execution-capacity-closeout/11.05/learner-guide.md,1,b9e0c231ac106e65a7bacdd4ba66e93990130458859e8d5035e1158b3b32f554,d14c23a69945378a3baea58e4b77aacd2d945449feafb0e0ce3eae02c7458bdd,full_primary,learner_copy,True,revision_findings_open,not_demonstrated_by_current_revision_acceptance,E-11.05,"Move the application-contract aside to maintainer documentation; retain interval feasibility, branch separation and pending-work accounting."
11.06,Project and workflow management,"Time, Priorities, Goals, and Execution",docs/authoring/execution-capacity-closeout/11.06/learner-guide.md,1,1c35e8d2e561623668ce8405febd45c087de35bfd24ba5a697929ca75e67a8f7,98bbab358852a0ba8fb54f64e8850c483cde64177231b6275458f1c728797dcb,full_primary,no_new_blocker_observed,True,acceptance_not_established,not_demonstrated_by_current_revision_acceptance,,"Preserve artifact-level done rules, versioned rework and actual consent boundaries; obtain independent workflow review and live delivery evidence where claimed."
11.07,Pacing and sustainable intensity,"Time, Priorities, Goals, and Execution",docs/authoring/execution-capacity-closeout/11.07/learner-guide.md,1,6675ac412ac80c5a25be1e7ff7f7baa53b75c2b8f65309a5770c0afdac404d99,2c009cea0c986067ccd917d8d5d175d07d022c7a093ab03c66c191aba523f448,full_primary,no_new_blocker_observed,True,acceptance_not_established,not_demonstrated_by_current_revision_acceptance,,"Preserve the positive sprint case, recovery branch and aftermath accounting; independent review and actual sustainable-capacity evidence remain separate."
11.08,Follow-through and accountability,"Time, Priorities, Goals, and Execution",docs/authoring/execution-capacity-closeout/11.08/learner-guide.md,1,9b372427c62f75210d78151bf5e8249d13d9afe1c8ee8701e62e84870fee83ca,d0feaafe77d49350961d506278103ef0f2fe1cc8f145b23ae9dcd1117817d4ef,full_primary,learner_copy,True,revision_findings_open,not_demonstrated_by_current_revision_acceptance,E-11.08,"Move internal application and project-status prose to author records while retaining practical privacy, promise history, acceptance and receipt distinctions."
11.09,"Review, measurement, and adaptation","Time, Priorities, Goals, and Execution",docs/authoring/execution-capacity-closeout/11.09/learner-guide.md,1,ddcd4a04f8119768e51c89a5172f7309a38e9fb7941eec7e92f9a48afa8e615b,5c0c96f2366e201628df409841aafebc4e6103d6e7a3c94d23460fec1446d046,full_primary,no_new_blocker_observed,True,acceptance_not_established,not_demonstrated_by_current_revision_acceptance,,"Preserve daily versus total caps, known adverse-burden overrides and concrete next actions; obtain independent review and actual changed-method evidence for real behavioral claims."
11.10,Saying no and ending responsibly,"Time, Priorities, Goals, and Execution",docs/authoring/execution-capacity-closeout/11.10/learner-guide.md,1,5578c07e2d6e1e8ded271ef1499775a249cfb5bf623c3c25c68165a91cbe17bc,bab3ddb8ddb80ab9dd3ddca886e9d83fd105d993fb1fcc4c4c4ab1be9c033a61,full_primary,learner_copy,True,revision_findings_open,not_demonstrated_by_current_revision_acceptance,E-11.10,"Relocate compatibility/action/evidence machinery to maintainers while preserving the useful no-opportunity distinction, actual time reporting and resource obligations. Keep the frozen runtime protocol unchanged."
12.01,Health literacy and preventive care,"Physical Health, Fitness, and Embodiment",docs/authoring/health-foundations/12.01/learner-guide.md,1,c6d504271d02317ae58367d87809bc32db03ddfa84d36b55fe945d16e83c0c37,cfce12c7c744198a1ce545bdf6101f73e78fb659fb547e0ca2c5292ddde8f9d7,full_primary,presentation_or_progression,True,revision_findings_open,not_demonstrated_by_current_revision_acceptance,E-12.01,"Move implementation-status prose out of learner flow; preserve record uncertainty, separate clinical channels and consent. Obtain qualified clinical and independent learner review before acceptance."
12.02,Sleep and circadian health,"Physical Health, Fitness, and Embodiment",docs/authoring/health-foundations/12.02/learner-guide.md,1,c515a72384ccc68078d078e2c2806a493edf7da106247d47c9080fb8c7519ffc,2c8cace852f626d720c7255ac6c0cec174cd404d9e7ee45399cd467589f9019e,full_primary,presentation_or_progression,True,revision_findings_open,not_demonstrated_by_current_revision_acceptance,E-12.02,"Relocate application compatibility prose; retain missingness, support and convenience-versus-benefit distinctions. Obtain qualified sleep/clinical and independent learner review."
12.03,Nutrition fundamentals,"Physical Health, Fitness, and Embodiment",docs/authoring/health-foundations/12.03/learner-guide.md,1,62738e9ee5d4ff931ae56799c8962e0b9b4c492375711806fba2c0a7106b2971,94823e1f32f5181871353b904a549a83831ff30b20e780b8ef648620f6becb1e,full_primary,presentation_or_progression,True,revision_findings_open,not_demonstrated_by_current_revision_acceptance,E-12.03,Move application-status commentary to maintainers; retain the fictional personal-plan basis and cash/storage constraints. Obtain qualified dietetic/allergy and independent learner review without treating synthetic suitability as real advice.
12.04,Food relationship and body image,"Physical Health, Fitness, and Embodiment",docs/authoring/health-foundations/12.04/learner-guide.md,1,408bdc6163b89499e34eeec793db4c0b19332f2f227f8a79a1db1854375cc2f0,3b42003875b889677d8eb1a2780599fbd851afcaacd75a818c9da4b546c453db,full_primary,presentation_or_progression,True,revision_findings_open,not_demonstrated_by_current_revision_acceptance,E-12.04,"Use ordinary learner feedback wording and move application/acceptance commentary to author records; retain the optional garment route and qualified-support boundary, with clinical and independent learner review pending."
12.05,Strength and muscular capability,"Physical Health, Fitness, and Embodiment",docs/authoring/exercises/12.yaml,242,a5f5bc16d22ab998d1e953f1db3a491b9314e39d9e0986a58d108ab2d525d0da,74f1ffcdc048b2bb4df05a309795493a411b9492bbce7d0fff9ac77c5f4fc52d,full_primary,substantive_editorial_followup,False,revision_findings_open,not_demonstrated_by_current_revision_acceptance,E-12.05,Move application metadata out of learner copy; obtain qualified review of the exact routes and preserve the evidence limit on strength gain.
12.06,Cardiovascular endurance,"Physical Health, Fitness, and Embodiment",docs/authoring/health-foundations/12.06/learner-guide.md,1,aa13124f8c748b41d9b6fad147927f5d607a278b9930c9a4df24aaa466f53c8a,096a5c5a4a0c80c7348ee6a4cc95c5c4b2777445167345338aae6c83e265009f,full_primary,substantive_editorial_followup,True,revision_findings_open,not_demonstrated_by_current_revision_acceptance,E-12.06,Develop qualified-reviewed teaching and a bounded existing-plan/instruction-first pathway for the higher-intensity facet without prescribing unsupported intervals. Move application compatibility prose to maintainers and retain the stop/recovery boundaries.
12.07,"Mobility, flexibility, and joint capacity","Physical Health, Fitness, and Embodiment",docs/authoring/health-foundations/12.07/learner-guide.md,1,883b8a3ade9315b222684e7903babff7410efcb58b6cf15444a5c950711d09ae,4a0667ad7be81702fc68acd0c087a3db3c3fc63ab3e84a169539c177e77d95e5,full_primary,presentation_or_progression,True,revision_findings_open,not_demonstrated_by_current_revision_acceptance,E-12.07,Move implementation-status commentary to author records; preserve access-versus-capacity distinctions and obtain qualified mobility/accessibility and independent learner review before acceptance.
12.08,"Power, speed, coordination, and agility","Physical Health, Fitness, and Embodiment",docs/authoring/exercises/12.yaml,575,a5f5bc16d22ab998d1e953f1db3a491b9314e39d9e0986a58d108ab2d525d0da,5c7cf43854b9fd63303463aa039435ae7ccc6808ef54091ad55ef2ce0250d343,full_primary,no_new_blocker_observed,False,acceptance_not_established,not_demonstrated_by_current_revision_acceptance,,"Retain the distinct components and prerequisite routes; obtain qualified review of definitions, technique, recovery and progression before accepting athletic-use claims."
12.09,Body composition and metabolic health,"Physical Health, Fitness, and Embodiment",docs/authoring/health-stewardship/12.09/learner-guide.md,1,4ae6efd0c68ede31cc09b93f2f5d39d08bcd963646cc163e4b9117cee40f30e6,f451c397462952a7c84ba5142e134a1c74ece3842b717ee2f96c3d37eae309aa,full_primary,presentation_or_progression,True,revision_findings_open,not_demonstrated_by_current_revision_acceptance,E-12.09,Relocate internal status prose; retain measurement-specific limits and meaningful participation goals. Obtain qualified metabolic/clinical and independent learner review before professional acceptance.
12.10,"Recovery, fatigue, and injury prevention","Physical Health, Fitness, and Embodiment",docs/authoring/health-stewardship/12.10/learner-guide.md,1,3a202d4ec49325e690b771d5e6998aeb644ff2592f4b1f5d070a79f70f9362eb,93d29732cec1207cd46eb036aa20ab14b242e723e063e90fc39a2c535dc08f77,full_primary,presentation_or_progression,True,revision_findings_open,not_demonstrated_by_current_revision_acceptance,E-12.10,"Move internal evidence-contract prose to maintainers; preserve function-based concern, missing information and actual-advice distinctions. Qualified clinical review remains necessary for the health content."
12.11,Substances and altered states,"Physical Health, Fitness, and Embodiment",docs/authoring/health-stewardship/12.11/learner-guide.md,1,51010cf3583408d31ecb743cf77887ba656ad984892288160fdaa73f107f6494,4f84dcd0b7dc7b4d12a5a7291bc2ca75814fa37f37f84349625641678ba9e68c,full_primary,presentation_or_progression,True,revision_findings_open,not_demonstrated_by_current_revision_acceptance,E-12.11,Move internal delivery/evidence commentary out of learner flow; preserve category-specific uncertainty and feasible transport. Qualified substance/medication and independent learner review are required for professional acceptance.
12.12,Bodily autonomy and personal boundaries,"Physical Health, Fitness, and Embodiment",docs/authoring/health-stewardship/12.12/learner-guide.md,1,32b00e5e3f5ada036488199c251219cc36b6f1356d6171e47c3120e87709f977,6bdf953c1df1e3bf945279512a86f40e2799949fe9ad9e62a2d1bb65172fe78f,full_primary,presentation_or_progression,True,revision_findings_open,not_demonstrated_by_current_revision_acceptance,E-12.12,"Relocate runtime/frozen-protocol compatibility prose to maintainers; retain reciprocal consent, noncoercion and jurisdiction-bounded medical questions. Obtain qualified contextual and independent learner review."
12.13,"Grooming, dress, and presentation","Physical Health, Fitness, and Embodiment",docs/authoring/health-stewardship/12.13/learner-guide.md,1,a0748e16db1eab0693a85a86fa032c47fbae68d2aba69407a02b3b65660900b9,030a10310c98c59fa0820fad718c9a73fb9ab7fc1464d058e94f0464f4bd3b81,full_primary,presentation_or_progression,True,revision_findings_open,not_demonstrated_by_current_revision_acceptance,E-12.13,Relocate application compatibility prose; preserve verified versus imagined requirements and functional movement/comfort checks. Obtain relevant qualified and independent learner review for professional acceptance.
12.14,Functional aging and lifelong movement,"Physical Health, Fitness, and Embodiment",docs/authoring/health-stewardship/12.14/learner-guide.md,1,659c91e7e4546a9bbb5d5f54514d3ec9fa3b01b7f5b9a21ae7cd97d98ef9471b,caafbd30ca7e8d315ddaf37f7c5f6d4a9bb1efce0316836c43d3f47c16441a81,full_primary,presentation_or_progression,True,revision_findings_open,not_demonstrated_by_current_revision_acceptance,E-12.14,Move internal runtime commentary to maintainer records; retain whole-function mapping and unassessed training questions. Qualified lifelong-movement and independent learner review remain required.
12.15,Adaptive movement and fitness,"Physical Health, Fitness, and Embodiment",docs/authoring/adaptive-digital/12.15/learner-guide.md,1,db43ede6bf72ba45ef8c9d7471b11cf3fb9ca4f204ae334df289845d34308efc,56e22d443587ff68d58c448b5dec4b0d120b29474b75e5c1f794ca79e00fb5c3,full_primary,no_new_blocker_observed,True,acceptance_not_established,not_demonstrated_by_current_revision_acceptance,,Preserve the current limits and obtain qualified and actual learner review before claiming safe physical proficiency; no new editorial blocker found in the reviewed bundle.
12.16,Pain literacy and safe response,"Physical Health, Fitness, and Embodiment",docs/authoring/adaptive-digital/12.16/learner-guide.md,1,0d4b4a0eb3e982f51fb2826fdb1661e8057560a47f4ca48282b122f269f72082,3377b72482b5fb3e63259921f5f57fe6602d3d07681a9ceae21eb51cc9941348,full_primary,no_new_blocker_observed,True,acceptance_not_established,not_demonstrated_by_current_revision_acceptance,,Retain the emergency-versus-routine distinction and explicit clinical limits; qualified review and real learner evidence remain required for broader acceptance.
13.01,Independent-living administration,"Domestic Competence, Infrastructure, and Material Life",docs/authoring/exercises/13.yaml,4,e2c89d1f4d7a305fe02471e1b9a0c1b1fe4beb75915a9a51647d36ad52516c4a,44d3e4769bb53afbea6b961400f699649a19358004b302c00af798fb712ac4d3,full_primary,substantive_editorial_followup,False,revision_findings_open,not_demonstrated_by_current_revision_acceptance,E-13.01,Supply a complete fictional inbox and a fresh retrieval/triage case.
13.02,Home organization and maintenance systems,"Domestic Competence, Infrastructure, and Material Life",docs/authoring/exercises/13.yaml,27,e2c89d1f4d7a305fe02471e1b9a0c1b1fe4beb75915a9a51647d36ad52516c4a,5be40d9a7e0c3a293561bfc865964e5385e592c2c7f31a4691b0a24cfed81202,full_primary,substantive_editorial_followup,False,revision_findings_open,not_demonstrated_by_current_revision_acceptance,E-13.02,Add a bounded condition/inventory maintenance route while preserving the existing four actions and evidence semantics.
13.03,"Cleaning, sanitation, and waste","Domestic Competence, Infrastructure, and Material Life",docs/authoring/exercises/13.yaml,53,e2c89d1f4d7a305fe02471e1b9a0c1b1fe4beb75915a9a51647d36ad52516c4a,192bd916b67793abb464a1011e6368b795ba11c55ef292a9f06ac788fe0f44e8,full_primary,substantive_editorial_followup,False,revision_findings_open,not_demonstrated_by_current_revision_acceptance,E-13.03,Supply safe fictional label excerpts with a compatible/incompatible/unknown decision and corrective key.
13.04,Laundry and clothing care,"Domestic Competence, Infrastructure, and Material Life",docs/authoring/exercises/13.yaml,76,e2c89d1f4d7a305fe02471e1b9a0c1b1fe4beb75915a9a51647d36ad52516c4a,ae62e2d0e032429f747381ea0671468241037f2027a43bd63fa057cfe87599a8,full_primary,substantive_editorial_followup,False,revision_findings_open,not_demonstrated_by_current_revision_acceptance,E-13.04,"Provide the promised bounded repair material and a checked care-label example, or remove the unsupported promise and supply a real prerequisite route."
13.05,Cooking fundamentals,"Domestic Competence, Infrastructure, and Material Life",docs/authoring/exercises/13.yaml,99,e2c89d1f4d7a305fe02471e1b9a0c1b1fe4beb75915a9a51647d36ad52516c4a,a394e45769287bdcfd0b42a6f111a51910dec4b71a045c5030469e5449d9a385,full_primary,substantive_editorial_followup,False,revision_findings_open,not_demonstrated_by_current_revision_acceptance,E-13.05,Add a capability-fit next-method route and an independent sequencing/doneness scenario; retain dietary and heat-access limits.
13.06,Baking and food chemistry,"Domestic Competence, Infrastructure, and Material Life",docs/authoring/exercises/13.yaml,122,e2c89d1f4d7a305fe02471e1b9a0c1b1fe4beb75915a9a51647d36ad52516c4a,a462dd911cf5814bead462fb6bd6601cd703ac27a89651918ea1a7535ba2c55f,full_primary,substantive_editorial_followup,False,revision_findings_open,not_demonstrated_by_current_revision_acceptance,E-13.06,Teach the relevant mechanisms and add a separate emulsion/temperature reasoning path and checked alternative-material example.
13.07,"Meal planning, shopping, and food storage","Domestic Competence, Infrastructure, and Material Life",docs/authoring/exercises/13.yaml,145,e2c89d1f4d7a305fe02471e1b9a0c1b1fe4beb75915a9a51647d36ad52516c4a,c029232f6b25082c154dcb469827f440162a287b1b40d2ff18dc8fbb965640ef,full_primary,substantive_editorial_followup,False,revision_findings_open,not_demonstrated_by_current_revision_acceptance,E-13.07,Supply a complete constrained household packet and recomputed shopping and storage decisions.
13.08,Basic tools and household repair,"Domestic Competence, Infrastructure, and Material Life",docs/authoring/exercises/13.yaml,168,e2c89d1f4d7a305fe02471e1b9a0c1b1fe4beb75915a9a51647d36ad52516c4a,0c5fa9f6badfc700c05da0790e370a8cb6d7289119eadafa1c750b3714cb9056,full_primary,substantive_editorial_followup,False,revision_findings_open,not_demonstrated_by_current_revision_acceptance,E-13.08,Provide the alternative assembly specification and a capability-fit next route without prescribing hazardous repairs.
13.09,Mechanical and vehicle literacy,"Domestic Competence, Infrastructure, and Material Life",docs/authoring/exercises/13.yaml,191,e2c89d1f4d7a305fe02471e1b9a0c1b1fe4beb75915a9a51647d36ad52516c4a,c0e65c0de636123cdd42d0d89c6acee03bc59c14cfa7eff1721f05e1fcbca768,full_primary,substantive_editorial_followup,False,revision_findings_open,not_demonstrated_by_current_revision_acceptance,E-13.09,Add a complete invented maintenance record and clearly stipulated manual instructions for a checked service brief.
13.10,Utilities and household systems,"Domestic Competence, Infrastructure, and Material Life",docs/authoring/exercises/13.yaml,214,e2c89d1f4d7a305fe02471e1b9a0c1b1fe4beb75915a9a51647d36ad52516c4a,b4a9a2dee7c18de6ae6f10706a68228c31402e187d9d223a8423b5d36a43e2bd,full_primary,substantive_editorial_followup,False,revision_findings_open,not_demonstrated_by_current_revision_acceptance,E-13.10,"Supply a complete harmless network scenario, user-level instructions and correct branch outcomes."
13.11,Gardening and plant care,"Domestic Competence, Infrastructure, and Material Life",docs/authoring/exercises/13.yaml,237,e2c89d1f4d7a305fe02471e1b9a0c1b1fe4beb75915a9a51647d36ad52516c4a,d79b5f776a2cf49a9ddc7ea829fc69d285898924818cc182fb1d77a3f8b3a091,full_primary,substantive_editorial_followup,False,revision_findings_open,not_demonstrated_by_current_revision_acceptance,E-13.11,"Supply a dated local/species case with observed conditions, competing causes and a bounded later-stage plan."
13.12,Resource maintenance and repair culture,"Domestic Competence, Infrastructure, and Material Life",docs/authoring/exercises/13.yaml,260,e2c89d1f4d7a305fe02471e1b9a0c1b1fe4beb75915a9a51647d36ad52516c4a,5f42dc9aaeef96a3c4dbc5cea988d2c02ac26550409d3caee4f581dbc9cb05ae,full_primary,substantive_editorial_followup,False,revision_findings_open,not_demonstrated_by_current_revision_acceptance,E-13.12,Provide a complete option packet with uncertainty and a key accepting justified constrained choices.
13.13,Hospitality and a functional living environment,"Domestic Competence, Infrastructure, and Material Life",docs/authoring/exercises/13.yaml,283,e2c89d1f4d7a305fe02471e1b9a0c1b1fe4beb75915a9a51647d36ad52516c4a,ae00e3a9e061fc16c85d0a423574f5a2750184c8ea00fbaf8fd29b7219a703ff,full_primary,substantive_editorial_followup,False,revision_findings_open,not_demonstrated_by_current_revision_acceptance,E-13.13,Supply the fictional resident/visitor constraints and test a case where attractive arrangement conflicts with access or reset burden.
13.14,"Housing, tenancy, and basic property literacy","Domestic Competence, Infrastructure, and Material Life",docs/authoring/exercises/13.yaml,306,e2c89d1f4d7a305fe02471e1b9a0c1b1fe4beb75915a9a51647d36ad52516c4a,3c025b9bd7887f6571d4c4f0cd69783c22efacc5a9fe440e754a631713f2de97,full_primary,substantive_editorial_followup,False,revision_findings_open,not_demonstrated_by_current_revision_acceptance,E-13.14,"Supply clearly invented lease excerpts and a complete issue packet, preserving the need for actual local advice."
13.15,Domestic life under scarcity or instability,"Domestic Competence, Infrastructure, and Material Life",docs/authoring/exercises/13.yaml,329,e2c89d1f4d7a305fe02471e1b9a0c1b1fe4beb75915a9a51647d36ad52516c4a,780f29a2315fd6fe9032cd28518b8b49ff1acffda51772c7b4861993ee031a95,full_primary,substantive_editorial_followup,False,revision_findings_open,not_demonstrated_by_current_revision_acceptance,E-13.15,Supply a complete constrained-week packet and feasible/unavailable service branches without inventing real assistance.
13.16,Accessibility and adaptable home design,"Domestic Competence, Infrastructure, and Material Life",docs/authoring/exercises/13.yaml,352,e2c89d1f4d7a305fe02471e1b9a0c1b1fe4beb75915a9a51647d36ad52516c4a,3eae0e21125e678d949fe077d70126f88aa20a309c96d67072f94cbef7c927fe,full_primary,no_new_blocker_observed,False,acceptance_not_established,not_demonstrated_by_current_revision_acceptance,,Keep user control and meaningful comparison; obtain actual access review and independent assessment before broad effectiveness claims.
14.01,Digital and media self-governance,"Digital Life, Media, AI, and Information Security",docs/authoring/adaptive-digital/14.01/learner-guide.md,1,7a121a451687bf213dd73b0e7e24298da9819a56598932ac0fcaf490fb6bfbb9,d61c443e62baad02493a50aa6d40f3016e93f7fb92a4ce09613bdc2d4038c548,full_primary,no_new_blocker_observed,True,acceptance_not_established,not_demonstrated_by_current_revision_acceptance,,Preserve media-specific mechanisms and voluntary access control; verify real-provider settings before live use and obtain independent review without claiming durable behavior change from simulation.
14.02,Digital competence and data hygiene,"Digital Life, Media, AI, and Information Security",docs/authoring/adaptive-digital/14.02/learner-guide.md,1,0766c0c18a489aeb800da6ee96445f87687581efc418f2210d8687de6b71166b,7ec7929a2be4dc8d055b7ee09832dcd9826854c3dcb3d09388e1d7b09aa326af,full_primary,no_new_blocker_observed,True,acceptance_not_established,not_demonstrated_by_current_revision_acceptance,,Retain original preservation and content verification; independent review and actual authorized restore tests must support broader recovery claims.
14.03,"Digital identity, privacy, and data rights","Digital Life, Media, AI, and Information Security",docs/authoring/adaptive-digital/14.03/learner-guide.md,1,c707ceb25896a6bc5daa3b93faa5bcaa57daa6e59c595e525725915b657caed3,ce9e0e314c26faeeae9f075731e5ec63000b3aabd2032635a86d73d235994a6e,full_primary,substantive_editorial_followup,True,revision_findings_open,not_demonstrated_by_current_revision_acceptance,E-14.03,Retain these as comprehension checks and supply a different compact policy with changed collection/retention/control rules and a separate key for independent transfer; keep jurisdiction-specific rights unasserted.
14.04,Cybersecurity and account resilience,"Digital Life, Media, AI, and Information Security",docs/authoring/adaptive-digital/14.04/learner-guide.md,1,a70be4123fdd8139d99adbf4aaf741744a414583e983135cb08b33aee60dfe05,8e8d1c5db439174035c80b2e94235f3bdb9d37c935337506440bea36d08eb52f,full_primary,no_new_blocker_observed,True,acceptance_not_established,not_demonstrated_by_current_revision_acceptance,,Preserve dependency-specific adversarial variations and secret-free records; verify provider-specific rules for any live implementation and obtain independent security review.
14.05,"Online fraud, scams, and social engineering","Digital Life, Media, AI, and Information Security",docs/authoring/digital-judgment-preparedness/14.05/learner-guide.md,1,e843ae9aaa4e9ad11248c9d1b023278f8ec13acb0bfd89687e19f68e81691766,befdf51aef5b67b3c6ff1530a50399ca56d658ffd4a456745bbb559bc0803c6a,full_primary,no_new_blocker_observed,True,acceptance_not_established,not_demonstrated_by_current_revision_acceptance,,"Retain category-specific pressure, exposure-specific next steps and jurisdiction-bounded reporting; obtain independent security/consumer-context review before acceptance."
14.06,Algorithmic feeds and persuasive design,"Digital Life, Media, AI, and Information Security",docs/authoring/digital-judgment-preparedness/14.06/learner-guide.md,1,c5b36e7e88d1fad30928f93f77d821be46f69c4d5130fbeb2291d65d3f8cf117,f473a381839cff3d4b425ca38b10d350aefd4799eda608ffec10133a6fce119f,full_primary,no_new_blocker_observed,True,acceptance_not_established,not_demonstrated_by_current_revision_acceptance,,Preserve purpose-relative classification and the genuine-correction adverse branch; verify actual platform claims/controls for live use and obtain independent review.
14.07,AI literacy and appropriate use,"Digital Life, Media, AI, and Information Security",docs/authoring/digital-judgment-preparedness/14.07/learner-guide.md,1,048b216572c4add961e5394aa68e9187118c3e4a3390e2ecbf4fc86d363a4722,3ac2392e1f10d113612ed6d78bf8d7e97c9370a6a48041d6818e8eb3bad47fff,full_primary,no_new_blocker_observed,True,acceptance_not_established,not_demonstrated_by_current_revision_acceptance,,"Retain source-bound claims, framing review and human release; obtain independent AI-literacy review and re-evaluate real tools/policies before live use."
14.08,"Synthetic media, deepfakes, and provenance","Digital Life, Media, AI, and Information Security",docs/authoring/digital-judgment-preparedness/14.08/learner-guide.md,1,7b8148ad0acb2fc2afaeea22c27b565472c60e7bdbc96d61ef9ab4b548b1fb39,883fd930b45f5720744cabd582022fcb8ab92e1de314bfe0675e54fd3426ceb5,full_primary,no_new_blocker_observed,True,acceptance_not_established,not_demonstrated_by_current_revision_acceptance,,Preserve claim-specific provenance and conflicting-record reconciliation; verify applicable provenance standards for implementation and obtain independent domain review.
14.09,Digital information verification,"Digital Life, Media, AI, and Information Security",docs/authoring/digital-judgment-preparedness/14.09/learner-guide.md,1,93907bea202a56750a3b7e2c132529c66180ae8ae4a64f5752aede5c925aba2e,4d8f6b0060dd76fbc6db8bf9a1328c1e01f9b6eb7a7f8fe5303268f60abb1493,full_primary,no_new_blocker_observed,True,acceptance_not_established,not_demonstrated_by_current_revision_acceptance,,Retain chronology and claim-specific revision; actual lateral browsing/reverse search and independent reviewer evidence remain distinct from offline document analysis.
14.10,Online communication and community conduct,"Digital Life, Media, AI, and Information Security",docs/authoring/digital-judgment-preparedness/14.10/learner-guide.md,1,95c73e6fe2f0976241ecbaf1e8bb84a422b9063c59ef9ea2eba12b112d95dd0e,7f74322d47aa04e52b14133e93dbe93abba462b8322d575268e0be389873905c,full_primary,no_new_blocker_observed,True,acceptance_not_established,not_demonstrated_by_current_revision_acceptance,,Retain audience/permission reasoning and response-specific moderation; obtain independent communication/context review and do not count draft artifacts as actual interactions.
14.11,"Digital creation, ownership, and attribution","Digital Life, Media, AI, and Information Security",docs/authoring/digital-judgment-preparedness/14.11/learner-guide.md,1,5157bfe47c27f4deafc57c1a99a7a88a8649314624260ab666e4aedbce7efa4b,54a5e8c290a48513d3ec959aeb280efc48b6d239d5cd8e23158fe51bfad08d15,full_primary,no_new_blocker_observed,True,acceptance_not_established,not_demonstrated_by_current_revision_acceptance,,Retain actual-source/terms verification and separate payment/ownership/privacy questions; obtain qualified jurisdiction-specific and independent learner review before professional acceptance.
14.12,Automation dependence and operational resilience,"Digital Life, Media, AI, and Information Security",docs/authoring/digital-judgment-preparedness/14.12/learner-guide.md,1,54eca7a8dd110cd24117a436fd727faef8f7b315b4a7f4a9fec82a8826c5ea43,c898e61e9d264ff31b9e2da5d1d6d335187661ccedc841133d31ec9480f7aafd,full_primary,no_new_blocker_observed,True,acceptance_not_established,not_demonstrated_by_current_revision_acceptance,,"Preserve functional fallback tests, content freshness and same-ID reconciliation limits; actual service rules and independent review are required before broader resilience claims."
14.13,Digital citizenship and platform governance,"Digital Life, Media, AI, and Information Security",docs/authoring/digital-judgment-preparedness/14.13/learner-guide.md,1,b2f236934c13092c37e8baad9343107a5ff2619267ec9a4054bf3f69851fb53d,cd53f0ce8d7381b3595dc4ef0f772534c7a3fe698f6b95461c572454e7db1732,full_primary,no_new_blocker_observed,True,acceptance_not_established,not_demonstrated_by_current_revision_acceptance,,"Preserve competing rights and operational checks; jurisdiction-specific legal, affected-user accessibility and independent review remain necessary before real adoption."
15.01,"First aid, CPR, and emergency response","Safety, Preparedness, Risk, and Mutual Aid",docs/authoring/digital-judgment-preparedness/15.01/learner-guide.md,1,2d421a8649c9a230558899c4f39b5890e871758f56f0bdf70cf5e4946c55f860,01d7ba9a87924a930fa272461b1666b278ef5b64e80ca486eb1f270729242adf,full_primary,no_new_blocker_observed,True,acceptance_not_established,not_demonstrated_by_current_revision_acceptance,,Keep physical skills and full canonical progress pending recognized practical training; obtain qualified first-aid review of current guidance and independent learner review. Do not grant full competence from this source or fictional certificates.
15.02,Household emergency planning,"Safety, Preparedness, Risk, and Mutual Aid",docs/authoring/digital-judgment-preparedness/15.02/learner-guide.md,1,edc560ab464c4abe7089067cb81bb8d778dc67857ca5e737799b4889096bef98,f604aabb927ad9987117dc06157b97a28b50f724319feee9ecdaacd382ac0095,full_primary,no_new_blocker_observed,True,acceptance_not_established,not_demonstrated_by_current_revision_acceptance,,Preserve unresolved external dependencies and obtain local emergency/accessibility and care-provider review for real household use; independent learner execution remains pending.
15.03,Situational awareness,"Safety, Preparedness, Risk, and Mutual Aid",docs/authoring/digital-judgment-preparedness/15.03/learner-guide.md,1,128f8bba61cb8b2bfb2891a726fd7416f272b7f21ef933de9c647e50dff3bfb7,853a8d306b12af58f277731ff5b3bfe7cc72c4d1d2d75d0aa4c8723dd8e5bf4d,full_primary,substantive_editorial_followup,True,revision_findings_open,not_demonstrated_by_current_revision_acceptance,E-15.03,Label the repeated stair-diversion item as consolidation or add a different unseen access layout before claiming transfer; retain proportionate non-surveillance and anxiety adaptations.
15.04,Personal safety and de-escalation,"Safety, Preparedness, Risk, and Mutual Aid",docs/authoring/resilience-community-listening/15.04/learner-guide.md,1,a10a42149b61cc24ce013fab7277d93bf6094cf4ca0327a6c1deb4a8bc524d76,509e85de9814e74077752139b905509af6cd814b644cf4109d58acb4ede99465,full_primary,no_new_blocker_observed,True,acceptance_not_established,not_demonstrated_by_current_revision_acceptance,,Retain abuse/stalking exclusions and consent controls; obtain relevant safety/accessibility review and an independent learner trial before broader claims.
15.05,Self-protection and lawful force,"Safety, Preparedness, Risk, and Mutual Aid",docs/authoring/resilience-community-listening/15.05/learner-guide.md,1,26eaaa696d991eb0c396f1434e1193113d65e4d8002feafec12928e3e77f2df3,f704ca083d2c60f7f2a97c9e984f24e81b39bac9b54f1ceca6d227877f70bcc1,full_primary,no_new_blocker_observed,True,acceptance_not_established,not_demonstrated_by_current_revision_acceptance,,Keep actual physical competence and jurisdictional law unresolved until appropriate practical training and current qualified advice; do not convert provider evaluation into full-scope qualification.
15.06,Outdoor survival fundamentals,"Safety, Preparedness, Risk, and Mutual Aid",docs/authoring/resilience-community-listening/15.06/learner-guide.md,1,b254ba677f101660c8074d4368ffb7a970064f1755543714aa6a3ca46898eed4,8c64afdb87e935f5229f3353df20f6c63a082dd5c2386c84b8f8c1417e7593b9,full_primary,no_new_blocker_observed,True,acceptance_not_established,not_demonstrated_by_current_revision_acceptance,,"Retain supervision and observed-task requirements; practical shelter, firecraft, treatment and outdoor proficiency require appropriate instruction and qualified review, not the indoor worksheet."
15.07,Water competence and rescue awareness,"Safety, Preparedness, Risk, and Mutual Aid",docs/authoring/resilience-community-listening/15.07/learner-guide.md,1,947c12ea420ec594a1d66e7a78bff9134484ec63366c2a753fb64a2ff09c5948,a1c0d5fa19cfd06abeea334a3266ea74e2fb08893f09a062dcb157c632a18ea9,full_primary,no_new_blocker_observed,True,acceptance_not_established,not_demonstrated_by_current_revision_acceptance,,Keep physical competence pending qualified aquatic instruction and documented observation; obtain aquatic safety/accessibility review and independent learner testing before wider claims.
15.08,Travel and unfamiliar-environment safety,"Safety, Preparedness, Risk, and Mutual Aid",docs/authoring/resilience-community-listening/15.08/learner-guide.md,1,2ca016cc131e7ac525de13d23b6a941e78ec3e0530e5d553cf0ead3bf69f7a1e,b12bfab55c494298e73dd078ea410e6450d228bc763777e62f7f60258a9bfb2d,full_primary,no_new_blocker_observed,True,acceptance_not_established,not_demonstrated_by_current_revision_acceptance,,Retain fictional/current-authority distinction and unresolved health/entry requirements; verify real jurisdictional information and independent learner usability before transfer claims.
15.09,"Cybersecurity, fraud, and identity protection","Safety, Preparedness, Risk, and Mutual Aid",docs/authoring/resilience-community-listening/15.09/learner-guide.md,1,d39ee287ab61b2acf551013532cb82286666753f63de688679c197f71a3d3086,5814cfa17e3cbee32377a3a0af5575a00b32f024dd4a6ad5ae3f2d15f5235d30,full_primary,no_new_blocker_observed,True,acceptance_not_established,not_demonstrated_by_current_revision_acceptance,,Validate current provider-specific guidance before live use and obtain security/accessibility review; preserve unresolved financial and identity outcomes and separate simulated from actual changes.
15.10,Risk ownership and contingency thinking,"Safety, Preparedness, Risk, and Mutual Aid",docs/authoring/resilience-community-listening/15.10/learner-guide.md,1,74c4578efd2d0b2a97b622b2ab36960debe6c0087252691e18dc28f9cb26d10e,5bd387b7c25628b7268f12005322d15d4bbc4dbaadadd876e97848e71b7119d5,full_primary,no_new_blocker_observed,True,acceptance_not_established,not_demonstrated_by_current_revision_acceptance,,"Preserve consent, authorization and finite-reserve reasoning; independent learner execution and actual backup rehearsal remain unverified."
15.11,Community disaster readiness and mutual aid,"Safety, Preparedness, Risk, and Mutual Aid",docs/authoring/resilience-community-listening/15.11/learner-guide.md,1,49512b51b29edc724c11ac78dd2cd9a44b771c9a56591c5af45d4d88f86c96eb,d36fd861feca177b326124ca55a2ad02d255173b63104bdd5bf84d6aa4d75b7d,full_primary,no_new_blocker_observed,True,acceptance_not_established,not_demonstrated_by_current_revision_acceptance,,Retain organizer-led allocation and emergency boundaries; real community participation and qualified/local disaster review remain separate acceptance work.
15.12,Public-health emergency competence,"Safety, Preparedness, Risk, and Mutual Aid",docs/authoring/resilience-community-listening/15.12/learner-guide.md,1,f9a5f1d4b1ebc2fd1dab7d2c207832911bedea3085ab1f68401aaff063609771,7fc8956d8fee20b6771d8b977687dcdc9ce9aad4dca830714f00082f26e4d106,full_primary,no_new_blocker_observed,True,acceptance_not_established,not_demonstrated_by_current_revision_acceptance,,"Keep current clinical, isolation, immunization and environmental guidance externally verified for actual settings; obtain qualified public-health review and independent learner testing, without claiming health outcomes."
15.13,Bystander intervention and violence prevention,"Safety, Preparedness, Risk, and Mutual Aid",docs/authoring/resilience-community-listening/15.13/learner-guide.md,1,4c0215565672c4a1f81d8d146abce7a9acac8c9fb54357e53c2c9cc1b76ff1ae,87d97fe57d80ab544d95c20beb13c3d7d68608f5cbabf332d770ecba53970e43,full_primary,substantive_editorial_followup,True,revision_findings_open,not_demonstrated_by_current_revision_acceptance,E-15.13,"Keep these checks as consolidation, and add an unseen scenario requiring a reasoned choice among strategies under changed role, consent and access constraints before claiming transfer."
15.14,Workplace and activity-specific safety,"Safety, Preparedness, Risk, and Mutual Aid",docs/authoring/resilience-community-listening/15.14/learner-guide.md,1,d0ddc9a7f33373314448cc1d0cf1c16cd0ba645635e790eead648a58759a114c,4a9a8db98a9a97122969600d1661611c925284a20d1c9c6a5c8244b9e4e3c826,full_primary,substantive_editorial_followup,True,revision_findings_open,not_demonstrated_by_current_revision_acceptance,E-15.14,Label the opening later-packet outcome explicitly as fictional example and direct learners to record their own attempted result separately; retain qualified isolation/PPE boundaries and independent safety review.
16.01,Attentive listening,"Communication, Rhetoric, and Social Intelligence",docs/authoring/resilience-community-listening/16.01/learner-guide.md,1,0d1574c9231e06e26f2a22594dd83fb454989f28fd5800e30ab83c809c728325,581566aa27febbf99e96e9e63b2c487cce20e909e86ae4746b880d0eb9719b99,full_primary,no_new_blocker_observed,True,acceptance_not_established,not_demonstrated_by_current_revision_acceptance,,Complete packet/key and independent learner-only review; do not infer confirmed live understanding from fiction.
16.02,Clear and direct expression,"Communication, Rhetoric, and Social Intelligence",docs/authoring/communication-influence/16.02/learner-guide.md,1,e9cde474f7fff52e55d0470b6b8bef9eeab6a056569a2a427cf98c327993117d,71f527718123f0306c3be976c4e659c6547c43a52a002f1b83dba73fb3fc6f04,full_primary,substantive_editorial_followup,True,revision_findings_open,not_demonstrated_by_current_revision_acceptance,E-16.02,Move score-system commentary to maintainer documentation while preserving delivered/understood/agreed/returned distinctions; independently test comprehension in supported media.
16.03,Nonverbal communication,"Communication, Rhetoric, and Social Intelligence",docs/authoring/communication-influence/16.03/learner-guide.md,1,5f1c5ec2fefebbc344b236f5553a156edc31017e7cf730b3547d44486efedab1,7d600061a79c30ef67358a3f2f8abb40a90cb0e9955c485447cd88097f83ba98,full_primary,substantive_editorial_followup,True,revision_findings_open,not_demonstrated_by_current_revision_acceptance,E-16.03,"Keep needed actual practice timing and uncertainty guidance, but relocate legacy implementation and scoring compatibility metadata to maintainer notes; preserve the frozen runtime projection and obtain independent learner review."
16.04,One-to-one and group conversation,"Communication, Rhetoric, and Social Intelligence",docs/authoring/communication-influence/16.04/learner-guide.md,1,13fea3d2d46888b6a76d63914a643f4e502cc94078656d6e3f816519eadb2255,3126b49c6d93e74d3035d76411a8db71561b6a43350e309ada1494220ffd827a,full_primary,no_new_blocker_observed,True,acceptance_not_established,not_demonstrated_by_current_revision_acceptance,,Preserve separate pair/group attempt evidence and obtain independent learner/cultural/accessibility review; verify the exact research qualification before making efficacy claims.
16.05,Perspective taking and empathic accuracy,"Communication, Rhetoric, and Social Intelligence",docs/authoring/communication-influence/16.05/learner-guide.md,1,6520e30839080c71dfc82b75c4966f915727004559e11d9a9cee4c361620cbb7,b1a5223bbc2f071705af56e772ea28ca103155ece3e063eeb95cef3136e95087,full_primary,no_new_blocker_observed,True,acceptance_not_established,not_demonstrated_by_current_revision_acceptance,,Retain consent and revisability; independently test learner comprehension and verify the cited study's exact scope before efficacy claims.
16.06,Audience and context adaptation,"Communication, Rhetoric, and Social Intelligence",docs/authoring/communication-influence/16.06/learner-guide.md,1,c31e3c313c24e2aa58bc9d24b1b8423b3a930766365e8f49269beb22853ff0f9,d4fa61a17aedd5b0017496a8b07b973ee6fae3ed9e09f8d6669f3fd9d34e7298,full_primary,no_new_blocker_observed,True,acceptance_not_established,not_demonstrated_by_current_revision_acceptance,,Preserve fact/role distinctions and test actual audience tasks in relevant accessible media; no universal accessibility or recipient action can be inferred from drafts.
16.07,Feedback and developmental conversation,"Communication, Rhetoric, and Social Intelligence",docs/authoring/communication-influence/16.07/learner-guide.md,1,241e91006b8833031b84bc7bb65755e0d8196f5732f17a34e9193bac9303be59,dfc826569def1f2d622b0fb1f21c6aba9fba4db2f46a4fe9087c22e136b1ff32,full_primary,no_new_blocker_observed,True,acceptance_not_established,not_demonstrated_by_current_revision_acceptance,,Retain bidirectional practice and before/after artifacts; independently test actual recipient task performance and avoid treating supplied model feedback as interpersonal evidence.
16.08,Classical and modern rhetoric,"Communication, Rhetoric, and Social Intelligence",docs/authoring/communication-influence/16.08/learner-guide.md,1,ca6a9e42de7a0cc5dda31164d713f8015441d4a3553c111b860d6a7a4e7bcaab,3630cee431a13337bb0af64bf65e615ec9fafd985228526f346b12796e837b84,full_primary,no_new_blocker_observed,True,acceptance_not_established,not_demonstrated_by_current_revision_acceptance,,Preserve material uncertainty and legitimate refusal in actual proposals; independently review audience understanding and the source-specific research claims before efficacy assertions.
16.09,Public speaking and presentation,"Communication, Rhetoric, and Social Intelligence",docs/authoring/communication-influence/16.09/learner-guide.md,1,7fb9824cd315bc24e1b703e5cd31df30a6f3a80ed8187a661e0762cedfc41262,209a227fca7d123d2d51653533f95130f4deffe5857e95354106e7089d3c397e,full_primary,no_new_blocker_observed,True,acceptance_not_established,not_demonstrated_by_current_revision_acceptance,,"Retain accessible delivery accommodations, material limits and actual audience retest; independent learner execution remains necessary before quality acceptance."
16.10,Storytelling and explanation,"Communication, Rhetoric, and Social Intelligence",docs/authoring/communication-influence/16.10/learner-guide.md,1,04d3cf3bb180bb5ee5004e0b26dd5a13ff2d0fba56a8e8fa398d5331e6864436,ef7b6e5c57beaf9ce21b534e1c2f55afb049eda1f9679d279c10639496253695,full_primary,no_new_blocker_observed,True,acceptance_not_established,not_demonstrated_by_current_revision_acceptance,,"Preserve fiction labels, causal detail and listener retellings; obtain independent learner review and actual delayed-retention evidence before wider claims."
16.11,Negotiation,"Communication, Rhetoric, and Social Intelligence",docs/authoring/communication-influence/16.11/learner-guide.md,1,c3457bead2f66a1d3f4dbab25902ee32e6c3ee6a1ff01a629e1238181e406338,90f6c85a5afa756743fff9b4dabc89d5a70d9463e5a4ac97bf5c25916651921a,full_primary,no_new_blocker_observed,True,acceptance_not_established,not_demonstrated_by_current_revision_acceptance,,"Preserve verified alternatives, voluntary constraint changes and observed follow-through; independent learner and relationship-context review remain pending."
16.12,Conflict and de-escalation,"Communication, Rhetoric, and Social Intelligence",docs/authoring/communication-influence/16.12/learner-guide.md,1,42f2c122222d187c75c35adca3ede8dbb4837ab4a68d7faaf844ac5e60554b83,3b2549acc428017446efd115f0746c90b6cca335e9dbc5ae4bc75075cef082f0,full_primary,no_new_blocker_observed,True,acceptance_not_established,not_demonstrated_by_current_revision_acceptance,,Retain proportionate responsibility without equal-blame demands and separate reduced tension from completed process; independently test actual voluntary use.
16.13,"Humor, warmth, and social ease","Communication, Rhetoric, and Social Intelligence",docs/authoring/communication-influence/16.13/learner-guide.md,1,e7935eb66c301d82babf5f821fd93c9a6b2b60cb0fcbb1588f221caefda0920c,380d252d8834732175868af65905ce49efbe783e3ac0cd0d183c299b3ba9920e,full_primary,substantive_editorial_followup,True,revision_findings_open,not_demonstrated_by_current_revision_acceptance,E-16.13,Retain the access-preserving warmth route and add an unseen timing/power/context case if claiming transfer; independently test whether learners can choose a proportionate contribution without supplied resolution.
16.14,"Etiquette, courtesy, and first impressions","Communication, Rhetoric, and Social Intelligence",docs/authoring/respectful-connection/16.14/learner-guide.md,1,879c6783a2d230020cead25da291a4d580cc6a870fe57202e27eaf3c71b28c9b,7a876a6190fc91030fce6bf40184b987c672ead6d7c557dff12e175800402f6a,full_primary,no_new_blocker_observed,True,acceptance_not_established,not_demonstrated_by_current_revision_acceptance,,Preserve context-specific manners and actual host feedback limits; independently review cultural/accessibility fit and real visit evidence before acceptance.
16.15,Manipulation and coercion literacy,"Communication, Rhetoric, and Social Intelligence",docs/authoring/respectful-connection/16.15/learner-guide.md,1,2d22d265873608d8aac3573b4e83c983af9fdcc003bd50af669be75e4dda7bb0,521942419cce2271ad8ef70f157c98b40313f71d2731a9ac1b5a7d979ecdd704,full_primary,no_new_blocker_observed,True,acceptance_not_established,not_demonstrated_by_current_revision_acceptance,,"Keep local specialist contact availability and safe-channel checks explicit; qualified abuse/safety and independent learner review remain necessary, with no guaranteed safety outcome."
16.16,"High-context, indirect, and face-sensitive communication","Communication, Rhetoric, and Social Intelligence",docs/authoring/respectful-connection/16.16/learner-guide.md,1,4a7f955c39fb854ec663210abb74c716138b96a68ce8db24e58c72ad30f9fe90,1c36284a2ebc3a08f937370138375d1031017b020412ed2f4c81a9d3e2839b36,full_primary,no_new_blocker_observed,True,acceptance_not_established,not_demonstrated_by_current_revision_acceptance,,Retain culture-neutral interpretation and explicit permission where required; independently review usability across communication contexts without claiming a universal decoder.
16.17,Intercultural communication and code-switching,"Communication, Rhetoric, and Social Intelligence",docs/authoring/respectful-connection/16.17/learner-guide.md,1,59c8ac0734e1319125ca488550aa5077fc3ab0533f592308a3fc827450b5caf1,09b344872a8eee1aca088fe2650af909ed5ccea65b2fd04db49b92acfe4f0791,full_primary,substantive_editorial_followup,True,revision_findings_open,not_demonstrated_by_current_revision_acceptance,E-16.17,Keep those as consolidation and add a new local-process conflict requiring a reasoned adaptation with unchanged material facts; independently test actual cross-context comprehension.
16.18,Language access and communication accommodation,"Communication, Rhetoric, and Social Intelligence",docs/authoring/respectful-connection/16.18/learner-guide.md,1,7dcceb6201284991d90199ad9fc5d74da4613b761a44aed44492ddb24a768452,bd7d0a755fcbcd1049b6949f40d11434efac88dd1d158fd99253776c86dcad65,full_primary,no_new_blocker_observed,True,acceptance_not_established,not_demonstrated_by_current_revision_acceptance,,"Retain person-controlled meaning and actual-device retesting; qualified language-access review is needed for regulated contexts, with independent accessibility/learner acceptance still pending."
17.01,Initiating connection,"Friendship, Belonging, Hospitality, and Social Networks",docs/authoring/respectful-connection/17.01/learner-guide.md,1,a89ccb3de1970ef65924a73fe6d1861974f5583efcf917978d5fe33117d043dc,0036456068e62a641c187adef775c100a753317bcdcd29bacfd2317f799d89a2,full_primary,no_new_blocker_observed,True,acceptance_not_established,not_demonstrated_by_current_revision_acceptance,,Preserve optional contact and actual-attempt status; independently test context fit and verify cited study scope before claiming effects.
17.02,Friendship formation and selection,"Friendship, Belonging, Hospitality, and Social Networks",docs/authoring/respectful-connection/17.02/learner-guide.md,1,f0c21488e342fb86eda3c058342c9064ce147ea433199c88ef33d8139d467a5b,855115b6612f58f0345d665becbc47df434f45e153f955bedbce762300f82053,full_primary,substantive_editorial_followup,True,revision_findings_open,not_demonstrated_by_current_revision_acceptance,E-17.02,Retain these consolidation checks and add an unfamiliar mixed pattern requiring a supported deepen/limit/repair/end decision; keep person-worth and experimental loyalty tests outside the task.
17.03,Maintaining friendship,"Friendship, Belonging, Hospitality, and Social Networks",docs/authoring/respectful-connection/17.03/learner-guide.md,1,2cdac63a78d1ecba0dedf2859f13edc7a3dc27a39d4a900e66b9d63812c6aa03,605c9f0cdb89482ce4b09fee7e89c79f5eed7ea6bcc20655bdd51dacf832dcc1,full_primary,substantive_editorial_followup,True,revision_findings_open,not_demonstrated_by_current_revision_acceptance,E-17.03,Relocate maintainer compatibility language while retaining the actual fourteen-day practice and original action requirements; preserve frozen runtime behavior and separate kind relational actions from completion/mastery claims.
17.04,Reliable support,"Friendship, Belonging, Hospitality, and Social Networks",docs/authoring/respectful-connection/17.04/learner-guide.md,1,303902ab88c4e30564996004f3cc50fb50d865f357079dd4eb1c2746da0ce929,26a854a3ffdab3f0a4b28e7edcf6be9ceb6a81fcd330e4f766fb322e83d957d9,full_primary,no_new_blocker_observed,True,acceptance_not_established,not_demonstrated_by_current_revision_acceptance,,"Preserve support-mode consent, capacity and actual usefulness checks; obtain independent learner review without treating role-play as real support."
17.05,Reciprocity and healthy dependence,"Friendship, Belonging, Hospitality, and Social Networks",docs/authoring/respectful-connection/17.05/learner-guide.md,1,af6bf4b59b485c1ddb6adf5d85d581e967a42b89c08fdc87ea8a27e5c33adf81,1f457f9589bb20fa1442f1554f74343ee0a773bb02c1a5c2d026aa97a0285a04,full_primary,no_new_blocker_observed,True,acceptance_not_established,not_demonstrated_by_current_revision_acceptance,,Keep actual receipt/use of help separate from rehearsal and offers; independently review usability and avoid extending the task to essential-care dependence or high-stakes favors.
17.06,Boundaries and harmful relationships,"Friendship, Belonging, Hospitality, and Social Networks",docs/authoring/respectful-connection/17.06/learner-guide.md,1,d602a238b8132dea0806c8038143992b17de9771636fa7ed33a763a44db05dd8,1d24c3c5d5033981069bd683b536ce5101e22adb670f421d39687aa8be287c03,full_primary,substantive_editorial_followup,True,revision_findings_open,not_demonstrated_by_current_revision_acceptance,E-17.06,"Retain the protective boundaries, label the checks as consolidation and add an unseen safe case requiring proportionate access/authority reasoning for transfer; qualified safety and independent learner review remain pending."
17.07,Hospitality and inclusion,"Friendship, Belonging, Hospitality, and Social Networks",docs/authoring/respectful-connection/17.07/learner-guide.md,1,f56c368e7f3dd9ef5f4fc0be252865e27a295a3b3a4a094faad30c7b850e0a78,b4fd5f2ea1a0bd4ea032ce076fbdab45467b46d0a1e75307ed1a0d8ce7a8e225,full_primary,no_new_blocker_observed,True,acceptance_not_established,not_demonstrated_by_current_revision_acceptance,,"Keep participant choice, host authority and partial-success reporting; independently test the joining journey with relevant access needs before acceptance."
17.08,Collaboration and complementary strengths,"Friendship, Belonging, Hospitality, and Social Networks",docs/authoring/belonging-partnership/17.08/learner-guide.md,1,68d11048212486cf176cb9677c046b21f945874d7c726ddc08d00b322d91ac3b,ae83fae0bd5060b1c10e76015e8105288ea68d0bfc353698947f3556f52235f0,full_primary,no_new_blocker_observed,True,acceptance_not_established,not_demonstrated_by_current_revision_acceptance,,"Preserve actual role consent, costs and attribution, and collect a credible comparison before claiming more value than isolated work; independent learner/team review remains pending."
17.09,"Belonging, loneliness, and social ecology","Friendship, Belonging, Hospitality, and Social Networks",docs/authoring/belonging-partnership/17.09/learner-guide.md,1,7e76433af6bf17abade6204ff549b045e216b45f5b74598f641cb4ba08fbe399,7aa0ef36ef9b28a467735ce65b4a872576205d699cedb5a3031d0141a7a6e0b6,full_primary,no_new_blocker_observed,True,acceptance_not_established,not_demonstrated_by_current_revision_acceptance,,"Keep chosen solitude and structural barriers visible; independently test usability and actual repeated participation, without claiming loneliness or health effects from a visit."
17.10,Networks and social capital,"Friendship, Belonging, Hospitality, and Social Networks",docs/authoring/belonging-partnership/17.10/learner-guide.md,1,0bc3d56ba40e7843a3da8af3fb47bd923ee5101a43c9d35bf3a6ac5194b43710,5a30e73ccdac69efc0337deebdec1242a72141ceb1a0b42b5d308a560a2e5e32,full_primary,substantive_editorial_followup,True,revision_findings_open,not_demonstrated_by_current_revision_acceptance,E-17.10,Retain those as consolidation and add a different professional/community request requiring scope and conflict-of-interest judgment before claiming transfer; actual network maintenance remains unobserved.
17.11,Intergenerational friendship and mentorship,"Friendship, Belonging, Hospitality, and Social Networks",docs/authoring/belonging-partnership/17.11/learner-guide.md,1,7570e6a93e67b3afc1c5fa021553eb64857f95cc14203890c9d652016b7d0d32,5985e53fdb5c6babb40b0231c98f2017fffd84e5dd3675f1221cf2229e37187d,full_primary,no_new_blocker_observed,True,acceptance_not_established,not_demonstrated_by_current_revision_acceptance,,"Retain contextual advice, mutual benefit and adult/safeguarding boundaries; independently review actual exchange and longer-term maintenance before relationship claims."
17.12,"Kin, clan, neighborhood, and communal obligation","Friendship, Belonging, Hospitality, and Social Networks",docs/authoring/belonging-partnership/17.12/learner-guide.md,1,2495303d6b85e90b52fd3975673488f1c30641ef5b4a64c87fab795d54c42f71,aa67a71659ceabc628e414193d8b4a807efbcfa099dd222272383383ebe01e8e,full_primary,no_new_blocker_observed,True,acceptance_not_established,not_demonstrated_by_current_revision_acceptance,,Preserve both communal goods and safety/conscience limits; qualified local advice is needed for consequential duties and independent cultural/learner review remains pending.
17.13,Friendship across deep difference,"Friendship, Belonging, Hospitality, and Social Networks",docs/authoring/belonging-partnership/17.13/learner-guide.md,1,6be833f5bd99458938141e559423d01d4a20f7f3897a1533534411b8526441ae,c150e95c789e97cc46a58777445dbeb4e8f346304d2bc0867a730e28688e8b06,full_primary,substantive_editorial_followup,True,revision_findings_open,not_demonstrated_by_current_revision_acceptance,E-17.13,Retain consolidation and add an unseen shared-commitment consequence requiring fair representation plus a practical decision; preserve refusal to debate dignity and independent relationship review.
17.14,Collective belonging without conformity,"Friendship, Belonging, Hospitality, and Social Networks",docs/authoring/belonging-partnership/17.14/learner-guide.md,1,29b8ddb95584528865d468e44a9d506cec33497c7b17421486ba44a54ca04d33,6a265ace453e1b72265fc66b223d42405b17567ec80fde7151a1164049abe7a9,full_primary,substantive_editorial_followup,True,revision_findings_open,not_demonstrated_by_current_revision_acceptance,E-17.14,"Supply a small actual inventory/count packet and corrective result, or label the fictional contribution as planning only; keep contribution from becoming a price of dissent and preserve real authority limits."
18.01,The nature and practice of love,"Intimacy, Sexuality, and Partnership",docs/authoring/belonging-partnership/18.01/learner-guide.md,1,f612d82036800d2ffa664f5cbbeb13076d2fd835eddaf1ce6435f4506f0d6d6e,08fe27026c9df28a99bede59a2bd725c9a606480df4ea3539eae28e01cb1e043,full_primary,no_new_blocker_observed,True,acceptance_not_established,not_demonstrated_by_current_revision_acceptance,,"Preserve role optionality, truthful needs and coercion exclusions; qualified relationship/safety and independent learner review remain pending, with no diagnostic or durable-love claim."
18.02,Attraction and respectful courtship,"Intimacy, Sexuality, and Partnership",docs/authoring/belonging-partnership/18.02/learner-guide.md,1,ee9c10bc59201f0226b1411dcd5325a845466bb25e4bdfb5ae1be2c8771ecbc6,d68757b27bc796cebf13ae1b470df3ade246169b4cb33f62a7c062f568ec790b,full_primary,substantive_editorial_followup,True,revision_findings_open,not_demonstrated_by_current_revision_acceptance,E-18.02,Retain these foundational checks as consolidation and add a new benign changed-plan case requiring consent-status reasoning before claiming transfer; preserve optionality and qualified safeguarding/legal boundaries.
18.03,Partner selection and compatibility,"Intimacy, Sexuality, and Partnership",docs/authoring/belonging-partnership/18.03/learner-guide.md,1,7ad2a7e0ae43674efd5aa5c3f957b3caff7556362aa7faf525d60bb931d38d93,7d1b8a8196c29dcf7c0a487a35bf4b8868ab0bf89e2c77c15192228bb1c13cb8,full_primary,substantive_editorial_followup,True,revision_findings_open,not_demonstrated_by_current_revision_acceptance,E-18.03,"Remove the unsupported care-responsibility reference or explicitly supply it as a new case fact, keeping Dana's stated location preference sufficient without requiring an invented justification; independently review decision usability."
18.04,Attachment and relational security,"Intimacy, Sexuality, and Partnership",docs/authoring/belonging-partnership/18.04/learner-guide.md,1,05ec6c09fd24aea2c614e4e357b8e73810baefbcfddca324c2ab2954d37af3c5,9d2ab6630e647074a4234c4b13b42e9ba3ba4ab1e2263be5d7b4070a2e1ee302,full_primary,no_new_blocker_observed,True,acceptance_not_established,not_demonstrated_by_current_revision_acceptance,,"Retain legitimate-needs and control distinctions; qualified relationship/safety and independent learner review remain pending, with no attachment diagnosis or therapy-effect claim."
18.05,Vulnerability and emotional intimacy,"Intimacy, Sexuality, and Partnership",docs/authoring/belonging-partnership/18.05/learner-guide.md,1,febef3e64e1ab04401d353fd5d55af3ae6f40ceffadfd81961359c205be8d2be,39ed55280e648a0abc51f182f720dc56e852a8efb5ce290a04524c7ba5d164b5,full_primary,no_new_blocker_observed,True,acceptance_not_established,not_demonstrated_by_current_revision_acceptance,,Preserve truthful material disclosure without compelled exposure; independently review usability and obtain qualified advice for consequential disclosure duties or unsafe relationships.
18.06,Relationship stages and changing needs,"Intimacy, Sexuality, and Partnership",docs/authoring/partnership-family/18.06/learner-guide.md,1,6627d81bea17962b85b0c68d6fbd32daf8ea0fa79d552533bf26a60f08085c1e,5179a86661b55b5b115aff54868380627a9f42955a69c87cfe5585ff018cc173,full_primary,substantive_editorial_followup,True,revision_findings_open,not_demonstrated_by_current_revision_acceptance,F-METADATA;E-18.06,"Move formal acceptance bookkeeping to maintainer documentation while preserving role optionality, trial limits and unresolved repair; obtain independent learner and qualified relationship review."
18.07,"Shared expectations, roles, and labor","Intimacy, Sexuality, and Partnership",docs/authoring/partnership-family/18.07/learner-guide.md,1,949842a52a6025c9e0dff9818a3b6a9e04492bcf82d5066b8c34456825dd3406,b05460e96d378b0f1b1d19a95e4e51f7bf5e6b74e3a7f747242b4729f4ab977b,full_primary,learner_copy,True,revision_findings_open,not_demonstrated_by_current_revision_acceptance,F-METADATA;E-18.07,Keep the whole-task ownership and actual-burden comparison; move editorial status to maintainer records.
18.08,Partnership conflict and repair,"Intimacy, Sexuality, and Partnership",docs/authoring/partnership-family/18.08/learner-guide.md,1,e72f239cd9cfdeb7620ede679e23779f821ca39c77abe3ef2f6f3ca59c268b21,72c3a43b24bb3274fa105270fd3c377670d18b960f84efde952aede1250fa599,full_primary,substantive_editorial_followup,True,revision_findings_open,not_demonstrated_by_current_revision_acceptance,F-METADATA;E-18.08,"Move acceptance workflow metadata to maintainer notes; preserve recurrence, distinct repair components and the safety branch, with independent learner and qualified review pending."
18.09,Sexual ethics and consent,"Intimacy, Sexuality, and Partnership",docs/authoring/partnership-family/18.09/learner-guide.md,1,0a09354324390fb2df8d825efaec4048e4bceea5164090611226ca4f3391fb72,3a646202bfeb32f0379a5d5b05ef843c8c66edee0ce7b6ed6061a39c96f5f46a,full_primary,substantive_editorial_followup,True,revision_findings_open,not_demonstrated_by_current_revision_acceptance,F-METADATA;E-18.09,Relocate acceptance bookkeeping and label initial answered classifications as guided teaching; preserve no-contact/accessibility boundaries and obtain qualified consent/safeguarding and independent learner review.
18.10,"Sexual communication, pleasure, and health","Intimacy, Sexuality, and Partnership",docs/authoring/partnership-family/18.10/learner-guide.md,1,57d2b165ed0a0e0c2394399ac6eea8b96c9777b52173cfe3dbba1906aba7bbdd,b7958b591206e8fba2a1a945d970bc2428fc09bc43e9c09c9ae2fe81e2cfdcda,full_primary,substantive_editorial_followup,True,revision_findings_open,not_demonstrated_by_current_revision_acceptance,F-METADATA;E-18.10,"Move acceptance bookkeeping to maintainer notes; preserve private clinical channels, distinct health questions and actual-status accounting, with qualified health/consent and independent learner review pending."
18.11,"Commitment, fidelity, and trust","Intimacy, Sexuality, and Partnership",docs/authoring/partnership-family/18.11/learner-guide.md,1,47d48f672e8f7217e59f660daf50fc0049813fe90807ff28bc4d0ebb88e9006a,570980890957282eda62c4b93631558398c149c806d1d36d8d22d5dfc810a6b5,full_primary,substantive_editorial_followup,True,revision_findings_open,not_demonstrated_by_current_revision_acceptance,F-METADATA;E-18.11,Align action4 with the actual notification promise or explicitly add mutually agreed discussion to the case; move acceptance metadata to maintainer notes and preserve nonretroactive agreement changes.
18.12,"Separation, divorce, estrangement, and endings","Intimacy, Sexuality, and Partnership",docs/authoring/partnership-family/18.12/learner-guide.md,1,508d8af58788dce9985a93b5e276632debb1bc750031d2d0e40527cea4d7b685,08a4da6dc8928d0c2a61e52c4dcb7d15348b929ff42174aba08812a42d671448,full_primary,substantive_editorial_followup,True,revision_findings_open,not_demonstrated_by_current_revision_acceptance,F-METADATA;E-18.12,"Move acceptance bookkeeping to maintainer notes; retain authorized inquiries and earlier care continuity, with qualified local legal/safety and independent learner review pending."
18.13,Relationship diversity and chosen form,"Intimacy, Sexuality, and Partnership",docs/authoring/partnership-family/18.13/learner-guide.md,1,8c07b87319554ed6d56f03446d7c4837a2c4e1a15324d5a7c718e198665ca272,bd58a7b76aaa060bf91317eda9e34d482936ed4dc5e257a712d965deed4d2bd2,full_primary,substantive_editorial_followup,True,revision_findings_open,not_demonstrated_by_current_revision_acceptance,F-METADATA;E-18.13,Supply a small picnic fact card or explicitly make the output a request for missing logistics rather than a completed informative reply; relocate acceptance metadata and retain voluntary personal boundaries.
18.14,Reproductive intentions and partnership communication,"Intimacy, Sexuality, and Partnership",docs/authoring/partnership-family/18.14/learner-guide.md,1,b070ef0c7f31ecd810165175d9fd958670f967ccf8ea14cf0f41bdf119e53672,7b24848c47ce4f7e01b6290154254b73a28e38344bbc13140bb742582da59356,full_primary,substantive_editorial_followup,True,revision_findings_open,not_demonstrated_by_current_revision_acceptance,F-METADATA;E-18.14,"Move acceptance machinery to maintainer notes; preserve voluntary decisions and private qualified care, with independent learner and specialist reproductive/safety review pending."
19.01,Family systems and intergenerational patterns,"Family, Parenting, Reproduction, and Caregiving",docs/authoring/partnership-family/19.01/learner-guide.md,1,83effdebbd3cd5d31d36e50a17b353cf5384829f3d7e0f0890a8e3d778ea6ae3,b58412c10c763306882f0ba4da94c6df95130b0af77b5bc4f858dc265707447b,full_primary,substantive_editorial_followup,True,revision_findings_open,not_demonstrated_by_current_revision_acceptance,F-METADATA;E-19.01,"Relocate acceptance bookkeeping and label newly supplied prior commitments unambiguously; retain nonclinical pattern reasoning, estrangement/safety alternatives and independent review."
19.02,Parenting and child development,"Family, Parenting, Reproduction, and Caregiving",docs/authoring/partnership-family/19.02/learner-guide.md,1,19ca0c94388dfcfda6b1a97b92d61e2a34b1d7b968ee8c0d5ca0147e9a25ec92,20b9135a1a468aeb98eeb7d057aee717fc393b0f89431d4be71a770208853d5f,full_primary,substantive_editorial_followup,True,revision_findings_open,not_demonstrated_by_current_revision_acceptance,F-METADATA;E-19.02,"Move acceptance machinery to maintainer documentation; preserve actual care authority, noncoercion and condition-sensitive evidence, with qualified child-development/safeguarding and independent learner review pending."
19.03,"Caregiving for elders, illness, and disability","Family, Parenting, Reproduction, and Caregiving",docs/authoring/partnership-family/19.03/learner-guide.md,1,f562e5dcb090affbf4e195f8c3418b2564481dfa7fceaa78d2d704f4ec66269c,16c1a7ba0ab863620dbb5e0eabae06453b110c0f2c6efeeaed50f69d60ebc25d,full_primary,substantive_editorial_followup,True,revision_findings_open,not_demonstrated_by_current_revision_acceptance,F-METADATA;E-19.03,"Relocate acceptance bookkeeping and retain the late arrival, actual backup acceptance, burden overrun and private clinical unknowns; qualified care/accessibility and independent learner review remain pending."
19.04,Fertility and reproductive health literacy,"Family, Parenting, Reproduction, and Caregiving",docs/authoring/family-stewardship/19.04/learner-guide.md,1,07279bb7bc21ca64cc454dd38d9bdc09ec87f1f40f551d643fd25a5dfddf4213,c6af97400ef768967ce254cb9b3cd95d8f44c2a631b2028a2b9409d3c47da213,full_primary,substantive_editorial_followup,True,revision_findings_open,not_demonstrated_by_current_revision_acceptance,F-METADATA;E-19.04,"Relocate acceptance bookkeeping; retain the narrow online-source dependency and qualified individual questions, with clinical suitability and independent learner review still unestablished."
19.05,"Pregnancy, birth, and postpartum responsibility","Family, Parenting, Reproduction, and Caregiving",docs/authoring/family-stewardship/19.05/learner-guide.md,1,fdfd30adf7e0e611336197bf25008eede6c944360441d4aef47a7c6f0a8d9b61,7e71d2b47d009951a3f81b0e4202b6c6a9cc31aef9020a0e908d7eb70886f1ff,full_primary,substantive_editorial_followup,True,revision_findings_open,not_demonstrated_by_current_revision_acceptance,F-METADATA;E-19.05,"Move acceptance workflow language to maintainer notes; retain person-controlled support and prompt qualified concern routing, with specialist maternity/infant-care and independent learner acceptance pending."
19.06,"Miscarriage, infertility, and reproductive grief","Family, Parenting, Reproduction, and Caregiving",docs/authoring/family-stewardship/19.06/learner-guide.md,1,8f061304c08cb5585a359fe4605a6f22204bd48c1c9ae0b5c61e9c84fa8b6d50,2cef1688fe91ca2316ebb8bff544614cbc3cf12f2447f8ac76e7ffeb421cbc01,full_primary,substantive_editorial_followup,True,revision_findings_open,not_demonstrated_by_current_revision_acceptance,F-METADATA;E-19.06,"Move acceptance bookkeeping out of learner copy; preserve non-minimizing support and actual consent, with qualified grief/health and independent learner review pending."
19.07,"Adoption, fostering, stepfamilies, and chosen family","Family, Parenting, Reproduction, and Caregiving",docs/authoring/family-stewardship/19.07/learner-guide.md,1,7b057d5defd0bf7f74d62468c517aa00c54faad2193345d005da54d2d436d79f,170bd5426e4f070b042f49ea5315168f471a8870347ce5c1ec589ec1511fb5c0,full_primary,substantive_editorial_followup,True,revision_findings_open,not_demonstrated_by_current_revision_acceptance,F-METADATA;E-19.07,"Relocate acceptance metadata while preserving agency, origins and permission limits; qualified child-welfare/legal and independent learner review remain required for actual settings."
19.08,Child protection and safeguarding,"Family, Parenting, Reproduction, and Caregiving",docs/authoring/family-stewardship/19.08/learner-guide.md,1,ac553e6f28d8bdb00f5b4acec8ceca0996d6a8e4ad35ff436a3af350f331b047,8ce9f02026308bd8c4d1c940928b75f0b4c9de2bb30199b9a8aabf9cdd33bce1,full_primary,substantive_editorial_followup,True,revision_findings_open,not_demonstrated_by_current_revision_acceptance,F-METADATA;E-19.08,"Move acceptance bookkeeping to maintainer notes; retain dated official rechecking and explicit jurisdiction/role limits, with qualified local safeguarding/legal and independent learner review still pending."
19.09,Developmentally appropriate autonomy and discipline,"Family, Parenting, Reproduction, and Caregiving",docs/authoring/family-stewardship/19.09/learner-guide.md,1,f4042686db795222b6b87387102a81280ad1f546181d9af4f7b81c30f6443738,4c949c5a542c6023a74802c3a2e8fd7e5727bb925bd077ed01c87381b19c5973,full_primary,substantive_editorial_followup,True,revision_findings_open,not_demonstrated_by_current_revision_acceptance,F-METADATA;E-19.09,"Relocate acceptance workflow language while preserving proportionate demand, explained purpose and support; obtain qualified developmental/care and independent learner review."
19.10,"Education, formation, and modeling in family life","Family, Parenting, Reproduction, and Caregiving",docs/authoring/family-stewardship/19.10/learner-guide.md,1,9be039a6282f87dd9d1234116796b6c48cd57c7d0df474a9cfbaf864a71ceb15,d8f041b7491d24c240cf65aa0f7ad5dd8792303715af2051b7945532a085ce62,full_primary,substantive_editorial_followup,True,revision_findings_open,not_demonstrated_by_current_revision_acceptance,F-METADATA;E-19.10,"Provide a separate second-book prompt/note before its worked outcome, preserve supports and learner voice, and move formal acceptance bookkeeping to maintainer documentation."
19.11,"Elder care, dementia, and later-life decision-making","Family, Parenting, Reproduction, and Caregiving",docs/authoring/family-stewardship/19.11/learner-guide.md,1,b0d2c2141c4e7222ab121700dd02dbd9ae35d144a3d7782867fd9d2e8d1e2fd7,dcd59edfd66b7c4721b5142e1a74a4bc079a206ec20ae8ae8f3eb16d0f6ed34b,full_primary,substantive_editorial_followup,True,revision_findings_open,not_demonstrated_by_current_revision_acceptance,F-METADATA;E-19.11,"Relocate acceptance workflow material; preserve person-chosen supports and unresolved clinical/legal/backup questions, with qualified local elder-care and independent learner review pending."
19.12,"Family labor, provision, and invisible work","Family, Parenting, Reproduction, and Caregiving",docs/authoring/family-stewardship/19.12/learner-guide.md,1,0af5054c12078e2faf23c826fb189448c0228f3e7df796ca2c89948df6e0b4f9,65b8e08ebefbb43426f33913e2a01bbefaad9bf3fc9373b61e2b70778df52eb0,full_primary,substantive_editorial_followup,True,revision_findings_open,not_demonstrated_by_current_revision_acceptance,F-METADATA;E-19.12,"Supply the referenced headcount/preferences and bounded options if executing the fictional unit, or clearly restrict it to handoff analysis; move acceptance bookkeeping to maintainer notes and retain unresolved overall workload."
19.13,"Co-parenting, separation, and family restructuring","Family, Parenting, Reproduction, and Caregiving",docs/authoring/family-stewardship/19.13/learner-guide.md,1,4f2d548da688719b1f3b491c8807fd0a3fd81b15683126c341cc9fb933980d21,bbace3adfa39504a1e2a89387cf793520c47987ccf79ae4dd6df1a2bf4fa6cdf,full_primary,substantive_editorial_followup,True,revision_findings_open,not_demonstrated_by_current_revision_acceptance,F-METADATA;E-19.13,Replace the repeated timing item with a genuinely new handoff record or label it consolidation; relocate acceptance metadata and preserve qualified authority/safety review and independent learner testing.
19.14,"Family ritual, heritage, and intergenerational continuity","Family, Parenting, Reproduction, and Caregiving",docs/authoring/family-stewardship/19.14/learner-guide.md,1,353365e69aafda25f074d713616c6ee4b8849d8f152d32706d9bd36cb5b49426,ce35c03b28d933db292387fa22b8c2b2b759c740660aeddcedab2204eb698d67,full_primary,substantive_editorial_followup,True,revision_findings_open,not_demonstrated_by_current_revision_acceptance,F-METADATA;E-19.14,"Provide a clearly labeled fictional word/meaning card or make translation explicitly a real-authorized-contributor option, keeping the object route self-contained; move acceptance bookkeeping out of learner copy."
19.15,"Caregiver limits, respite, and shared responsibility","Family, Parenting, Reproduction, and Caregiving",docs/authoring/family-stewardship/19.15/learner-guide.md,1,2e3e6b1da4880e973b9c03819bf58496804767816d41483e1f558ec570f0d2e0,5e5207c7351b4c91f8453766bc1c39d66479029182bfbb34928ebb25df778c50,full_primary,substantive_editorial_followup,True,revision_findings_open,not_demonstrated_by_current_revision_acceptance,F-METADATA;E-19.15,Use a new unseen interval/interruption record for the fresh calculation or label the current item consolidation; relocate acceptance bookkeeping and preserve qualified care/independent review requirements.
20.01,Social interdependence,"Community, Citizenship, Justice, and Nonviolent Action",docs/authoring/civic-participation/20.01/learner-guide.md,1,95162889296b7b22a97b06426ee7e95c6e0053691b999bed90e00a40f6ae8a1d,e97bfe7b587b2c5e81d3a5f672366c725ae9f13244fee5fecc3a8198b20971fb,full_primary,substantive_editorial_followup,True,revision_findings_open,not_demonstrated_by_current_revision_acceptance,F-METADATA;E-20.01,Move curriculum/governance metadata to maintainer notes while preserving proportional reciprocity and distinct institutional duties; independent learner and source review remain pending.
20.02,Civic and governmental literacy,"Community, Citizenship, Justice, and Nonviolent Action",docs/authoring/civic-participation/20.02/learner-guide.md,1,f700a07e7029d435bb6c6ada06102673cd5f160c7c2ab888204ad0bf3e7ec492,40d502ad3f661c23af7c0a167f0b8a79b2dc26eeea4d0f4876d4d34c03233032,full_primary,substantive_editorial_followup,True,revision_findings_open,not_demonstrated_by_current_revision_acceptance,F-METADATA;E-20.02,"Relocate governance metadata; retain verified-local-authority requirements and pending complaint/election specifics, and independently recheck the named real directory examples before operational use."
20.03,"Rights, duties, law, and civil liberty","Community, Citizenship, Justice, and Nonviolent Action",docs/authoring/civic-participation/20.03/learner-guide.md,1,ac471049677c2c5142d49efc68cc850f683dfec145751563ddc1adf3aff3de50,470f740c10f702b0ce32039ef668c7cc90e76bd86ee868620dc7803c0874d04b,full_primary,substantive_editorial_followup,True,revision_findings_open,not_demonstrated_by_current_revision_acceptance,F-METADATA;E-20.03,"Relocate governance metadata and retain the distinction between normative principles, local law and relevant safety evidence; independent civic/legal and learner review remain pending."
20.04,"Justice, inequality, and social structure","Community, Citizenship, Justice, and Nonviolent Action",docs/authoring/civic-participation/20.04/learner-guide.md,1,fa94b4ff308964653bb3482fe5b1c5ad34e4874c56778c4b3d9e316506557efb,846ab5e4805a72e9475df6ccfab0b927330abaf748cb5f1a3fa636c5802dff22,full_primary,substantive_editorial_followup,True,revision_findings_open,not_demonstrated_by_current_revision_acceptance,F-METADATA;E-20.04,Use different unseen counts/conditions for the fresh causal check or label the current item consolidation; relocate governance metadata and preserve affected-person/qualified review requirements.
20.05,Engagement across difference,"Community, Citizenship, Justice, and Nonviolent Action",docs/authoring/civic-participation/20.05/learner-guide.md,1,469d63da3adf4c052375a4b8ed01d762bef2a10afbb53fe024e412c34b5db926,32bf3ce1163f7956cd9c2a98a0fe2636240ec7915cabda8f3bd57bd3defeb716,full_primary,substantive_editorial_followup,True,revision_findings_open,not_demonstrated_by_current_revision_acceptance,F-METADATA;E-20.05,"Move governance metadata to maintainer notes and retain the complete notice facts, voluntary cooperation and actual-status limits; independent learner/intercultural review remains pending."
20.06,Service and volunteering,"Community, Citizenship, Justice, and Nonviolent Action",docs/authoring/civic-participation/20.06/learner-guide.md,1,b246b0e5bbb9deb140a9412908d08cb7fde089a4065d96cc3b4c6e34be6d9793,33eeabe8880c66675c3b01724dbe933cf899b9d9a35069d0d498a9cbecb32781,full_primary,substantive_editorial_followup,True,revision_findings_open,not_demonstrated_by_current_revision_acceptance,F-METADATA;E-20.06,"Add unseen counts/time/support facts for fresh checks or label them consolidation; relocate governance metadata while retaining complete materials, voluntary scope and no-long-term-benefit overclaim."
20.07,Helping without paternalism,"Community, Citizenship, Justice, and Nonviolent Action",docs/authoring/civic-participation/20.07/learner-guide.md,1,ef6ca3c9d9b63799372c9caa9078dd3db0a17682fbd6293853515829d3a86c71,a8a3cb3ff7beea8ee8f84cff4df7b3812c61cee7e436c84b4c7ac03d74c71c2a,full_primary,substantive_editorial_followup,True,revision_findings_open,not_demonstrated_by_current_revision_acceptance,F-METADATA;E-20.07,MakeQ2 self-contained by supplying the concrete task evidence or keep usefulness unknown in its key; relocate metadata and preserve chosen recurring support without forced independence.
20.08,Collective action and organizing,"Community, Citizenship, Justice, and Nonviolent Action",docs/authoring/civic-participation/20.08/learner-guide.md,1,5711956b94c235afe8589b1b1c8a9dc7c8343a18d1c015e57fcc30e42fc250e1,39ce521e32b588f0ad32fdd6e2579f3a491381801b5f61f328b373a31701fd67,full_primary,substantive_editorial_followup,True,revision_findings_open,not_demonstrated_by_current_revision_acceptance,F-METADATA;E-20.08,Retain full inventory and authority constraints but add an unseen changed board/role record for transfer checks; relocate governance metadata and preserve actual collective-action/independent-review limits.
20.09,Public discourse and information responsibility,"Community, Citizenship, Justice, and Nonviolent Action",docs/authoring/civic-participation/20.09/learner-guide.md,1,be0e7991b9ede97532809bf1ffe76da5fc55cc5b97c64a0ee6224fac6dfc3ea5,89f88c25856ddf72fc57b0ceb3ff97a91c4031e88ae14af92fc72479ea6e0648,full_primary,substantive_editorial_followup,True,revision_findings_open,not_demonstrated_by_current_revision_acceptance,F-METADATA;E-20.09,Add an unseen source chain with different dependence/date/condition facts for a fresh check or label current checks consolidation; move governance metadata to maintainer notes.
20.10,Stewardship of commons and environment,"Community, Citizenship, Justice, and Nonviolent Action",docs/authoring/civic-participation/20.10/learner-guide.md,1,38b8430741efbc18b5a7a3a296e8055a1d26928f1cf8218c9b5b4d20a0ee0ddb,81b14667fdb402714ab5ed18531a2ae9dece67105d8faf89a8da4ae6a487d3ca,full_primary,substantive_editorial_followup,True,revision_findings_open,not_demonstrated_by_current_revision_acceptance,F-METADATA;E-20.10,Supply a small shelf diagram or text layout with a return target and damage notice so the learner can perform the fictional placement check before its outcome; relocate governance metadata and keep real user trials distinct.
20.11,Pluralism and peaceful coexistence,"Community, Citizenship, Justice, and Nonviolent Action",docs/authoring/civic-participation/20.11/learner-guide.md,1,bfb09c767fd46a3aca1daf59660f9bfbbc4847d0ea7348063bdea976c7ed2aa1,75a5e7f50fdfba714ce6e68b4e2dd8f9197a0893c0e9e92662245400b2fd0b8d,full_primary,substantive_editorial_followup,True,revision_findings_open,not_demonstrated_by_current_revision_acceptance,F-METADATA;E-20.11,Move catalog/review metadata to author notes and label the checks as consolidation unless a separate transfer case is added.
20.12,Institutional and media-system literacy,"Community, Citizenship, Justice, and Nonviolent Action",docs/authoring/civic-participation/20.12/learner-guide.md,1,7af2916ec76f8d181aa6be740e75f12d4216a88a4692adc5388c5c3c7f38a2b2,9c11f6a577acc36572b3109e81a62189c55be3f277cd8f5cf554739fee999eb7,full_primary,substantive_editorial_followup,True,revision_findings_open,not_demonstrated_by_current_revision_acceptance,F-METADATA;E-20.12,Keep the bounded causal and institutional reasoning; replace or relabel the repeated check and move review metadata out of learner prose.
20.13,"Propaganda, polarization, and democratic resilience","Community, Citizenship, Justice, and Nonviolent Action",docs/authoring/civic-work-foundations/20.13/learner-guide.md,1,479dc39f7490cde372fa3e9cdc63919c91e45bbfa9bec88f241759e8ff9c7ddf,bfa4fdd29b62ad0535ccc0afa3b2073fb46211271cfbec1c2ab9cb97eedecdfa,full_primary,learner_copy,True,revision_findings_open,not_demonstrated_by_current_revision_acceptance,F-METADATA;E-20.13,"Move implementation/review status to author notes; retain non-amplification and the distinction between rhetoric, factual error and proven coordination."
20.14,Nonviolent action and conflict transformation,"Community, Citizenship, Justice, and Nonviolent Action",docs/authoring/civic-work-foundations/20.14/learner-guide.md,1,040aad5ab6292f20f5b4fe19505bb91bb84dfcf321aa94f15f34efb881b024a6,437aac959910c5c45cfbb66bd4bf69267f6a1fb98ac5324e4bb5fdd5dde600c8,full_primary,substantive_editorial_followup,True,revision_findings_open,not_demonstrated_by_current_revision_acceptance,F-METADATA;E-20.14,Remove authoring metadata and keep evidence claims explicitly at process-design/tabletop level; broader live-method proficiency requires its own suitable pathway.
20.15,Civil disobedience and principled lawbreaking,"Community, Citizenship, Justice, and Nonviolent Action",docs/authoring/civic-work-foundations/20.15/learner-guide.md,1,faf3908d65178b3c1fb05d6ca36ff7bbf7d3454aa6d467329968fb43edc415f4,5715675ee0d9cb877b2c524293596a880bf74b71940e13f2ec3d4f9c8700d104,full_primary,substantive_editorial_followup,True,revision_findings_open,not_demonstrated_by_current_revision_acceptance,F-METADATA;E-20.15,"Add a nonoperational analysis case with stipulated law status and opposing reasons, retain the unknown-status contrast, and remove editorial metadata."
20.16,Mutual aid and community resilience,"Community, Citizenship, Justice, and Nonviolent Action",docs/authoring/civic-work-foundations/20.16/learner-guide.md,1,8df1697b6097965edca84c57927c296024438f788661a386d19863c94f4ddfc0,468bcbd597b1b15784104f6de5d44452abb1c680c467e1a3419274309d34e75b,full_primary,substantive_editorial_followup,True,revision_findings_open,not_demonstrated_by_current_revision_acceptance,F-METADATA;E-20.16,Retain the information-service limits and explicit acceptance sequence; relocate review machinery to author notes.
20.17,Social insurance and shared risk,"Community, Citizenship, Justice, and Nonviolent Action",docs/authoring/civic-work-foundations/20.17/learner-guide.md,1,071cbbc7d0ed240c31440edb72054bb92c5d6303153ea16799b36fb7444888eb,e49c8289a0177f98e9c6fb4f72cb661620e10d99e821660a82f3076b40a317f0,full_primary,substantive_editorial_followup,True,revision_findings_open,not_demonstrated_by_current_revision_acceptance,F-METADATA;E-20.17,"Retain the civic distribution/access reasoning and label repeated calculations as consolidation; supply changed values if independent calculation transfer is claimed, and relocate editorial status."
20.18,Peacebuilding and reconciliation after collective harm,"Community, Citizenship, Justice, and Nonviolent Action",docs/authoring/civic-work-foundations/20.18/learner-guide.md,1,aa15bb11055f98fe87bb734cefdf3ecdbfb7035aef170d72217ecfc1318a8741,c66d42a173f285671e880845eb482ca7c66e9a34187cf113f271ca1cf2bc0afc,full_primary,substantive_editorial_followup,True,revision_findings_open,not_demonstrated_by_current_revision_acceptance,F-METADATA;E-20.18,Label those checks consolidation or add a genuinely new model comparison before claiming transfer; move catalog and acceptance metadata out of learner prose.
21.01,Work worth doing,"Work, Craft, Professionalism, and Labor Ethics",docs/authoring/civic-work-foundations/21.01/learner-guide.md,1,3434ae24dcdbcf14ab85b95ade5907b60f35fba020ed784d81a9c177de96c248,b7167ce4d743b1f8f4cd287611eb696938aca97a4d8a65b7f935984532b2f214,full_primary,learner_copy,True,revision_findings_open,not_demonstrated_by_current_revision_acceptance,F-METADATA;E-21.01,"Remove author-facing field/status commentary from learner prose; retain hard constraints, staying/redesign alternatives and provisional evidence status."
21.02,Professional reliability,"Work, Craft, Professionalism, and Labor Ethics",docs/authoring/civic-work-foundations/21.02/learner-guide.md,1,7515987a4280e55694d92dffaaa0cde1003999cb77892bcd0fec54d06275c02b,fa0f282bd3007eea97fb826befe433098676e594db853167877ee60debe2e652,full_primary,substantive_editorial_followup,True,revision_findings_open,not_demonstrated_by_current_revision_acceptance,F-METADATA;E-21.02,"Relocate governance metadata, correct the copy error, and identify the repeated checks as consolidation or add a new commitment case for transfer."
21.03,Foundational craft competence,"Work, Craft, Professionalism, and Labor Ethics",docs/authoring/exercises/21.yaml,124,9c7b0c7522695de7593380088efe75ef9e0f0236265b15074de998e58897a784,33cdd740007a4981912f153ff467fadc9140b9fb072087c3de273e6c739e0b3b,full_primary,no_new_blocker_observed,False,acceptance_not_established,not_demonstrated_by_current_revision_acceptance,,Retain the repair and perform the independent learner-only desk test and actual-format access checks before acceptance.
21.04,Deliberate mastery and expertise,"Work, Craft, Professionalism, and Labor Ethics",docs/authoring/civic-work-foundations/21.04/learner-guide.md,1,015ff6b429dc6766343a87a2930d326d58df1eea465355543cc8ea5f7da2264f,663eaf9682145fedc09fd5b346893b3ec29935451f5391770709facdeb20849c,full_primary,substantive_editorial_followup,True,revision_findings_open,not_demonstrated_by_current_revision_acceptance,F-METADATA;E-21.04,Separate fresh integration prompts from the narrated results or call them worked analyses; move catalog/review machinery out of learner copy.
21.05,"Quality, craftsmanship, and reputation","Work, Craft, Professionalism, and Labor Ethics",docs/authoring/civic-work-foundations/21.05/learner-guide.md,1,96191621deecf4e3875dd86cb010de01a6dfe035bf5d9b062240983e2046fa69,bd849818351d7ce427e620b86f37bd1c763fc6f74923f239f61acf1a2da0d41e,full_primary,substantive_editorial_followup,True,revision_findings_open,not_demonstrated_by_current_revision_acceptance,F-METADATA;E-21.05,"Preserve the specific usability criteria and provenance distinctions; relocate internal metadata. Treat scripted later results as case analysis, not learner performance."
21.06,"Customer, stakeholder, and user understanding","Work, Craft, Professionalism, and Labor Ethics",docs/authoring/civic-work-foundations/21.06/learner-guide.md,1,d2b4a995ecf980e34b19a5e47f668f0effa772d688951ab8dcb9e56d71dd970e,ea64af2be34444dfbdbddb992ebffa5a787c7d306b8d3da5e1f1c545d2197375,full_primary,substantive_editorial_followup,True,revision_findings_open,not_demonstrated_by_current_revision_acceptance,F-METADATA;E-21.06,Move authoring status to author notes; keep the concrete A/B inputs and distinguish fictional observations from real user research.
21.07,Systems and organizational awareness,"Work, Craft, Professionalism, and Labor Ethics",docs/authoring/civic-work-foundations/21.07/learner-guide.md,1,f6162bb9d3b58fc4b6a6ac5f40121682c089f1f62e40632dcd5063085243a417,d5e849c9ad86fe03d3f8b8e7b4b8df7b6889fb18f8424dc36ddf28d485ce7f33,full_primary,substantive_editorial_followup,True,revision_findings_open,not_demonstrated_by_current_revision_acceptance,F-METADATA;E-21.07,"Retain the specific interface control and owner acceptance; relocate metadata and describe repeated checks as consolidation, with a new interface case needed for transfer evidence."
21.08,Project delivery,"Work, Craft, Professionalism, and Labor Ethics",docs/authoring/work-delivery-voice/21.08/learner-guide.md,1,5236b288510347df6ba1ec4c8604a6a7102ffa8ff88b89e24d1df034dfaa0c5d,91d60f604d07f7fa520f2d2adae887182bef3c2da147318aa9d5544d9d86c0a2,full_primary,substantive_editorial_followup,True,revision_findings_open,not_demonstrated_by_current_revision_acceptance,F-METADATA;E-21.08,"Move governance metadata into author notes; preserve explicit acceptance authority, future-maintenance status and bounded fictional completion."
21.09,Collaboration and team contribution,"Work, Craft, Professionalism, and Labor Ethics",docs/authoring/work-delivery-voice/21.09/learner-guide.md,1,669d23f549548f6feea5803a0b2f2e9a8b38850d9dfe1aecfa888f6dece5ef2f,8b70c4e647d30e514b5f2285a915909f94f81f65cb13ddbbf8c85bdd1df458f5,full_primary,substantive_editorial_followup,True,revision_findings_open,not_demonstrated_by_current_revision_acceptance,F-METADATA;E-21.09,"Remove internal status commentary; retain the distinction between mistaken challenge, valid clarification, approved next step and actual sending."
21.10,Innovation and improvement,"Work, Craft, Professionalism, and Labor Ethics",docs/authoring/work-delivery-voice/21.10/learner-guide.md,1,af8932b7ac75af24e19eaec9b8be15ae0ffdf66caf6048615c4f99b87ede0c71,8b49a3c166424619f4c666853f4c7585574c3af5593b5ca06b0fbbbd404e2781,full_primary,substantive_editorial_followup,True,revision_findings_open,not_demonstrated_by_current_revision_acceptance,F-METADATA;E-21.10,"Relocate catalog metadata; keep the failed new-method case, burden accounting and unadopted-register status. Do not turn this analytic comparison into a measured learner experiment."
21.11,Career adaptability and marketable capability,"Work, Craft, Professionalism, and Labor Ethics",docs/authoring/work-delivery-voice/21.11/learner-guide.md,1,8a8f00903af2d2a8414faac8241277eb9f8cd4ad05ec6c7097b4a4a0c139e006,8c6ea933679a68bdb5eacd98cba4b134cef86f6c4306336bbe15772a9ccc3f3c,full_primary,substantive_editorial_followup,True,revision_findings_open,not_demonstrated_by_current_revision_acceptance,F-METADATA;E-21.11,"Require saving both A and unseen B responses before opening their respective keys, or split the later packet into separate releases; move review metadata out of learner prose."
21.12,Meaningful contribution and service through work,"Work, Craft, Professionalism, and Labor Ethics",docs/authoring/work-delivery-voice/21.12/learner-guide.md,1,1b39b49e8a1f248ce17dd36c25ca9c2075bd57cc0ff084cbd13b4509814634a1,bc40217b4de109d23538bf9b86ee77e67ec953ee0e930f0577c8120a85179aa2,full_primary,substantive_editorial_followup,True,revision_findings_open,not_demonstrated_by_current_revision_acceptance,F-METADATA;E-21.12,"Relocate catalog/review fields and retain the separation between output, demonstrated interpretation, future upkeep and wider institutional ethics."
21.13,"Documentation, maintainability, and professional legacy","Work, Craft, Professionalism, and Labor Ethics",docs/authoring/work-delivery-voice/21.13/learner-guide.md,1,9b2b38eaf74a278fe1da6ab8707e67fb6d71c24689260381100daa4e8b5cefb8,f551897cbebafd68f26e7859c7ec966fb17aabaf53aa20eb31097bfb82fa2726,full_primary,substantive_editorial_followup,True,revision_findings_open,not_demonstrated_by_current_revision_acceptance,F-METADATA;E-21.13,"Separate N2's prompt/owner-response release from its completed result or relabel it as a worked example, and remove authoring metadata from learner copy."
21.14,"Efficiency, thoroughness, and quality tradeoffs","Work, Craft, Professionalism, and Labor Ethics",docs/authoring/work-delivery-voice/21.14/learner-guide.md,1,cc874999683b4a5c27f93c7e6c7634645b8e4a6c245d232fded98bc1915576f5,d08c54b552baaa9c4653bb96a5eb506484a325caaf08ac4f7c89764e5a202d3c,full_primary,substantive_editorial_followup,True,revision_findings_open,not_demonstrated_by_current_revision_acceptance,F-METADATA;E-21.14,Move internal metadata to author notes; preserve the distinction between editable files and reversible effects and between essential verification and optional polish.
21.15,Worker rights and employment law literacy,"Work, Craft, Professionalism, and Labor Ethics",docs/authoring/work-delivery-voice/21.15/learner-guide.md,1,3e96fb737badfc71328e8f1c09723729429074ab29f782b37bfdfe5b34b33879,1af98458a13dc6680256ee67e959976715a1fe2274509a1d356b6c7ca651e9c8,full_primary,substantive_editorial_followup,True,revision_findings_open,not_demonstrated_by_current_revision_acceptance,F-METADATA;E-21.15,"Remove internal field/review commentary, retain current-source and deadline checks for real use, and require appropriate legal review before broader claims of jurisdiction-specific competence."
21.16,"Power asymmetry, exploitation, and precarity","Work, Craft, Professionalism, and Labor Ethics",docs/authoring/work-delivery-voice/21.16/learner-guide.md,1,28a312dbe9c74e57079690fa6c1a5fae1a291e05aa09847bdaf437046553cb12,a56ab20ad4499dfbfd0423640a9dc12354e9a8e8c0d97551e10fb37893da9373,full_primary,substantive_editorial_followup,True,revision_findings_open,not_demonstrated_by_current_revision_acceptance,F-METADATA;E-21.16,"Relocate catalog and formal acceptance commentary; retain practical dependencies, qualified-route questions and the distinction between warning signs and legal findings."
21.17,"Collective bargaining, unions, and worker voice","Work, Craft, Professionalism, and Labor Ethics",docs/authoring/work-delivery-voice/21.17/learner-guide.md,1,edac841c37c4e44858e63349c5c47963ec6c749bdce1423a46ef26768cd4fd35,a1501712dff699bc7eac3ffcf44c3f2b1b0dbd02aa94ee4cf2524ab0494bb958,full_primary,substantive_editorial_followup,True,revision_findings_open,not_demonstrated_by_current_revision_acceptance,F-METADATA;E-21.17,"Move retrieval incident/site-maintenance and formal metadata to source/author notes; preserve current jurisdiction checks, limited mandate and unperformed-action status."
21.18,Inclusive and accessible work,"Work, Craft, Professionalism, and Labor Ethics",docs/authoring/work-delivery-voice/21.18/learner-guide.md,1,8a1191509643d88050f906ead87fe05b1dd8764b7357fbbe1cffd9af4d8844df,59dbcf1cc716543910134f341af66d08bc65c0684f3125efd8a80da18e4d4110,full_primary,substantive_editorial_followup,True,revision_findings_open,not_demonstrated_by_current_revision_acceptance,F-METADATA;E-21.18,Separate answer-bearing material from any unassisted B attempt or explicitly label it as supported case analysis; remove internal canonical/review fields from learner copy.
21.19,"Work boundaries, rest, and freedom from total identity","Work, Craft, Professionalism, and Labor Ethics",docs/authoring/work-delivery-voice/21.19/learner-guide.md,1,90b7c2d1cd4dd08b786a111a32ad8c098e20e6a8925f87c42e2ddeff19703228,532c3624384820af205e0a6b720c96f90ab016ba833a877ce6705fba39e23cdc,full_primary,substantive_editorial_followup,True,revision_findings_open,not_demonstrated_by_current_revision_acceptance,F-METADATA;E-21.19,"Move governance commentary and label the repeated checks consolidation unless a changed boundary case is added. Preserve accepted coverage, honest interruption accounting and worth independent of work output."
22.01,Self-leadership and credibility,"Leadership, Power, Mentorship, and Institutions",docs/authoring/leadership-foundations/22.01/learner-guide.md,1,5885b2f99e6fe6bfb088cd29009d131b07be34edc0dcaf27ee1f195e3a146a98,3a9f25e64ce8a51346940b2f09e1c21aa19ec1efa14474b91397e37e0af27002,full_primary,substantive_editorial_followup,True,revision_findings_open,not_demonstrated_by_current_revision_acceptance,F-METADATA;E-22.01,"Remove authoring metadata from learner copy; preserve separate factual/conduct repairs, exact completion status and the limit of one credibility episode."
22.02,"Direction, vision, and priorities","Leadership, Power, Mentorship, and Institutions",docs/authoring/leadership-foundations/22.02/learner-guide.md,1,cf6115a193bf87169de35c60d381ab6e1152d16c0932b431e586b3e144ab485e,d9c26dc6d9f8302cbf8d9cd5cb23160ac44d184956467998b753cbdade11b568,full_primary,substantive_editorial_followup,True,revision_findings_open,not_demonstrated_by_current_revision_acceptance,F-METADATA;E-22.02,"Relocate internal metadata; retain accepted versus completed ownership, reduced scope and the distinct comprehension/consent tests."
22.03,Authority and ethical use of power,"Leadership, Power, Mentorship, and Institutions",docs/authoring/leadership-foundations/22.03/learner-guide.md,1,312144d7e62f2ddaadb6febee530c2707b18436fb1f783a8b3fcf6b438d9a3ea,53ab3398207ef4329dfa62e78deef24060d5dc97e03b1cc28c73743eadfe1de3,full_primary,substantive_editorial_followup,True,revision_findings_open,not_demonstrated_by_current_revision_acceptance,F-METADATA;E-22.03,"Remove catalog/review commentary from learner prose; retain the distinction between conflict and corruption, disclosure and recusal, and one unchanged dependency versus general freedom from pressure."
22.04,Decision-making under responsibility,"Leadership, Power, Mentorship, and Institutions",docs/authoring/leadership-foundations/22.04/learner-guide.md,1,544be0e1651d96b041d1ab1f8c4d365cea5bd91ed82dba8291851e8cd3a6baa1,720dbc778b9ef9fb05bca1abc7df5796ae303f98baa4454dd1be1ab987146105,full_primary,substantive_editorial_followup,True,revision_findings_open,not_demonstrated_by_current_revision_acceptance,F-METADATA;E-22.04,Relocate internal metadata; preserve the initial-information/new-information distinction and residual communication dependency without claiming a completed workshop.
22.05,Delegation and empowerment,"Leadership, Power, Mentorship, and Institutions",docs/authoring/leadership-foundations/22.05/learner-guide.md,1,ae3fafb1c4fadb8d258bef641fd9f294a61bd83b5d1617e719a28a6fe9a81539,4475b6dca65535f23b1669955017b3e50bc1d4c4279497bd2ff167c1b5a977d7,full_primary,substantive_editorial_followup,True,revision_findings_open,not_demonstrated_by_current_revision_acceptance,F-METADATA;E-22.05,"Relocate authoring status and canonical fields; retain the concrete discretion, accepted capacity and distinction between a prompted correction and broader competence."
22.06,"Coaching, mentorship, and development","Leadership, Power, Mentorship, and Institutions",docs/authoring/leadership-foundations/22.06/learner-guide.md,1,c0098020d329325e9d3bc889069eb93664efa77f988fa6e9dd18c962be4f2062,cfef60afa5afea24e501edb6918ce8ef28853d6ebbe4196c488a6849d9332c7f,full_primary,substantive_editorial_followup,True,revision_findings_open,not_demonstrated_by_current_revision_acceptance,F-METADATA;E-22.06,Move review and canonical machinery to author notes; preserve the seven-check criterion and explicitly limited fictional coaching evidence.
22.07,Accountability and standards,"Leadership, Power, Mentorship, and Institutions",docs/authoring/leadership-foundations/22.07/learner-guide.md,1,c4200f520af09cbff1d124b046e4887a28f58df9af74f7eb8abb4b3d16c4e685,e8a37a55f6dbb0d4164fc7c7d664e0fb2491a93a0047c372f3f17817cb650e75,full_primary,substantive_editorial_followup,True,revision_findings_open,not_demonstrated_by_current_revision_acceptance,F-METADATA;E-22.07,"Move catalog metadata to author notes; preserve fair inquiry, concrete shared repair and the distinction between one follow-up success and durable reliability."
22.08,"Conflict, dissent, and psychological safety","Leadership, Power, Mentorship, and Institutions",docs/authoring/leadership-foundations/22.08/learner-guide.md,1,443433e1abf6d3b090b2e90884820134e5ee68075644f1c4a0da56162c91c691,9b4ab5c459981bf2c5c5109ee7a9ebb297bc1b1ab6c387ed99c5f7b92893a264,full_primary,substantive_editorial_followup,True,revision_findings_open,not_demonstrated_by_current_revision_acceptance,F-METADATA;E-22.08,"Relocate internal metadata and retain separate evidence/conduct routes, truthful privacy limits and bounded follow-through findings."
22.09,Culture and institutional design,"Leadership, Power, Mentorship, and Institutions",docs/authoring/leadership-foundations/22.09/learner-guide.md,1,53923dfa302d61e49bdcf76592e3a46d2c5aedadc9ea250f9fd884df6a6b02d9,be523440ed7dfc31ca294326d9b7759a604118e800f4c7b332dc9ecf9fdd7b25,full_primary,substantive_editorial_followup,True,revision_findings_open,not_demonstrated_by_current_revision_acceptance,F-METADATA;E-22.09,"Relocate internal status fields; preserve hypothesis-versus-culture distinction, distinct-issue counts and limits of one authorized cycle."
22.10,Organizational politics and stakeholder navigation,"Leadership, Power, Mentorship, and Institutions",docs/authoring/leadership-foundations/22.10/learner-guide.md,1,02112da695cb6f2601c61aa86bbf27fac8c05847e4680b7bf22fe66517480da0,ec4b50f0de8d4cf913e2efabfe933c8b00a44dfbe8ea9c173566019c99a1f534,full_primary,substantive_editorial_followup,True,revision_findings_open,not_demonstrated_by_current_revision_acceptance,F-METADATA;E-22.10,"Move author-facing metadata; retain consistent terms, actual accepted ownership and the distinction between approval, consensus and observed benefit."
22.11,Crisis leadership,"Leadership, Power, Mentorship, and Institutions",docs/authoring/leadership-foundations/22.11/learner-guide.md,1,ec4de71df1f143eff07ea445bc6acf4cd6b0d6d7d79475fb3d58b506786c5508,aadfb71aa7f796bdfbe99c98e6c37bb76a8955d1377802e68f412d95460daebf,full_primary,substantive_editorial_followup,True,revision_findings_open,not_demonstrated_by_current_revision_acceptance,F-METADATA;E-22.11,"Move internal metadata out of learner copy; retain announced tabletop status, authoritative restriction versus rumor and the distinction between sent, received and safe."
22.12,Succession and institutional stewardship,"Leadership, Power, Mentorship, and Institutions",docs/authoring/leadership-foundations/22.12/learner-guide.md,1,16e7cca753ef274efd859276067e974a4483f7a7628d1c60360aec6d71748bc9,1a3cc90703612f6297046ca6a1a9f8c8bd7d52a70ddd8a8d83a23ba162d175f6,full_primary,substantive_editorial_followup,True,revision_findings_open,not_demonstrated_by_current_revision_acceptance,F-METADATA;E-22.12,"Relocate formal metadata; retain separate knowledge, authority and access dependencies, valid successor discretion and bounded fictional exception evidence."
22.13,Anti-corruption and conflicts of interest,"Leadership, Power, Mentorship, and Institutions",docs/authoring/governance-finance/22.13/learner-guide.md,1,24d73e8fe1a93492ee6a739b008c3407e44f815bf397ade050087ff6ec89b453,c9f62bb69d127555056c79314b8b332880001f5130c92977b838733614d1e004,full_primary,substantive_editorial_followup,True,revision_findings_open,not_demonstrated_by_current_revision_acceptance,F-METADATA;E-22.13,"Relocate catalog/review prose; retain original omission history, separation of duties and nonlegal treatment of observed concerns."
22.14,Institutional capture and concentrated power,"Leadership, Power, Mentorship, and Institutions",docs/authoring/governance-finance/22.14/learner-guide.md,1,06d7f85dc51d15e3b92f74fc59d4acd8ee65ddab5162ac8279d13ef382aee29a,92676c9fa2315c5528b7886f6ebaa35bd59ddee500564973d7d0d1de48ccc36a,full_primary,substantive_editorial_followup,True,revision_findings_open,not_demonstrated_by_current_revision_acceptance,F-METADATA;E-22.14,"Remove learner-facing catalog machinery; preserve case-specific safeguards, resource/timing limits and the distinction between observed mechanisms and proven persistent capture."
22.15,Whistleblowing and protected dissent,"Leadership, Power, Mentorship, and Institutions",docs/authoring/governance-finance/22.15/learner-guide.md,1,e5dfb34bf95f5d01cb5c66bd3268a8887631da162c67cc9f0a0c4660ba282c30,020a07fcea2b50d8a32c6877dcfb2dc6adb997bdc9fcb3d547437c46fa1ada2b,full_primary,substantive_editorial_followup,True,revision_findings_open,not_demonstrated_by_current_revision_acceptance,F-METADATA;E-22.15,"Relocate canonical/review prose; preserve lawful-access boundaries, retaliation-versus-hazard route distinction and the fact that an internal target does not establish a legal filing period."
22.16,"Governance, checks, and accountable authority","Leadership, Power, Mentorship, and Institutions",docs/authoring/governance-finance/22.16/learner-guide.md,1,2398e1de783a3270a77549d296548b99c70c7f925778bcd282bbd83444af87bf,94860bc070c5e6be4f4fc369ce4aea9ffa299e313ed9c97888d148558fd78e06,full_primary,substantive_editorial_followup,True,revision_findings_open,not_demonstrated_by_current_revision_acceptance,F-METADATA;E-22.16,Move authoring metadata into author notes; retain the noncircular authority chain and explicit untested both-reviewers-unavailable/oversight branches.
22.17,Abuse response and institutional repair,"Leadership, Power, Mentorship, and Institutions",docs/authoring/governance-finance/22.17/learner-guide.md,1,39e5a8359c34d7e7fe8cd622382c9a5c0c8c4655f03214cb843b3f0a8d5eb2f0,8d7138657f432ea6bb8279656e51817c66cfe36efb2d74f227e7728e88ea482e,full_primary,substantive_editorial_followup,True,revision_findings_open,not_demonstrated_by_current_revision_acceptance,F-METADATA;E-22.17,"Remove internal field/status commentary; retain the distinct conduct/financial expertise, lawful preservation and unresolved investigation/recurrence evidence."
23.01,Personal financial literacy,"Personal Finance, Provision, and Material Stewardship",docs/authoring/governance-finance/23.01/learner-guide.md,1,884125c8482cb3fccc8051e75be5039510721371d91ff6fedb80142642dad59a,fdc34197f8072ab523e436c7433a92d48f7247700c5e1bfc4da87f61286f5176,full_primary,substantive_editorial_followup,True,revision_findings_open,not_demonstrated_by_current_revision_acceptance,F-METADATA;E-23.01,Move metadata to author notes while keeping financial boundaries in ordinary learner language; preserve the specific stock-flow and payment-allocation distinctions.
23.02,Budgeting and cash-flow control,"Personal Finance, Provision, and Material Stewardship",docs/authoring/governance-finance/23.02/learner-guide.md,1,27dd883ec4ff9af1b44bcd90601828995f66be86bb823e9112e243385adfcbcb,4e9858c9585679787ec1de6c6b9b524a548f2efa3a44506bcf20a287b5a10eb2,full_primary,substantive_editorial_followup,True,revision_findings_open,not_demonstrated_by_current_revision_acceptance,F-METADATA;E-23.02,"Move authoring status/enum fields out of learner copy while retaining ordinary financial boundaries; preserve dated-flow arithmetic, consent and transfer accounting."
23.03,Emergency reserves and liquidity,"Personal Finance, Provision, and Material Stewardship",docs/authoring/governance-finance/23.03/learner-guide.md,1,38113f01aa169c75717d74cd5365272a6e831a4c95e7bd7416b261306069fdde,af7624217fdc620ca18555a40fe122334efd0d6775338f2d2343ddde7242e091,full_primary,substantive_editorial_followup,True,revision_findings_open,not_demonstrated_by_current_revision_acceptance,F-METADATA;E-23.03,"Correct that heading to match the resource constraint, relocate internal metadata and retain unverified protection/access status rather than treating a navigation recital as a withdrawal test."
23.04,Debt and credit,"Personal Finance, Provision, and Material Stewardship",docs/authoring/governance-finance/23.04/learner-guide.md,1,0eb8b64d22050be984789ca17ce1426d2bcbc141017f6e37bfdf226b67cc09c5,0ffab63bcdb3024ed6a0158bd90452523e1e7892c736c6fbeb116773fa026df4,full_primary,substantive_editorial_followup,True,revision_findings_open,not_demonstrated_by_current_revision_acceptance,F-METADATA;E-23.04,"Move governance fields/status to author notes and retain total-cost, repayment-timing and collateral distinctions without turning conditional comparison into borrowing advice."
23.05,"Saving, investing, and retirement","Personal Finance, Provision, and Material Stewardship",docs/authoring/governance-finance/23.05/learner-guide.md,1,701a11ebd9289b5518a6d858ae0ea5bdc9754072ffeea40ede9dfbf752dea456,f3b2e51821e20dc12b9d9b438d6b4592db2dd6ea7c58daca4d6303195eac64eb,full_primary,substantive_editorial_followup,True,revision_findings_open,not_demonstrated_by_current_revision_acceptance,F-METADATA;E-23.05,Relocate author-facing status/enums while keeping ordinary financial limits; retain undecided allocation/tax/access questions and require qualified review before broader investment acceptance.
23.06,"Insurance, estate, and dependent protection","Personal Finance, Provision, and Material Stewardship",docs/authoring/governance-finance/23.06/learner-guide.md,1,cb8f6825c704c436d2fcb315301708faf9741b49ee892bf800098a5f497c56ac,d48a371108ecb620ec8f3286ffd9370be9342a1dc46664320eba0418fc940fff,full_primary,substantive_editorial_followup,True,revision_findings_open,not_demonstrated_by_current_revision_acceptance,F-METADATA;E-23.06,Relocate metadata and keep the locator exercise explicitly fictional; current provider/local professional review remains needed before any claim of actual dependent protection.
23.07,"Consumption, status, and enoughness","Personal Finance, Provision, and Material Stewardship",docs/authoring/governance-finance/23.07/learner-guide.md,1,7358eca467c6116a47846361f2fd5ce7673f1d00b86cf18338a48ac4b4baf0e0,a6f277e091e1c804da3ae0a9e8ea8430dbfa22bcf2bb84b6354bd19ba2159568,full_primary,substantive_editorial_followup,True,revision_findings_open,not_demonstrated_by_current_revision_acceptance,F-METADATA;E-23.07,"Move internal status/enums into author notes; retain separate actual-versus-fiction use routes, legitimate comfort value and no mandatory purchase/unsafe use test."
23.08,Generosity and responsible provision,"Personal Finance, Provision, and Material Stewardship",docs/authoring/stewardship-enterprise/23.08/learner-guide.md,1,35b1d497bd42f84d2461f43c971d7a8a0b0e0c3b4a3379aacbca17b350faeacf,ef83a91b83d2004de35bdb46394a661219e2d250117312d641163922e3ae01b3,full_primary,substantive_editorial_followup,True,revision_findings_open,not_demonstrated_by_current_revision_acceptance,F-METADATA;E-23.08,"Move formal/canonical machinery out of learner text; retain total giving burden, recipient agency and distinct delivery/usefulness statuses."
23.09,Family and intergenerational stewardship,"Personal Finance, Provision, and Material Stewardship",docs/authoring/stewardship-enterprise/23.09/learner-guide.md,1,502bc40b870f654747987727c1439527c0ae1e90115f7169f0d48cbfb2da0cfc,a4adc4bb5e217286d94c333be8d63f566b71bc8821d30100c94f22ace878fbf1,full_primary,substantive_editorial_followup,True,revision_findings_open,not_demonstrated_by_current_revision_acceptance,F-METADATA;E-23.09,"Relocate authoring metadata; retain independent ownership/consent checks and distinguish proposed resources, actual transfer and later agency benefits."
23.10,Material and ecological stewardship,"Personal Finance, Provision, and Material Stewardship",docs/authoring/stewardship-enterprise/23.10/learner-guide.md,1,14683625b79a182487aaf2d2f8497f867fbc8d6cc70a651fe986f627e2eccb29,c2cf86a6caa6a3b0abbda51fff617e608b060e7f3c9b6c4f39bf427acb9d303e,full_primary,substantive_editorial_followup,True,revision_findings_open,not_demonstrated_by_current_revision_acceptance,F-METADATA;E-23.10,Move review/enumeration prose to author notes and clarify whether another drying episode occurred or revise the earlier placement statement; retain source-specific care and unmeasured lifecycle limits.
23.11,"Financial hardship, poverty, and constrained choice","Personal Finance, Provision, and Material Stewardship",docs/authoring/stewardship-enterprise/23.11/learner-guide.md,1,6f079fa35634ba0171c2083ee90155d5789c441615603e7377ea7d127bd2ff1d,5d020b1870ecc0ce720b9f71e802130639bc087d7bace2e1fac27eea765c06bb,full_primary,substantive_editorial_followup,True,revision_findings_open,not_demonstrated_by_current_revision_acceptance,F-METADATA;E-23.11,"Relocate internal metadata, retain the source-access/application/aid distinction and keep current local route, costs and turnaround checks explicit before real reliance."
23.12,Financial relationships and shared money,"Personal Finance, Provision, and Material Stewardship",docs/authoring/stewardship-enterprise/23.12/learner-guide.md,1,395fc66008762e5bb0cbd3c987c7ee6e6ecfa56c45842813960686cec6de0d2b,bb02e04fe7b5e2bc21b5e52b6ec0bb45d4808d11f48ed739b855924ccd42c6ea,full_primary,substantive_editorial_followup,True,revision_findings_open,not_demonstrated_by_current_revision_acceptance,F-METADATA;E-23.12,"Move governance fields/status out of learner copy and retain formula-versus-fairness, discussion-versus-approval and contribution-versus-ownership distinctions."
24.01,"Income, negotiation, and career economics","Entrepreneurship, Markets, Economics, and Social Systems",docs/authoring/stewardship-enterprise/24.01/learner-guide.md,1,74354ebabd4ae042e537943c8c37c42faa6e63f012208c8ca3930a526fb2e759,66dc1609facf72ad191cf9f6f9a805180fa7a9d7893bb920d8c5d4713df6ab35,full_primary,substantive_editorial_followup,True,revision_findings_open,not_demonstrated_by_current_revision_acceptance,F-METADATA;E-24.01,"Relocate internal review terminology; preserve source/offer limits, partial outcome evidence and released budget distinct from spending authority."
24.02,Entrepreneurship and value creation,"Entrepreneurship, Markets, Economics, and Social Systems",docs/authoring/stewardship-enterprise/24.02/learner-guide.md,1,60fe6549fe80f5db8548f649281de23dcc5d0533c58a59fe2b8aca0051276cef,271f1aa9438698952539b4a8d02beb2bb1a2942000467937b56ee46ee29facb5,full_primary,substantive_editorial_followup,True,revision_findings_open,not_demonstrated_by_current_revision_acceptance,F-METADATA;E-24.02,"Relocate internal fields/status; retain wrong-answer evidence, distinct reader samples and the separation between usability, net benefit, payment demand and real delivery."
24.03,"Business, markets, and economics","Entrepreneurship, Markets, Economics, and Social Systems",docs/authoring/stewardship-enterprise/24.03/learner-guide.md,1,3d709a8f906dedd71b0842c4b59946b03ba2cc5e483161bec454be073914f9f1,7eb2039b4c37b00cac41b372c33e20f2166396f9b3db033ad72f1d58b8ebc4bc,full_primary,substantive_editorial_followup,True,revision_findings_open,not_demonstrated_by_current_revision_acceptance,F-METADATA;E-24.03,Change the fresh scenario to costs due/projected or supply an explicit funding source; preserve the unfunded-gap key and relocate internal metadata.
24.04,Customer discovery and problem validation,"Entrepreneurship, Markets, Economics, and Social Systems",docs/authoring/stewardship-enterprise/24.04/learner-guide.md,1,752f8c966070da9c14abbe60d705e06f6ad3818614d485f35c0fe117e22ff851,96f18db331e1de246de0ff0c4e47f5d440b2461bc7b3615522becb50db99cda9,full_primary,substantive_editorial_followup,True,revision_findings_open,not_demonstrated_by_current_revision_acceptance,F-METADATA;E-24.04,"Move catalog/review machinery out of learner prose; retain neutral questions, declined-participation accounting and separate discovery/prototype/buyer evidence."
24.05,"Business models, pricing, and unit economics","Entrepreneurship, Markets, Economics, and Social Systems",docs/authoring/stewardship-enterprise/24.05/learner-guide.md,1,7abf51e19a6d85656e5caae7d62f73c4dd202293ffbda46a88277d8467f43104,ea4c13d1d458d87ac8abcc6b551f8338a1f1219d42dcf01563b1fe1172816403,full_primary,substantive_editorial_followup,True,revision_findings_open,not_demonstrated_by_current_revision_acceptance,F-METADATA;E-24.05,"Relocate formal status/enum prose; retain separate denominators, funding assumptions and stop decision rather than treating break-even as viability."
24.06,"Operations, accounting, and compliance","Entrepreneurship, Markets, Economics, and Social Systems",docs/authoring/stewardship-enterprise/24.06/learner-guide.md,1,23856fb9d69c6070be94b8453d1e22b5edad86911052e227f5bfcae3d8e37f32,8794ed3c85b1cacb6bf69bc06386df35d5b2a0928904bc4f3f17feaa33cde639,full_primary,substantive_editorial_followup,True,revision_findings_open,not_demonstrated_by_current_revision_acceptance,F-METADATA;E-24.06,"Remove internal canonical/review language; retain the source-versus-pointer distinction, unperformed real continuation and qualified local compliance gaps."
24.07,"Competition, monopoly, and market power","Entrepreneurship, Markets, Economics, and Social Systems",docs/authoring/stewardship-enterprise/24.07/learner-guide.md,1,1940bda7612addc9c900b2abcb04631fdd2c65b09990e03580237bc39f56b23d,45f9886eddef0f54fcf06d3ab2d99a89a8b3114d599e1571c4231a4e2eba2e24,full_primary,substantive_editorial_followup,True,revision_findings_open,not_demonstrated_by_current_revision_acceptance,F-METADATA;E-24.07,Relocate catalog/status machinery and retain distinct mechanisms and remedy defects; actual market/legal findings need separate current evidence and qualified review.
24.08,Externalities and full-cost accounting,"Entrepreneurship, Markets, Economics, and Social Systems",docs/authoring/economics-creative/24.08/learner-guide.md,1,6fe60dc1932c5dde7d3c01563102dbf7d4a0d833ce511cb8082dbf213cc6e4d9,664983389c5cfe6fcec873e47e96e6eb3cf9672d5b7fc794136d4ada5ac4946f,full_primary,substantive_editorial_followup,True,revision_findings_open,not_demonstrated_by_current_revision_acceptance,F-METADATA;E-24.08,"Relocate catalog/review fields; preserve distinct units, included-versus-extra services and provisional mitigation subject to access checks."
24.09,Macroeconomics and economic cycles,"Entrepreneurship, Markets, Economics, and Social Systems",docs/authoring/economics-creative/24.09/learner-guide.md,1,3109e94f7a2491da087283cfd6e0795afb06162b61bb7cedf2a1ab2bc7b791d7,dd296d22db22dc48b9c3145631774aceb9791a88f548885773be56b5c9aa9c76,full_primary,substantive_editorial_followup,True,revision_findings_open,not_demonstrated_by_current_revision_acceptance,F-METADATA;E-24.09,"Move formal metadata to author notes and retain denominator/unit checks, competing explanations and institutional limits before actual policy claims."
24.10,"Public finance, taxation, and redistribution","Entrepreneurship, Markets, Economics, and Social Systems",docs/authoring/economics-creative/24.10/learner-guide.md,1,1fb5a876113fec8c450358a160c40d92652b382a8d4caccdf444b9d35d795cf5,0019b65811fd67b2430d2f645348dae9ee26b6a6e0717c7ea6cf5e8575789829,full_primary,substantive_editorial_followup,True,revision_findings_open,not_demonstrated_by_current_revision_acceptance,F-METADATA;E-24.10,"Relocate formal catalog fields/status and retain separate examples, public-good capacity limits, missing debt/maintenance and conditional policy authority."
24.11,Social insurance and welfare-state design,"Entrepreneurship, Markets, Economics, and Social Systems",docs/authoring/economics-creative/24.11/learner-guide.md,1,03ef633c09b8d492950e24c0778a0027bff55d9d12e39916c5cc239ca3975529,523f0169b05a5f5bb3437a7c1394949ba400c34b46fc9573a0264dc58988d908,full_primary,learner_copy,True,revision_findings_open,not_demonstrated_by_current_revision_acceptance,F-METADATA;E-24.11,Preserve the distinct design/journey operation and fresh numerical check; move editorial review status out of the guide.
24.12,"Ownership, governance, and alternative enterprise forms","Entrepreneurship, Markets, Economics, and Social Systems",docs/authoring/economics-creative/24.12/learner-guide.md,1,ed2159f5a9f82575bd0c70a02dcf4b7b4da4de160aa2dc7089b64df084c53f2d,f71e88d04cdab76f0b6a65d2298f78887adc5a34f8f1873c6827fe1957c9d718,full_primary,substantive_editorial_followup,True,revision_findings_open,not_demonstrated_by_current_revision_acceptance,F-METADATA;E-24.12,"Move internal review/enumeration prose to author notes; preserve economic ownership versus actual voting, explicit procedures and conditional form choice with funding/access gaps."
24.13,Responsible innovation and technological change,"Entrepreneurship, Markets, Economics, and Social Systems",docs/authoring/economics-creative/24.13/learner-guide.md,1,cda9a4969af4836a1256287be113f8a1e34e5521ad2329ad672f7dcde35c2f24,cc4be49ca3837c8a3c4a85b9f5a6290df0ca467c7260f7fff4f19120abb7bd9b,full_primary,substantive_editorial_followup,True,revision_findings_open,not_demonstrated_by_current_revision_acceptance,F-METADATA;E-24.13,"Relocate canonical/review prose and retain the specific stop owner, manual alternative, full effort accounting and incomplete access/new-trial evidence."
24.14,"Global trade, development, and supply chains","Entrepreneurship, Markets, Economics, and Social Systems",docs/authoring/economics-creative/24.14/learner-guide.md,1,77581945464b2c773635ce7bdfc2dbfb23458ded651aba74189116f905ba7bae,3541f4427e818488841490c5e317612f715b28163eda19323eebedb7bc30ae18,full_primary,substantive_editorial_followup,True,revision_findings_open,not_demonstrated_by_current_revision_acceptance,F-METADATA;E-24.14,"Move internal status/enums out of learner copy and preserve abstract-gain versus realizable-chain distinctions, explicit invoice units and conditional lawful supply checks."
25.01,Regular creative production,"Creativity, Beauty, and Culture",docs/authoring/economics-creative/25.01/learner-guide.md,1,7f1343dcdbac15b22b89265ec7bc89c06baae785d4cace1c51d0aa996269fb62,76ea60486c203403f1d3c58d115c65165014e2a224fa29c75fcbbe09803d015b,full_primary,substantive_editorial_followup,True,revision_findings_open,not_demonstrated_by_current_revision_acceptance,F-METADATA;E-25.01,"Move authoring metadata from learner prose; retain optional cultivation, actual-day/artifact requirements and the distinction between making consistency and artistic excellence."
25.02,Observation and imagination,"Creativity, Beauty, and Culture",docs/authoring/economics-creative/25.02/learner-guide.md,1,b9812701db6a0880b526203ad783e6df3dedf900378e87a125895712d1211ac8,a95d841f4d4d35b3126168045a6b16bd6b37abea25dc780839f41cb44bfe581d,full_primary,substantive_editorial_followup,True,revision_findings_open,not_demonstrated_by_current_revision_acceptance,F-METADATA;E-25.02,"Relocate catalog/status machinery; retain traceable detail-to-relationship mappings and avoid treating sensory access, fantasy or a source description as direct observation."
25.03,Aesthetic literacy and taste,"Creativity, Beauty, and Culture",docs/authoring/economics-creative/25.03/learner-guide.md,1,302b17c9788ca882fdc00e64046aa2695f58b3ce850235beddc2a87aadca180c,c7407fd47cd9d67f2f699d41a9dcab3a705c4d7fbdbb7bb44dad28b1065fad1b,full_primary,substantive_editorial_followup,True,revision_findings_open,not_demonstrated_by_current_revision_acceptance,F-METADATA;E-25.03,"Move catalog/review language to author notes; preserve purpose-sensitive standards, exact textual evidence and separate reader versus delayed-self reception."
25.04,Medium and technique,"Creativity, Beauty, and Culture",docs/authoring/economics-creative/25.04/learner-guide.md,1,064d2efd551b97bfc0e5d70cb0d02f82c5c7f862d19f17fc57fe287b6a80d3d4,fc8483cd3c4c4d25b6b14656ba6790de728a5ef1205e471102e5b6084b95d7dd,full_primary,substantive_editorial_followup,True,revision_findings_open,not_demonstrated_by_current_revision_acceptance,F-METADATA;E-25.04,"Relocate internal enums/status; retain comparable controlled practice, accessible nonspoken making and honest limits on unperformed vocal skill."
25.05,Originality through synthesis,"Creativity, Beauty, and Culture",docs/authoring/economics-creative/25.05/learner-guide.md,1,ff33a1b1cbe095a1b4aca837029c35212f1be767ac8986335454f838207e3d9f,48fe7c8188825828edbc338cfb59765f6cf6146086c3e220bb440314b028d32d,full_primary,substantive_editorial_followup,True,revision_findings_open,not_demonstrated_by_current_revision_acceptance,F-METADATA;E-25.05,"Relocate authoring fields/status and retain exact eight-line constraints, practical clarity and rights/credit distinctions; broader originality claims require separate evidence."
25.06,Creative courage and experimentation,"Creativity, Beauty, and Culture",docs/authoring/creative-culture-leisure/25.06/learner-guide.md,1,c69970b77a0bcb43bbbebad81530ff052e6920ce90108886cd5ce35d9cffff47,b5902a5c6c5e039dd92f4a47f295e6d83b14f3b6bb2362fcb6d99568cc3eecb3,full_primary,substantive_editorial_followup,True,revision_findings_open,not_demonstrated_by_current_revision_acceptance,F-METADATA;E-25.06,"Move internal metadata to author notes; retain concrete experimental questions, voluntary critique and narrow repair evidence with remaining expressive weakness."
25.07,"Revision, finishing, and publication","Creativity, Beauty, and Culture",docs/authoring/creative-culture-leisure/25.07/learner-guide.md,1,6a869e683ee591f5fd9b49166941f69564d27b067026aaa7ce4baf48844db5e4,d3e889f77143371b857e8bcb3bb701c23c4d6dad1871c52de965f968aa188bba,full_primary,substantive_editorial_followup,True,revision_findings_open,not_demonstrated_by_current_revision_acceptance,F-METADATA;E-25.07,"Move review/enumeration prose out of the lesson; retain version-specific release, audience consent and the distinction between finishing, reception and universal quality."
25.08,Creative collaboration,"Creativity, Beauty, and Culture",docs/authoring/creative-culture-leisure/25.08/learner-guide.md,1,3254ca285ccb40c884d0ce6e747ffa7f7e6a3c5d8fc7325f6fc0892c6f4e94bd,be5cb0c49814e1199e3b6bd44d92b52e24e7a43d6333a0b482f1067ee482f97b,full_primary,substantive_editorial_followup,True,revision_findings_open,not_demonstrated_by_current_revision_acceptance,F-METADATA;E-25.08,Relocate authoring metadata; preserve actual contribution rather than role-label credit and specific consent for versions/audiences. Solo rehearsal cannot establish shared authorship.
25.09,"Art as truth, memory, and moral imagination","Creativity, Beauty, and Culture",docs/authoring/creative-culture-leisure/25.09/learner-guide.md,1,4fff690d413b1fbc67831744790f3ac67fb4b7e91b9404940ecd8d040dab8a4e,cda464bed684cdc5146ce4da1b9ecfa0835d0c90be978a4701a5e1999f7b8fd0,full_primary,substantive_editorial_followup,True,revision_findings_open,not_demonstrated_by_current_revision_acceptance,F-METADATA;E-25.09,"Relocate internal status/enums; retain whole original scene, exact replacement paragraph and limits on historical, community or empathy claims."
25.10,Cultural and historical literacy,"Creativity, Beauty, and Culture",docs/authoring/creative-culture-leisure/25.10/learner-guide.md,1,6c70052af0b9dec251c3710efad8df418877d4754746dc1cbaa1463968300ba5,32acf81860f3ada7ca4828d8050e527f1714cd6f0fe02ae322b9855315c497bf,full_primary,substantive_editorial_followup,True,revision_findings_open,not_demonstrated_by_current_revision_acceptance,F-METADATA;E-25.10,Move internal metadata and preserve this as an initial contextual comparison; develop or clearly route the other canonical media before claiming broad cultural/historical coverage.
25.11,Personal style and aesthetic environment,"Creativity, Beauty, and Culture",docs/authoring/creative-culture-leisure/25.11/learner-guide.md,1,3aab125217eabfc56c3043b9ccb07c043ee66b41019e918028abc530f6165495,ba9610a45755f213997c2cca8a5c2330224576d5267a8ce2da006f43ab38a329,full_primary,substantive_editorial_followup,True,revision_findings_open,not_demonstrated_by_current_revision_acceptance,F-METADATA;E-25.11,Move formal/canonical prose to author notes; retain specific before/after spatial facts and version-specific use evidence rather than a tidy-image proxy.
25.12,Communal craft and tradition-bearing,"Creativity, Beauty, and Culture",docs/authoring/creative-culture-leisure/25.12/learner-guide.md,1,8b48f834c792d69d3edc8f024c16732613c2b34f1009262a9a7b4323df980fce,bf9c34b0b8caeea0deaf14c5085fbf383f2b9dc9cbc5a1924768410c3ce9c74b,full_primary,substantive_editorial_followup,True,revision_findings_open,not_demonstrated_by_current_revision_acceptance,F-METADATA;E-25.12,"Include scrap paper in the material list or reuse a stated scrap route, relocate internal metadata, and preserve the distinction between technique, actual teacher relationship and permission for a specific demonstration."
25.13,"Cultural appropriation, exchange, and attribution","Creativity, Beauty, and Culture",docs/authoring/creative-culture-leisure/25.13/learner-guide.md,1,d2a377e443a87294091daf5f222c0c16eb1e189321fdf1434bee7496a8179b20,4614911577b494fce61fa73b868b315a2ce0d6792e15e9ab0c3d89e47ffe1b2d,full_primary,learner_copy,True,revision_findings_open,not_demonstrated_by_current_revision_acceptance,F-METADATA;E-25.13,Move author acceptance and canonical metadata to the author map; retain the substantive distinctions and voluntary non-use route.
26.01,Play for its own sake,"Play, Celebration, Leisure, Nature, and Exploration",docs/authoring/creative-culture-leisure/26.01/learner-guide.md,1,c90a20d4fe9bacd5851b86be136c2dc975beec8c297c11200f5491bb7d7d3829,5f1f7022ea6e44175a384b549623e37a06a188099fa0564012515594244ee625,full_primary,presentation_or_progression,True,revision_findings_open,not_demonstrated_by_current_revision_acceptance,F-METADATA;E-26.01,"Keep the frozen protocol and honest mixed evidence, while moving compatibility and author acceptance detail to the author map."
26.02,Rest and leisure,"Play, Celebration, Leisure, Nature, and Exploration",docs/authoring/creative-culture-leisure/26.02/learner-guide.md,1,0977c51f4a8c970416ca920f4cf306487928cf6525ac3733d19120dad80e212d,679353b6c3348ef37f27ff505432f77b5066f0f42721793f29eb669c164703ef,full_primary,learner_copy,True,revision_findings_open,not_demonstrated_by_current_revision_acceptance,F-METADATA;E-26.02,Move canonical and acceptance metadata out of the learner guide; preserve the legitimate mixed outcomes and after-period-only reflection.
26.03,Hobbies and lifelong interests,"Play, Celebration, Leisure, Nature, and Exploration",docs/authoring/creative-culture-leisure/26.03/learner-guide.md,1,2140e24fb7876463128c3bfaea392eab14fa9b2d55d6243c29033ab0b277fec4,08baf08212310bbcd681eed9d93eeb916cee52004548f0f6d7b428b872950fac,full_primary,learner_copy,True,revision_findings_open,not_demonstrated_by_current_revision_acceptance,F-METADATA;E-26.03,Relocate author-status material; retain the original/revised puzzle evidence and honest hinted outcome.
26.04,Nature connection and ecological awareness,"Play, Celebration, Leisure, Nature, and Exploration",docs/authoring/creative-culture-leisure/26.04/learner-guide.md,1,e2724d423f3d4c9c94b038a2624c388ea15adcee6c73323badb0b9afabb11ba5,a9d206c2b22b5d0502b1cd1e48046a57036dacc4b53ff27b5790bb2492a0bf4a,full_primary,presentation_or_progression,True,revision_findings_open,not_demonstrated_by_current_revision_acceptance,F-METADATA;E-26.04,Relocate metadata and describe checks as consolidation; use a changed site/season problem if independent ecological transfer is claimed.
26.05,Outdoor competence and responsible recreation,"Play, Celebration, Leisure, Nature, and Exploration",docs/authoring/leisure-life-design/26.05/learner-guide.md,1,9e8be6159d2cb7bd2f341d9beb495b099f7c0b7a349bcde4f5d28a48ea89aa31,97cf672dcdf3e5645c30e9a2117bf7477cb16170c17a15d731c432bf63b57cca,full_primary,learner_copy,True,revision_findings_open,not_demonstrated_by_current_revision_acceptance,F-METADATA;E-26.05,"Move canonical, runtime and acceptance declarations to author documentation while retaining the route calculations and tabletop/live boundary."
26.06,"Travel, geography, and place","Play, Celebration, Leisure, Nature, and Exploration",docs/authoring/leisure-life-design/26.06/learner-guide.md,1,29adf8be7d09bae92ea6965e66ef59ebce8cd1662a1d2ffbf9844e6ad4ffc4fe,10723539d66d8d36a29ede72c21c68ac4461d90d5d9798071356f5757403b764,full_primary,presentation_or_progression,True,revision_findings_open,not_demonstrated_by_current_revision_acceptance,F-METADATA;E-26.06,Move author metadata and label the repeated calculation as consolidation or supply a changed itinerary for transfer evidence.
26.07,Cross-cultural exploration,"Play, Celebration, Leisure, Nature, and Exploration",docs/authoring/leisure-life-design/26.07/learner-guide.md,1,0d232d8684865978dad7ab2704ab226f5e3c32020d29888cc06196ff462c485e,0be08647c431a5aae125346e35db698de7c438a9dc0285d2c00d979a2cb33484,full_primary,learner_copy,True,revision_findings_open,not_demonstrated_by_current_revision_acceptance,F-METADATA;E-26.07,"Move author-status material outside the learning flow; preserve the plural accounts, unresolved costs and limited permission scopes."
26.08,Adventure and calculated challenge,"Play, Celebration, Leisure, Nature, and Exploration",docs/authoring/leisure-life-design/26.08/learner-guide.md,1,db77f11393a2dbd4ebd79d2ae5b5e8e322a93f6dbdb5f42dc983d465404f9625,f97f916a745995a18b1e725bc80fdcde0d4ca673de8403c9c9a36b5aa898f39c,full_primary,learner_copy,True,revision_findings_open,not_demonstrated_by_current_revision_acceptance,F-METADATA;E-26.08,"Relocate canonical/runtime/acceptance metadata, preserving support as legitimate challenge evidence."
26.09,Wonder and awe,"Play, Celebration, Leisure, Nature, and Exploration",docs/authoring/leisure-life-design/26.09/learner-guide.md,1,f98dd237c7ade627e509560dbc8e19cb674e13a948228bbef520cf7f96bca441,87b262fd8b9c1feb7bdbdea2e8688cfc1b5c5c402f7987c3ee03f9f035077d2e,full_primary,learner_copy,True,revision_findings_open,not_demonstrated_by_current_revision_acceptance,F-METADATA;E-26.09,"Move author metadata outside the learning flow and retain the separate factual, interpretive and emotional records."
26.10,Communal festivity and celebration,"Play, Celebration, Leisure, Nature, and Exploration",docs/authoring/leisure-life-design/26.10/learner-guide.md,1,ff73448dc95da68f98ec78fadca5cc626bb67dbf55fae0e7081c94e771460cd1,68800d3b9cafb743e57468aaa14e9dff01b878ac956dfa84c11464b5aeaaa9e0,full_primary,learner_copy,True,revision_findings_open,not_demonstrated_by_current_revision_acceptance,F-METADATA;E-26.10,"Relocate canonical/runtime/acceptance metadata while retaining whole-event labor, voluntary praise and permission boundaries."
26.11,Communal recreation and inclusive play,"Play, Celebration, Leisure, Nature, and Exploration",docs/authoring/leisure-life-design/26.11/learner-guide.md,1,0e1db0d00b564191bef2f0f7a2c0627caba7aaca14ec60c2498b700505648eda,2f9bee36fcaa2e4368b73fba57041619bbc2a01008dc785bde4755da3b948c63,full_primary,learner_copy,True,revision_findings_open,not_demonstrated_by_current_revision_acceptance,F-METADATA;E-26.11,Move author-status boilerplate to the map and retain participant-attributed access findings and unknowns.
26.12,Pilgrimage and meaningful journey,"Play, Celebration, Leisure, Nature, and Exploration",docs/authoring/leisure-life-design/26.12/learner-guide.md,1,5627872f72c6e513fb345cc7793f99c91351e0b608e43ec9fce12a15050dc988,610f1e3a46faf70685f9ce9182b88ea681b2e63f669aa08e89f08688146f3a47,full_primary,presentation_or_progression,True,revision_findings_open,not_demonstrated_by_current_revision_acceptance,F-METADATA;E-26.12,Move metadata; label repeated arithmetic as consolidation or change the journey data if independent transfer is intended.
26.13,"Humor, delight, and lightness","Play, Celebration, Leisure, Nature, and Exploration",docs/authoring/leisure-life-design/26.13/learner-guide.md,1,15942063b6897fcb7db25d41bc8b820ccf0cce08af596c2dab1c1d0add6b2bf8,10058c94b13fc8007af6d733e0d3b9e36e262ed173188681e07c3768c8b23999,full_primary,learner_copy,True,revision_findings_open,not_demonstrated_by_current_revision_acceptance,F-METADATA;E-26.13,Relocate canonical/runtime/acceptance boilerplate and preserve the response-sensitive stop and task-return evidence.
26.14,Ecological relationship and reciprocal stewardship,"Play, Celebration, Leisure, Nature, and Exploration",docs/authoring/leisure-life-design/26.14/learner-guide.md,1,295cd1a61fe045ea542eb04b9720a4f6a3241a43451439b90eb55ffc38b04383,6a98104d53e0bcaf0b2c3f8586a1a6d31c5692ec12a42f3e878a56d68e7c8f30,full_primary,learner_copy,True,revision_findings_open,not_demonstrated_by_current_revision_acceptance,F-METADATA;E-26.14,"Relocate canonical/runtime/acceptance declarations while retaining the specific method, null result and coordinator feedback."
27.01,Life architecture,"Integration, Life Design, Seasons, and Legacy",docs/authoring/leisure-life-design/27.01/learner-guide.md,1,e187ae3f9504618f26669974d9c95aaeea28c286caf3dadc6971556f746907b1,4e5fa9a006a8998a851485c9b0b63e32a3a5adc797de9c2400f18aa8f8c07659,full_primary,presentation_or_progression,True,revision_findings_open,not_demonstrated_by_current_revision_acceptance,F-METADATA;E-27.01,Move author metadata and distinguish repeated consolidation from a new independent weekly-planning case.
27.02,Balancing competing goods,"Integration, Life Design, Seasons, and Legacy",docs/authoring/leisure-life-design/27.02/learner-guide.md,1,a6486aa99b02bf45d417de15741fe2809ccffeb115d0f13272b5c1dee5e1c6d5,8d3ef6560df71908f6c521e53e8a2cf5a04886d610cdd3372de4d169eebb8bbb,full_primary,presentation_or_progression,True,revision_findings_open,not_demonstrated_by_current_revision_acceptance,F-METADATA;E-27.02,Move author metadata and label the reused variation appropriately; use another changed tradeoff for independent transfer.
27.03,Seasons and changing emphasis,"Integration, Life Design, Seasons, and Legacy",docs/authoring/life-integration/27.03/learner-guide.md,1,c06932ff968c3d88b9b8a69593c202f1e56715ec7b5fb82ec1c9578773588b6a,6dc672f5a3a20e4da8f95dd3c9767a683653ff5d8dcc76c31d91ea0019c4421b,full_primary,presentation_or_progression,True,revision_findings_open,not_demonstrated_by_current_revision_acceptance,F-METADATA;E-27.03,Relocate author-status material; distinguish repeated practice from new transfer and retain the failed protection rather than smoothing the account.
27.04,Roles and responsibility portfolio,"Integration, Life Design, Seasons, and Legacy",docs/authoring/life-integration/27.04/learner-guide.md,1,ecb381d547661ec729da74b1722837c132d8f817ece0b59e7a043728e1438e41,c6da8af40207e344eca930188197a3caa78b5ee01df104b5a81b15669f2a8560,full_primary,learner_copy,True,revision_findings_open,not_demonstrated_by_current_revision_acceptance,F-METADATA;E-27.04,Move canonical/runtime/acceptance statements to author documentation while retaining the authority-versus-self-demand distinction.
27.05,Personal operating reviews,"Integration, Life Design, Seasons, and Legacy",docs/authoring/life-integration/27.05/learner-guide.md,1,cee4255dd1ea0a23041d0e32be320a9d345cf489d0039bec068ab2feb98ca861,709c59ba8b80e0eeb41d5418d339609234e46be301db94bc221a5fd3090c1619,full_primary,presentation_or_progression,True,revision_findings_open,not_demonstrated_by_current_revision_acceptance,F-METADATA;E-27.05,Relocate author-status material and retain the concrete state distinctions; describe the repeated total as consolidation rather than a new transfer task.
27.06,Goals as experiments,"Integration, Life Design, Seasons, and Legacy",docs/authoring/life-integration/27.06/learner-guide.md,1,b417b95cc659d6d98cdca32096711887ac0abbeeb606e5282b0aeded8e7ff9c0,4d1b3b5c98485b78f944b84449ceede323885c077c5d1378fb428d9963801c13,full_primary,substantive_editorial_followup,True,revision_findings_open,not_demonstrated_by_current_revision_acceptance,F-METADATA;E-27.06,Relocate metadata and add changed cards/conditions if independent transfer is claimed; retain the predeclared rule and adverse result.
27.07,Transition preparedness,"Integration, Life Design, Seasons, and Legacy",docs/authoring/life-integration/27.07/learner-guide.md,1,f13c3df03d7796a4e1b9cf3f644aefca18804cb4421d7ae2d557a263a094dc30,3fff0a9dff2c02f630760db344195eb003ac4487adf2fef27956d1df589a24e7,full_primary,substantive_editorial_followup,True,revision_findings_open,not_demonstrated_by_current_revision_acceptance,F-METADATA;E-27.07,"Move metadata, distinguish consolidation from new transfer, and explicitly note the zero-minute pickup margin and need to verify feasibility in a real plan."
27.08,Ambition and contentment,"Integration, Life Design, Seasons, and Legacy",docs/authoring/life-integration/27.08/learner-guide.md,1,2cb6c03a4f5caaf9056579634d32d49afa4a893b1bd8f718fb73f29322decb83,7bccef644aa1253ec8a6934adbc64bc1c5c7b292a4e5fd5089b2eaee1d01a27d,full_primary,presentation_or_progression,True,revision_findings_open,not_demonstrated_by_current_revision_acceptance,F-METADATA;E-27.08,Move author-status material and keep consolidation distinct from any future independent usability test.
27.09,Coherence without rigidity,"Integration, Life Design, Seasons, and Legacy",docs/authoring/life-integration/27.09/learner-guide.md,1,66ac3d866c220ff2e1b161939ea8e84c7be16fd7db05fcdae82550c09812a926,e8387c797d1098b29b18be33d348e434c97b271c7dd9316c0faeba050bb7637e,full_primary,presentation_or_progression,True,revision_findings_open,not_demonstrated_by_current_revision_acceptance,F-METADATA;E-27.09,Relocate metadata and label repeated timing as consolidation; preserve contrary evidence and test a changed deadline case for transfer.
27.10,Mentorship and generativity,"Integration, Life Design, Seasons, and Legacy",docs/authoring/life-integration/27.10/learner-guide.md,1,309bc3724765ccdac4e7db747f0677ec452746d7cb1d368a92d8b3ee7f7f6cbf,f23fe7783885281d6862b70e03e486bdd79fca6d642ecc20fb317a7e19de4bdc,full_primary,learner_copy,True,revision_findings_open,not_demonstrated_by_current_revision_acceptance,F-METADATA;E-27.10,Relocate author-status boilerplate and retain the access-aid versus instructional-hint distinction and limited two-contact inference.
27.11,"Legacy in people, institutions, and works","Integration, Life Design, Seasons, and Legacy",docs/authoring/life-integration/27.11/learner-guide.md,1,841dc762682689015d9fff6e95ef12d51ec5fc3ac7b6e9fcf70fe8471f43dc50,35fc70ee8fd6f168715719c72b004030a1b0840e56cea36f8a397303cd0b3cea,full_primary,learner_copy,True,revision_findings_open,not_demonstrated_by_current_revision_acceptance,F-METADATA;E-27.11,"Move canonical/runtime/acceptance declarations to author documentation and retain the independent repair, usability and ownership outcomes."
27.12,Annual reckoning and recommitment,"Integration, Life Design, Seasons, and Legacy",docs/authoring/life-integration/27.12/learner-guide.md,1,9e9ce29c679c324ef1044b55495624e445db010fd407242990d14fe76000bd6f,259ca3c952762ac770a428c7444eb6c91f8061aabfbc6c805d44d8ad2bcdf9d0,full_primary,learner_copy,True,revision_findings_open,not_demonstrated_by_current_revision_acceptance,F-METADATA;E-27.12,Relocate canonical/runtime/acceptance declarations and retain the missing-month uncertainty and limited first-step evidence.
27.13,"Applicability, role choice, and the right to leave domains unchosen","Integration, Life Design, Seasons, and Legacy",docs/authoring/life-integration/27.13/learner-guide.md,1,4107d98f98be91a1d2d33772ce8781503c9b0349c951d9ed3195ad4456a0533b,a4f8d7d640635d1949d8e27eb2139318ef89da53fee9fd171513a549b016cf96,full_primary,learner_copy,True,revision_findings_open,not_demonstrated_by_current_revision_acceptance,F-METADATA;E-27.13,"Move author/runtime status to the map, preserving optional roles, existing responsibilities and the preference-versus-constraint distinction."
27.14,Multiple pathways to flourishing,"Integration, Life Design, Seasons, and Legacy",docs/authoring/life-integration/27.14/learner-guide.md,1,e4dc1cd1d85513a63398899b3b9a017ea9a63ea3b554ad745b58f93a133955e9,4686ebf3d3e0af2dc6a2778da0796bb10fa337cc01e27acde94fee62d2b7a184,full_primary,learner_copy,True,revision_findings_open,not_demonstrated_by_current_revision_acceptance,F-METADATA;E-27.14,"Relocate author-status material while retaining participant control, accepted-route evidence and explicit limits on equivalence."
27.15,Receiving as well as achieving,"Integration, Life Design, Seasons, and Legacy",docs/authoring/emotional-foundations/27.15/learner-guide.md,1,5d5ef7acc62d8df60d25efc8d0ea73cd4d89faab5b02631239208ebfdd665784,f39947ec4be108acc7f47927ad2a71867b3079bdd85452156f2738ac92127e0f,full_primary,learner_copy,True,revision_findings_open,not_demonstrated_by_current_revision_acceptance,F-METADATA;E-27.15,"Move author-status boilerplate outside the learner flow, preserving mixed inheritance, voluntary receiving and actual obligations."
