competency_id,competency_name,domain_id,domain_name,content_status,protocol_stable_id,protocol_version,protocol_path,protocol_sha256,protocol_family,risk_class,runtime_projection,sources_complete,safety_review_status,scoring_policy,shadow_test_status,activation_status,release_gate_status,ui_test_status,parent_mapping_lever_ids,recommendation_target_lever_ids,blocking_issue
01.01,Conceptions of flourishing,01,"Meaning, Worldview, and Purpose",draft,PRACTICE-COMP-0101-CONCEPTIONS-OF-FLOURISHING-01,0.2.0,data/practices/protocols/01/PRACTICE-COMP-0101-CONCEPTIONS-OF-FLOURISHING-01.yaml,b64dd91bbcbdd094765b5df5d5453d33b369e4db186d52d1e04ad68d17909cba,PF-KNOWLEDGE-APPLICATION,RISK-LOW,GG-PRACTICE-RUNTIME-PROJECTION-2.0,false,pending,SP-STRUCTURED-EVIDENCE-ELIGIBLE,accepted_and_activated,active,blocked,not_applicable,L01;L02;L36,L01;L02;L36,accessibility_review_status:pending;content_review_status:pending;last_reviewed:missing;originality_review_status:pending;research_gap:RG-M6A-001:open;research_review_status:internal_sources_only_external_review_required;safety_review_status:pending;sources:incomplete
01.02,A provisional worldview,01,"Meaning, Worldview, and Purpose",draft,PRACTICE-COMP-0102-A-PROVISIONAL-WORLDVIEW-01,0.2.0,data/practices/protocols/01/PRACTICE-COMP-0102-A-PROVISIONAL-WORLDVIEW-01.yaml,43fa01673a2243c21e449c085cae093a0504a3cb5899ea1e4a8f8ceff46e87e8,PF-KNOWLEDGE-APPLICATION,RISK-LOW,GG-PRACTICE-RUNTIME-PROJECTION-2.0,false,pending,SP-STRUCTURED-EVIDENCE-ELIGIBLE,accepted_and_activated,active,blocked,not_applicable,L01;L03;L11;L13,L01;L03;L11;L13,accessibility_review_status:pending;content_review_status:pending;last_reviewed:missing;originality_review_status:pending;research_gap:RG-M6A-001:open;research_review_status:internal_sources_only_external_review_required;safety_review_status:pending;sources:incomplete
01.03,Chosen and inherited values,01,"Meaning, Worldview, and Purpose",draft,PRACTICE-COMP-0103-CHOSEN-AND-INHERITED-VALUES-01,0.2.0,data/practices/protocols/01/PRACTICE-COMP-0103-CHOSEN-AND-INHERITED-VALUES-01.yaml,9243dfa17a3cde329ff9ced9433bf2e60958bb1c3f7cf46298a01212e03427bf,PF-BEHAVIORAL-EXPERIMENT,RISK-LOW,GG-PRACTICE-RUNTIME-PROJECTION-2.0,false,pending,SP-STRUCTURED-EVIDENCE-ELIGIBLE,accepted_and_activated,active,blocked,not_applicable,L02;L05;L31,L02;L05;L31,accessibility_review_status:pending;content_review_status:pending;last_reviewed:missing;originality_review_status:pending;research_gap:RG-M6A-001:open;research_review_status:internal_sources_only_external_review_required;safety_review_status:pending;sources:incomplete
01.04,A hierarchy of goods,01,"Meaning, Worldview, and Purpose",draft,PRACTICE-COMP-0104-A-HIERARCHY-OF-GOODS-01,0.2.0,data/practices/protocols/01/PRACTICE-COMP-0104-A-HIERARCHY-OF-GOODS-01.yaml,fe00b3c79d4ee5dec2357677aa07faeddbd1ec2f88ff7e48912c095c40db57f5,PF-KNOWLEDGE-APPLICATION,RISK-LOW,GG-PRACTICE-RUNTIME-PROJECTION-2.0,false,pending,SP-STRUCTURED-EVIDENCE-ELIGIBLE,accepted_and_activated,active,blocked,not_applicable,L02;L14;L36,L02;L14;L36,accessibility_review_status:pending;content_review_status:pending;last_reviewed:missing;originality_review_status:pending;research_gap:RG-M6A-001:open;research_review_status:internal_sources_only_external_review_required;safety_review_status:pending;sources:incomplete
01.05,Purpose and calling,01,"Meaning, Worldview, and Purpose",draft,PRACTICE-COMP-0105-PURPOSE-AND-CALLING-01,0.2.0,data/practices/protocols/01/PRACTICE-COMP-0105-PURPOSE-AND-CALLING-01.yaml,9ef940c6ae297173ce248541cde4196a53774995b12dc61b1fba2a5ac0a5c4b2,PF-COMMUNITY-CONTRIBUTION,RISK-LOW,GG-PRACTICE-RUNTIME-PROJECTION-2.0,false,pending,SP-STRUCTURED-EVIDENCE-ELIGIBLE,accepted_and_activated,active,blocked,not_applicable,L01;L32;L36,L01;L32;L36,accessibility_review_status:pending;content_review_status:pending;last_reviewed:missing;originality_review_status:pending;research_gap:RG-M6A-001:open;research_review_status:internal_sources_only_external_review_required;safety_review_status:pending;sources:incomplete
01.06,Meaning versus status,01,"Meaning, Worldview, and Purpose",draft,PRACTICE-COMP-0106-MEANING-VERSUS-STATUS-01,0.2.0,data/practices/protocols/01/PRACTICE-COMP-0106-MEANING-VERSUS-STATUS-01.yaml,98330d2be105f526e4764a914a07287e2e5b72d23aab74129d6dca2422f9c0d5,PF-BEHAVIORAL-EXPERIMENT,RISK-LOW,GG-PRACTICE-RUNTIME-PROJECTION-2.0,false,pending,SP-STRUCTURED-EVIDENCE-ELIGIBLE,accepted_and_activated,active,blocked,not_applicable,L01;L05;L09;L36,L01;L05;L09;L36,accessibility_review_status:pending;content_review_status:pending;last_reviewed:missing;originality_review_status:pending;research_gap:RG-M6A-001:open;research_review_status:internal_sources_only_external_review_required;safety_review_status:pending;sources:incomplete
01.07,Commitment under uncertainty,01,"Meaning, Worldview, and Purpose",draft,PRACTICE-COMP-0107-COMMITMENT-UNDER-UNCERTAINTY-01,0.2.0,data/practices/protocols/01/PRACTICE-COMP-0107-COMMITMENT-UNDER-UNCERTAINTY-01.yaml,2068d477d3a5ade9759da2798a7578ecb780e9df9abfd1652814fd47ee522cd5,PF-BEHAVIORAL-EXPERIMENT,RISK-LOW,GG-PRACTICE-RUNTIME-PROJECTION-2.0,false,pending,SP-STRUCTURED-EVIDENCE-ELIGIBLE,accepted_and_activated,active,blocked,not_applicable,L10;L11;L14,L10;L11;L14,accessibility_review_status:pending;content_review_status:pending;last_reviewed:missing;originality_review_status:pending;research_gap:RG-M6A-001:open;research_review_status:internal_sources_only_external_review_required;safety_review_status:pending;sources:incomplete
01.08,Existential responsibility,01,"Meaning, Worldview, and Purpose",draft,PRACTICE-COMP-0108-EXISTENTIAL-RESPONSIBILITY-01,0.2.0,data/practices/protocols/01/PRACTICE-COMP-0108-EXISTENTIAL-RESPONSIBILITY-01.yaml,c9dc08a933bd1db8328560bdf89fe18c873eb770335004dea8aa1af05c3501da,PF-BEHAVIORAL-EXPERIMENT,RISK-LOW,GG-PRACTICE-RUNTIME-PROJECTION-2.0,false,pending,SP-STRUCTURED-EVIDENCE-ELIGIBLE,accepted_and_activated,active,blocked,not_applicable,L01;L05;L10;L11,L01;L05;L10;L11,accessibility_review_status:pending;content_review_status:pending;last_reviewed:missing;originality_review_status:pending;research_gap:RG-M6A-001:open;research_review_status:internal_sources_only_external_review_required;safety_review_status:pending;sources:incomplete
01.09,Life review and philosophical revision,01,"Meaning, Worldview, and Purpose",draft,PRACTICE-COMP-0109-LIFE-REVIEW-AND-PHILOSOPHICAL-REVISION-01,0.2.0,data/practices/protocols/01/PRACTICE-COMP-0109-LIFE-REVIEW-AND-PHILOSOPHICAL-REVISION-01.yaml,fd4cbc6e595c763a3a277d64518093880cb29cbe543d5491668a6d18651a9ae9,PF-LONGITUDINAL-REVIEW,RISK-LOW,GG-PRACTICE-RUNTIME-PROJECTION-2.0,false,pending,SP-STRUCTURED-EVIDENCE-ELIGIBLE,accepted_and_activated,active,blocked,not_applicable,L01;L05;L36,L01;L05;L36,accessibility_review_status:pending;content_review_status:pending;last_reviewed:missing;originality_review_status:pending;research_gap:RG-M6A-001:open;research_review_status:internal_sources_only_external_review_required;safety_review_status:pending;sources:incomplete
01.10,Meaning after disillusionment,01,"Meaning, Worldview, and Purpose",draft,PRACTICE-COMP-0110-MEANING-AFTER-DISILLUSIONMENT-01,0.2.0,data/practices/protocols/01/PRACTICE-COMP-0110-MEANING-AFTER-DISILLUSIONMENT-01.yaml,32de32f843d4fef35bb738ca90fbd40c86783265a8d531e6580eb470e2c51485,PF-CONTEMPLATIVE-MEANING,RISK-LOW,GG-PRACTICE-RUNTIME-PROJECTION-2.0,false,pending,SP-STRUCTURED-EVIDENCE-ELIGIBLE,accepted_and_activated,active,blocked,not_applicable,L01;L04;L11,L01;L04;L11,accessibility_review_status:pending;content_review_status:pending;last_reviewed:missing;originality_review_status:pending;research_gap:RG-M6A-001:open;research_review_status:internal_sources_only_external_review_required;safety_review_status:pending;sources:incomplete
01.11,Plural ends and reasonable disagreement,01,"Meaning, Worldview, and Purpose",draft,PRACTICE-COMP-0111-PLURAL-ENDS-AND-REASONABLE-DISAGREEMENT-01,0.2.0,data/practices/protocols/01/PRACTICE-COMP-0111-PLURAL-ENDS-AND-REASONABLE-DISAGREEMENT-01.yaml,e811c6f5a2bce525b124bd832836987ab1e8b53d927814002ef4329ab696f651,PF-RELATIONAL-CONVERSATION,RISK-LOW,GG-PRACTICE-RUNTIME-PROJECTION-2.0,false,pending,SP-STRUCTURED-EVIDENCE-ELIGIBLE,accepted_and_activated,active,blocked,not_applicable,L01;L13;L24;L31,L01;L13;L24;L31,accessibility_review_status:pending;content_review_status:pending;last_reviewed:missing;originality_review_status:pending;research_gap:RG-M6A-001:open;research_review_status:internal_sources_only_external_review_required;safety_review_status:pending;sources:incomplete
02.01,Moral frameworks,02,"Ethics, Virtue, and Integrity",draft,PRACTICE-COMP-0201-MORAL-FRAMEWORKS-01,0.2.0,data/practices/protocols/02/PRACTICE-COMP-0201-MORAL-FRAMEWORKS-01.yaml,af86501deae8655b5a0c07d28c92c6ef3fed1d8e395227cb277ac122cc4b1a55,PF-KNOWLEDGE-APPLICATION,RISK-MODERATE,GG-PRACTICE-RUNTIME-PROJECTION-2.0,false,pending,SP-STRUCTURED-EVIDENCE-ELIGIBLE,accepted_and_activated,active,blocked,not_applicable,L02;L12;L31,L02;L12;L31,accessibility_review_status:pending;content_review_status:pending;last_reviewed:missing;originality_review_status:pending;research_gap:RG-M6A-001:open;research_review_status:internal_sources_only_external_review_required;safety_review_status:pending;sources:incomplete;specialist_review:missing
02.02,Moral perception,02,"Ethics, Virtue, and Integrity",draft,PRACTICE-COMP-0202-MORAL-PERCEPTION-01,0.2.0,data/practices/protocols/02/PRACTICE-COMP-0202-MORAL-PERCEPTION-01.yaml,ca65a66780f5fef94277cf01674d3d4d2a8be570d519166b4de93700b807f864,PF-AUDIT-REDESIGN,RISK-HIGH,GG-PRACTICE-RUNTIME-PROJECTION-2.0,false,pending_specialist_expansion_review,SP-STRUCTURED-EVIDENCE-ELIGIBLE,accepted_and_activated,active,blocked,not_applicable,L02;L14;L24,L02;L14;L24,accessibility_review_status:pending;content_review_status:pending;last_reviewed:missing;originality_review_status:pending;research_gap:RG-M6A-001:open;research_review_status:internal_sources_only_external_review_required;safety_review_status:pending_specialist_expansion_review;sources:incomplete;specialist_review:missing
02.03,Behavioral definitions of virtue,02,"Ethics, Virtue, and Integrity",draft,PRACTICE-COMP-0203-BEHAVIORAL-DEFINITIONS-OF-VIRTUE-01,0.2.0,data/practices/protocols/02/PRACTICE-COMP-0203-BEHAVIORAL-DEFINITIONS-OF-VIRTUE-01.yaml,17838843b7559b7dd15459dc04131c29b52af81708c34ee5e467559048a669e6,PF-SKILL-REHEARSAL,RISK-MODERATE,GG-PRACTICE-RUNTIME-PROJECTION-2.0,false,pending,SP-STRUCTURED-EVIDENCE-ELIGIBLE,accepted_and_activated,active,blocked,not_applicable,L02;L05;L10,L02;L05;L10,accessibility_review_status:pending;content_review_status:pending;last_reviewed:missing;originality_review_status:pending;research_gap:RG-M6A-001:open;research_review_status:internal_sources_only_external_review_required;safety_review_status:pending;sources:incomplete;specialist_review:missing
02.04,Truthfulness and candor,02,"Ethics, Virtue, and Integrity",draft,PRACTICE-COMP-0204-TRUTHFULNESS-AND-CANDOR-01,0.2.0,data/practices/protocols/02/PRACTICE-COMP-0204-TRUTHFULNESS-AND-CANDOR-01.yaml,5a8809932a77bc4d992178488900aee4ced9add58fbce8827a7c9da9913a6e8d,PF-RELATIONAL-CONVERSATION,RISK-MODERATE,GG-PRACTICE-RUNTIME-PROJECTION-2.0,false,pending,SP-STRUCTURED-EVIDENCE-ELIGIBLE,accepted_and_activated,active,blocked,not_applicable,L02;L23;L25,L02;L23;L25,accessibility_review_status:pending;content_review_status:pending;last_reviewed:missing;originality_review_status:pending;research_gap:RG-M6A-001:open;research_review_status:internal_sources_only_external_review_required;safety_review_status:pending;sources:incomplete;specialist_review:missing
02.05,"Promises, reliability, and one's word",02,"Ethics, Virtue, and Integrity",draft,PRACTICE-COMP-0205-PROMISES-RELIABILITY-AND-ONE-S-WORD-01,0.2.0,data/practices/protocols/02/PRACTICE-COMP-0205-PROMISES-RELIABILITY-AND-ONE-S-WORD-01.yaml,a11b636cc46231687f447a90c57e813692c0b1b89717c7a36d6e29c1bd8a908d,PF-RELATIONAL-CONVERSATION,RISK-MODERATE,GG-PRACTICE-RUNTIME-PROJECTION-2.0,false,pending,SP-STRUCTURED-EVIDENCE-ELIGIBLE,accepted_and_activated,active,blocked,not_applicable,L02;L10;L32,L02;L10;L32,accessibility_review_status:pending;content_review_status:pending;last_reviewed:missing;originality_review_status:pending;research_gap:RG-M6A-001:open;research_review_status:internal_sources_only_external_review_required;safety_review_status:pending;sources:incomplete;specialist_review:missing
02.06,"Justice, fairness, and equal dignity",02,"Ethics, Virtue, and Integrity",draft,PRACTICE-COMP-0206-JUSTICE-FAIRNESS-AND-EQUAL-DIGNITY-01,0.2.0,data/practices/protocols/02/PRACTICE-COMP-0206-JUSTICE-FAIRNESS-AND-EQUAL-DIGNITY-01.yaml,2f05211939e5a3a2e4fd1feedce67c05a5f6f0d196bd7ce1d4666ca40b96d131,PF-KNOWLEDGE-APPLICATION,RISK-MODERATE,GG-PRACTICE-RUNTIME-PROJECTION-2.0,false,pending,SP-STRUCTURED-EVIDENCE-ELIGIBLE,accepted_and_activated,active,blocked,not_applicable,L02;L24;L31,L02;L24;L31,accessibility_review_status:pending;content_review_status:pending;last_reviewed:missing;originality_review_status:pending;research_gap:RG-M6A-001:open;research_review_status:internal_sources_only_external_review_required;safety_review_status:pending;sources:incomplete;specialist_review:missing
02.07,Moral courage,02,"Ethics, Virtue, and Integrity",draft,PRACTICE-COMP-0207-MORAL-COURAGE-01,0.2.0,data/practices/protocols/02/PRACTICE-COMP-0207-MORAL-COURAGE-01.yaml,c66610a45706267e7c6a979fbf94435401167c609217904a02437fb7de17dd24,PF-RELATIONAL-CONVERSATION,RISK-MODERATE,GG-PRACTICE-RUNTIME-PROJECTION-2.0,false,pending,SP-STRUCTURED-EVIDENCE-ELIGIBLE,accepted_and_activated,active,blocked,not_applicable,L02;L25;L30,L02;L25;L30,accessibility_review_status:pending;content_review_status:pending;last_reviewed:missing;originality_review_status:pending;research_gap:RG-M6A-001:open;research_review_status:internal_sources_only_external_review_required;safety_review_status:pending;sources:incomplete;specialist_review:missing
02.08,Temperance and moderation,02,"Ethics, Virtue, and Integrity",draft,PRACTICE-COMP-0208-TEMPERANCE-AND-MODERATION-01,0.2.0,data/practices/protocols/02/PRACTICE-COMP-0208-TEMPERANCE-AND-MODERATION-01.yaml,8e1cd984a73c58096c90f79dcee9aade2c0a9b4103d3ea860b03f78fce6322a5,PF-BEHAVIORAL-EXPERIMENT,RISK-MODERATE,GG-PRACTICE-RUNTIME-PROJECTION-2.0,false,pending,SP-STRUCTURED-EVIDENCE-ELIGIBLE,accepted_and_activated,active,blocked,not_applicable,L02;L09;L10,L02;L09;L10,accessibility_review_status:pending;content_review_status:pending;last_reviewed:missing;originality_review_status:pending;research_gap:RG-M6A-001:open;research_review_status:internal_sources_only_external_review_required;safety_review_status:pending;sources:incomplete;specialist_review:missing
02.09,"Compassion, mercy, and forgiveness",02,"Ethics, Virtue, and Integrity",draft,PRACTICE-COMP-0209-COMPASSION-MERCY-AND-FORGIVENESS-01,0.2.0,data/practices/protocols/02/PRACTICE-COMP-0209-COMPASSION-MERCY-AND-FORGIVENESS-01.yaml,332f35bc87d6054a5d5b27b0dced88bfd279e9b64d052987c0ec15e87a4475a7,PF-CONTEMPLATIVE-MEANING,RISK-MODERATE,GG-PRACTICE-RUNTIME-PROJECTION-2.0,false,pending,SP-STRUCTURED-EVIDENCE-ELIGIBLE,accepted_and_activated,active,blocked,not_applicable,L02;L24;L29,L02;L24;L29,accessibility_review_status:pending;content_review_status:pending;last_reviewed:missing;originality_review_status:pending;research_gap:RG-M6A-001:open;research_review_status:internal_sources_only_external_review_required;safety_review_status:pending;sources:incomplete;specialist_review:missing
02.10,Loyalty and principled dissent,02,"Ethics, Virtue, and Integrity",draft,PRACTICE-COMP-0210-LOYALTY-AND-PRINCIPLED-DISSENT-01,0.2.0,data/practices/protocols/02/PRACTICE-COMP-0210-LOYALTY-AND-PRINCIPLED-DISSENT-01.yaml,52eaaa60f27aaf8a9c4372756786955f37139a0b3ca0a1d32338bad267737eec,PF-RELATIONAL-CONVERSATION,RISK-MODERATE,GG-PRACTICE-RUNTIME-PROJECTION-2.0,false,pending,SP-STRUCTURED-EVIDENCE-ELIGIBLE,accepted_and_activated,active,blocked,not_applicable,L02;L25;L31;L33,L02;L25;L31;L33,accessibility_review_status:pending;content_review_status:pending;last_reviewed:missing;originality_review_status:pending;research_gap:RG-M6A-001:open;research_review_status:internal_sources_only_external_review_required;safety_review_status:pending;sources:incomplete;specialist_review:missing
02.11,"Responsibility, apology, and restitution",02,"Ethics, Virtue, and Integrity",draft,PRACTICE-COMP-0211-RESPONSIBILITY-APOLOGY-AND-RESTITUTION-01,0.2.0,data/practices/protocols/02/PRACTICE-COMP-0211-RESPONSIBILITY-APOLOGY-AND-RESTITUTION-01.yaml,e344129c7c029590f1a972b2591c90deb7cd171fad03e2c8f97d83615c3d060f,PF-RELATIONAL-CONVERSATION,RISK-MODERATE,GG-PRACTICE-RUNTIME-PROJECTION-2.0,false,pending,SP-STRUCTURED-EVIDENCE-ELIGIBLE,accepted_and_activated,active,blocked,not_applicable,L02;L23;L29,L02;L23;L29,accessibility_review_status:pending;content_review_status:pending;last_reviewed:missing;originality_review_status:pending;research_gap:RG-M6A-001:open;research_review_status:internal_sources_only_external_review_required;safety_review_status:pending;sources:incomplete;specialist_review:missing
02.12,Integrity across contexts,02,"Ethics, Virtue, and Integrity",draft,PRACTICE-COMP-0212-INTEGRITY-ACROSS-CONTEXTS-01,0.2.0,data/practices/protocols/02/PRACTICE-COMP-0212-INTEGRITY-ACROSS-CONTEXTS-01.yaml,4f8029c6bfd6fc767ee8a40843d90058fa23a090b9a5c9a2565d8c4aa38c7511,PF-AUDIT-REDESIGN,RISK-MODERATE,GG-PRACTICE-RUNTIME-PROJECTION-2.0,false,pending,SP-STRUCTURED-EVIDENCE-ELIGIBLE,accepted_and_activated,active,blocked,not_applicable,L02;L05;L10,L02;L05;L10,accessibility_review_status:pending;content_review_status:pending;last_reviewed:missing;originality_review_status:pending;research_gap:RG-M6A-001:open;research_review_status:internal_sources_only_external_review_required;safety_review_status:pending;sources:incomplete;specialist_review:missing
02.13,"Moral luck, complicity, and dirty hands",02,"Ethics, Virtue, and Integrity",draft,PRACTICE-COMP-0213-MORAL-LUCK-COMPLICITY-AND-DIRTY-HANDS-01,0.2.0,data/practices/protocols/02/PRACTICE-COMP-0213-MORAL-LUCK-COMPLICITY-AND-DIRTY-HANDS-01.yaml,f5723dd8209516ce19434f458aeb64c09a92fdb5a2e748fa9a27dcd2d4b30684,PF-KNOWLEDGE-APPLICATION,RISK-MODERATE,GG-PRACTICE-RUNTIME-PROJECTION-2.0,false,pending,SP-STRUCTURED-EVIDENCE-ELIGIBLE,accepted_and_activated,active,blocked,not_applicable,L02;L04;L14;L31,L02;L04;L14;L31,accessibility_review_status:pending;content_review_status:pending;last_reviewed:missing;originality_review_status:pending;research_gap:RG-M6A-001:open;research_review_status:internal_sources_only_external_review_required;safety_review_status:pending;sources:incomplete;specialist_review:missing
02.14,"Conscience, conscientious objection, and civil disobedience",02,"Ethics, Virtue, and Integrity",draft,PRACTICE-COMP-0214-CONSCIENCE-CONSCIENTIOUS-OBJECTION-AND-CIVIL-DISOBEDIENCE-01,0.2.0,data/practices/protocols/02/PRACTICE-COMP-0214-CONSCIENCE-CONSCIENTIOUS-OBJECTION-AND-CIVIL-DISOBEDIENCE-01.yaml,c7b7a6325ee6faaad44b5761dada34dfd79bebc80db6d62a9073d76ed143751f,PF-KNOWLEDGE-APPLICATION,RISK-HIGH,GG-PRACTICE-RUNTIME-PROJECTION-2.0,false,pending_specialist_expansion_review,SP-STRUCTURED-EVIDENCE-ELIGIBLE,accepted_and_activated,active,blocked,not_applicable,L02;L25;L30;L31,L02;L25;L30;L31,accessibility_review_status:pending;content_review_status:pending;last_reviewed:missing;originality_review_status:pending;research_gap:RG-M6A-001:open;research_review_status:internal_sources_only_external_review_required;safety_review_status:pending_specialist_expansion_review;sources:incomplete;specialist_review:missing
02.15,Ethics of care and dependency,02,"Ethics, Virtue, and Integrity",draft,PRACTICE-COMP-0215-ETHICS-OF-CARE-AND-DEPENDENCY-01,0.2.0,data/practices/protocols/02/PRACTICE-COMP-0215-ETHICS-OF-CARE-AND-DEPENDENCY-01.yaml,3427f84bdec012fc1a17384ace27ddd03ec7d5e18963b03152ace35e7200eb1b,PF-RELATIONAL-CONVERSATION,RISK-MODERATE,GG-PRACTICE-RUNTIME-PROJECTION-2.0,false,pending,SP-STRUCTURED-EVIDENCE-ELIGIBLE,accepted_and_activated,active,blocked,not_applicable,L02;L24;L28;L31,L02;L24;L28;L31,accessibility_review_status:pending;content_review_status:pending;last_reviewed:missing;originality_review_status:pending;research_gap:RG-M6A-001:open;research_review_status:internal_sources_only_external_review_required;safety_review_status:pending;sources:incomplete;specialist_review:missing
03.01,Metaphysical and spiritual inquiry,03,"Spirituality, Religion, Ritual, and Transcendence",draft,PRACTICE-COMP-0301-METAPHYSICAL-AND-SPIRITUAL-INQUIRY-01,0.2.0,data/practices/protocols/03/PRACTICE-COMP-0301-METAPHYSICAL-AND-SPIRITUAL-INQUIRY-01.yaml,3eab8db6f1639bfad8c2a58d902d42827f0737192b7b43f52dceb6b4d067f6ab,PF-KNOWLEDGE-APPLICATION,RISK-LOW,GG-PRACTICE-RUNTIME-PROJECTION-2.0,false,pending,SP-STRUCTURED-EVIDENCE-ELIGIBLE,accepted_and_activated,active,blocked,not_applicable,L01;L03;L13,L01;L03;L13,accessibility_review_status:pending;content_review_status:pending;last_reviewed:missing;originality_review_status:pending;research_gap:RG-M6A-001:open;research_review_status:internal_sources_only_external_review_required;safety_review_status:pending;sources:incomplete
03.02,Serious study of a wisdom tradition,03,"Spirituality, Religion, Ritual, and Transcendence",draft,PRACTICE-COMP-0302-SERIOUS-STUDY-OF-A-WISDOM-TRADITION-01,0.2.0,data/practices/protocols/03/PRACTICE-COMP-0302-SERIOUS-STUDY-OF-A-WISDOM-TRADITION-01.yaml,553d80dab8d67a59b08bb19286a6c78a3fa64c96d3919074a6157fb47e6fe4a1,PF-KNOWLEDGE-APPLICATION,RISK-LOW,GG-PRACTICE-RUNTIME-PROJECTION-2.0,false,pending,SP-STRUCTURED-EVIDENCE-ELIGIBLE,accepted_and_activated,active,blocked,not_applicable,L03;L15;L31,L03;L15;L31,accessibility_review_status:pending;content_review_status:pending;last_reviewed:missing;originality_review_status:pending;research_gap:RG-M6A-001:open;research_review_status:internal_sources_only_external_review_required;safety_review_status:pending;sources:incomplete
03.03,"Contemplation, prayer, and silence",03,"Spirituality, Religion, Ritual, and Transcendence",draft,PRACTICE-COMP-0303-CONTEMPLATION-PRAYER-AND-SILENCE-01,0.2.0,data/practices/protocols/03/PRACTICE-COMP-0303-CONTEMPLATION-PRAYER-AND-SILENCE-01.yaml,0999ee248023bd4b6b35e7848d6c988efabe5fb9cc977d6ba7a420bedde01d3c,PF-REPEATED-HABIT,RISK-LOW,GG-PRACTICE-RUNTIME-PROJECTION-2.0,false,pending,SP-STRUCTURED-EVIDENCE-ELIGIBLE,accepted_and_activated,active,blocked,not_applicable,L03;L07;L08,L03;L07;L08,accessibility_review_status:pending;content_review_status:pending;last_reviewed:missing;originality_review_status:pending;research_gap:RG-M6A-001:open;research_review_status:internal_sources_only_external_review_required;safety_review_status:pending;sources:incomplete
03.04,Reverence and the sacred,03,"Spirituality, Religion, Ritual, and Transcendence",draft,PRACTICE-COMP-0304-REVERENCE-AND-THE-SACRED-01,0.2.0,data/practices/protocols/03/PRACTICE-COMP-0304-REVERENCE-AND-THE-SACRED-01.yaml,72ad9cf1f7d0a3d566289288d93fe00cac6769920935db6bee2844ed1a3b580f,PF-CONTEMPLATIVE-MEANING,RISK-LOW,GG-PRACTICE-RUNTIME-PROJECTION-2.0,false,pending,SP-STRUCTURED-EVIDENCE-ELIGIBLE,accepted_and_activated,active,blocked,not_applicable,L03;L16;L34,L03;L16;L34,accessibility_review_status:pending;content_review_status:pending;last_reviewed:missing;originality_review_status:pending;research_gap:RG-M6A-001:open;research_review_status:internal_sources_only_external_review_required;safety_review_status:pending;sources:incomplete
03.05,Gratitude and received life,03,"Spirituality, Religion, Ritual, and Transcendence",draft,PRACTICE-COMP-0305-GRATITUDE-AND-RECEIVED-LIFE-01,0.2.0,data/practices/protocols/03/PRACTICE-COMP-0305-GRATITUDE-AND-RECEIVED-LIFE-01.yaml,1eca3c5e017f6273aad47025847b66b574054b9e10d2f2af51c0789e24312364,PF-BEHAVIORAL-EXPERIMENT,RISK-LOW,GG-PRACTICE-RUNTIME-PROJECTION-2.0,false,pending,SP-STRUCTURED-EVIDENCE-ELIGIBLE,accepted_and_activated,active,blocked,not_applicable,L03;L04;L34;L36,L03;L04;L34;L36,accessibility_review_status:pending;content_review_status:pending;last_reviewed:missing;originality_review_status:pending;research_gap:RG-M6A-001:open;research_review_status:internal_sources_only_external_review_required;safety_review_status:pending;sources:incomplete
03.06,Surrender and limits of control,03,"Spirituality, Religion, Ritual, and Transcendence",draft,PRACTICE-COMP-0306-SURRENDER-AND-LIMITS-OF-CONTROL-01,0.2.0,data/practices/protocols/03/PRACTICE-COMP-0306-SURRENDER-AND-LIMITS-OF-CONTROL-01.yaml,bce0d08e1d82c2d4a254ca8d1be064a7bf4f5e76b39e0401870439a80997a383,PF-BEHAVIORAL-EXPERIMENT,RISK-LOW,GG-PRACTICE-RUNTIME-PROJECTION-2.0,false,pending,SP-STRUCTURED-EVIDENCE-ELIGIBLE,accepted_and_activated,active,blocked,not_applicable,L03;L04;L11,L03;L04;L11,accessibility_review_status:pending;content_review_status:pending;last_reviewed:missing;originality_review_status:pending;research_gap:RG-M6A-001:open;research_review_status:internal_sources_only_external_review_required;safety_review_status:pending;sources:incomplete
03.07,Religious and spiritual community,03,"Spirituality, Religion, Ritual, and Transcendence",draft,PRACTICE-COMP-0307-RELIGIOUS-AND-SPIRITUAL-COMMUNITY-01,0.2.0,data/practices/protocols/03/PRACTICE-COMP-0307-RELIGIOUS-AND-SPIRITUAL-COMMUNITY-01.yaml,27257592d57c0b522d01f33f33391532172a4f972253bf1290545c152ff01238,PF-COMMUNITY-CONTRIBUTION,RISK-HIGH,GG-PRACTICE-RUNTIME-PROJECTION-2.0,false,pending_specialist_expansion_review,SP-STRUCTURED-EVIDENCE-ELIGIBLE,accepted_and_activated,active,blocked,not_applicable,L03;L26;L30,L03;L26;L30,accessibility_review_status:pending;content_review_status:pending;last_reviewed:missing;originality_review_status:pending;research_gap:RG-M6A-001:open;research_review_status:internal_sources_only_external_review_required;safety_review_status:pending_specialist_expansion_review;sources:incomplete;specialist_review:missing
03.08,Vocation and service beyond self,03,"Spirituality, Religion, Ritual, and Transcendence",draft,PRACTICE-COMP-0308-VOCATION-AND-SERVICE-BEYOND-SELF-01,0.2.0,data/practices/protocols/03/PRACTICE-COMP-0308-VOCATION-AND-SERVICE-BEYOND-SELF-01.yaml,67bc68390f8121a886ce201650bea77b705b40fb3f6794f5b5cff7b14b6677af,PF-COMMUNITY-CONTRIBUTION,RISK-LOW,GG-PRACTICE-RUNTIME-PROJECTION-2.0,false,pending,SP-STRUCTURED-EVIDENCE-ELIGIBLE,accepted_and_activated,active,blocked,not_applicable,L01;L03;L30;L32,L01;L03;L30;L32,accessibility_review_status:pending;content_review_status:pending;last_reviewed:missing;originality_review_status:pending;research_gap:RG-M6A-001:open;research_review_status:internal_sources_only_external_review_required;safety_review_status:pending;sources:incomplete
03.09,"Ritual, remembrance, and sacred time",03,"Spirituality, Religion, Ritual, and Transcendence",draft,PRACTICE-COMP-0309-RITUAL-REMEMBRANCE-AND-SACRED-TIME-01,0.2.0,data/practices/protocols/03/PRACTICE-COMP-0309-RITUAL-REMEMBRANCE-AND-SACRED-TIME-01.yaml,62ce3d0fe0426eb3d2394134bdd45ae88a3321c2f926ae58dd43d353dd043927,PF-CONTEMPLATIVE-MEANING,RISK-HIGH,GG-PRACTICE-RUNTIME-PROJECTION-2.0,false,pending_specialist_expansion_review,SP-STRUCTURED-EVIDENCE-ELIGIBLE,accepted_and_activated,active,blocked,not_applicable,L03;L26;L34;L36,L03;L26;L34;L36,accessibility_review_status:pending;content_review_status:pending;last_reviewed:missing;originality_review_status:pending;research_gap:RG-M6A-001:open;research_review_status:internal_sources_only_external_review_required;safety_review_status:pending_specialist_expansion_review;sources:incomplete;specialist_review:missing
03.10,"Communal worship, liturgy, and shared sacred practice",03,"Spirituality, Religion, Ritual, and Transcendence",draft,PRACTICE-COMP-0310-COMMUNAL-WORSHIP-LITURGY-AND-SHARED-SACRED-PRACTICE-01,0.2.0,data/practices/protocols/03/PRACTICE-COMP-0310-COMMUNAL-WORSHIP-LITURGY-AND-SHARED-SACRED-PRACTICE-01.yaml,a478106731a18be02a0effc46c8e930a202884291fba1b45987cb765ee7db3ff,PF-COMMUNITY-CONTRIBUTION,RISK-LOW,GG-PRACTICE-RUNTIME-PROJECTION-2.0,false,pending,SP-STRUCTURED-EVIDENCE-ELIGIBLE,accepted_and_activated,active,blocked,not_applicable,L03;L16;L26,L03;L16;L26,accessibility_review_status:pending;content_review_status:pending;last_reviewed:missing;originality_review_status:pending;research_gap:RG-M6A-001:open;research_review_status:internal_sources_only_external_review_required;safety_review_status:pending;sources:incomplete
03.11,"Authority, tradition, conscience, and reform",03,"Spirituality, Religion, Ritual, and Transcendence",draft,PRACTICE-COMP-0311-AUTHORITY-TRADITION-CONSCIENCE-AND-REFORM-01,0.2.0,data/practices/protocols/03/PRACTICE-COMP-0311-AUTHORITY-TRADITION-CONSCIENCE-AND-REFORM-01.yaml,71a589a16272bbe7c092a403b38e514f3264090f9bbe1e3203bc75eb6b4bc68a,PF-KNOWLEDGE-APPLICATION,RISK-HIGH,GG-PRACTICE-RUNTIME-PROJECTION-2.0,false,pending_specialist_expansion_review,SP-STRUCTURED-EVIDENCE-ELIGIBLE,accepted_and_activated,active,blocked,not_applicable,L02;L03;L13;L31,L02;L03;L13;L31,accessibility_review_status:pending;content_review_status:pending;last_reviewed:missing;originality_review_status:pending;research_gap:RG-M6A-001:open;research_review_status:internal_sources_only_external_review_required;safety_review_status:pending_specialist_expansion_review;sources:incomplete;specialist_review:missing
03.12,Religious pluralism and interfaith humility,03,"Spirituality, Religion, Ritual, and Transcendence",draft,PRACTICE-COMP-0312-RELIGIOUS-PLURALISM-AND-INTERFAITH-HUMILITY-01,0.2.0,data/practices/protocols/03/PRACTICE-COMP-0312-RELIGIOUS-PLURALISM-AND-INTERFAITH-HUMILITY-01.yaml,926881cebd935d1cef80e8d7e04d311a8e8582b34f0105ba10cef11490b216d6,PF-RELATIONAL-CONVERSATION,RISK-LOW,GG-PRACTICE-RUNTIME-PROJECTION-2.0,false,pending,SP-STRUCTURED-EVIDENCE-ELIGIBLE,accepted_and_activated,active,blocked,not_applicable,L03;L05;L24;L31,L03;L05;L24;L31,accessibility_review_status:pending;content_review_status:pending;last_reviewed:missing;originality_review_status:pending;research_gap:RG-M6A-001:open;research_review_status:internal_sources_only_external_review_required;safety_review_status:pending;sources:incomplete
03.13,"Mystical, ecstatic, and peak experience",03,"Spirituality, Religion, Ritual, and Transcendence",draft,PRACTICE-COMP-0313-MYSTICAL-ECSTATIC-AND-PEAK-EXPERIENCE-01,0.2.0,data/practices/protocols/03/PRACTICE-COMP-0313-MYSTICAL-ECSTATIC-AND-PEAK-EXPERIENCE-01.yaml,2a566395ac7345be1a2d8db14cae7ce2c9d3d3d907f81cd2af49d4530349fd4d,PF-LONGITUDINAL-REVIEW,RISK-LOW,GG-PRACTICE-RUNTIME-PROJECTION-2.0,false,pending,SP-STRUCTURED-EVIDENCE-ELIGIBLE,accepted_and_activated,active,blocked,not_applicable,L03;L04;L16;L35,L03;L04;L16;L35,accessibility_review_status:pending;content_review_status:pending;last_reviewed:missing;originality_review_status:pending;research_gap:RG-M6A-001:open;research_review_status:internal_sources_only_external_review_required;safety_review_status:pending;sources:incomplete
04.01,"Suffering, evil, and lament",04,"Mortality, Suffering, Tragedy, and Hope",draft,PRACTICE-COMP-0401-SUFFERING-EVIL-AND-LAMENT-01,0.2.0,data/practices/protocols/04/PRACTICE-COMP-0401-SUFFERING-EVIL-AND-LAMENT-01.yaml,49a2cb420586885909f714350dbaec9bbda5103b59f196bc8b3940c1cec38ecc,PF-CONTEMPLATIVE-MEANING,RISK-MODERATE,GG-PRACTICE-RUNTIME-PROJECTION-2.0,false,pending,SP-STRUCTURED-EVIDENCE-ELIGIBLE,accepted_and_activated,active,blocked,not_applicable,L03;L04;L06,L03;L04;L06,accessibility_review_status:pending;content_review_status:pending;last_reviewed:missing;originality_review_status:pending;research_gap:RG-M6A-001:open;research_review_status:internal_sources_only_external_review_required;safety_review_status:pending;sources:incomplete;specialist_review:missing
04.02,Mortality and impermanence,04,"Mortality, Suffering, Tragedy, and Hope",draft,PRACTICE-COMP-0402-MORTALITY-AND-IMPERMANENCE-01,0.2.0,data/practices/protocols/04/PRACTICE-COMP-0402-MORTALITY-AND-IMPERMANENCE-01.yaml,6a1c70683ef984be533f6001e4f5ede3ca63b6943c9d8c0661f65214d93eb3ec,PF-BEHAVIORAL-EXPERIMENT,RISK-HIGH,GG-PRACTICE-RUNTIME-PROJECTION-2.0,false,pending_specialist_expansion_review,SP-STRUCTURED-EVIDENCE-ELIGIBLE,accepted_and_activated,active,blocked,not_applicable,L03;L04;L36,L03;L04;L36,accessibility_review_status:pending;content_review_status:pending;last_reviewed:missing;originality_review_status:pending;research_gap:RG-M6A-001:open;research_review_status:internal_sources_only_external_review_required;safety_review_status:pending_specialist_expansion_review;sources:incomplete;specialist_review:missing
04.03,Tragic knowledge and the limits of control,04,"Mortality, Suffering, Tragedy, and Hope",draft,PRACTICE-COMP-0403-TRAGIC-KNOWLEDGE-AND-THE-LIMITS-OF-CONTROL-01,0.2.0,data/practices/protocols/04/PRACTICE-COMP-0403-TRAGIC-KNOWLEDGE-AND-THE-LIMITS-OF-CONTROL-01.yaml,fca83a5e015cb3eb71a9e19e2ab8f6803053b2881200b585cd4551deb55e9c36,PF-KNOWLEDGE-APPLICATION,RISK-MODERATE,GG-PRACTICE-RUNTIME-PROJECTION-2.0,false,pending,SP-STRUCTURED-EVIDENCE-ELIGIBLE,accepted_and_activated,active,blocked,not_applicable,L04;L11;L14,L04;L11;L14,accessibility_review_status:pending;content_review_status:pending;last_reviewed:missing;originality_review_status:pending;research_gap:RG-M6A-001:open;research_review_status:internal_sources_only_external_review_required;safety_review_status:pending;sources:incomplete;specialist_review:missing
04.04,Meaning after catastrophic loss,04,"Mortality, Suffering, Tragedy, and Hope",draft,PRACTICE-COMP-0404-MEANING-AFTER-CATASTROPHIC-LOSS-01,0.2.0,data/practices/protocols/04/PRACTICE-COMP-0404-MEANING-AFTER-CATASTROPHIC-LOSS-01.yaml,86a1e99f01c8b11bf0eb0fbefd6006b60b2426c76b109b55bdd1416c261ad6b6,PF-ARTIFACT-PLAN,RISK-HIGH,GG-PRACTICE-RUNTIME-PROJECTION-2.0,false,pending_specialist_expansion_review,SP-STRUCTURED-EVIDENCE-ELIGIBLE,accepted_and_activated,active,blocked,not_applicable,L01;L04;L07,L01;L04;L07,accessibility_review_status:pending;content_review_status:pending;last_reviewed:missing;originality_review_status:pending;research_gap:RG-M6A-001:open;research_review_status:internal_sources_only_external_review_required;safety_review_status:pending_specialist_expansion_review;sources:incomplete;specialist_review:missing
04.05,"Absurdity, existential anxiety, and meaninglessness",04,"Mortality, Suffering, Tragedy, and Hope",draft,PRACTICE-COMP-0405-ABSURDITY-EXISTENTIAL-ANXIETY-AND-MEANINGLESSNESS-01,0.2.0,data/practices/protocols/04/PRACTICE-COMP-0405-ABSURDITY-EXISTENTIAL-ANXIETY-AND-MEANINGLESSNESS-01.yaml,1a7291a694cd98fbaa98dd73eb7048166718ac4deccf92a4257b7d75a0aa097c,PF-BEHAVIORAL-EXPERIMENT,RISK-MODERATE,GG-PRACTICE-RUNTIME-PROJECTION-2.0,false,pending,SP-STRUCTURED-EVIDENCE-ELIGIBLE,accepted_and_activated,active,blocked,not_applicable,L01;L04;L07,L01;L04;L07,accessibility_review_status:pending;content_review_status:pending;last_reviewed:missing;originality_review_status:pending;research_gap:RG-M6A-001:open;research_review_status:internal_sources_only_external_review_required;safety_review_status:pending;sources:incomplete;specialist_review:missing
04.06,Endurance without self-optimization,04,"Mortality, Suffering, Tragedy, and Hope",draft,PRACTICE-COMP-0406-ENDURANCE-WITHOUT-SELF-OPTIMIZATION-01,0.2.0,data/practices/protocols/04/PRACTICE-COMP-0406-ENDURANCE-WITHOUT-SELF-OPTIMIZATION-01.yaml,6393fb332f33f9ae1e0938030febe81dea9b265df3b7dc2afbe67148df6cbf6a,PF-LONGITUDINAL-REVIEW,RISK-MODERATE,GG-PRACTICE-RUNTIME-PROJECTION-2.0,false,pending,SP-STRUCTURED-EVIDENCE-ELIGIBLE,accepted_and_activated,active,blocked,not_applicable,L04;L05;L07;L34,L04;L05;L07;L34,accessibility_review_status:pending;content_review_status:pending;last_reviewed:missing;originality_review_status:pending;research_gap:RG-M6A-001:open;research_review_status:internal_sources_only_external_review_required;safety_review_status:pending;sources:incomplete;specialist_review:missing
04.07,Moral injury and compromised action,04,"Mortality, Suffering, Tragedy, and Hope",draft,PRACTICE-COMP-0407-MORAL-INJURY-AND-COMPROMISED-ACTION-01,0.2.0,data/practices/protocols/04/PRACTICE-COMP-0407-MORAL-INJURY-AND-COMPROMISED-ACTION-01.yaml,5b7a25ccb2470f88970e6fa94b64250d4664ecffd8f0296a27af0d229ec712c3,PF-QUALIFIED-CONSULTATION,RISK-HIGH,GG-PRACTICE-RUNTIME-PROJECTION-2.0,false,pending_specialist_expansion_review,SP-STRUCTURED-EVIDENCE-ELIGIBLE,accepted_and_activated,active,blocked,not_applicable,L02;L04;L07;L29,L02;L04;L07;L29,accessibility_review_status:pending;content_review_status:pending;last_reviewed:missing;originality_review_status:pending;research_gap:RG-M6A-001:open;research_review_status:internal_sources_only_external_review_required;safety_review_status:pending_specialist_expansion_review;sources:incomplete;specialist_review:missing
04.08,"Dying, end-of-life choices, and accompaniment",04,"Mortality, Suffering, Tragedy, and Hope",draft,PRACTICE-COMP-0408-DYING-END-OF-LIFE-CHOICES-AND-ACCOMPANIMENT-01,0.2.0,data/practices/protocols/04/PRACTICE-COMP-0408-DYING-END-OF-LIFE-CHOICES-AND-ACCOMPANIMENT-01.yaml,19ec42738fef863941c228f2bf74c0ed1da56e3e619754f2fff38f36e4145bf0,PF-QUALIFIED-CONSULTATION,RISK-HIGH,GG-PRACTICE-RUNTIME-PROJECTION-2.0,false,pending_specialist_expansion_review,SP-STRUCTURED-EVIDENCE-ELIGIBLE,accepted_and_activated,active,blocked,not_applicable,L03;L04;L23;L28,L03;L04;L23;L28,accessibility_review_status:pending;content_review_status:pending;last_reviewed:missing;originality_review_status:pending;research_gap:RG-M6A-001:open;research_review_status:internal_sources_only_external_review_required;safety_review_status:pending_specialist_expansion_review;sources:incomplete;specialist_review:missing
04.09,Hope without denial,04,"Mortality, Suffering, Tragedy, and Hope",draft,PRACTICE-COMP-0409-HOPE-WITHOUT-DENIAL-01,0.2.0,data/practices/protocols/04/PRACTICE-COMP-0409-HOPE-WITHOUT-DENIAL-01.yaml,b3241c9917d07afe16a2d6fb1d10d1ad790f4db5218ecaad29eb63e040d1c697,PF-BEHAVIORAL-EXPERIMENT,RISK-HIGH,GG-PRACTICE-RUNTIME-PROJECTION-2.0,false,pending_specialist_expansion_review,SP-STRUCTURED-EVIDENCE-ELIGIBLE,accepted_and_activated,active,blocked,not_applicable,L04;L07;L13,L04;L07;L13,accessibility_review_status:pending;content_review_status:pending;last_reviewed:missing;originality_review_status:pending;research_gap:RG-M6A-001:open;research_review_status:internal_sources_only_external_review_required;safety_review_status:pending_specialist_expansion_review;sources:incomplete;specialist_review:missing
04.10,"Irreversibility, remorse, and living after the unfixable",04,"Mortality, Suffering, Tragedy, and Hope",draft,PRACTICE-COMP-0410-IRREVERSIBILITY-REMORSE-AND-LIVING-AFTER-THE-UNFIXABLE-01,0.2.0,data/practices/protocols/04/PRACTICE-COMP-0410-IRREVERSIBILITY-REMORSE-AND-LIVING-AFTER-THE-UNFIXABLE-01.yaml,a789a744d661b7115609505aae027c53bfb282d763ce3faa0c00923d56b1a015,PF-LONGITUDINAL-REVIEW,RISK-MODERATE,GG-PRACTICE-RUNTIME-PROJECTION-2.0,false,pending,SP-STRUCTURED-EVIDENCE-ELIGIBLE,accepted_and_activated,active,blocked,not_applicable,L02;L04;L07;L29,L02;L04;L07;L29,accessibility_review_status:pending;content_review_status:pending;last_reviewed:missing;originality_review_status:pending;research_gap:RG-M6A-001:open;research_review_status:internal_sources_only_external_review_required;safety_review_status:pending;sources:incomplete;specialist_review:missing
05.01,An honest personal inventory,05,"Self-Knowledge, Identity, and Humility",draft,PRACTICE-COMP-0501-AN-HONEST-PERSONAL-INVENTORY-01,0.2.0,data/practices/protocols/05/PRACTICE-COMP-0501-AN-HONEST-PERSONAL-INVENTORY-01.yaml,117844a3b3728a55b8812eee184530e62d87d092f3aaf133667f27f49119d74b,PF-AUDIT-REDESIGN,RISK-LOW,GG-PRACTICE-RUNTIME-PROJECTION-2.0,false,pending,SP-STRUCTURED-EVIDENCE-ELIGIBLE,accepted_and_activated,active,blocked,not_applicable,L05;L13;L36,L05;L13;L36,accessibility_review_status:pending;content_review_status:pending;last_reviewed:missing;originality_review_status:pending;research_gap:RG-M6A-001:open;research_review_status:internal_sources_only_external_review_required;safety_review_status:pending;sources:incomplete
05.02,Narrative identity,05,"Self-Knowledge, Identity, and Humility",draft,PRACTICE-COMP-0502-NARRATIVE-IDENTITY-01,0.2.0,data/practices/protocols/05/PRACTICE-COMP-0502-NARRATIVE-IDENTITY-01.yaml,b4018b1934c1d72742532882b27c48086d8d26ddc132a8ed2dd0fbe0020c45da,PF-LONGITUDINAL-REVIEW,RISK-LOW,GG-PRACTICE-RUNTIME-PROJECTION-2.0,false,pending,SP-STRUCTURED-EVIDENCE-ELIGIBLE,accepted_and_activated,active,blocked,not_applicable,L01;L05;L16,L01;L05;L16,accessibility_review_status:pending;content_review_status:pending;last_reviewed:missing;originality_review_status:pending;research_gap:RG-M6A-001:open;research_review_status:internal_sources_only_external_review_required;safety_review_status:pending;sources:incomplete
05.03,"Strengths, limitations, and fit",05,"Self-Knowledge, Identity, and Humility",draft,PRACTICE-COMP-0503-STRENGTHS-LIMITATIONS-AND-FIT-01,0.2.0,data/practices/protocols/05/PRACTICE-COMP-0503-STRENGTHS-LIMITATIONS-AND-FIT-01.yaml,89ba9e8b76cf61006096885301377f078c93171a137dbd7f98266d7599841993,PF-BEHAVIORAL-EXPERIMENT,RISK-LOW,GG-PRACTICE-RUNTIME-PROJECTION-2.0,false,pending,SP-STRUCTURED-EVIDENCE-ELIGIBLE,accepted_and_activated,active,blocked,not_applicable,L05;L32;L36,L05;L32;L36,accessibility_review_status:pending;content_review_status:pending;last_reviewed:missing;originality_review_status:pending;research_gap:RG-M6A-001:open;research_review_status:internal_sources_only_external_review_required;safety_review_status:pending;sources:incomplete
05.04,Personality as hypothesis,05,"Self-Knowledge, Identity, and Humility",draft,PRACTICE-COMP-0504-PERSONALITY-AS-HYPOTHESIS-01,0.2.0,data/practices/protocols/05/PRACTICE-COMP-0504-PERSONALITY-AS-HYPOTHESIS-01.yaml,0c314a4af7dd6001f2e3ab9bc6ef46b771d50d8f4359709b889eb6afa236b54e,PF-BEHAVIORAL-EXPERIMENT,RISK-LOW,GG-PRACTICE-RUNTIME-PROJECTION-2.0,false,pending,SP-STRUCTURED-EVIDENCE-ELIGIBLE,accepted_and_activated,active,blocked,not_applicable,L05;L11;L13,L05;L11;L13,accessibility_review_status:pending;content_review_status:pending;last_reviewed:missing;originality_review_status:pending;research_gap:RG-M6A-001:open;research_review_status:internal_sources_only_external_review_required;safety_review_status:pending;sources:incomplete
05.05,Defenses and self-deception,05,"Self-Knowledge, Identity, and Humility",draft,PRACTICE-COMP-0505-DEFENSES-AND-SELF-DECEPTION-01,0.2.0,data/practices/protocols/05/PRACTICE-COMP-0505-DEFENSES-AND-SELF-DECEPTION-01.yaml,6b8ab54d09351d8f672951ece7d7b0c604f6cf79c4db4c47b8fc81f63776e1f8,PF-BEHAVIORAL-EXPERIMENT,RISK-LOW,GG-PRACTICE-RUNTIME-PROJECTION-2.0,false,pending,SP-STRUCTURED-EVIDENCE-ELIGIBLE,accepted_and_activated,active,blocked,not_applicable,L05;L06;L13,L05;L06;L13,accessibility_review_status:pending;content_review_status:pending;last_reviewed:missing;originality_review_status:pending;research_gap:RG-M6A-001:open;research_review_status:internal_sources_only_external_review_required;safety_review_status:pending;sources:incomplete
05.06,Triggers and repeated patterns,05,"Self-Knowledge, Identity, and Humility",draft,PRACTICE-COMP-0506-TRIGGERS-AND-REPEATED-PATTERNS-01,0.2.0,data/practices/protocols/05/PRACTICE-COMP-0506-TRIGGERS-AND-REPEATED-PATTERNS-01.yaml,803f1545e9e3cfab3e4baf361cf83d6660083b6678a9c0e3722ee31afbfeb7c9,PF-BEHAVIORAL-EXPERIMENT,RISK-LOW,GG-PRACTICE-RUNTIME-PROJECTION-2.0,false,pending,SP-STRUCTURED-EVIDENCE-ELIGIBLE,accepted_and_activated,active,blocked,not_applicable,L05;L06;L07;L08,L05;L06;L07;L08,accessibility_review_status:pending;content_review_status:pending;last_reviewed:missing;originality_review_status:pending;research_gap:RG-M6A-001:open;research_review_status:internal_sources_only_external_review_required;safety_review_status:pending;sources:incomplete
05.07,Feedback and disconfirmation,05,"Self-Knowledge, Identity, and Humility",draft,PRACTICE-COMP-0507-FEEDBACK-AND-DISCONFIRMATION-01,0.2.0,data/practices/protocols/05/PRACTICE-COMP-0507-FEEDBACK-AND-DISCONFIRMATION-01.yaml,aaa4472a010e1cdfaaa26191b0adb415faf35a8b98ba9fb3e73f92e6fb5a1703,PF-RELATIONAL-CONVERSATION,RISK-LOW,GG-PRACTICE-RUNTIME-PROJECTION-2.0,false,pending,SP-STRUCTURED-EVIDENCE-ELIGIBLE,accepted_and_activated,active,blocked,not_applicable,L05;L13;L15;L23,L05;L13;L15;L23,accessibility_review_status:pending;content_review_status:pending;last_reviewed:missing;originality_review_status:pending;research_gap:RG-M6A-001:open;research_review_status:internal_sources_only_external_review_required;safety_review_status:pending;sources:incomplete
05.08,Self-worth beyond performance,05,"Self-Knowledge, Identity, and Humility",draft,PRACTICE-COMP-0508-SELF-WORTH-BEYOND-PERFORMANCE-01,0.2.0,data/practices/protocols/05/PRACTICE-COMP-0508-SELF-WORTH-BEYOND-PERFORMANCE-01.yaml,7647a42aec050db2f272bac77b2569c945d7bea97835b1974f550c0e84dfeaf2,PF-BEHAVIORAL-EXPERIMENT,RISK-LOW,GG-PRACTICE-RUNTIME-PROJECTION-2.0,false,pending,SP-STRUCTURED-EVIDENCE-ELIGIBLE,accepted_and_activated,active,blocked,not_applicable,L01;L05;L07,L01;L05;L07,accessibility_review_status:pending;content_review_status:pending;last_reviewed:missing;originality_review_status:pending;research_gap:RG-M6A-001:open;research_review_status:internal_sources_only_external_review_required;safety_review_status:pending;sources:incomplete
05.09,Integration of conflicting parts,05,"Self-Knowledge, Identity, and Humility",draft,PRACTICE-COMP-0509-INTEGRATION-OF-CONFLICTING-PARTS-01,0.2.0,data/practices/protocols/05/PRACTICE-COMP-0509-INTEGRATION-OF-CONFLICTING-PARTS-01.yaml,5b4a25395cae037c23df51425842c8375c44f3fa50964e32d020912abaa5e5fd,PF-BEHAVIORAL-EXPERIMENT,RISK-LOW,GG-PRACTICE-RUNTIME-PROJECTION-2.0,false,pending,SP-STRUCTURED-EVIDENCE-ELIGIBLE,accepted_and_activated,active,blocked,not_applicable,L05;L06;L07,L05;L06;L07,accessibility_review_status:pending;content_review_status:pending;last_reviewed:missing;originality_review_status:pending;research_gap:RG-M6A-001:open;research_review_status:internal_sources_only_external_review_required;safety_review_status:pending;sources:incomplete
05.10,Humility and proportionate self-regard,05,"Self-Knowledge, Identity, and Humility",draft,PRACTICE-COMP-0510-HUMILITY-AND-PROPORTIONATE-SELF-REGARD-01,0.2.0,data/practices/protocols/05/PRACTICE-COMP-0510-HUMILITY-AND-PROPORTIONATE-SELF-REGARD-01.yaml,e2a48989b7feb1e3cb76a0fe353ed9e7b3f95845780119efc9d2121a7b54d5af,PF-BEHAVIORAL-EXPERIMENT,RISK-LOW,GG-PRACTICE-RUNTIME-PROJECTION-2.0,false,pending,SP-STRUCTURED-EVIDENCE-ELIGIBLE,accepted_and_activated,active,blocked,not_applicable,L02;L05;L13;L24,L02;L05;L13;L24,accessibility_review_status:pending;content_review_status:pending;last_reviewed:missing;originality_review_status:pending;research_gap:RG-M6A-001:open;research_review_status:internal_sources_only_external_review_required;safety_review_status:pending;sources:incomplete
05.11,Embodied and socially situated identity,05,"Self-Knowledge, Identity, and Humility",draft,PRACTICE-COMP-0511-EMBODIED-AND-SOCIALLY-SITUATED-IDENTITY-01,0.2.0,data/practices/protocols/05/PRACTICE-COMP-0511-EMBODIED-AND-SOCIALLY-SITUATED-IDENTITY-01.yaml,eeaadc268f0a1cae13ec64972041ed3b4e83c53a54ebc108a3e72dda0e05f56c,PF-KNOWLEDGE-APPLICATION,RISK-LOW,GG-PRACTICE-RUNTIME-PROJECTION-2.0,false,pending,SP-STRUCTURED-EVIDENCE-ELIGIBLE,accepted_and_activated,active,blocked,not_applicable,L05;L17;L24;L31,L05;L17;L24;L31,accessibility_review_status:pending;content_review_status:pending;last_reviewed:missing;originality_review_status:pending;research_gap:RG-M6A-001:open;research_review_status:internal_sources_only_external_review_required;safety_review_status:pending;sources:incomplete
05.12,Cultural self-location and inherited assumptions,05,"Self-Knowledge, Identity, and Humility",draft,PRACTICE-COMP-0512-CULTURAL-SELF-LOCATION-AND-INHERITED-ASSUMPTIONS-01,0.2.0,data/practices/protocols/05/PRACTICE-COMP-0512-CULTURAL-SELF-LOCATION-AND-INHERITED-ASSUMPTIONS-01.yaml,26c9bdfe7222001cfd8d1863cbe05f1027ae52f0b37f153c130a3e387daac389,PF-KNOWLEDGE-APPLICATION,RISK-LOW,GG-PRACTICE-RUNTIME-PROJECTION-2.0,false,pending,SP-STRUCTURED-EVIDENCE-ELIGIBLE,accepted_and_activated,active,blocked,not_applicable,L05;L13;L24;L31,L05;L13;L24;L31,accessibility_review_status:pending;content_review_status:pending;last_reviewed:missing;originality_review_status:pending;research_gap:RG-M6A-001:open;research_review_status:internal_sources_only_external_review_required;safety_review_status:pending;sources:incomplete
06.01,Vulnerability as a human condition,06,"Vulnerability, Trauma, Disability, Neurodiversity, and Dependency",draft,PRACTICE-COMP-0601-VULNERABILITY-AS-A-HUMAN-CONDITION-01,0.2.0,data/practices/protocols/06/PRACTICE-COMP-0601-VULNERABILITY-AS-A-HUMAN-CONDITION-01.yaml,d9a1840a380310dd26941c5f5f9bcc298155e9822a00f582998b7e8a9b455ee0,PF-RELATIONAL-CONVERSATION,RISK-HIGH,GG-PRACTICE-RUNTIME-PROJECTION-2.0,false,pending_specialist_expansion_review,SP-STRUCTURED-EVIDENCE-ELIGIBLE,accepted_and_activated,active,blocked,not_applicable,L04;L05;L07;L24;L28,L04;L05;L07;L24;L28,accessibility_review_status:pending;content_review_status:pending;last_reviewed:missing;originality_review_status:pending;research_gap:RG-M6A-001:open;research_review_status:internal_sources_only_external_review_required;safety_review_status:pending_specialist_expansion_review;sources:incomplete;specialist_review:missing
06.02,Trauma and post-traumatic stress literacy,06,"Vulnerability, Trauma, Disability, Neurodiversity, and Dependency",draft,PRACTICE-COMP-0602-TRAUMA-AND-POST-TRAUMATIC-STRESS-LITERACY-01,0.2.0,data/practices/protocols/06/PRACTICE-COMP-0602-TRAUMA-AND-POST-TRAUMATIC-STRESS-LITERACY-01.yaml,84ed793fb48bbbe2d4e55cef7eece1f8b194695210eeb7b2dd4d4a1fdb5aeb8e,PF-QUALIFIED-CONSULTATION,RISK-HIGH,GG-PRACTICE-RUNTIME-PROJECTION-2.0,false,pending_specialist_expansion_review,SP-STRUCTURED-EVIDENCE-ELIGIBLE,accepted_and_activated,active,blocked,not_applicable,L07;L13;L17;L20;L28,L07;L13;L17;L20;L28,accessibility_review_status:pending;content_review_status:pending;last_reviewed:missing;originality_review_status:pending;research_gap:RG-M6A-001:open;research_review_status:internal_sources_only_external_review_required;safety_review_status:pending_specialist_expansion_review;sources:incomplete;specialist_review:missing
06.03,Recovery after violation and betrayal,06,"Vulnerability, Trauma, Disability, Neurodiversity, and Dependency",draft,PRACTICE-COMP-0603-RECOVERY-AFTER-VIOLATION-AND-BETRAYAL-01,0.2.0,data/practices/protocols/06/PRACTICE-COMP-0603-RECOVERY-AFTER-VIOLATION-AND-BETRAYAL-01.yaml,31ecea06e7978670b4f871beffbb74fa60e9da6742f5f21dc5cd78793ff94f4a,PF-SAFETY-PREPARATION,RISK-HIGH,GG-PRACTICE-RUNTIME-PROJECTION-2.0,false,pending_specialist_expansion_review,SP-STRUCTURED-EVIDENCE-ELIGIBLE,accepted_and_activated,active,blocked,not_applicable,L07;L24;L25;L29,L07;L24;L25;L29,accessibility_review_status:pending;content_review_status:pending;last_reviewed:missing;originality_review_status:pending;research_gap:RG-M6A-001:open;research_review_status:internal_sources_only_external_review_required;safety_review_status:pending_specialist_expansion_review;sources:incomplete;specialist_review:missing
06.04,Chronic illness adaptation,06,"Vulnerability, Trauma, Disability, Neurodiversity, and Dependency",draft,PRACTICE-COMP-0604-CHRONIC-ILLNESS-ADAPTATION-01,0.2.0,data/practices/protocols/06/PRACTICE-COMP-0604-CHRONIC-ILLNESS-ADAPTATION-01.yaml,f04a6137076bf78a6b15d930880e34e9899019456882c56d2450db791873d742,PF-ARTIFACT-PLAN,RISK-HIGH,GG-PRACTICE-RUNTIME-PROJECTION-2.0,false,pending_specialist_expansion_review,SP-STRUCTURED-EVIDENCE-ELIGIBLE,accepted_and_activated,active,blocked,not_applicable,L07;L11;L17;L36,L07;L11;L17;L36,accessibility_review_status:pending;content_review_status:pending;last_reviewed:missing;originality_review_status:pending;research_gap:RG-M6A-001:open;research_review_status:internal_sources_only_external_review_required;safety_review_status:pending_specialist_expansion_review;sources:incomplete;specialist_review:missing
06.05,Chronic pain and pain-related functioning,06,"Vulnerability, Trauma, Disability, Neurodiversity, and Dependency",draft,PRACTICE-COMP-0605-CHRONIC-PAIN-AND-PAIN-RELATED-FUNCTIONING-01,0.2.0,data/practices/protocols/06/PRACTICE-COMP-0605-CHRONIC-PAIN-AND-PAIN-RELATED-FUNCTIONING-01.yaml,213519b171609bf03214e7024eb1b7eeeec30d7e1c4239663f6568adf4c469e0,PF-QUALIFIED-CONSULTATION,RISK-HIGH,GG-PRACTICE-RUNTIME-PROJECTION-2.0,false,pending_specialist_expansion_review,SP-STRUCTURED-EVIDENCE-ELIGIBLE,accepted_and_activated,active,blocked,not_applicable,L07;L11;L17;L36,L07;L11;L17;L36,accessibility_review_status:pending;content_review_status:pending;last_reviewed:missing;originality_review_status:pending;research_gap:RG-M6A-001:open;research_review_status:internal_sources_only_external_review_required;safety_review_status:pending_specialist_expansion_review;sources:incomplete;specialist_review:missing
06.06,"Disability identity, access, and adaptive excellence",06,"Vulnerability, Trauma, Disability, Neurodiversity, and Dependency",draft,PRACTICE-COMP-0606-DISABILITY-IDENTITY-ACCESS-AND-ADAPTIVE-EXCELLENCE-01,0.2.0,data/practices/protocols/06/PRACTICE-COMP-0606-DISABILITY-IDENTITY-ACCESS-AND-ADAPTIVE-EXCELLENCE-01.yaml,7abac7a2f785a5c2d99179ad3f819967925894110977d6481566dcc7b1fd2003,PF-AUDIT-REDESIGN,RISK-HIGH,GG-PRACTICE-RUNTIME-PROJECTION-2.0,false,pending_specialist_expansion_review,SP-STRUCTURED-EVIDENCE-ELIGIBLE,accepted_and_activated,active,blocked,not_applicable,L05;L11;L17;L31;L36,L05;L11;L17;L31;L36,accessibility_review_status:pending;content_review_status:pending;last_reviewed:missing;originality_review_status:pending;research_gap:RG-M6A-001:open;research_review_status:internal_sources_only_external_review_required;safety_review_status:pending_specialist_expansion_review;sources:incomplete;specialist_review:missing
06.07,Neurodiversity and cognitive variation,06,"Vulnerability, Trauma, Disability, Neurodiversity, and Dependency",draft,PRACTICE-COMP-0607-NEURODIVERSITY-AND-COGNITIVE-VARIATION-01,0.2.0,data/practices/protocols/06/PRACTICE-COMP-0607-NEURODIVERSITY-AND-COGNITIVE-VARIATION-01.yaml,28febd8a7aaeb9d4c741cabee6aeb0464b2cb43c0d8cc2bbb4650fcf4af74ebf,PF-BEHAVIORAL-EXPERIMENT,RISK-HIGH,GG-PRACTICE-RUNTIME-PROJECTION-2.0,false,pending_specialist_expansion_review,SP-STRUCTURED-EVIDENCE-ELIGIBLE,accepted_and_activated,active,blocked,not_applicable,L05;L11;L13;L15;L31,L05;L11;L13;L15;L31,accessibility_review_status:pending;content_review_status:pending;last_reviewed:missing;originality_review_status:pending;research_gap:RG-M6A-001:open;research_review_status:internal_sources_only_external_review_required;safety_review_status:pending_specialist_expansion_review;sources:incomplete;specialist_review:missing
06.08,Receiving care and seasons of reduced agency,06,"Vulnerability, Trauma, Disability, Neurodiversity, and Dependency",draft,PRACTICE-COMP-0608-RECEIVING-CARE-AND-SEASONS-OF-REDUCED-AGENCY-01,0.2.0,data/practices/protocols/06/PRACTICE-COMP-0608-RECEIVING-CARE-AND-SEASONS-OF-REDUCED-AGENCY-01.yaml,1d79743f017c75830e0514f098988e7be9626fbe599d076d22fbd7daab92d609,PF-RELATIONAL-CONVERSATION,RISK-HIGH,GG-PRACTICE-RUNTIME-PROJECTION-2.0,false,pending_specialist_expansion_review,SP-STRUCTURED-EVIDENCE-ELIGIBLE,accepted_and_activated,active,blocked,not_applicable,L04;L05;L28;L36,L04;L05;L28;L36,accessibility_review_status:pending;content_review_status:pending;last_reviewed:missing;originality_review_status:pending;research_gap:RG-M6A-001:open;research_review_status:internal_sources_only_external_review_required;safety_review_status:pending_specialist_expansion_review;sources:incomplete;specialist_review:missing
06.09,"Accommodation, assistive technology, and universal design",06,"Vulnerability, Trauma, Disability, Neurodiversity, and Dependency",draft,PRACTICE-COMP-0609-ACCOMMODATION-ASSISTIVE-TECHNOLOGY-AND-UNIVERSAL-DESIGN-01,0.2.0,data/practices/protocols/06/PRACTICE-COMP-0609-ACCOMMODATION-ASSISTIVE-TECHNOLOGY-AND-UNIVERSAL-DESIGN-01.yaml,e6ad7c9a85f9aa1c3a5de08f200f1ec431cbe1588c5e9aec1dedb4432464eca8,PF-AUDIT-REDESIGN,RISK-HIGH,GG-PRACTICE-RUNTIME-PROJECTION-2.0,false,pending_specialist_expansion_review,SP-STRUCTURED-EVIDENCE-ELIGIBLE,accepted_and_activated,active,blocked,not_applicable,L11;L17;L18;L19;L31,L11;L17;L18;L19;L31,accessibility_review_status:pending;content_review_status:pending;last_reviewed:missing;originality_review_status:pending;research_gap:RG-M6A-001:open;research_review_status:internal_sources_only_external_review_required;safety_review_status:pending_specialist_expansion_review;sources:incomplete;specialist_review:missing
06.10,Dignity under limitation and loss of role,06,"Vulnerability, Trauma, Disability, Neurodiversity, and Dependency",draft,PRACTICE-COMP-0610-DIGNITY-UNDER-LIMITATION-AND-LOSS-OF-ROLE-01,0.2.0,data/practices/protocols/06/PRACTICE-COMP-0610-DIGNITY-UNDER-LIMITATION-AND-LOSS-OF-ROLE-01.yaml,7b7e54aafaaaffcbe1fe891e545b5814199299a21ccf430d1d527722c2e05a43,PF-CONTEMPLATIVE-MEANING,RISK-HIGH,GG-PRACTICE-RUNTIME-PROJECTION-2.0,false,pending_specialist_expansion_review,SP-STRUCTURED-EVIDENCE-ELIGIBLE,accepted_and_activated,active,blocked,not_applicable,L01;L04;L05;L31,L01;L04;L05;L31,accessibility_review_status:pending;content_review_status:pending;last_reviewed:missing;originality_review_status:pending;research_gap:RG-M6A-001:open;research_review_status:internal_sources_only_external_review_required;safety_review_status:pending_specialist_expansion_review;sources:incomplete;specialist_review:missing
06.11,"Relapse, recurrence, and nonlinear recovery",06,"Vulnerability, Trauma, Disability, Neurodiversity, and Dependency",draft,PRACTICE-COMP-0611-RELAPSE-RECURRENCE-AND-NONLINEAR-RECOVERY-01,0.2.0,data/practices/protocols/06/PRACTICE-COMP-0611-RELAPSE-RECURRENCE-AND-NONLINEAR-RECOVERY-01.yaml,00870eaf868c8d096276e8fa2f711d1f35fc5a1a1f967b30d7bb073570b5dd71,PF-LONGITUDINAL-REVIEW,RISK-HIGH,GG-PRACTICE-RUNTIME-PROJECTION-2.0,false,pending_specialist_expansion_review,SP-STRUCTURED-EVIDENCE-ELIGIBLE,accepted_and_activated,active,blocked,not_applicable,L04;L07;L11;L36,L04;L07;L11;L36,accessibility_review_status:pending;content_review_status:pending;last_reviewed:missing;originality_review_status:pending;research_gap:RG-M6A-001:open;research_review_status:internal_sources_only_external_review_required;safety_review_status:pending_specialist_expansion_review;sources:incomplete;specialist_review:missing
06.12,Care-recipient agency and safeguarding,06,"Vulnerability, Trauma, Disability, Neurodiversity, and Dependency",draft,PRACTICE-COMP-0612-CARE-RECIPIENT-AGENCY-AND-SAFEGUARDING-01,0.2.0,data/practices/protocols/06/PRACTICE-COMP-0612-CARE-RECIPIENT-AGENCY-AND-SAFEGUARDING-01.yaml,06788167543fb09e96c5e09c473b9540601c75227946517483f7eae2ac4604b8,PF-SAFETY-PREPARATION,RISK-HIGH,GG-PRACTICE-RUNTIME-PROJECTION-2.0,false,pending_specialist_expansion_review,SP-STRUCTURED-EVIDENCE-ELIGIBLE,accepted_and_activated,active,blocked,not_applicable,L20;L25;L28;L31,L20;L25;L28;L31,accessibility_review_status:pending;content_review_status:pending;last_reviewed:missing;originality_review_status:pending;research_gap:RG-M6A-001:open;research_review_status:internal_sources_only_external_review_required;safety_review_status:pending_specialist_expansion_review;sources:incomplete;specialist_review:missing
06.13,"Ableism, stigma, and inclusive participation",06,"Vulnerability, Trauma, Disability, Neurodiversity, and Dependency",draft,PRACTICE-COMP-0613-ABLEISM-STIGMA-AND-INCLUSIVE-PARTICIPATION-01,0.2.0,data/practices/protocols/06/PRACTICE-COMP-0613-ABLEISM-STIGMA-AND-INCLUSIVE-PARTICIPATION-01.yaml,2349ba12d3506ae2deb00a807e0949d389bdb1a0078055973c81e492636a7710,PF-COMMUNITY-CONTRIBUTION,RISK-HIGH,GG-PRACTICE-RUNTIME-PROJECTION-2.0,false,pending_specialist_expansion_review,SP-STRUCTURED-EVIDENCE-ELIGIBLE,accepted_and_activated,active,blocked,not_applicable,L24;L25;L30;L31,L24;L25;L30;L31,accessibility_review_status:pending;content_review_status:pending;last_reviewed:missing;originality_review_status:pending;research_gap:RG-M6A-001:open;research_review_status:internal_sources_only_external_review_required;safety_review_status:pending_specialist_expansion_review;sources:incomplete;specialist_review:missing
06.14,Professional and emergency boundaries,06,"Vulnerability, Trauma, Disability, Neurodiversity, and Dependency",draft,PRACTICE-COMP-0614-PROFESSIONAL-AND-EMERGENCY-BOUNDARIES-01,0.2.0,data/practices/protocols/06/PRACTICE-COMP-0614-PROFESSIONAL-AND-EMERGENCY-BOUNDARIES-01.yaml,aac8d8b238fb163aebb0fc1d4c2ce96f4ffcdb85abe9618d589705ebc4231722,PF-SAFETY-PREPARATION,RISK-HIGH,GG-PRACTICE-RUNTIME-PROJECTION-2.0,false,pending_specialist_expansion_review,SP-STRUCTURED-EVIDENCE-ELIGIBLE,accepted_and_activated,active,blocked,not_applicable,L20;L25;L28;L32,L20;L25;L28;L32,accessibility_review_status:pending;content_review_status:pending;last_reviewed:missing;originality_review_status:pending;research_gap:RG-M6A-001:open;research_review_status:internal_sources_only_external_review_required;safety_review_status:pending_specialist_expansion_review;sources:incomplete;specialist_review:missing
07.01,Emotional vocabulary and differentiation,07,"Emotional Maturity, Resilience, and Mental Well-Being",draft,PRACTICE-COMP-0701-EMOTIONAL-VOCABULARY-AND-DIFFERENTIATION-01,0.2.0,data/practices/protocols/07/PRACTICE-COMP-0701-EMOTIONAL-VOCABULARY-AND-DIFFERENTIATION-01.yaml,ca74a99553ea9a1c9bfe4f44bc88b2ab10264d1f387003b9a0d41c85351f1c1f,PF-QUALIFIED-CONSULTATION,RISK-HIGH,GG-PRACTICE-RUNTIME-PROJECTION-2.0,false,pending_specialist_expansion_review,SP-STRUCTURED-EVIDENCE-ELIGIBLE,accepted_and_activated,active,blocked,not_applicable,L06;L23,L06;L23,accessibility_review_status:pending;content_review_status:pending;last_reviewed:missing;originality_review_status:pending;research_gap:RG-M6A-001:open;research_review_status:internal_sources_only_external_review_required;safety_review_status:pending_specialist_expansion_review;sources:incomplete;specialist_review:missing
07.02,Body-based emotional awareness,07,"Emotional Maturity, Resilience, and Mental Well-Being",draft,PRACTICE-COMP-0702-BODY-BASED-EMOTIONAL-AWARENESS-01,0.2.0,data/practices/protocols/07/PRACTICE-COMP-0702-BODY-BASED-EMOTIONAL-AWARENESS-01.yaml,adb629040cb7b485829527190b8eeaed31e3e15df6d46893bdae80631d4b3e6d,PF-QUALIFIED-CONSULTATION,RISK-HIGH,GG-PRACTICE-RUNTIME-PROJECTION-2.0,false,pending_specialist_expansion_review,SP-STRUCTURED-EVIDENCE-ELIGIBLE,accepted_and_activated,active,blocked,not_applicable,L06;L08;L17,L06;L08;L17,accessibility_review_status:pending;content_review_status:pending;last_reviewed:missing;originality_review_status:pending;research_gap:RG-M6A-001:open;research_review_status:internal_sources_only_external_review_required;safety_review_status:pending_specialist_expansion_review;sources:incomplete;specialist_review:missing
07.03,The pause between feeling and action,07,"Emotional Maturity, Resilience, and Mental Well-Being",draft,PRACTICE-COMP-0703-THE-PAUSE-BETWEEN-FEELING-AND-ACTION-01,0.2.0,data/practices/protocols/07/PRACTICE-COMP-0703-THE-PAUSE-BETWEEN-FEELING-AND-ACTION-01.yaml,a17b873c638edeb464d0611bac7e6048a44830852680c096f11d5823741018f2,PF-QUALIFIED-CONSULTATION,RISK-HIGH,GG-PRACTICE-RUNTIME-PROJECTION-2.0,false,pending_specialist_expansion_review,SP-STRUCTURED-EVIDENCE-ELIGIBLE,accepted_and_activated,active,blocked,not_applicable,L07;L08;L09,L07;L08;L09,accessibility_review_status:pending;content_review_status:pending;last_reviewed:missing;originality_review_status:pending;research_gap:RG-M6A-001:open;research_review_status:internal_sources_only_external_review_required;safety_review_status:pending_specialist_expansion_review;sources:incomplete;specialist_review:missing
07.04,Anxiety and courageous exposure,07,"Emotional Maturity, Resilience, and Mental Well-Being",draft,PRACTICE-COMP-0704-ANXIETY-AND-COURAGEOUS-EXPOSURE-01,0.2.0,data/practices/protocols/07/PRACTICE-COMP-0704-ANXIETY-AND-COURAGEOUS-EXPOSURE-01.yaml,e9e4ac66c0e07d9520ce98fe09aa8b810907046d6d104a86f7a13094dc808519,PF-QUALIFIED-CONSULTATION,RISK-HIGH,GG-PRACTICE-RUNTIME-PROJECTION-2.0,false,pending_specialist_expansion_review,SP-STRUCTURED-EVIDENCE-ELIGIBLE,accepted_and_activated,active,blocked,not_applicable,L07;L10;L11,L07;L10;L11,accessibility_review_status:pending;content_review_status:pending;last_reviewed:missing;originality_review_status:pending;research_gap:RG-M6A-001:open;research_review_status:internal_sources_only_external_review_required;safety_review_status:pending_specialist_expansion_review;sources:incomplete;specialist_review:missing
07.05,Anger and assertive repair,07,"Emotional Maturity, Resilience, and Mental Well-Being",draft,PRACTICE-COMP-0705-ANGER-AND-ASSERTIVE-REPAIR-01,0.2.0,data/practices/protocols/07/PRACTICE-COMP-0705-ANGER-AND-ASSERTIVE-REPAIR-01.yaml,5759242daa6bc95d81a8cc3d64c89ea6e06c5ae3945a604ea5a278541c873f93,PF-QUALIFIED-CONSULTATION,RISK-HIGH,GG-PRACTICE-RUNTIME-PROJECTION-2.0,false,pending_specialist_expansion_review,SP-STRUCTURED-EVIDENCE-ELIGIBLE,accepted_and_activated,active,blocked,not_applicable,L07;L23;L25;L29,L07;L23;L25;L29,accessibility_review_status:pending;content_review_status:pending;last_reviewed:missing;originality_review_status:pending;research_gap:RG-M6A-001:open;research_review_status:internal_sources_only_external_review_required;safety_review_status:pending_specialist_expansion_review;sources:incomplete;specialist_review:missing
07.06,"Sadness, grief, and loss",07,"Emotional Maturity, Resilience, and Mental Well-Being",draft,PRACTICE-COMP-0706-SADNESS-GRIEF-AND-LOSS-01,0.2.0,data/practices/protocols/07/PRACTICE-COMP-0706-SADNESS-GRIEF-AND-LOSS-01.yaml,f362aca7e30e460d749d293a07daa1c9240f6896485f1abb7c3ee52b0c3cb5d2,PF-QUALIFIED-CONSULTATION,RISK-HIGH,GG-PRACTICE-RUNTIME-PROJECTION-2.0,false,pending_specialist_expansion_review,SP-STRUCTURED-EVIDENCE-ELIGIBLE,accepted_and_activated,active,blocked,not_applicable,L04;L06;L07;L24,L04;L06;L07;L24,accessibility_review_status:pending;content_review_status:pending;last_reviewed:missing;originality_review_status:pending;research_gap:RG-M6A-001:open;research_review_status:internal_sources_only_external_review_required;safety_review_status:pending_specialist_expansion_review;sources:incomplete;specialist_review:missing
07.07,"Shame, guilt, and remorse",07,"Emotional Maturity, Resilience, and Mental Well-Being",draft,PRACTICE-COMP-0707-SHAME-GUILT-AND-REMORSE-01,0.2.0,data/practices/protocols/07/PRACTICE-COMP-0707-SHAME-GUILT-AND-REMORSE-01.yaml,c67b65279c49bb90b86838cf7373bd712394a8d607e06300fa9f2ed515f302c7,PF-QUALIFIED-CONSULTATION,RISK-HIGH,GG-PRACTICE-RUNTIME-PROJECTION-2.0,false,pending_specialist_expansion_review,SP-STRUCTURED-EVIDENCE-ELIGIBLE,accepted_and_activated,active,blocked,not_applicable,L02;L06;L07;L29,L02;L06;L07;L29,accessibility_review_status:pending;content_review_status:pending;last_reviewed:missing;originality_review_status:pending;research_gap:RG-M6A-001:open;research_review_status:internal_sources_only_external_review_required;safety_review_status:pending_specialist_expansion_review;sources:incomplete;specialist_review:missing
07.08,"Envy, jealousy, and comparison",07,"Emotional Maturity, Resilience, and Mental Well-Being",draft,PRACTICE-COMP-0708-ENVY-JEALOUSY-AND-COMPARISON-01,0.2.0,data/practices/protocols/07/PRACTICE-COMP-0708-ENVY-JEALOUSY-AND-COMPARISON-01.yaml,cfddfe438d9e648526da9eaca7b821fbc676d4f5aa10c11018fbd9e4af0cfaef,PF-SAFETY-PREPARATION,RISK-HIGH,GG-PRACTICE-RUNTIME-PROJECTION-2.0,false,pending_specialist_expansion_review,SP-STRUCTURED-EVIDENCE-ELIGIBLE,accepted_and_activated,active,blocked,not_applicable,L05;L06;L07;L09,L05;L06;L07;L09,accessibility_review_status:pending;content_review_status:pending;last_reviewed:missing;originality_review_status:pending;research_gap:RG-M6A-001:open;research_review_status:internal_sources_only_external_review_required;safety_review_status:pending_specialist_expansion_review;sources:incomplete;specialist_review:missing
07.09,Healthy emotional expression,07,"Emotional Maturity, Resilience, and Mental Well-Being",draft,PRACTICE-COMP-0709-HEALTHY-EMOTIONAL-EXPRESSION-01,0.2.0,data/practices/protocols/07/PRACTICE-COMP-0709-HEALTHY-EMOTIONAL-EXPRESSION-01.yaml,d5f6d81c43b855e39c8dabf8d9eb33ee8785aab41002be9d79d3be92e868096b,PF-QUALIFIED-CONSULTATION,RISK-HIGH,GG-PRACTICE-RUNTIME-PROJECTION-2.0,false,pending_specialist_expansion_review,SP-STRUCTURED-EVIDENCE-ELIGIBLE,accepted_and_activated,active,blocked,not_applicable,L06;L07;L23;L25,L06;L07;L23;L25,accessibility_review_status:pending;content_review_status:pending;last_reviewed:missing;originality_review_status:pending;research_gap:RG-M6A-001:open;research_review_status:internal_sources_only_external_review_required;safety_review_status:pending_specialist_expansion_review;sources:incomplete;specialist_review:missing
07.10,Self-compassion with standards,07,"Emotional Maturity, Resilience, and Mental Well-Being",draft,PRACTICE-COMP-0710-SELF-COMPASSION-WITH-STANDARDS-01,0.2.0,data/practices/protocols/07/PRACTICE-COMP-0710-SELF-COMPASSION-WITH-STANDARDS-01.yaml,596044bd27a09336725eb5d060858ebc34be77df0460c7e59e78c33706166284,PF-QUALIFIED-CONSULTATION,RISK-HIGH,GG-PRACTICE-RUNTIME-PROJECTION-2.0,false,pending_specialist_expansion_review,SP-STRUCTURED-EVIDENCE-ELIGIBLE,accepted_and_activated,active,blocked,not_applicable,L02;L05;L07;L10,L02;L05;L07;L10,accessibility_review_status:pending;content_review_status:pending;last_reviewed:missing;originality_review_status:pending;research_gap:RG-M6A-001:open;research_review_status:internal_sources_only_external_review_required;safety_review_status:pending_specialist_expansion_review;sources:incomplete;specialist_review:missing
07.11,"Hope, optimism, joy, and contentment",07,"Emotional Maturity, Resilience, and Mental Well-Being",draft,PRACTICE-COMP-0711-HOPE-OPTIMISM-JOY-AND-CONTENTMENT-01,0.2.0,data/practices/protocols/07/PRACTICE-COMP-0711-HOPE-OPTIMISM-JOY-AND-CONTENTMENT-01.yaml,f4ee0216c857c1f6f700c7c16b24cd9a62cd75e981cedf7391b00091d41647ba,PF-QUALIFIED-CONSULTATION,RISK-HIGH,GG-PRACTICE-RUNTIME-PROJECTION-2.0,false,pending_specialist_expansion_review,SP-STRUCTURED-EVIDENCE-ELIGIBLE,accepted_and_activated,active,blocked,not_applicable,L03;L04;L07;L34,L03;L04;L07;L34,accessibility_review_status:pending;content_review_status:pending;last_reviewed:missing;originality_review_status:pending;research_gap:RG-M6A-001:open;research_review_status:internal_sources_only_external_review_required;safety_review_status:pending_specialist_expansion_review;sources:incomplete;specialist_review:missing
07.12,Resilience and post-setback adaptation,07,"Emotional Maturity, Resilience, and Mental Well-Being",draft,PRACTICE-COMP-0712-RESILIENCE-AND-POST-SETBACK-ADAPTATION-01,0.2.0,data/practices/protocols/07/PRACTICE-COMP-0712-RESILIENCE-AND-POST-SETBACK-ADAPTATION-01.yaml,becd76a5f3cc2ea9cd54f4b4c4623f1ab0ab99959e379263da58dc8e2dedffec,PF-QUALIFIED-CONSULTATION,RISK-HIGH,GG-PRACTICE-RUNTIME-PROJECTION-2.0,false,pending_specialist_expansion_review,SP-STRUCTURED-EVIDENCE-ELIGIBLE,accepted_and_activated,active,blocked,not_applicable,L07;L10;L11,L07;L10;L11,accessibility_review_status:pending;content_review_status:pending;last_reviewed:missing;originality_review_status:pending;research_gap:RG-M6A-001:open;research_review_status:internal_sources_only_external_review_required;safety_review_status:pending_specialist_expansion_review;sources:incomplete;specialist_review:missing
07.13,Mental-health literacy and help-seeking,07,"Emotional Maturity, Resilience, and Mental Well-Being",draft,PRACTICE-COMP-0713-MENTAL-HEALTH-LITERACY-AND-HELP-SEEKING-01,0.2.0,data/practices/protocols/07/PRACTICE-COMP-0713-MENTAL-HEALTH-LITERACY-AND-HELP-SEEKING-01.yaml,b952110a6a51b07cbc7279fad6078902ede6b0c5382f632bcd7f392cd64ce640,PF-SAFETY-PREPARATION,RISK-HIGH,GG-PRACTICE-RUNTIME-PROJECTION-2.0,false,pending_specialist_expansion_review,SP-STRUCTURED-EVIDENCE-ELIGIBLE,accepted_and_activated,active,blocked,not_applicable,L07;L13;L17;L25,L07;L13;L17;L25,accessibility_review_status:pending;content_review_status:pending;last_reviewed:missing;originality_review_status:pending;research_gap:RG-M6A-001:open;research_review_status:internal_sources_only_external_review_required;safety_review_status:pending_specialist_expansion_review;sources:incomplete;specialist_review:missing
07.14,Chronic dysregulation and skill generalization,07,"Emotional Maturity, Resilience, and Mental Well-Being",draft,PRACTICE-COMP-0714-CHRONIC-DYSREGULATION-AND-SKILL-GENERALIZATION-01,0.2.0,data/practices/protocols/07/PRACTICE-COMP-0714-CHRONIC-DYSREGULATION-AND-SKILL-GENERALIZATION-01.yaml,120fac80f7abffdb92bd0390c400a34a0bd899e4bba2ca4730493974ed9aa1d8,PF-QUALIFIED-CONSULTATION,RISK-HIGH,GG-PRACTICE-RUNTIME-PROJECTION-2.0,false,pending_specialist_expansion_review,SP-STRUCTURED-EVIDENCE-ELIGIBLE,accepted_and_activated,active,blocked,not_applicable,L07;L08;L10;L11,L07;L08;L10;L11,accessibility_review_status:pending;content_review_status:pending;last_reviewed:missing;originality_review_status:pending;research_gap:RG-M6A-001:open;research_review_status:internal_sources_only_external_review_required;safety_review_status:pending_specialist_expansion_review;sources:incomplete;specialist_review:missing
08.01,Attention audit,08,"Attention, Desire, Temperance, and Discipline",draft,PRACTICE-COMP-0801-ATTENTION-AUDIT-01,0.2.0,data/practices/protocols/08/PRACTICE-COMP-0801-ATTENTION-AUDIT-01.yaml,0b029abef4e013debd4678d1caa0125eb2b119671e62ab5f4f695c9e46366207,PF-AUDIT-REDESIGN,RISK-LOW,GG-PRACTICE-RUNTIME-PROJECTION-2.0,false,pending,SP-STRUCTURED-EVIDENCE-ELIGIBLE,accepted_and_activated,active,blocked,not_applicable,L08;L10;L36,L08;L10;L36,accessibility_review_status:pending;content_review_status:pending;last_reviewed:missing;originality_review_status:pending;research_gap:RG-M6A-001:open;research_review_status:internal_sources_only_external_review_required;safety_review_status:pending;sources:incomplete
08.02,Mindfulness and present attention,08,"Attention, Desire, Temperance, and Discipline",projected_legacy,PRACTICE-PRESENCE-01,1.0.0,data/practices/protocols/08/PRACTICE-PRESENCE-01.yaml,0ea34a16e4f50a38e1ea1879a8fc1e94682a3cb64801125d8fab34626c47500e,PF-BEHAVIORAL-EXPERIMENT,RISK-LOW,GG-PRACTICE-RUNTIME-PROJECTION-1.0,false,pilot_boundary_reviewed_expansion_review_pending,SP-STRUCTURED-EVIDENCE-ELIGIBLE,accepted_and_activated,active,blocked,existing_runtime_coverage,L03;L08;L17,L08,accessibility_review_status:pilot_boundary_reviewed_expansion_review_pending;content_review_status:frozen_runtime_behavior;last_reviewed:missing;originality_review_status:legacy_exceptions_recorded_expansion_review_pending;research_gap:RG-M6A-001:open;research_gap:RG-M6A-007:open;research_review_status:internal_sources_only_external_review_required;safety_review_status:pilot_boundary_reviewed_expansion_review_pending;sources:incomplete;ui_test_status:existing_runtime_coverage
08.03,Impulse control,08,"Attention, Desire, Temperance, and Discipline",draft,PRACTICE-COMP-0803-IMPULSE-CONTROL-01,0.2.0,data/practices/protocols/08/PRACTICE-COMP-0803-IMPULSE-CONTROL-01.yaml,77f740f0e636af8284d30d43e433351607823a8f3f4612daa2b1a3eb1115f0d8,PF-AUDIT-REDESIGN,RISK-LOW,GG-PRACTICE-RUNTIME-PROJECTION-2.0,false,pending,SP-STRUCTURED-EVIDENCE-ELIGIBLE,accepted_and_activated,active,blocked,not_applicable,L08;L09;L10,L08;L09;L10,accessibility_review_status:pending;content_review_status:pending;last_reviewed:missing;originality_review_status:pending;research_gap:RG-M6A-001:open;research_review_status:internal_sources_only_external_review_required;safety_review_status:pending;sources:incomplete
08.04,"Desire, craving, and lust",08,"Attention, Desire, Temperance, and Discipline",draft,PRACTICE-COMP-0804-DESIRE-CRAVING-AND-LUST-01,0.2.0,data/practices/protocols/08/PRACTICE-COMP-0804-DESIRE-CRAVING-AND-LUST-01.yaml,0cb6108702417b2099d81079108e422caec0070fe586957ca733b679ba0ad177,PF-AUDIT-REDESIGN,RISK-LOW,GG-PRACTICE-RUNTIME-PROJECTION-2.0,false,pending,SP-STRUCTURED-EVIDENCE-ELIGIBLE,accepted_and_activated,active,blocked,not_applicable,L05;L08;L09;L27,L05;L08;L09;L27,accessibility_review_status:pending;content_review_status:pending;last_reviewed:missing;originality_review_status:pending;research_gap:RG-M6A-001:open;research_review_status:internal_sources_only_external_review_required;safety_review_status:pending;sources:incomplete
08.05,Tolerance of discomfort,08,"Attention, Desire, Temperance, and Discipline",draft,PRACTICE-COMP-0805-TOLERANCE-OF-DISCOMFORT-01,0.2.0,data/practices/protocols/08/PRACTICE-COMP-0805-TOLERANCE-OF-DISCOMFORT-01.yaml,11ef2866c2521effe30a59094908b51f15b7f25efdd5c1a3b590fbabe033a038,PF-AUDIT-REDESIGN,RISK-LOW,GG-PRACTICE-RUNTIME-PROJECTION-2.0,false,pending,SP-STRUCTURED-EVIDENCE-ELIGIBLE,accepted_and_activated,active,blocked,not_applicable,L07;L09;L10;L11,L07;L09;L10;L11,accessibility_review_status:pending;content_review_status:pending;last_reviewed:missing;originality_review_status:pending;research_gap:RG-M6A-001:open;research_review_status:internal_sources_only_external_review_required;safety_review_status:pending;sources:incomplete
08.06,Action independent of motivation,08,"Attention, Desire, Temperance, and Discipline",draft,PRACTICE-MOTIVATION-INDEPENDENT-START-01,0.2.0,data/practices/protocols/08/PRACTICE-MOTIVATION-INDEPENDENT-START-01.yaml,30a3a7b151f9aac8eb9df82e54aff20ac8618659e00d655877a83dd570f3a3ce,PF-BEHAVIORAL-EXPERIMENT,RISK-LOW,GG-PRACTICE-RUNTIME-PROJECTION-2.0,false,pending_specialist_expansion_review,SP-STRUCTURED-EVIDENCE-ELIGIBLE,accepted_and_activated,active,blocked,not_applicable,L01;L07;L09;L10,L10,accessibility_review_status:pending;content_review_status:pending;last_reviewed:missing;originality_review_status:pending;research_gap:RG-M6A-001:open;research_gap:RG-M6D-001:open;research_review_status:pending;safety_review_status:pending_specialist_expansion_review;sources:incomplete
08.07,Habit and environment design,08,"Attention, Desire, Temperance, and Discipline",draft,PRACTICE-COMP-0807-HABIT-AND-ENVIRONMENT-DESIGN-01,0.2.0,data/practices/protocols/08/PRACTICE-COMP-0807-HABIT-AND-ENVIRONMENT-DESIGN-01.yaml,4b29caeae8f4fe702b705707c1ec3b6fb7c7138f35629b0360eb3925b4f52bac,PF-RELATIONAL-CONVERSATION,RISK-LOW,GG-PRACTICE-RUNTIME-PROJECTION-2.0,false,pending,SP-STRUCTURED-EVIDENCE-ELIGIBLE,accepted_and_activated,active,blocked,not_applicable,L10;L14;L18,L10;L14;L18,accessibility_review_status:pending;content_review_status:pending;last_reviewed:missing;originality_review_status:pending;research_gap:RG-M6A-001:open;research_review_status:internal_sources_only_external_review_required;safety_review_status:pending;sources:incomplete
08.08,Consistency and minimum standards,08,"Attention, Desire, Temperance, and Discipline",draft,PRACTICE-COMP-0808-CONSISTENCY-AND-MINIMUM-STANDARDS-01,0.2.0,data/practices/protocols/08/PRACTICE-COMP-0808-CONSISTENCY-AND-MINIMUM-STANDARDS-01.yaml,1a34ad8cecf11e9e02fd8e212401005708dd87e45696d1c5a430823328407848,PF-AUDIT-REDESIGN,RISK-LOW,GG-PRACTICE-RUNTIME-PROJECTION-2.0,false,pending,SP-STRUCTURED-EVIDENCE-ELIGIBLE,accepted_and_activated,active,blocked,not_applicable,L09;L10;L36,L09;L10;L36,accessibility_review_status:pending;content_review_status:pending;last_reviewed:missing;originality_review_status:pending;research_gap:RG-M6A-001:open;research_review_status:internal_sources_only_external_review_required;safety_review_status:pending;sources:incomplete
08.09,Voluntary restraint and hardship,08,"Attention, Desire, Temperance, and Discipline",draft,PRACTICE-COMP-0809-VOLUNTARY-RESTRAINT-AND-HARDSHIP-01,0.2.0,data/practices/protocols/08/PRACTICE-COMP-0809-VOLUNTARY-RESTRAINT-AND-HARDSHIP-01.yaml,6f3beb4af393ef3153faa04025c9cca40665bb01eedfd082143c4177c2e61d6f,PF-CONTEMPLATIVE-MEANING,RISK-LOW,GG-PRACTICE-RUNTIME-PROJECTION-2.0,false,pending,SP-STRUCTURED-EVIDENCE-ELIGIBLE,accepted_and_activated,active,blocked,not_applicable,L03;L09;L10;L17,L03;L09;L10;L17,accessibility_review_status:pending;content_review_status:pending;last_reviewed:missing;originality_review_status:pending;research_gap:RG-M6A-001:open;research_review_status:internal_sources_only_external_review_required;safety_review_status:pending;sources:incomplete
08.10,Completion and perseverance,08,"Attention, Desire, Temperance, and Discipline",draft,PRACTICE-COMP-0810-COMPLETION-AND-PERSEVERANCE-01,0.2.0,data/practices/protocols/08/PRACTICE-COMP-0810-COMPLETION-AND-PERSEVERANCE-01.yaml,756dae6bd20dae90031a795d9e5d572e1c288f2d0f8d6387137cc53154af716d,PF-AUDIT-REDESIGN,RISK-LOW,GG-PRACTICE-RUNTIME-PROJECTION-2.0,false,pending,SP-STRUCTURED-EVIDENCE-ELIGIBLE,accepted_and_activated,active,blocked,not_applicable,L07;L10;L32,L07;L10;L32,accessibility_review_status:pending;content_review_status:pending;last_reviewed:missing;originality_review_status:pending;research_gap:RG-M6A-001:open;research_review_status:internal_sources_only_external_review_required;safety_review_status:pending;sources:incomplete
08.11,Discipline without domination or purity,08,"Attention, Desire, Temperance, and Discipline",draft,PRACTICE-COMP-0811-DISCIPLINE-WITHOUT-DOMINATION-OR-PURITY-01,0.2.0,data/practices/protocols/08/PRACTICE-COMP-0811-DISCIPLINE-WITHOUT-DOMINATION-OR-PURITY-01.yaml,4ae2a1af4129bee7e63033abf71607a7723e5d4348f2cdbf0cd21a9f725d9c1b,PF-AUDIT-REDESIGN,RISK-LOW,GG-PRACTICE-RUNTIME-PROJECTION-2.0,false,pending,SP-STRUCTURED-EVIDENCE-ELIGIBLE,accepted_and_activated,active,blocked,not_applicable,L02;L05;L09;L10,L02;L05;L09;L10,accessibility_review_status:pending;content_review_status:pending;last_reviewed:missing;originality_review_status:pending;research_gap:RG-M6A-001:open;research_review_status:internal_sources_only_external_review_required;safety_review_status:pending;sources:incomplete
09.01,Observation versus interpretation,09,"Reasoning, Science, Truth, and Decision-Making",draft,PRACTICE-COMP-0901-OBSERVATION-VERSUS-INTERPRETATION-01,0.2.0,data/practices/protocols/09/PRACTICE-COMP-0901-OBSERVATION-VERSUS-INTERPRETATION-01.yaml,ee727f555d99ea5f2a269fb72a5fd1331f7c56c99931baed12cac41220ecf4ed,PF-SKILL-REHEARSAL,RISK-LOW,GG-PRACTICE-RUNTIME-PROJECTION-2.0,false,pending,SP-STRUCTURED-EVIDENCE-ELIGIBLE,accepted_and_activated,active,blocked,not_applicable,L05;L12;L13,L05;L12;L13,accessibility_review_status:pending;content_review_status:pending;last_reviewed:missing;originality_review_status:pending;research_gap:RG-M6A-001:open;research_review_status:internal_sources_only_external_review_required;safety_review_status:pending;sources:incomplete
09.02,Logic and argument structure,09,"Reasoning, Science, Truth, and Decision-Making",draft,PRACTICE-COMP-0902-LOGIC-AND-ARGUMENT-STRUCTURE-01,0.2.0,data/practices/protocols/09/PRACTICE-COMP-0902-LOGIC-AND-ARGUMENT-STRUCTURE-01.yaml,27720a39c6022c066da9fef838ee5032867fe07e7f0d5c3acd34c25126f97cea,PF-SKILL-REHEARSAL,RISK-LOW,GG-PRACTICE-RUNTIME-PROJECTION-2.0,false,pending,SP-STRUCTURED-EVIDENCE-ELIGIBLE,accepted_and_activated,active,blocked,not_applicable,L12;L13;L23,L12;L13;L23,accessibility_review_status:pending;content_review_status:pending;last_reviewed:missing;originality_review_status:pending;research_gap:RG-M6A-001:open;research_review_status:internal_sources_only_external_review_required;safety_review_status:pending;sources:incomplete
09.03,Cognitive and motivational bias,09,"Reasoning, Science, Truth, and Decision-Making",draft,PRACTICE-COMP-0903-COGNITIVE-AND-MOTIVATIONAL-BIAS-01,0.2.0,data/practices/protocols/09/PRACTICE-COMP-0903-COGNITIVE-AND-MOTIVATIONAL-BIAS-01.yaml,5107a67e905801ab6401a3ecf3ba021dd915d125bb0a70484b798e2cae8e5bac,PF-SKILL-REHEARSAL,RISK-LOW,GG-PRACTICE-RUNTIME-PROJECTION-2.0,false,pending,SP-STRUCTURED-EVIDENCE-ELIGIBLE,accepted_and_activated,active,blocked,not_applicable,L05;L12;L13;L14,L05;L12;L13;L14,accessibility_review_status:pending;content_review_status:pending;last_reviewed:missing;originality_review_status:pending;research_gap:RG-M6A-001:open;research_review_status:internal_sources_only_external_review_required;safety_review_status:pending;sources:incomplete
09.04,Source and evidence evaluation,09,"Reasoning, Science, Truth, and Decision-Making",draft,PRACTICE-COMP-0904-SOURCE-AND-EVIDENCE-EVALUATION-01,0.2.0,data/practices/protocols/09/PRACTICE-COMP-0904-SOURCE-AND-EVIDENCE-EVALUATION-01.yaml,2be7f709d7fd3a24ad9e29295e602050ec4dcd4ff710864d6fd0a0060be146a5,PF-SKILL-REHEARSAL,RISK-LOW,GG-PRACTICE-RUNTIME-PROJECTION-2.0,false,pending,SP-STRUCTURED-EVIDENCE-ELIGIBLE,accepted_and_activated,active,blocked,not_applicable,L12;L13;L19,L12;L13;L19,accessibility_review_status:pending;content_review_status:pending;last_reviewed:missing;originality_review_status:pending;research_gap:RG-M6A-001:open;research_review_status:internal_sources_only_external_review_required;safety_review_status:pending;sources:incomplete
09.05,Epistemic humility,09,"Reasoning, Science, Truth, and Decision-Making",draft,PRACTICE-COMP-0905-EPISTEMIC-HUMILITY-01,0.2.0,data/practices/protocols/09/PRACTICE-COMP-0905-EPISTEMIC-HUMILITY-01.yaml,6f87599cabe13e304752702ab41cc7f492c126bc964cf517a3009d3b4deeddf6,PF-SKILL-REHEARSAL,RISK-LOW,GG-PRACTICE-RUNTIME-PROJECTION-2.0,false,pending,SP-STRUCTURED-EVIDENCE-ELIGIBLE,accepted_and_activated,active,blocked,not_applicable,L05;L12;L13;L31,L05;L12;L13;L31,accessibility_review_status:pending;content_review_status:pending;last_reviewed:missing;originality_review_status:pending;research_gap:RG-M6A-001:open;research_review_status:internal_sources_only_external_review_required;safety_review_status:pending;sources:incomplete
09.06,Probabilistic and scenario thinking,09,"Reasoning, Science, Truth, and Decision-Making",draft,PRACTICE-COMP-0906-PROBABILISTIC-AND-SCENARIO-THINKING-01,0.2.0,data/practices/protocols/09/PRACTICE-COMP-0906-PROBABILISTIC-AND-SCENARIO-THINKING-01.yaml,71d741cfbd687ce9bc7350903adbbc8e34421432306cb9d3c1c55f97de15e5a1,PF-SKILL-REHEARSAL,RISK-LOW,GG-PRACTICE-RUNTIME-PROJECTION-2.0,false,pending,SP-STRUCTURED-EVIDENCE-ELIGIBLE,accepted_and_activated,active,blocked,not_applicable,L12;L14;L20,L12;L14;L20,accessibility_review_status:pending;content_review_status:pending;last_reviewed:missing;originality_review_status:pending;research_gap:RG-M6A-001:open;research_review_status:internal_sources_only_external_review_required;safety_review_status:pending;sources:incomplete
09.07,Systems and causal reasoning,09,"Reasoning, Science, Truth, and Decision-Making",draft,PRACTICE-COMP-0907-SYSTEMS-AND-CAUSAL-REASONING-01,0.2.0,data/practices/protocols/09/PRACTICE-COMP-0907-SYSTEMS-AND-CAUSAL-REASONING-01.yaml,aff7eee2b8646b8d0a65b20be003e499b63ff9612c29aedde1ca85f36e7f5767,PF-RELATIONAL-CONVERSATION,RISK-LOW,GG-PRACTICE-RUNTIME-PROJECTION-2.0,false,pending,SP-STRUCTURED-EVIDENCE-ELIGIBLE,accepted_and_activated,active,blocked,not_applicable,L12;L14;L31,L12;L14;L31,accessibility_review_status:pending;content_review_status:pending;last_reviewed:missing;originality_review_status:pending;research_gap:RG-M6A-001:open;research_review_status:internal_sources_only_external_review_required;safety_review_status:pending;sources:incomplete
09.08,Root-cause problem solving,09,"Reasoning, Science, Truth, and Decision-Making",draft,PRACTICE-COMP-0908-ROOT-CAUSE-PROBLEM-SOLVING-01,0.2.0,data/practices/protocols/09/PRACTICE-COMP-0908-ROOT-CAUSE-PROBLEM-SOLVING-01.yaml,dcc41ae0adaf0acc36f34c910958bfb89c0761416ab27b131f79f3be8d5b0f00,PF-SKILL-REHEARSAL,RISK-LOW,GG-PRACTICE-RUNTIME-PROJECTION-2.0,false,pending,SP-STRUCTURED-EVIDENCE-ELIGIBLE,accepted_and_activated,active,blocked,not_applicable,L12;L14;L32,L12;L14;L32,accessibility_review_status:pending;content_review_status:pending;last_reviewed:missing;originality_review_status:pending;research_gap:RG-M6A-001:open;research_review_status:internal_sources_only_external_review_required;safety_review_status:pending;sources:incomplete
09.09,Tradeoffs and opportunity cost,09,"Reasoning, Science, Truth, and Decision-Making",draft,PRACTICE-COMP-0909-TRADEOFFS-AND-OPPORTUNITY-COST-01,0.2.0,data/practices/protocols/09/PRACTICE-COMP-0909-TRADEOFFS-AND-OPPORTUNITY-COST-01.yaml,7127d1bb81a8f619ce50f3534f35d1f09393e9c283f5392c737eff2867eff303,PF-SKILL-REHEARSAL,RISK-LOW,GG-PRACTICE-RUNTIME-PROJECTION-2.0,false,pending,SP-STRUCTURED-EVIDENCE-ELIGIBLE,accepted_and_activated,active,blocked,not_applicable,L14;L22;L36,L14;L22;L36,accessibility_review_status:pending;content_review_status:pending;last_reviewed:missing;originality_review_status:pending;research_gap:RG-M6A-001:open;research_review_status:internal_sources_only_external_review_required;safety_review_status:pending;sources:incomplete
09.10,Risk assessment and precaution,09,"Reasoning, Science, Truth, and Decision-Making",draft,PRACTICE-COMP-0910-RISK-ASSESSMENT-AND-PRECAUTION-01,0.2.0,data/practices/protocols/09/PRACTICE-COMP-0910-RISK-ASSESSMENT-AND-PRECAUTION-01.yaml,6abdc04454600d21b0efd24eb9507bfa8638a55bdc1560b02ed3c66b7a4f1f49,PF-SKILL-REHEARSAL,RISK-LOW,GG-PRACTICE-RUNTIME-PROJECTION-2.0,false,pending,SP-STRUCTURED-EVIDENCE-ELIGIBLE,accepted_and_activated,active,blocked,not_applicable,L13;L14;L20,L13;L14;L20,accessibility_review_status:pending;content_review_status:pending;last_reviewed:missing;originality_review_status:pending;research_gap:RG-M6A-001:open;research_review_status:internal_sources_only_external_review_required;safety_review_status:pending;sources:incomplete
09.11,Practical wisdom and context,09,"Reasoning, Science, Truth, and Decision-Making",draft,PRACTICE-COMP-0911-PRACTICAL-WISDOM-AND-CONTEXT-01,0.2.0,data/practices/protocols/09/PRACTICE-COMP-0911-PRACTICAL-WISDOM-AND-CONTEXT-01.yaml,b563ce82bd77c0e8dcc203691c7ec23eebe5684039211c0509482a01c7610e69,PF-SKILL-REHEARSAL,RISK-LOW,GG-PRACTICE-RUNTIME-PROJECTION-2.0,false,pending,SP-STRUCTURED-EVIDENCE-ELIGIBLE,accepted_and_activated,active,blocked,not_applicable,L02;L11;L14;L24,L02;L11;L14;L24,accessibility_review_status:pending;content_review_status:pending;last_reviewed:missing;originality_review_status:pending;research_gap:RG-M6A-001:open;research_review_status:internal_sources_only_external_review_required;safety_review_status:pending;sources:incomplete
09.12,Decision records and updating,09,"Reasoning, Science, Truth, and Decision-Making",draft,PRACTICE-DECISION-RECORD-01,0.2.0,data/practices/protocols/09/PRACTICE-DECISION-RECORD-01.yaml,16ceae5120b493bf6361f5270ba619555608b2693fec194cfd9a3c6eccf91529,PF-ARTIFACT-PLAN,RISK-LOW,GG-PRACTICE-RUNTIME-PROJECTION-2.0,false,pending_specialist_expansion_review,SP-STRUCTURED-EVIDENCE-ELIGIBLE,accepted_and_activated,active,blocked,not_applicable,L10;L13;L14,L14,accessibility_review_status:pending;content_review_status:pending;last_reviewed:missing;originality_review_status:pending;research_gap:RG-M6A-001:open;research_gap:RG-M6D-002:open;research_review_status:pending;safety_review_status:pending_specialist_expansion_review;sources:incomplete
09.13,Statistical literacy,09,"Reasoning, Science, Truth, and Decision-Making",draft,PRACTICE-COMP-0913-STATISTICAL-LITERACY-01,0.2.0,data/practices/protocols/09/PRACTICE-COMP-0913-STATISTICAL-LITERACY-01.yaml,bef0a29f39455ba075c7f09a02b50afcbcb0b112fa719cd78a63f4e00de5ff0c,PF-SKILL-REHEARSAL,RISK-LOW,GG-PRACTICE-RUNTIME-PROJECTION-2.0,false,pending,SP-STRUCTURED-EVIDENCE-ELIGIBLE,accepted_and_activated,active,blocked,not_applicable,L12;L13,L12;L13,accessibility_review_status:pending;content_review_status:pending;last_reviewed:missing;originality_review_status:pending;research_gap:RG-M6A-001:open;research_review_status:internal_sources_only_external_review_required;safety_review_status:pending;sources:incomplete
09.14,Scientific reasoning and research design,09,"Reasoning, Science, Truth, and Decision-Making",draft,PRACTICE-COMP-0914-SCIENTIFIC-REASONING-AND-RESEARCH-DESIGN-01,0.2.0,data/practices/protocols/09/PRACTICE-COMP-0914-SCIENTIFIC-REASONING-AND-RESEARCH-DESIGN-01.yaml,b7ed3163bdd047efe2778f97fb82bd309673d089d2c153cf4f3bc9b37aa15395,PF-SKILL-REHEARSAL,RISK-LOW,GG-PRACTICE-RUNTIME-PROJECTION-2.0,false,pending,SP-STRUCTURED-EVIDENCE-ELIGIBLE,accepted_and_activated,active,blocked,not_applicable,L12;L13;L15,L12;L13;L15,accessibility_review_status:pending;content_review_status:pending;last_reviewed:missing;originality_review_status:pending;research_gap:RG-M6A-001:open;research_review_status:internal_sources_only_external_review_required;safety_review_status:pending;sources:incomplete
09.15,Causal inference and intervention logic,09,"Reasoning, Science, Truth, and Decision-Making",draft,PRACTICE-COMP-0915-CAUSAL-INFERENCE-AND-INTERVENTION-LOGIC-01,0.2.0,data/practices/protocols/09/PRACTICE-COMP-0915-CAUSAL-INFERENCE-AND-INTERVENTION-LOGIC-01.yaml,6796040c7a174257e4a07b0524f040314e23888633f8a149dde466e53b9e5f88,PF-SKILL-REHEARSAL,RISK-LOW,GG-PRACTICE-RUNTIME-PROJECTION-2.0,false,pending,SP-STRUCTURED-EVIDENCE-ELIGIBLE,accepted_and_activated,active,blocked,not_applicable,L12;L13;L14,L12;L13;L14,accessibility_review_status:pending;content_review_status:pending;last_reviewed:missing;originality_review_status:pending;research_gap:RG-M6A-001:open;research_review_status:internal_sources_only_external_review_required;safety_review_status:pending;sources:incomplete
09.16,"Models, simulations, and abstraction limits",09,"Reasoning, Science, Truth, and Decision-Making",draft,PRACTICE-COMP-0916-MODELS-SIMULATIONS-AND-ABSTRACTION-LIMITS-01,0.2.0,data/practices/protocols/09/PRACTICE-COMP-0916-MODELS-SIMULATIONS-AND-ABSTRACTION-LIMITS-01.yaml,4a0213c9ae4bdf20857d708f8c66ac05d79fcb6b1ffc18be237510e5b135b2a3,PF-CONTEMPLATIVE-MEANING,RISK-LOW,GG-PRACTICE-RUNTIME-PROJECTION-2.0,false,pending,SP-STRUCTURED-EVIDENCE-ELIGIBLE,accepted_and_activated,active,blocked,not_applicable,L12;L13;L14,L12;L13;L14,accessibility_review_status:pending;content_review_status:pending;last_reviewed:missing;originality_review_status:pending;research_gap:RG-M6A-001:open;research_review_status:internal_sources_only_external_review_required;safety_review_status:pending;sources:incomplete
09.17,Adversarial reasoning and information operations,09,"Reasoning, Science, Truth, and Decision-Making",draft,PRACTICE-COMP-0917-ADVERSARIAL-REASONING-AND-INFORMATION-OPERATIONS-01,0.2.0,data/practices/protocols/09/PRACTICE-COMP-0917-ADVERSARIAL-REASONING-AND-INFORMATION-OPERATIONS-01.yaml,7db56a7fa7ef63a0e4dd8f960eb8aceac72fd8329665f4faa87a56250ebef4cc,PF-SKILL-REHEARSAL,RISK-LOW,GG-PRACTICE-RUNTIME-PROJECTION-2.0,false,pending,SP-STRUCTURED-EVIDENCE-ELIGIBLE,accepted_and_activated,active,blocked,not_applicable,L12;L13;L19;L31,L12;L13;L19;L31,accessibility_review_status:pending;content_review_status:pending;last_reviewed:missing;originality_review_status:pending;research_gap:RG-M6A-001:open;research_review_status:internal_sources_only_external_review_required;safety_review_status:pending;sources:incomplete
10.01,The science of learning,10,"Learning, Memory, Curiosity, Apprenticeship, and Teaching",draft,PRACTICE-COMP-1001-THE-SCIENCE-OF-LEARNING-01,0.2.0,data/practices/protocols/10/PRACTICE-COMP-1001-THE-SCIENCE-OF-LEARNING-01.yaml,79d7b56f10ba51609bd8e1fd2c55177d8227c8be34da4768a51a7d18697dc079,PF-KNOWLEDGE-APPLICATION,RISK-LOW,GG-PRACTICE-RUNTIME-PROJECTION-2.0,false,pending,SP-STRUCTURED-EVIDENCE-ELIGIBLE,accepted_and_activated,active,blocked,not_applicable,L10;L13;L15,L10;L13;L15,accessibility_review_status:pending;content_review_status:pending;last_reviewed:missing;originality_review_status:pending;research_gap:RG-M6A-001:open;research_review_status:internal_sources_only_external_review_required;safety_review_status:pending;sources:incomplete
10.02,Deliberate practice,10,"Learning, Memory, Curiosity, Apprenticeship, and Teaching",draft,PRACTICE-DELIBERATE-PRACTICE-01,0.2.0,data/practices/protocols/10/PRACTICE-DELIBERATE-PRACTICE-01.yaml,36b3a5023775be73cb142d04ecd00d0a1ea4dc2cb7d65c3dbf252f81a47b994f,PF-SKILL-REHEARSAL,RISK-LOW,GG-PRACTICE-RUNTIME-PROJECTION-2.0,false,pending_specialist_expansion_review,SP-STRUCTURED-EVIDENCE-ELIGIBLE,accepted_and_activated,active,blocked,not_applicable,L10;L15;L32,L15,accessibility_review_status:pending;content_review_status:pending;last_reviewed:missing;originality_review_status:pending;research_gap:RG-M6A-001:open;research_gap:RG-M6D-003:open;research_review_status:pending;safety_review_status:pending_specialist_expansion_review;sources:incomplete
10.03,Curiosity and question formation,10,"Learning, Memory, Curiosity, Apprenticeship, and Teaching",draft,PRACTICE-COMP-1003-CURIOSITY-AND-QUESTION-FORMATION-01,0.2.0,data/practices/protocols/10/PRACTICE-COMP-1003-CURIOSITY-AND-QUESTION-FORMATION-01.yaml,71ef618f6cfde9cd6ebe9515572f73aefaca4b58c144e4164ebf978299b36e41,PF-SKILL-REHEARSAL,RISK-LOW,GG-PRACTICE-RUNTIME-PROJECTION-2.0,false,pending,SP-STRUCTURED-EVIDENCE-ELIGIBLE,accepted_and_activated,active,blocked,not_applicable,L11;L12;L15,L11;L12;L15,accessibility_review_status:pending;content_review_status:pending;last_reviewed:missing;originality_review_status:pending;research_gap:RG-M6A-001:open;research_review_status:internal_sources_only_external_review_required;safety_review_status:pending;sources:incomplete
10.04,Research and information gathering,10,"Learning, Memory, Curiosity, Apprenticeship, and Teaching",draft,PRACTICE-COMP-1004-RESEARCH-AND-INFORMATION-GATHERING-01,0.2.0,data/practices/protocols/10/PRACTICE-COMP-1004-RESEARCH-AND-INFORMATION-GATHERING-01.yaml,61825510939614e70ae25e241675777850c1b316c39add20ac0ba394d09d47ca,PF-KNOWLEDGE-APPLICATION,RISK-LOW,GG-PRACTICE-RUNTIME-PROJECTION-2.0,false,pending,SP-STRUCTURED-EVIDENCE-ELIGIBLE,accepted_and_activated,active,blocked,not_applicable,L13;L15;L19,L13;L15;L19,accessibility_review_status:pending;content_review_status:pending;last_reviewed:missing;originality_review_status:pending;research_gap:RG-M6A-001:open;research_review_status:internal_sources_only_external_review_required;safety_review_status:pending;sources:incomplete
10.05,Knowledge organization and notes,10,"Learning, Memory, Curiosity, Apprenticeship, and Teaching",draft,PRACTICE-COMP-1005-KNOWLEDGE-ORGANIZATION-AND-NOTES-01,0.2.0,data/practices/protocols/10/PRACTICE-COMP-1005-KNOWLEDGE-ORGANIZATION-AND-NOTES-01.yaml,3cfa868fab6779159e59562fd3fbae8bc43ee243b19a6e4540bf1daf29073f10,PF-KNOWLEDGE-APPLICATION,RISK-LOW,GG-PRACTICE-RUNTIME-PROJECTION-2.0,false,pending,SP-STRUCTURED-EVIDENCE-ELIGIBLE,accepted_and_activated,active,blocked,not_applicable,L10;L15;L19,L10;L15;L19,accessibility_review_status:pending;content_review_status:pending;last_reviewed:missing;originality_review_status:pending;research_gap:RG-M6A-001:open;research_review_status:internal_sources_only_external_review_required;safety_review_status:pending;sources:incomplete
10.06,Memory and recall,10,"Learning, Memory, Curiosity, Apprenticeship, and Teaching",draft,PRACTICE-COMP-1006-MEMORY-AND-RECALL-01,0.2.0,data/practices/protocols/10/PRACTICE-COMP-1006-MEMORY-AND-RECALL-01.yaml,08701baef03f7a73930e111474a91eaa2e3e8d37b635a65f2d4b2085cd3e865e,PF-KNOWLEDGE-APPLICATION,RISK-LOW,GG-PRACTICE-RUNTIME-PROJECTION-2.0,false,pending,SP-STRUCTURED-EVIDENCE-ELIGIBLE,accepted_and_activated,active,blocked,not_applicable,L08;L10;L15,L08;L10;L15,accessibility_review_status:pending;content_review_status:pending;last_reviewed:missing;originality_review_status:pending;research_gap:RG-M6A-001:open;research_review_status:internal_sources_only_external_review_required;safety_review_status:pending;sources:incomplete
10.07,Skill decomposition and progression,10,"Learning, Memory, Curiosity, Apprenticeship, and Teaching",draft,PRACTICE-COMP-1007-SKILL-DECOMPOSITION-AND-PROGRESSION-01,0.2.0,data/practices/protocols/10/PRACTICE-COMP-1007-SKILL-DECOMPOSITION-AND-PROGRESSION-01.yaml,d02317d0b54a498bb6d4729a9090b9d084e5d97ca4df290f2ec1fe2f25c0e2ea,PF-ARTIFACT-PLAN,RISK-LOW,GG-PRACTICE-RUNTIME-PROJECTION-2.0,false,pending,SP-STRUCTURED-EVIDENCE-ELIGIBLE,accepted_and_activated,active,blocked,not_applicable,L10;L14;L15,L10;L14;L15,accessibility_review_status:pending;content_review_status:pending;last_reviewed:missing;originality_review_status:pending;research_gap:RG-M6A-001:open;research_review_status:internal_sources_only_external_review_required;safety_review_status:pending;sources:incomplete
10.08,Feedback and error correction,10,"Learning, Memory, Curiosity, Apprenticeship, and Teaching",draft,PRACTICE-COMP-1008-FEEDBACK-AND-ERROR-CORRECTION-01,0.2.0,data/practices/protocols/10/PRACTICE-COMP-1008-FEEDBACK-AND-ERROR-CORRECTION-01.yaml,6d41595dfe11e6daef23f5345d104d62794bad96fd2eca0c01b0e5d3d898673e,PF-SKILL-REHEARSAL,RISK-LOW,GG-PRACTICE-RUNTIME-PROJECTION-2.0,false,pending,SP-STRUCTURED-EVIDENCE-ELIGIBLE,accepted_and_activated,active,blocked,not_applicable,L10;L11;L13;L15,L10;L11;L13;L15,accessibility_review_status:pending;content_review_status:pending;last_reviewed:missing;originality_review_status:pending;research_gap:RG-M6A-001:open;research_review_status:internal_sources_only_external_review_required;safety_review_status:pending;sources:incomplete
10.09,Independent learning and resourcefulness,10,"Learning, Memory, Curiosity, Apprenticeship, and Teaching",draft,PRACTICE-COMP-1009-INDEPENDENT-LEARNING-AND-RESOURCEFULNESS-01,0.2.0,data/practices/protocols/10/PRACTICE-COMP-1009-INDEPENDENT-LEARNING-AND-RESOURCEFULNESS-01.yaml,3d43191239afafe7b241e45551cc6bfc78e5e919c3e88a3115f872c735d28a57,PF-KNOWLEDGE-APPLICATION,RISK-LOW,GG-PRACTICE-RUNTIME-PROJECTION-2.0,false,pending,SP-STRUCTURED-EVIDENCE-ELIGIBLE,accepted_and_activated,active,blocked,not_applicable,L10;L11;L15,L10;L11;L15,accessibility_review_status:pending;content_review_status:pending;last_reviewed:missing;originality_review_status:pending;research_gap:RG-M6A-001:open;research_review_status:internal_sources_only_external_review_required;safety_review_status:pending;sources:incomplete
10.10,Teaching and explanation,10,"Learning, Memory, Curiosity, Apprenticeship, and Teaching",draft,PRACTICE-COMP-1010-TEACHING-AND-EXPLANATION-01,0.2.0,data/practices/protocols/10/PRACTICE-COMP-1010-TEACHING-AND-EXPLANATION-01.yaml,dfc1d5b837733c6fa75c438f04fb977049d764c6eb94e609822cf9f1826cdc86,PF-SKILL-REHEARSAL,RISK-LOW,GG-PRACTICE-RUNTIME-PROJECTION-2.0,false,pending,SP-STRUCTURED-EVIDENCE-ELIGIBLE,accepted_and_activated,active,blocked,not_applicable,L15;L23;L24,L15;L23;L24,accessibility_review_status:pending;content_review_status:pending;last_reviewed:missing;originality_review_status:pending;research_gap:RG-M6A-001:open;research_review_status:internal_sources_only_external_review_required;safety_review_status:pending;sources:incomplete
10.11,Breadth and interdisciplinary literacy,10,"Learning, Memory, Curiosity, Apprenticeship, and Teaching",draft,PRACTICE-COMP-1011-BREADTH-AND-INTERDISCIPLINARY-LITERACY-01,0.2.0,data/practices/protocols/10/PRACTICE-COMP-1011-BREADTH-AND-INTERDISCIPLINARY-LITERACY-01.yaml,f28929d5d077f2c151bf6e76ea057fcfd7d988a4be938500951ad61c1b0f6907,PF-KNOWLEDGE-APPLICATION,RISK-LOW,GG-PRACTICE-RUNTIME-PROJECTION-2.0,false,pending,SP-STRUCTURED-EVIDENCE-ELIGIBLE,accepted_and_activated,active,blocked,not_applicable,L12;L15;L16;L31,L12;L15;L16;L31,accessibility_review_status:pending;content_review_status:pending;last_reviewed:missing;originality_review_status:pending;research_gap:RG-M6A-001:open;research_review_status:internal_sources_only_external_review_required;safety_review_status:pending;sources:incomplete
10.12,Apprenticeship and tacit knowledge,10,"Learning, Memory, Curiosity, Apprenticeship, and Teaching",draft,PRACTICE-COMP-1012-APPRENTICESHIP-AND-TACIT-KNOWLEDGE-01,0.2.0,data/practices/protocols/10/PRACTICE-COMP-1012-APPRENTICESHIP-AND-TACIT-KNOWLEDGE-01.yaml,3e5adc5ebc68b022bc612387a481010b3148be91929c00f0430caa429fb324d6,PF-SKILL-REHEARSAL,RISK-LOW,GG-PRACTICE-RUNTIME-PROJECTION-2.0,false,pending,SP-STRUCTURED-EVIDENCE-ELIGIBLE,accepted_and_activated,active,blocked,not_applicable,L15;L23;L26;L32,L15;L23;L26;L32,accessibility_review_status:pending;content_review_status:pending;last_reviewed:missing;originality_review_status:pending;research_gap:RG-M6A-001:open;research_review_status:internal_sources_only_external_review_required;safety_review_status:pending;sources:incomplete
10.13,Communal and intergenerational knowledge transmission,10,"Learning, Memory, Curiosity, Apprenticeship, and Teaching",draft,PRACTICE-COMP-1013-COMMUNAL-AND-INTERGENERATIONAL-KNOWLEDGE-TRANSMISSION-01,0.2.0,data/practices/protocols/10/PRACTICE-COMP-1013-COMMUNAL-AND-INTERGENERATIONAL-KNOWLEDGE-TRANSMISSION-01.yaml,6e7301cb6cd2597b3209e028e1c19d33eec834d45adebdda7102710845f366f9,PF-RELATIONAL-CONVERSATION,RISK-LOW,GG-PRACTICE-RUNTIME-PROJECTION-2.0,false,pending,SP-STRUCTURED-EVIDENCE-ELIGIBLE,accepted_and_activated,active,blocked,not_applicable,L15;L16;L26;L28,L15;L16;L26;L28,accessibility_review_status:pending;content_review_status:pending;last_reviewed:missing;originality_review_status:pending;research_gap:RG-M6A-001:open;research_review_status:internal_sources_only_external_review_required;safety_review_status:pending;sources:incomplete
10.14,Accessible and differentiated learning,10,"Learning, Memory, Curiosity, Apprenticeship, and Teaching",draft,PRACTICE-COMP-1014-ACCESSIBLE-AND-DIFFERENTIATED-LEARNING-01,0.2.0,data/practices/protocols/10/PRACTICE-COMP-1014-ACCESSIBLE-AND-DIFFERENTIATED-LEARNING-01.yaml,809a3129389b70d6a4e67c5953675ec166994ec5450044e7b81111ac80cd0e5e,PF-AUDIT-REDESIGN,RISK-LOW,GG-PRACTICE-RUNTIME-PROJECTION-2.0,false,pending,SP-STRUCTURED-EVIDENCE-ELIGIBLE,accepted_and_activated,active,blocked,not_applicable,L15;L23;L24;L31,L15;L23;L24;L31,accessibility_review_status:pending;content_review_status:pending;last_reviewed:missing;originality_review_status:pending;research_gap:RG-M6A-001:open;research_review_status:internal_sources_only_external_review_required;safety_review_status:pending;sources:incomplete
11.01,Time and energy audit,11,"Time, Priorities, Goals, and Execution",draft,PRACTICE-COMP-1101-TIME-AND-ENERGY-AUDIT-01,0.2.0,data/practices/protocols/11/PRACTICE-COMP-1101-TIME-AND-ENERGY-AUDIT-01.yaml,e8d262872b4e2c3eae62a617d0cc3ac040e8a3701d8af8cc5cd5d5625294ab62,PF-AUDIT-REDESIGN,RISK-LOW,GG-PRACTICE-RUNTIME-PROJECTION-2.0,false,pending,SP-STRUCTURED-EVIDENCE-ELIGIBLE,accepted_and_activated,active,blocked,not_applicable,L08;L10;L17;L36,L08;L10;L17;L36,accessibility_review_status:pending;content_review_status:pending;last_reviewed:missing;originality_review_status:pending;research_gap:RG-M6A-001:open;research_review_status:internal_sources_only_external_review_required;safety_review_status:pending;sources:incomplete
11.02,Priority hierarchy,11,"Time, Priorities, Goals, and Execution",draft,PRACTICE-COMP-1102-PRIORITY-HIERARCHY-01,0.2.0,data/practices/protocols/11/PRACTICE-COMP-1102-PRIORITY-HIERARCHY-01.yaml,8dbe4aea555e99ee93cd2d95010efb7b1e91250ad39a4bc34c7f7795df2e155e,PF-LONGITUDINAL-REVIEW,RISK-LOW,GG-PRACTICE-RUNTIME-PROJECTION-2.0,false,pending,SP-STRUCTURED-EVIDENCE-ELIGIBLE,accepted_and_activated,active,blocked,not_applicable,L01;L10;L14;L36,L01;L10;L14;L36,accessibility_review_status:pending;content_review_status:pending;last_reviewed:missing;originality_review_status:pending;research_gap:RG-M6A-001:open;research_review_status:internal_sources_only_external_review_required;safety_review_status:pending;sources:incomplete
11.03,Goal definition and success criteria,11,"Time, Priorities, Goals, and Execution",draft,PRACTICE-COMP-1103-GOAL-DEFINITION-AND-SUCCESS-CRITERIA-01,0.2.0,data/practices/protocols/11/PRACTICE-COMP-1103-GOAL-DEFINITION-AND-SUCCESS-CRITERIA-01.yaml,7e522fbfb99ea14b8bad1e8683f73adec40041d136b01d23cc66394ead9873e3,PF-AUDIT-REDESIGN,RISK-LOW,GG-PRACTICE-RUNTIME-PROJECTION-2.0,false,pending,SP-STRUCTURED-EVIDENCE-ELIGIBLE,accepted_and_activated,active,blocked,not_applicable,L10;L14;L36,L10;L14;L36,accessibility_review_status:pending;content_review_status:pending;last_reviewed:missing;originality_review_status:pending;research_gap:RG-M6A-001:open;research_review_status:internal_sources_only_external_review_required;safety_review_status:pending;sources:incomplete
11.04,Milestones and task decomposition,11,"Time, Priorities, Goals, and Execution",draft,PRACTICE-COMP-1104-MILESTONES-AND-TASK-DECOMPOSITION-01,0.2.0,data/practices/protocols/11/PRACTICE-COMP-1104-MILESTONES-AND-TASK-DECOMPOSITION-01.yaml,e46b247da685d1e91f64fa6b7dce7fa8d290c61ed7da2d263f6f0570ec473206,PF-AUDIT-REDESIGN,RISK-LOW,GG-PRACTICE-RUNTIME-PROJECTION-2.0,false,pending,SP-STRUCTURED-EVIDENCE-ELIGIBLE,accepted_and_activated,active,blocked,not_applicable,L10;L14;L32,L10;L14;L32,accessibility_review_status:pending;content_review_status:pending;last_reviewed:missing;originality_review_status:pending;research_gap:RG-M6A-001:open;research_review_status:internal_sources_only_external_review_required;safety_review_status:pending;sources:incomplete
11.05,Scheduling and realistic capacity,11,"Time, Priorities, Goals, and Execution",draft,PRACTICE-COMP-1105-SCHEDULING-AND-REALISTIC-CAPACITY-01,0.2.0,data/practices/protocols/11/PRACTICE-COMP-1105-SCHEDULING-AND-REALISTIC-CAPACITY-01.yaml,6f451740b273af62c54ca64adfc38f75c161a60cf0f8acdaeb70cd321109a889,PF-AUDIT-REDESIGN,RISK-LOW,GG-PRACTICE-RUNTIME-PROJECTION-2.0,false,pending,SP-STRUCTURED-EVIDENCE-ELIGIBLE,accepted_and_activated,active,blocked,not_applicable,L10;L11;L17;L36,L10;L11;L17;L36,accessibility_review_status:pending;content_review_status:pending;last_reviewed:missing;originality_review_status:pending;research_gap:RG-M6A-001:open;research_review_status:internal_sources_only_external_review_required;safety_review_status:pending;sources:incomplete
11.06,Project and workflow management,11,"Time, Priorities, Goals, and Execution",draft,PRACTICE-COMP-1106-PROJECT-AND-WORKFLOW-MANAGEMENT-01,0.2.0,data/practices/protocols/11/PRACTICE-COMP-1106-PROJECT-AND-WORKFLOW-MANAGEMENT-01.yaml,90bcc446401ed2c22d18b4c282a26476a7e5eda102f03128673905d696987123,PF-AUDIT-REDESIGN,RISK-LOW,GG-PRACTICE-RUNTIME-PROJECTION-2.0,false,pending,SP-STRUCTURED-EVIDENCE-ELIGIBLE,accepted_and_activated,active,blocked,not_applicable,L10;L14;L32,L10;L14;L32,accessibility_review_status:pending;content_review_status:pending;last_reviewed:missing;originality_review_status:pending;research_gap:RG-M6A-001:open;research_review_status:internal_sources_only_external_review_required;safety_review_status:pending;sources:incomplete
11.07,Pacing and sustainable intensity,11,"Time, Priorities, Goals, and Execution",draft,PRACTICE-COMP-1107-PACING-AND-SUSTAINABLE-INTENSITY-01,0.2.0,data/practices/protocols/11/PRACTICE-COMP-1107-PACING-AND-SUSTAINABLE-INTENSITY-01.yaml,fa6907ad13ef7f080ac8c83b21db63c580c8b56222a39c7430c255f70a6d2f2f,PF-AUDIT-REDESIGN,RISK-LOW,GG-PRACTICE-RUNTIME-PROJECTION-2.0,false,pending,SP-STRUCTURED-EVIDENCE-ELIGIBLE,accepted_and_activated,active,blocked,not_applicable,L10;L17;L34;L36,L10;L17;L34;L36,accessibility_review_status:pending;content_review_status:pending;last_reviewed:missing;originality_review_status:pending;research_gap:RG-M6A-001:open;research_review_status:internal_sources_only_external_review_required;safety_review_status:pending;sources:incomplete
11.08,Follow-through and accountability,11,"Time, Priorities, Goals, and Execution",draft,PRACTICE-COMP-1108-FOLLOW-THROUGH-AND-ACCOUNTABILITY-01,0.2.0,data/practices/protocols/11/PRACTICE-COMP-1108-FOLLOW-THROUGH-AND-ACCOUNTABILITY-01.yaml,fbc714da086f67ea00ec2bcdbaf6e56dddc2d88fe7f4a7ea53371ece912deeb1,PF-AUDIT-REDESIGN,RISK-LOW,GG-PRACTICE-RUNTIME-PROJECTION-2.0,false,pending,SP-STRUCTURED-EVIDENCE-ELIGIBLE,accepted_and_activated,active,blocked,not_applicable,L02;L10;L32,L02;L10;L32,accessibility_review_status:pending;content_review_status:pending;last_reviewed:missing;originality_review_status:pending;research_gap:RG-M6A-001:open;research_review_status:internal_sources_only_external_review_required;safety_review_status:pending;sources:incomplete
11.09,"Review, measurement, and adaptation",11,"Time, Priorities, Goals, and Execution",draft,PRACTICE-COMP-1109-REVIEW-MEASUREMENT-AND-ADAPTATION-01,0.2.0,data/practices/protocols/11/PRACTICE-COMP-1109-REVIEW-MEASUREMENT-AND-ADAPTATION-01.yaml,c04fbb008112e1e22425422d06c3ea3205924a9af1a5e29f659c0aacaa049143,PF-AUDIT-REDESIGN,RISK-LOW,GG-PRACTICE-RUNTIME-PROJECTION-2.0,false,pending,SP-STRUCTURED-EVIDENCE-ELIGIBLE,accepted_and_activated,active,blocked,not_applicable,L10;L11;L14;L36,L10;L11;L14;L36,accessibility_review_status:pending;content_review_status:pending;last_reviewed:missing;originality_review_status:pending;research_gap:RG-M6A-001:open;research_review_status:internal_sources_only_external_review_required;safety_review_status:pending;sources:incomplete
11.10,Saying no and ending responsibly,11,"Time, Priorities, Goals, and Execution",projected_legacy,PRACTICE-BOUNDARY-01,1.0.0,data/practices/protocols/11/PRACTICE-BOUNDARY-01.yaml,40e6d1d8145b865750f54f73b47124f84cba376fb1b0e4a1431586492517e690,PF-RELATIONAL-CONVERSATION,RISK-MODERATE,GG-PRACTICE-RUNTIME-PROJECTION-1.0,false,pending_specialist_expansion_review,SP-STRUCTURED-EVIDENCE-ELIGIBLE,accepted_and_activated,active,blocked,existing_runtime_coverage,L10;L25;L29;L36,L25,accessibility_review_status:pilot_boundary_reviewed_expansion_review_pending;content_review_status:frozen_runtime_behavior;expert_review:ER-M6A-002:pending;last_reviewed:missing;originality_review_status:legacy_exceptions_recorded_expansion_review_pending;research_gap:RG-M6A-001:open;research_gap:RG-M6A-006:open;research_review_status:internal_sources_only_external_review_required;safety_review_status:pending_specialist_expansion_review;sources:incomplete;specialist_review:missing;ui_test_status:existing_runtime_coverage
12.01,Health literacy and preventive care,12,"Physical Health, Fitness, and Embodiment",draft,PRACTICE-COMP-1201-HEALTH-LITERACY-AND-PREVENTIVE-CARE-01,0.2.0,data/practices/protocols/12/PRACTICE-COMP-1201-HEALTH-LITERACY-AND-PREVENTIVE-CARE-01.yaml,ad130deb99b3545822799399cf097eacb8dd6cae36e8ba373d0447c3770e3514,PF-QUALIFIED-CONSULTATION,RISK-HIGH,GG-PRACTICE-RUNTIME-PROJECTION-2.0,false,pending_specialist_expansion_review,SP-STRUCTURED-EVIDENCE-ELIGIBLE,accepted_and_activated,active,blocked,not_applicable,L10;L13;L17,L10;L13;L17,accessibility_review_status:pending;content_review_status:pending;last_reviewed:missing;originality_review_status:pending;research_gap:RG-M6A-001:open;research_review_status:internal_sources_only_external_review_required;safety_review_status:pending_specialist_expansion_review;sources:incomplete;specialist_review:missing
12.02,Sleep and circadian health,12,"Physical Health, Fitness, and Embodiment",draft,PRACTICE-COMP-1202-SLEEP-AND-CIRCADIAN-HEALTH-01,0.2.0,data/practices/protocols/12/PRACTICE-COMP-1202-SLEEP-AND-CIRCADIAN-HEALTH-01.yaml,3a2011f922a48dc85235171ea8217e4c6b96196bfe5c66541731b7022ff01473,PF-QUALIFIED-CONSULTATION,RISK-HIGH,GG-PRACTICE-RUNTIME-PROJECTION-2.0,false,pending_specialist_expansion_review,SP-STRUCTURED-EVIDENCE-ELIGIBLE,accepted_and_activated,active,blocked,not_applicable,L10;L17,L10;L17,accessibility_review_status:pending;content_review_status:pending;last_reviewed:missing;originality_review_status:pending;research_gap:RG-M6A-001:open;research_review_status:internal_sources_only_external_review_required;safety_review_status:pending_specialist_expansion_review;sources:incomplete;specialist_review:missing
12.03,Nutrition fundamentals,12,"Physical Health, Fitness, and Embodiment",draft,PRACTICE-COMP-1203-NUTRITION-FUNDAMENTALS-01,0.2.0,data/practices/protocols/12/PRACTICE-COMP-1203-NUTRITION-FUNDAMENTALS-01.yaml,a355673a3c45aaaed0805dd523f81bed9ad5ccf5ef9f297282ba69c564d206e6,PF-QUALIFIED-CONSULTATION,RISK-HIGH,GG-PRACTICE-RUNTIME-PROJECTION-2.0,false,pending_specialist_expansion_review,SP-STRUCTURED-EVIDENCE-ELIGIBLE,accepted_and_activated,active,blocked,not_applicable,L13;L17;L18,L13;L17;L18,accessibility_review_status:pending;content_review_status:pending;last_reviewed:missing;originality_review_status:pending;research_gap:RG-M6A-001:open;research_review_status:internal_sources_only_external_review_required;safety_review_status:pending_specialist_expansion_review;sources:incomplete;specialist_review:missing
12.04,Food relationship and body image,12,"Physical Health, Fitness, and Embodiment",draft,PRACTICE-COMP-1204-FOOD-RELATIONSHIP-AND-BODY-IMAGE-01,0.2.0,data/practices/protocols/12/PRACTICE-COMP-1204-FOOD-RELATIONSHIP-AND-BODY-IMAGE-01.yaml,a6645e6b6326d65f9d1fd36451c70218bd9b7f992761b0af3650f43a3d06bf9d,PF-QUALIFIED-CONSULTATION,RISK-HIGH,GG-PRACTICE-RUNTIME-PROJECTION-2.0,false,pending_specialist_expansion_review,SP-STRUCTURED-EVIDENCE-ELIGIBLE,accepted_and_activated,active,blocked,not_applicable,L05;L07;L09;L17,L05;L07;L09;L17,accessibility_review_status:pending;content_review_status:pending;last_reviewed:missing;originality_review_status:pending;research_gap:RG-M6A-001:open;research_review_status:internal_sources_only_external_review_required;safety_review_status:pending_specialist_expansion_review;sources:incomplete;specialist_review:missing
12.05,Strength and muscular capability,12,"Physical Health, Fitness, and Embodiment",draft,PRACTICE-COMP-1205-STRENGTH-AND-MUSCULAR-CAPABILITY-01,0.2.0,data/practices/protocols/12/PRACTICE-COMP-1205-STRENGTH-AND-MUSCULAR-CAPABILITY-01.yaml,22e6160059798ccddf365a462855d0650915c1c1d1649fa3f6f7161214dde5fd,PF-SKILL-REHEARSAL,RISK-HIGH,GG-PRACTICE-RUNTIME-PROJECTION-2.0,false,pending_specialist_expansion_review,SP-STRUCTURED-EVIDENCE-ELIGIBLE,accepted_and_activated,active,blocked,not_applicable,L10;L17,L10;L17,accessibility_review_status:pending;content_review_status:pending;last_reviewed:missing;originality_review_status:pending;research_gap:RG-M6A-001:open;research_review_status:internal_sources_only_external_review_required;safety_review_status:pending_specialist_expansion_review;sources:incomplete;specialist_review:missing
12.06,Cardiovascular endurance,12,"Physical Health, Fitness, and Embodiment",draft,PRACTICE-COMP-1206-CARDIOVASCULAR-ENDURANCE-01,0.2.0,data/practices/protocols/12/PRACTICE-COMP-1206-CARDIOVASCULAR-ENDURANCE-01.yaml,94cdcdfa08a0dade87663bcab3ff43ad002186adcc59838768af1e1c7eb3a51d,PF-QUALIFIED-CONSULTATION,RISK-HIGH,GG-PRACTICE-RUNTIME-PROJECTION-2.0,false,pending_specialist_expansion_review,SP-STRUCTURED-EVIDENCE-ELIGIBLE,accepted_and_activated,active,blocked,not_applicable,L10;L17,L10;L17,accessibility_review_status:pending;content_review_status:pending;last_reviewed:missing;originality_review_status:pending;research_gap:RG-M6A-001:open;research_review_status:internal_sources_only_external_review_required;safety_review_status:pending_specialist_expansion_review;sources:incomplete;specialist_review:missing
12.07,"Mobility, flexibility, and joint capacity",12,"Physical Health, Fitness, and Embodiment",draft,PRACTICE-COMP-1207-MOBILITY-FLEXIBILITY-AND-JOINT-CAPACITY-01,0.2.0,data/practices/protocols/12/PRACTICE-COMP-1207-MOBILITY-FLEXIBILITY-AND-JOINT-CAPACITY-01.yaml,813ec129a226c33a90d9d994abfc4749eea2ca9c7675fad4cc80c26081da1a86,PF-QUALIFIED-CONSULTATION,RISK-HIGH,GG-PRACTICE-RUNTIME-PROJECTION-2.0,false,pending_specialist_expansion_review,SP-STRUCTURED-EVIDENCE-ELIGIBLE,accepted_and_activated,active,blocked,not_applicable,L10;L17,L10;L17,accessibility_review_status:pending;content_review_status:pending;last_reviewed:missing;originality_review_status:pending;research_gap:RG-M6A-001:open;research_review_status:internal_sources_only_external_review_required;safety_review_status:pending_specialist_expansion_review;sources:incomplete;specialist_review:missing
12.08,"Power, speed, coordination, and agility",12,"Physical Health, Fitness, and Embodiment",draft,PRACTICE-COMP-1208-POWER-SPEED-COORDINATION-AND-AGILITY-01,0.2.0,data/practices/protocols/12/PRACTICE-COMP-1208-POWER-SPEED-COORDINATION-AND-AGILITY-01.yaml,131aa8f52b33637b07fff8b97ec0be859a2fd6c44ecea487a6dc98d14b9a0088,PF-SKILL-REHEARSAL,RISK-HIGH,GG-PRACTICE-RUNTIME-PROJECTION-2.0,false,pending_specialist_expansion_review,SP-STRUCTURED-EVIDENCE-ELIGIBLE,accepted_and_activated,active,blocked,not_applicable,L17;L35,L17;L35,accessibility_review_status:pending;content_review_status:pending;last_reviewed:missing;originality_review_status:pending;research_gap:RG-M6A-001:open;research_review_status:internal_sources_only_external_review_required;safety_review_status:pending_specialist_expansion_review;sources:incomplete;specialist_review:missing
12.09,Body composition and metabolic health,12,"Physical Health, Fitness, and Embodiment",draft,PRACTICE-COMP-1209-BODY-COMPOSITION-AND-METABOLIC-HEALTH-01,0.2.0,data/practices/protocols/12/PRACTICE-COMP-1209-BODY-COMPOSITION-AND-METABOLIC-HEALTH-01.yaml,6ee37930856a1d1fe94c56e201785d53dfc46565a7c52d8f9c369146f135b9fe,PF-QUALIFIED-CONSULTATION,RISK-HIGH,GG-PRACTICE-RUNTIME-PROJECTION-2.0,false,pending_specialist_expansion_review,SP-STRUCTURED-EVIDENCE-ELIGIBLE,accepted_and_activated,active,blocked,not_applicable,L09;L13;L17,L09;L13;L17,accessibility_review_status:pending;content_review_status:pending;last_reviewed:missing;originality_review_status:pending;research_gap:RG-M6A-001:open;research_review_status:internal_sources_only_external_review_required;safety_review_status:pending_specialist_expansion_review;sources:incomplete;specialist_review:missing
12.10,"Recovery, fatigue, and injury prevention",12,"Physical Health, Fitness, and Embodiment",draft,PRACTICE-COMP-1210-RECOVERY-FATIGUE-AND-INJURY-PREVENTION-01,0.2.0,data/practices/protocols/12/PRACTICE-COMP-1210-RECOVERY-FATIGUE-AND-INJURY-PREVENTION-01.yaml,e79c3239a3c1e1ddca775fea30955f8af6654c0207628a2d5f25d9ac11e7a232,PF-QUALIFIED-CONSULTATION,RISK-HIGH,GG-PRACTICE-RUNTIME-PROJECTION-2.0,false,pending_specialist_expansion_review,SP-STRUCTURED-EVIDENCE-ELIGIBLE,accepted_and_activated,active,blocked,not_applicable,L10;L11;L17,L10;L11;L17,accessibility_review_status:pending;content_review_status:pending;last_reviewed:missing;originality_review_status:pending;research_gap:RG-M6A-001:open;research_review_status:internal_sources_only_external_review_required;safety_review_status:pending_specialist_expansion_review;sources:incomplete;specialist_review:missing
12.11,Substances and altered states,12,"Physical Health, Fitness, and Embodiment",draft,PRACTICE-COMP-1211-SUBSTANCES-AND-ALTERED-STATES-01,0.2.0,data/practices/protocols/12/PRACTICE-COMP-1211-SUBSTANCES-AND-ALTERED-STATES-01.yaml,0ca9d8780b8b58174d2bb30db01b3882b8b4750002603af49e5980fb038ca84c,PF-SAFETY-PREPARATION,RISK-HIGH,GG-PRACTICE-RUNTIME-PROJECTION-2.0,false,pending_specialist_expansion_review,SP-STRUCTURED-EVIDENCE-ELIGIBLE,accepted_and_activated,active,blocked,not_applicable,L03;L09;L17;L20,L03;L09;L17;L20,accessibility_review_status:pending;content_review_status:pending;last_reviewed:missing;originality_review_status:pending;research_gap:RG-M6A-001:open;research_review_status:internal_sources_only_external_review_required;safety_review_status:pending_specialist_expansion_review;sources:incomplete;specialist_review:missing
12.12,Bodily autonomy and personal boundaries,12,"Physical Health, Fitness, and Embodiment",draft,PRACTICE-COMP-1212-BODILY-AUTONOMY-AND-PERSONAL-BOUNDARIES-01,0.2.0,data/practices/protocols/12/PRACTICE-COMP-1212-BODILY-AUTONOMY-AND-PERSONAL-BOUNDARIES-01.yaml,209f68293b5955638c21387706a2cd648e8b240cf508f3ca16c6e7ddb3337a93,PF-QUALIFIED-CONSULTATION,RISK-HIGH,GG-PRACTICE-RUNTIME-PROJECTION-2.0,false,pending_specialist_expansion_review,SP-STRUCTURED-EVIDENCE-ELIGIBLE,accepted_and_activated,active,blocked,not_applicable,L17;L25;L27;L31,L17;L25;L27;L31,accessibility_review_status:pending;content_review_status:pending;last_reviewed:missing;originality_review_status:pending;research_gap:RG-M6A-001:open;research_review_status:internal_sources_only_external_review_required;safety_review_status:pending_specialist_expansion_review;sources:incomplete;specialist_review:missing
12.13,"Grooming, dress, and presentation",12,"Physical Health, Fitness, and Embodiment",draft,PRACTICE-COMP-1213-GROOMING-DRESS-AND-PRESENTATION-01,0.2.0,data/practices/protocols/12/PRACTICE-COMP-1213-GROOMING-DRESS-AND-PRESENTATION-01.yaml,22372fecfb6d27cb7bb80877c96730e10390f3bcf1d9d6ef75bc336fc12ab81d,PF-QUALIFIED-CONSULTATION,RISK-HIGH,GG-PRACTICE-RUNTIME-PROJECTION-2.0,false,pending_specialist_expansion_review,SP-STRUCTURED-EVIDENCE-ELIGIBLE,accepted_and_activated,active,blocked,not_applicable,L16;L17;L23;L32,L16;L17;L23;L32,accessibility_review_status:pending;content_review_status:pending;last_reviewed:missing;originality_review_status:pending;research_gap:RG-M6A-001:open;research_review_status:internal_sources_only_external_review_required;safety_review_status:pending_specialist_expansion_review;sources:incomplete;specialist_review:missing
12.14,Functional aging and lifelong movement,12,"Physical Health, Fitness, and Embodiment",draft,PRACTICE-COMP-1214-FUNCTIONAL-AGING-AND-LIFELONG-MOVEMENT-01,0.2.0,data/practices/protocols/12/PRACTICE-COMP-1214-FUNCTIONAL-AGING-AND-LIFELONG-MOVEMENT-01.yaml,a8bb3544b4f0a4a02e8f41665d0ea78863cf578c4f3bf0a3042efa78976b4810,PF-QUALIFIED-CONSULTATION,RISK-HIGH,GG-PRACTICE-RUNTIME-PROJECTION-2.0,false,pending_specialist_expansion_review,SP-STRUCTURED-EVIDENCE-ELIGIBLE,accepted_and_activated,active,blocked,not_applicable,L10;L17;L36,L10;L17;L36,accessibility_review_status:pending;content_review_status:pending;last_reviewed:missing;originality_review_status:pending;research_gap:RG-M6A-001:open;research_review_status:internal_sources_only_external_review_required;safety_review_status:pending_specialist_expansion_review;sources:incomplete;specialist_review:missing
12.15,Adaptive movement and fitness,12,"Physical Health, Fitness, and Embodiment",draft,PRACTICE-COMP-1215-ADAPTIVE-MOVEMENT-AND-FITNESS-01,0.2.0,data/practices/protocols/12/PRACTICE-COMP-1215-ADAPTIVE-MOVEMENT-AND-FITNESS-01.yaml,1590a347d62ca769d59b57ebfe24c2899e08027bfa1260f6ab94794df5cc97d8,PF-QUALIFIED-CONSULTATION,RISK-HIGH,GG-PRACTICE-RUNTIME-PROJECTION-2.0,false,pending_specialist_expansion_review,SP-STRUCTURED-EVIDENCE-ELIGIBLE,accepted_and_activated,active,blocked,not_applicable,L05;L11;L17;L31,L05;L11;L17;L31,accessibility_review_status:pending;content_review_status:pending;last_reviewed:missing;originality_review_status:pending;research_gap:RG-M6A-001:open;research_review_status:internal_sources_only_external_review_required;safety_review_status:pending_specialist_expansion_review;sources:incomplete;specialist_review:missing
12.16,Pain literacy and safe response,12,"Physical Health, Fitness, and Embodiment",draft,PRACTICE-COMP-1216-PAIN-LITERACY-AND-SAFE-RESPONSE-01,0.2.0,data/practices/protocols/12/PRACTICE-COMP-1216-PAIN-LITERACY-AND-SAFE-RESPONSE-01.yaml,c2573be90ef07009f177fa02d6323c3e3c9d2a50f1e962989f9af9b10255c632,PF-QUALIFIED-CONSULTATION,RISK-HIGH,GG-PRACTICE-RUNTIME-PROJECTION-2.0,false,pending_specialist_expansion_review,SP-STRUCTURED-EVIDENCE-ELIGIBLE,accepted_and_activated,active,blocked,not_applicable,L07;L13;L17;L20,L07;L13;L17;L20,accessibility_review_status:pending;content_review_status:pending;last_reviewed:missing;originality_review_status:pending;research_gap:RG-M6A-001:open;research_review_status:internal_sources_only_external_review_required;safety_review_status:pending_specialist_expansion_review;sources:incomplete;specialist_review:missing
13.01,Independent-living administration,13,"Domestic Competence, Infrastructure, and Material Life",draft,PRACTICE-COMP-1301-INDEPENDENT-LIVING-ADMINISTRATION-01,0.2.0,data/practices/protocols/13/PRACTICE-COMP-1301-INDEPENDENT-LIVING-ADMINISTRATION-01.yaml,5ed43e4c7bfda90fdda00c3b657456f6b1fd3c179af7f7e540261aa6f206a8d4,PF-AUDIT-REDESIGN,RISK-MODERATE,GG-PRACTICE-RUNTIME-PROJECTION-2.0,false,pending,SP-STRUCTURED-EVIDENCE-ELIGIBLE,accepted_and_activated,active,blocked,not_applicable,L10;L18;L21,L10;L18;L21,accessibility_review_status:pending;content_review_status:pending;last_reviewed:missing;originality_review_status:pending;research_gap:RG-M6A-001:open;research_review_status:internal_sources_only_external_review_required;safety_review_status:pending;sources:incomplete;specialist_review:missing
13.02,Home organization and maintenance systems,13,"Domestic Competence, Infrastructure, and Material Life",draft,PRACTICE-HOME-UPKEEP-SYSTEM-01,0.2.0,data/practices/protocols/13/PRACTICE-HOME-UPKEEP-SYSTEM-01.yaml,906730e1fe8209d56919fd485c0bbb54da991a98b246089b4e729699dca6c65b,PF-AUDIT-REDESIGN,RISK-LOW,GG-PRACTICE-RUNTIME-PROJECTION-2.0,false,pending_specialist_expansion_review,SP-STRUCTURED-EVIDENCE-ELIGIBLE,accepted_and_activated,active,blocked,not_applicable,L10;L18;L36,L18,accessibility_review_status:pending;content_review_status:pending;last_reviewed:missing;originality_review_status:pending;research_gap:RG-M6A-001:open;research_gap:RG-M6D-004:open;research_review_status:pending;safety_review_status:pending_specialist_expansion_review;sources:incomplete
13.03,"Cleaning, sanitation, and waste",13,"Domestic Competence, Infrastructure, and Material Life",draft,PRACTICE-COMP-1303-CLEANING-SANITATION-AND-WASTE-01,0.2.0,data/practices/protocols/13/PRACTICE-COMP-1303-CLEANING-SANITATION-AND-WASTE-01.yaml,fc31c39711090c6a9e7107e0fb742d90a04a82cfa53437dc0a5b4053aadbfb3c,PF-SKILL-REHEARSAL,RISK-MODERATE,GG-PRACTICE-RUNTIME-PROJECTION-2.0,false,pending,SP-STRUCTURED-EVIDENCE-ELIGIBLE,accepted_and_activated,active,blocked,not_applicable,L10;L17;L18,L10;L17;L18,accessibility_review_status:pending;content_review_status:pending;last_reviewed:missing;originality_review_status:pending;research_gap:RG-M6A-001:open;research_review_status:internal_sources_only_external_review_required;safety_review_status:pending;sources:incomplete;specialist_review:missing
13.04,Laundry and clothing care,13,"Domestic Competence, Infrastructure, and Material Life",draft,PRACTICE-COMP-1304-LAUNDRY-AND-CLOTHING-CARE-01,0.2.0,data/practices/protocols/13/PRACTICE-COMP-1304-LAUNDRY-AND-CLOTHING-CARE-01.yaml,e1f43b372b5976214cf7e88b435113280f9e628711c0f1374f4b54acd6e38c22,PF-SKILL-REHEARSAL,RISK-MODERATE,GG-PRACTICE-RUNTIME-PROJECTION-2.0,false,pending,SP-STRUCTURED-EVIDENCE-ELIGIBLE,accepted_and_activated,active,blocked,not_applicable,L10;L18,L10;L18,accessibility_review_status:pending;content_review_status:pending;last_reviewed:missing;originality_review_status:pending;research_gap:RG-M6A-001:open;research_review_status:internal_sources_only_external_review_required;safety_review_status:pending;sources:incomplete;specialist_review:missing
13.05,Cooking fundamentals,13,"Domestic Competence, Infrastructure, and Material Life",draft,PRACTICE-COMP-1305-COOKING-FUNDAMENTALS-01,0.2.0,data/practices/protocols/13/PRACTICE-COMP-1305-COOKING-FUNDAMENTALS-01.yaml,4f771a6707058071dd4105570a6709d9877e7fd0899f96908d578691c0331b0a,PF-SKILL-REHEARSAL,RISK-MODERATE,GG-PRACTICE-RUNTIME-PROJECTION-2.0,false,pending,SP-STRUCTURED-EVIDENCE-ELIGIBLE,accepted_and_activated,active,blocked,not_applicable,L16;L17;L18,L16;L17;L18,accessibility_review_status:pending;content_review_status:pending;last_reviewed:missing;originality_review_status:pending;research_gap:RG-M6A-001:open;research_review_status:internal_sources_only_external_review_required;safety_review_status:pending;sources:incomplete;specialist_review:missing
13.06,Baking and food chemistry,13,"Domestic Competence, Infrastructure, and Material Life",draft,PRACTICE-COMP-1306-BAKING-AND-FOOD-CHEMISTRY-01,0.2.0,data/practices/protocols/13/PRACTICE-COMP-1306-BAKING-AND-FOOD-CHEMISTRY-01.yaml,5c4ead322b340c5f2f74b81564df28f19ed69a23062d4a6e3b871a8375a1f2af,PF-BEHAVIORAL-EXPERIMENT,RISK-MODERATE,GG-PRACTICE-RUNTIME-PROJECTION-2.0,false,pending,SP-STRUCTURED-EVIDENCE-ELIGIBLE,accepted_and_activated,active,blocked,not_applicable,L15;L16;L18,L15;L16;L18,accessibility_review_status:pending;content_review_status:pending;last_reviewed:missing;originality_review_status:pending;research_gap:RG-M6A-001:open;research_review_status:internal_sources_only_external_review_required;safety_review_status:pending;sources:incomplete;specialist_review:missing
13.07,"Meal planning, shopping, and food storage",13,"Domestic Competence, Infrastructure, and Material Life",draft,PRACTICE-COMP-1307-MEAL-PLANNING-SHOPPING-AND-FOOD-STORAGE-01,0.2.0,data/practices/protocols/13/PRACTICE-COMP-1307-MEAL-PLANNING-SHOPPING-AND-FOOD-STORAGE-01.yaml,023da764c4c4e3329e6dc26bb58c638e2dfc5225f261b95b4d4a31281716173f,PF-ARTIFACT-PLAN,RISK-MODERATE,GG-PRACTICE-RUNTIME-PROJECTION-2.0,false,pending,SP-STRUCTURED-EVIDENCE-ELIGIBLE,accepted_and_activated,active,blocked,not_applicable,L17;L18;L21,L17;L18;L21,accessibility_review_status:pending;content_review_status:pending;last_reviewed:missing;originality_review_status:pending;research_gap:RG-M6A-001:open;research_review_status:internal_sources_only_external_review_required;safety_review_status:pending;sources:incomplete;specialist_review:missing
13.08,Basic tools and household repair,13,"Domestic Competence, Infrastructure, and Material Life",draft,PRACTICE-COMP-1308-BASIC-TOOLS-AND-HOUSEHOLD-REPAIR-01,0.2.0,data/practices/protocols/13/PRACTICE-COMP-1308-BASIC-TOOLS-AND-HOUSEHOLD-REPAIR-01.yaml,7bd2029bc3e19cbe331a503cb3af9a86d160c4e31b00d5e70a203f7aa927bb64,PF-SKILL-REHEARSAL,RISK-MODERATE,GG-PRACTICE-RUNTIME-PROJECTION-2.0,false,pending,SP-STRUCTURED-EVIDENCE-ELIGIBLE,accepted_and_activated,active,blocked,not_applicable,L15;L18;L20,L15;L18;L20,accessibility_review_status:pending;content_review_status:pending;last_reviewed:missing;originality_review_status:pending;research_gap:RG-M6A-001:open;research_review_status:internal_sources_only_external_review_required;safety_review_status:pending;sources:incomplete;specialist_review:missing
13.09,Mechanical and vehicle literacy,13,"Domestic Competence, Infrastructure, and Material Life",draft,PRACTICE-COMP-1309-MECHANICAL-AND-VEHICLE-LITERACY-01,0.2.0,data/practices/protocols/13/PRACTICE-COMP-1309-MECHANICAL-AND-VEHICLE-LITERACY-01.yaml,a67ebbaa04d309c8a7ba7bdf521be06daef4e913122feed09e27e011b973f352,PF-KNOWLEDGE-APPLICATION,RISK-MODERATE,GG-PRACTICE-RUNTIME-PROJECTION-2.0,false,pending,SP-STRUCTURED-EVIDENCE-ELIGIBLE,accepted_and_activated,active,blocked,not_applicable,L15;L18;L20,L15;L18;L20,accessibility_review_status:pending;content_review_status:pending;last_reviewed:missing;originality_review_status:pending;research_gap:RG-M6A-001:open;research_review_status:internal_sources_only_external_review_required;safety_review_status:pending;sources:incomplete;specialist_review:missing
13.10,Utilities and household systems,13,"Domestic Competence, Infrastructure, and Material Life",draft,PRACTICE-COMP-1310-UTILITIES-AND-HOUSEHOLD-SYSTEMS-01,0.2.0,data/practices/protocols/13/PRACTICE-COMP-1310-UTILITIES-AND-HOUSEHOLD-SYSTEMS-01.yaml,736a2422cde393362be9329fbdaf25a03d07e4aec1dce5c13b3f057c09a935a9,PF-SAFETY-PREPARATION,RISK-MODERATE,GG-PRACTICE-RUNTIME-PROJECTION-2.0,false,pending,SP-STRUCTURED-EVIDENCE-ELIGIBLE,accepted_and_activated,active,blocked,not_applicable,L14;L18;L20,L14;L18;L20,accessibility_review_status:pending;content_review_status:pending;last_reviewed:missing;originality_review_status:pending;research_gap:RG-M6A-001:open;research_review_status:internal_sources_only_external_review_required;safety_review_status:pending;sources:incomplete;specialist_review:missing
13.11,Gardening and plant care,13,"Domestic Competence, Infrastructure, and Material Life",draft,PRACTICE-COMP-1311-GARDENING-AND-PLANT-CARE-01,0.2.0,data/practices/protocols/13/PRACTICE-COMP-1311-GARDENING-AND-PLANT-CARE-01.yaml,ce0c0b8a68d922fec18bbb1edfac973d55b4e5b4721ab5116fae95efd32b65cf,PF-LONGITUDINAL-REVIEW,RISK-MODERATE,GG-PRACTICE-RUNTIME-PROJECTION-2.0,false,pending,SP-STRUCTURED-EVIDENCE-ELIGIBLE,accepted_and_activated,active,blocked,not_applicable,L16;L17;L18;L35,L16;L17;L18;L35,accessibility_review_status:pending;content_review_status:pending;last_reviewed:missing;originality_review_status:pending;research_gap:RG-M6A-001:open;research_review_status:internal_sources_only_external_review_required;safety_review_status:pending;sources:incomplete;specialist_review:missing
13.12,Resource maintenance and repair culture,13,"Domestic Competence, Infrastructure, and Material Life",draft,PRACTICE-COMP-1312-RESOURCE-MAINTENANCE-AND-REPAIR-CULTURE-01,0.2.0,data/practices/protocols/13/PRACTICE-COMP-1312-RESOURCE-MAINTENANCE-AND-REPAIR-CULTURE-01.yaml,0b865019d50f080e6444d8fb1665959cc144d4a939d9602e08cd66189b136098,PF-AUDIT-REDESIGN,RISK-MODERATE,GG-PRACTICE-RUNTIME-PROJECTION-2.0,false,pending,SP-STRUCTURED-EVIDENCE-ELIGIBLE,accepted_and_activated,active,blocked,not_applicable,L18;L21;L32;L35,L18;L21;L32;L35,accessibility_review_status:pending;content_review_status:pending;last_reviewed:missing;originality_review_status:pending;research_gap:RG-M6A-001:open;research_review_status:internal_sources_only_external_review_required;safety_review_status:pending;sources:incomplete;specialist_review:missing
13.13,Hospitality and a functional living environment,13,"Domestic Competence, Infrastructure, and Material Life",draft,PRACTICE-COMP-1313-HOSPITALITY-AND-A-FUNCTIONAL-LIVING-ENVIRONMENT-01,0.2.0,data/practices/protocols/13/PRACTICE-COMP-1313-HOSPITALITY-AND-A-FUNCTIONAL-LIVING-ENVIRONMENT-01.yaml,fc3084a36524f5300d7cb3141f07d9b961380f8e72c167773e5fd51fd78da0b3,PF-BEHAVIORAL-EXPERIMENT,RISK-MODERATE,GG-PRACTICE-RUNTIME-PROJECTION-2.0,false,pending,SP-STRUCTURED-EVIDENCE-ELIGIBLE,accepted_and_activated,active,blocked,not_applicable,L16;L18;L24;L26,L16;L18;L24;L26,accessibility_review_status:pending;content_review_status:pending;last_reviewed:missing;originality_review_status:pending;research_gap:RG-M6A-001:open;research_review_status:internal_sources_only_external_review_required;safety_review_status:pending;sources:incomplete;specialist_review:missing
13.14,"Housing, tenancy, and basic property literacy",13,"Domestic Competence, Infrastructure, and Material Life",draft,PRACTICE-COMP-1314-HOUSING-TENANCY-AND-BASIC-PROPERTY-LITERACY-01,0.2.0,data/practices/protocols/13/PRACTICE-COMP-1314-HOUSING-TENANCY-AND-BASIC-PROPERTY-LITERACY-01.yaml,1e1e6437ee352ca59fd0e828b8c5c7cff099829036824f382075201eb3e6e70f,PF-KNOWLEDGE-APPLICATION,RISK-MODERATE,GG-PRACTICE-RUNTIME-PROJECTION-2.0,false,pending,SP-STRUCTURED-EVIDENCE-ELIGIBLE,accepted_and_activated,active,blocked,not_applicable,L18;L20;L21;L31,L18;L20;L21;L31,accessibility_review_status:pending;content_review_status:pending;last_reviewed:missing;originality_review_status:pending;research_gap:RG-M6A-001:open;research_review_status:internal_sources_only_external_review_required;safety_review_status:pending;sources:incomplete;specialist_review:missing
13.15,Domestic life under scarcity or instability,13,"Domestic Competence, Infrastructure, and Material Life",draft,PRACTICE-COMP-1315-DOMESTIC-LIFE-UNDER-SCARCITY-OR-INSTABILITY-01,0.2.0,data/practices/protocols/13/PRACTICE-COMP-1315-DOMESTIC-LIFE-UNDER-SCARCITY-OR-INSTABILITY-01.yaml,45852d986374b5a1d18f74999611727ff14cf44b2237f5f550165c644933bd56,PF-ARTIFACT-PLAN,RISK-MODERATE,GG-PRACTICE-RUNTIME-PROJECTION-2.0,false,pending,SP-STRUCTURED-EVIDENCE-ELIGIBLE,accepted_and_activated,active,blocked,not_applicable,L11;L18;L20;L21,L11;L18;L20;L21,accessibility_review_status:pending;content_review_status:pending;last_reviewed:missing;originality_review_status:pending;research_gap:RG-M6A-001:open;research_review_status:internal_sources_only_external_review_required;safety_review_status:pending;sources:incomplete;specialist_review:missing
13.16,Accessibility and adaptable home design,13,"Domestic Competence, Infrastructure, and Material Life",draft,PRACTICE-COMP-1316-ACCESSIBILITY-AND-ADAPTABLE-HOME-DESIGN-01,0.2.0,data/practices/protocols/13/PRACTICE-COMP-1316-ACCESSIBILITY-AND-ADAPTABLE-HOME-DESIGN-01.yaml,ebcf70eab14068ab026e7299d95b0c33fa78cf94de65d9549e4543e9cb128409,PF-AUDIT-REDESIGN,RISK-MODERATE,GG-PRACTICE-RUNTIME-PROJECTION-2.0,false,pending,SP-STRUCTURED-EVIDENCE-ELIGIBLE,accepted_and_activated,active,blocked,not_applicable,L17;L18;L28;L31,L17;L18;L28;L31,accessibility_review_status:pending;content_review_status:pending;last_reviewed:missing;originality_review_status:pending;research_gap:RG-M6A-001:open;research_review_status:internal_sources_only_external_review_required;safety_review_status:pending;sources:incomplete;specialist_review:missing
14.01,Digital and media self-governance,14,"Digital Life, Media, AI, and Information Security",draft,PRACTICE-COMP-1401-DIGITAL-AND-MEDIA-SELF-GOVERNANCE-01,0.2.0,data/practices/protocols/14/PRACTICE-COMP-1401-DIGITAL-AND-MEDIA-SELF-GOVERNANCE-01.yaml,8fc84edf6c6c014ad1ad91fb15267889e38be855296944d8c0a64072069d40f6,PF-SKILL-REHEARSAL,RISK-MODERATE,GG-PRACTICE-RUNTIME-PROJECTION-2.0,false,pending,SP-STRUCTURED-EVIDENCE-ELIGIBLE,accepted_and_activated,active,blocked,not_applicable,L08;L09;L10;L19,L08;L09;L10;L19,accessibility_review_status:pending;content_review_status:pending;last_reviewed:missing;originality_review_status:pending;research_gap:RG-M6A-001:open;research_review_status:internal_sources_only_external_review_required;safety_review_status:pending;sources:incomplete;specialist_review:missing
14.02,Digital competence and data hygiene,14,"Digital Life, Media, AI, and Information Security",draft,PRACTICE-COMP-1402-DIGITAL-COMPETENCE-AND-DATA-HYGIENE-01,0.2.0,data/practices/protocols/14/PRACTICE-COMP-1402-DIGITAL-COMPETENCE-AND-DATA-HYGIENE-01.yaml,c499d5ce269c2b0f314c7c1e56f090241b48b30b087834814ead918bd5cc9bb4,PF-SKILL-REHEARSAL,RISK-MODERATE,GG-PRACTICE-RUNTIME-PROJECTION-2.0,false,pending,SP-STRUCTURED-EVIDENCE-ELIGIBLE,accepted_and_activated,active,blocked,not_applicable,L10;L15;L19,L10;L15;L19,accessibility_review_status:pending;content_review_status:pending;last_reviewed:missing;originality_review_status:pending;research_gap:RG-M6A-001:open;research_review_status:internal_sources_only_external_review_required;safety_review_status:pending;sources:incomplete;specialist_review:missing
14.03,"Digital identity, privacy, and data rights",14,"Digital Life, Media, AI, and Information Security",draft,PRACTICE-COMP-1403-DIGITAL-IDENTITY-PRIVACY-AND-DATA-RIGHTS-01,0.2.0,data/practices/protocols/14/PRACTICE-COMP-1403-DIGITAL-IDENTITY-PRIVACY-AND-DATA-RIGHTS-01.yaml,c63a39ce93ec8787c45356d9dd10f0d6502b9df1a64325656821cffddaae9097,PF-QUALIFIED-CONSULTATION,RISK-HIGH,GG-PRACTICE-RUNTIME-PROJECTION-2.0,false,pending_specialist_expansion_review,SP-STRUCTURED-EVIDENCE-ELIGIBLE,accepted_and_activated,active,blocked,not_applicable,L19;L20;L31,L19;L20;L31,accessibility_review_status:pending;content_review_status:pending;last_reviewed:missing;originality_review_status:pending;research_gap:RG-M6A-001:open;research_review_status:internal_sources_only_external_review_required;safety_review_status:pending_specialist_expansion_review;sources:incomplete;specialist_review:missing
14.04,Cybersecurity and account resilience,14,"Digital Life, Media, AI, and Information Security",draft,PRACTICE-COMP-1404-CYBERSECURITY-AND-ACCOUNT-RESILIENCE-01,0.2.0,data/practices/protocols/14/PRACTICE-COMP-1404-CYBERSECURITY-AND-ACCOUNT-RESILIENCE-01.yaml,6e21eea7604bab5c233057a69ce9dd0b1ffff159d165a61afac902928962c51c,PF-SKILL-REHEARSAL,RISK-MODERATE,GG-PRACTICE-RUNTIME-PROJECTION-2.0,false,pending,SP-STRUCTURED-EVIDENCE-ELIGIBLE,accepted_and_activated,active,blocked,not_applicable,L10;L19;L20,L10;L19;L20,accessibility_review_status:pending;content_review_status:pending;last_reviewed:missing;originality_review_status:pending;research_gap:RG-M6A-001:open;research_review_status:internal_sources_only_external_review_required;safety_review_status:pending;sources:incomplete;specialist_review:missing
14.05,"Online fraud, scams, and social engineering",14,"Digital Life, Media, AI, and Information Security",draft,PRACTICE-COMP-1405-ONLINE-FRAUD-SCAMS-AND-SOCIAL-ENGINEERING-01,0.2.0,data/practices/protocols/14/PRACTICE-COMP-1405-ONLINE-FRAUD-SCAMS-AND-SOCIAL-ENGINEERING-01.yaml,fe5d54136fa6d10fc168968e5cd370f041c5dcbbdc37db9de61716cc6819dc5d,PF-SKILL-REHEARSAL,RISK-MODERATE,GG-PRACTICE-RUNTIME-PROJECTION-2.0,false,pending,SP-STRUCTURED-EVIDENCE-ELIGIBLE,accepted_and_activated,active,blocked,not_applicable,L13;L19;L20;L24,L13;L19;L20;L24,accessibility_review_status:pending;content_review_status:pending;last_reviewed:missing;originality_review_status:pending;research_gap:RG-M6A-001:open;research_review_status:internal_sources_only_external_review_required;safety_review_status:pending;sources:incomplete;specialist_review:missing
14.06,Algorithmic feeds and persuasive design,14,"Digital Life, Media, AI, and Information Security",draft,PRACTICE-COMP-1406-ALGORITHMIC-FEEDS-AND-PERSUASIVE-DESIGN-01,0.2.0,data/practices/protocols/14/PRACTICE-COMP-1406-ALGORITHMIC-FEEDS-AND-PERSUASIVE-DESIGN-01.yaml,58e821b3c83fa4b1d8fbd7f9d90a8a57a78c54baa5e14b76ac1ac3a8cf752776,PF-SKILL-REHEARSAL,RISK-MODERATE,GG-PRACTICE-RUNTIME-PROJECTION-2.0,false,pending,SP-STRUCTURED-EVIDENCE-ELIGIBLE,accepted_and_activated,active,blocked,not_applicable,L08;L09;L13;L19,L08;L09;L13;L19,accessibility_review_status:pending;content_review_status:pending;last_reviewed:missing;originality_review_status:pending;research_gap:RG-M6A-001:open;research_review_status:internal_sources_only_external_review_required;safety_review_status:pending;sources:incomplete;specialist_review:missing
14.07,AI literacy and appropriate use,14,"Digital Life, Media, AI, and Information Security",draft,PRACTICE-COMP-1407-AI-LITERACY-AND-APPROPRIATE-USE-01,0.2.0,data/practices/protocols/14/PRACTICE-COMP-1407-AI-LITERACY-AND-APPROPRIATE-USE-01.yaml,dd39c6425d7ad8badcc1c24ebfd27dd8fcd40f23373d53927195c2ebc0fd11d8,PF-SKILL-REHEARSAL,RISK-MODERATE,GG-PRACTICE-RUNTIME-PROJECTION-2.0,false,pending,SP-STRUCTURED-EVIDENCE-ELIGIBLE,accepted_and_activated,active,blocked,not_applicable,L02;L13;L15;L19,L02;L13;L15;L19,accessibility_review_status:pending;content_review_status:pending;last_reviewed:missing;originality_review_status:pending;research_gap:RG-M6A-001:open;research_review_status:internal_sources_only_external_review_required;safety_review_status:pending;sources:incomplete;specialist_review:missing
14.08,"Synthetic media, deepfakes, and provenance",14,"Digital Life, Media, AI, and Information Security",draft,PRACTICE-COMP-1408-SYNTHETIC-MEDIA-DEEPFAKES-AND-PROVENANCE-01,0.2.0,data/practices/protocols/14/PRACTICE-COMP-1408-SYNTHETIC-MEDIA-DEEPFAKES-AND-PROVENANCE-01.yaml,47f70ff6f261f8c0849e7f7a7b4370d398d7233833749d23601c674e8a1cefaa,PF-SKILL-REHEARSAL,RISK-MODERATE,GG-PRACTICE-RUNTIME-PROJECTION-2.0,false,pending,SP-STRUCTURED-EVIDENCE-ELIGIBLE,accepted_and_activated,active,blocked,not_applicable,L13;L19;L31,L13;L19;L31,accessibility_review_status:pending;content_review_status:pending;last_reviewed:missing;originality_review_status:pending;research_gap:RG-M6A-001:open;research_review_status:internal_sources_only_external_review_required;safety_review_status:pending;sources:incomplete;specialist_review:missing
14.09,Digital information verification,14,"Digital Life, Media, AI, and Information Security",draft,PRACTICE-COMP-1409-DIGITAL-INFORMATION-VERIFICATION-01,0.2.0,data/practices/protocols/14/PRACTICE-COMP-1409-DIGITAL-INFORMATION-VERIFICATION-01.yaml,5fe6209ae90096e143a95dfde13394c44033b42ffd1ddb447769fbb9b44bd755,PF-SKILL-REHEARSAL,RISK-MODERATE,GG-PRACTICE-RUNTIME-PROJECTION-2.0,false,pending,SP-STRUCTURED-EVIDENCE-ELIGIBLE,accepted_and_activated,active,blocked,not_applicable,L12;L13;L19,L12;L13;L19,accessibility_review_status:pending;content_review_status:pending;last_reviewed:missing;originality_review_status:pending;research_gap:RG-M6A-001:open;research_review_status:internal_sources_only_external_review_required;safety_review_status:pending;sources:incomplete;specialist_review:missing
14.10,Online communication and community conduct,14,"Digital Life, Media, AI, and Information Security",draft,PRACTICE-COMP-1410-ONLINE-COMMUNICATION-AND-COMMUNITY-CONDUCT-01,0.2.0,data/practices/protocols/14/PRACTICE-COMP-1410-ONLINE-COMMUNICATION-AND-COMMUNITY-CONDUCT-01.yaml,fb10ecdd0d572e2eabd1e10fb1f8af40518ac3ff4efc6c0614959f930b5e9473,PF-QUALIFIED-CONSULTATION,RISK-HIGH,GG-PRACTICE-RUNTIME-PROJECTION-2.0,false,pending_specialist_expansion_review,SP-STRUCTURED-EVIDENCE-ELIGIBLE,accepted_and_activated,active,blocked,not_applicable,L02;L19;L23;L31,L02;L19;L23;L31,accessibility_review_status:pending;content_review_status:pending;last_reviewed:missing;originality_review_status:pending;research_gap:RG-M6A-001:open;research_review_status:internal_sources_only_external_review_required;safety_review_status:pending_specialist_expansion_review;sources:incomplete;specialist_review:missing
14.11,"Digital creation, ownership, and attribution",14,"Digital Life, Media, AI, and Information Security",draft,PRACTICE-COMP-1411-DIGITAL-CREATION-OWNERSHIP-AND-ATTRIBUTION-01,0.2.0,data/practices/protocols/14/PRACTICE-COMP-1411-DIGITAL-CREATION-OWNERSHIP-AND-ATTRIBUTION-01.yaml,33528cceadd34f8d778a115c32999f31df2ff609460267bbdeef5646c4d99a27,PF-SKILL-REHEARSAL,RISK-MODERATE,GG-PRACTICE-RUNTIME-PROJECTION-2.0,false,pending,SP-STRUCTURED-EVIDENCE-ELIGIBLE,accepted_and_activated,active,blocked,not_applicable,L02;L16;L19;L31,L02;L16;L19;L31,accessibility_review_status:pending;content_review_status:pending;last_reviewed:missing;originality_review_status:pending;research_gap:RG-M6A-001:open;research_review_status:internal_sources_only_external_review_required;safety_review_status:pending;sources:incomplete;specialist_review:missing
14.12,Automation dependence and operational resilience,14,"Digital Life, Media, AI, and Information Security",draft,PRACTICE-COMP-1412-AUTOMATION-DEPENDENCE-AND-OPERATIONAL-RESILIENCE-01,0.2.0,data/practices/protocols/14/PRACTICE-COMP-1412-AUTOMATION-DEPENDENCE-AND-OPERATIONAL-RESILIENCE-01.yaml,e2df223ee5265c6a9810f4a1fb10cd4f50c7e3453e9083e67e89b88fbb3de5e1,PF-SKILL-REHEARSAL,RISK-MODERATE,GG-PRACTICE-RUNTIME-PROJECTION-2.0,false,pending,SP-STRUCTURED-EVIDENCE-ELIGIBLE,accepted_and_activated,active,blocked,not_applicable,L11;L18;L19;L20,L11;L18;L19;L20,accessibility_review_status:pending;content_review_status:pending;last_reviewed:missing;originality_review_status:pending;research_gap:RG-M6A-001:open;research_review_status:internal_sources_only_external_review_required;safety_review_status:pending;sources:incomplete;specialist_review:missing
14.13,Digital citizenship and platform governance,14,"Digital Life, Media, AI, and Information Security",draft,PRACTICE-COMP-1413-DIGITAL-CITIZENSHIP-AND-PLATFORM-GOVERNANCE-01,0.2.0,data/practices/protocols/14/PRACTICE-COMP-1413-DIGITAL-CITIZENSHIP-AND-PLATFORM-GOVERNANCE-01.yaml,00d3e726fa8d1b3c55db518c92cfae03e3a67e0d36901863bca5801bc6628550,PF-COMMUNITY-CONTRIBUTION,RISK-MODERATE,GG-PRACTICE-RUNTIME-PROJECTION-2.0,false,pending,SP-STRUCTURED-EVIDENCE-ELIGIBLE,accepted_and_activated,active,blocked,not_applicable,L19;L30;L31;L33,L19;L30;L31;L33,accessibility_review_status:pending;content_review_status:pending;last_reviewed:missing;originality_review_status:pending;research_gap:RG-M6A-001:open;research_review_status:internal_sources_only_external_review_required;safety_review_status:pending;sources:incomplete;specialist_review:missing
15.01,"First aid, CPR, and emergency response",15,"Safety, Preparedness, Risk, and Mutual Aid",draft,PRACTICE-COMP-1501-FIRST-AID-CPR-AND-EMERGENCY-RESPONSE-01,0.2.0,data/practices/protocols/15/PRACTICE-COMP-1501-FIRST-AID-CPR-AND-EMERGENCY-RESPONSE-01.yaml,37ce9d9b5c487add6597844a41824a18210c5b18cee75bd75912f7324a9df2db,PF-SAFETY-PREPARATION,RISK-HIGH,GG-PRACTICE-RUNTIME-PROJECTION-2.0,false,pending_specialist_expansion_review,SP-STRUCTURED-EVIDENCE-ELIGIBLE,accepted_and_activated,active,blocked,not_applicable,L17;L20;L28,L17;L20;L28,accessibility_review_status:pending;content_review_status:pending;last_reviewed:missing;originality_review_status:pending;research_gap:RG-M6A-001:open;research_review_status:internal_sources_only_external_review_required;safety_review_status:pending_specialist_expansion_review;sources:incomplete;specialist_review:missing
15.02,Household emergency planning,15,"Safety, Preparedness, Risk, and Mutual Aid",draft,PRACTICE-COMP-1502-HOUSEHOLD-EMERGENCY-PLANNING-01,0.2.0,data/practices/protocols/15/PRACTICE-COMP-1502-HOUSEHOLD-EMERGENCY-PLANNING-01.yaml,2b716eadfa44d5686883b0012b1c445bd0f36d8eae7f680c4d265e41f6106854,PF-SAFETY-PREPARATION,RISK-HIGH,GG-PRACTICE-RUNTIME-PROJECTION-2.0,false,pending_specialist_expansion_review,SP-STRUCTURED-EVIDENCE-ELIGIBLE,accepted_and_activated,active,blocked,not_applicable,L18;L20;L28,L18;L20;L28,accessibility_review_status:pending;content_review_status:pending;last_reviewed:missing;originality_review_status:pending;research_gap:RG-M6A-001:open;research_review_status:internal_sources_only_external_review_required;safety_review_status:pending_specialist_expansion_review;sources:incomplete;specialist_review:missing
15.03,Situational awareness,15,"Safety, Preparedness, Risk, and Mutual Aid",draft,PRACTICE-COMP-1503-SITUATIONAL-AWARENESS-01,0.2.0,data/practices/protocols/15/PRACTICE-COMP-1503-SITUATIONAL-AWARENESS-01.yaml,eb9bd5c9e9b4ca56847d5f0259dd83e768251c2432fc2a7d1e97767b300d34a9,PF-QUALIFIED-CONSULTATION,RISK-HIGH,GG-PRACTICE-RUNTIME-PROJECTION-2.0,false,pending_specialist_expansion_review,SP-STRUCTURED-EVIDENCE-ELIGIBLE,accepted_and_activated,active,blocked,not_applicable,L08;L20;L24,L08;L20;L24,accessibility_review_status:pending;content_review_status:pending;last_reviewed:missing;originality_review_status:pending;research_gap:RG-M6A-001:open;research_review_status:internal_sources_only_external_review_required;safety_review_status:pending_specialist_expansion_review;sources:incomplete;specialist_review:missing
15.04,Personal safety and de-escalation,15,"Safety, Preparedness, Risk, and Mutual Aid",draft,PRACTICE-COMP-1504-PERSONAL-SAFETY-AND-DE-ESCALATION-01,0.2.0,data/practices/protocols/15/PRACTICE-COMP-1504-PERSONAL-SAFETY-AND-DE-ESCALATION-01.yaml,a10ac988186fcaa8ffb3ac52d0edd3c54a08b244ed5491a5d5b1677021e67c52,PF-SAFETY-PREPARATION,RISK-HIGH,GG-PRACTICE-RUNTIME-PROJECTION-2.0,false,pending_specialist_expansion_review,SP-STRUCTURED-EVIDENCE-ELIGIBLE,accepted_and_activated,active,blocked,not_applicable,L20;L23;L25;L29,L20;L23;L25;L29,accessibility_review_status:pending;content_review_status:pending;last_reviewed:missing;originality_review_status:pending;research_gap:RG-M6A-001:open;research_review_status:internal_sources_only_external_review_required;safety_review_status:pending_specialist_expansion_review;sources:incomplete;specialist_review:missing
15.05,Self-protection and lawful force,15,"Safety, Preparedness, Risk, and Mutual Aid",draft,PRACTICE-COMP-1505-SELF-PROTECTION-AND-LAWFUL-FORCE-01,0.2.0,data/practices/protocols/15/PRACTICE-COMP-1505-SELF-PROTECTION-AND-LAWFUL-FORCE-01.yaml,be6771e941a3802246393c4f02b8d0cd4d050adf1066ce5ec3b896e0e5a09e1b,PF-QUALIFIED-CONSULTATION,RISK-HIGH,GG-PRACTICE-RUNTIME-PROJECTION-2.0,false,pending_specialist_expansion_review,SP-STRUCTURED-EVIDENCE-ELIGIBLE,accepted_and_activated,active,blocked,not_applicable,L09;L20;L25;L31,L09;L20;L25;L31,accessibility_review_status:pending;content_review_status:pending;last_reviewed:missing;originality_review_status:pending;research_gap:RG-M6A-001:open;research_review_status:internal_sources_only_external_review_required;safety_review_status:pending_specialist_expansion_review;sources:incomplete;specialist_review:missing
15.06,Outdoor survival fundamentals,15,"Safety, Preparedness, Risk, and Mutual Aid",draft,PRACTICE-COMP-1506-OUTDOOR-SURVIVAL-FUNDAMENTALS-01,0.2.0,data/practices/protocols/15/PRACTICE-COMP-1506-OUTDOOR-SURVIVAL-FUNDAMENTALS-01.yaml,e36b94e818447bc7a58bc3f736ab2d9fab27e90f565e83649efbdf6f4a8705ea,PF-SAFETY-PREPARATION,RISK-HIGH,GG-PRACTICE-RUNTIME-PROJECTION-2.0,false,pending_specialist_expansion_review,SP-STRUCTURED-EVIDENCE-ELIGIBLE,accepted_and_activated,active,blocked,not_applicable,L17;L20;L35,L17;L20;L35,accessibility_review_status:pending;content_review_status:pending;last_reviewed:missing;originality_review_status:pending;research_gap:RG-M6A-001:open;research_review_status:internal_sources_only_external_review_required;safety_review_status:pending_specialist_expansion_review;sources:incomplete;specialist_review:missing
15.07,Water competence and rescue awareness,15,"Safety, Preparedness, Risk, and Mutual Aid",draft,PRACTICE-COMP-1507-WATER-COMPETENCE-AND-RESCUE-AWARENESS-01,0.2.0,data/practices/protocols/15/PRACTICE-COMP-1507-WATER-COMPETENCE-AND-RESCUE-AWARENESS-01.yaml,39174df3a254d940974fabd6a621a584c091509bfe0a9ecb8298d748ad40b819,PF-SAFETY-PREPARATION,RISK-HIGH,GG-PRACTICE-RUNTIME-PROJECTION-2.0,false,pending_specialist_expansion_review,SP-STRUCTURED-EVIDENCE-ELIGIBLE,accepted_and_activated,active,blocked,not_applicable,L17;L20;L28,L17;L20;L28,accessibility_review_status:pending;content_review_status:pending;last_reviewed:missing;originality_review_status:pending;research_gap:RG-M6A-001:open;research_review_status:internal_sources_only_external_review_required;safety_review_status:pending_specialist_expansion_review;sources:incomplete;specialist_review:missing
15.08,Travel and unfamiliar-environment safety,15,"Safety, Preparedness, Risk, and Mutual Aid",draft,PRACTICE-COMP-1508-TRAVEL-AND-UNFAMILIAR-ENVIRONMENT-SAFETY-01,0.2.0,data/practices/protocols/15/PRACTICE-COMP-1508-TRAVEL-AND-UNFAMILIAR-ENVIRONMENT-SAFETY-01.yaml,e36cd5a704d36f61ea789552d3fec70e0e6822d78169bb78bfc6aaf56078831e,PF-SAFETY-PREPARATION,RISK-HIGH,GG-PRACTICE-RUNTIME-PROJECTION-2.0,false,pending_specialist_expansion_review,SP-STRUCTURED-EVIDENCE-ELIGIBLE,accepted_and_activated,active,blocked,not_applicable,L11;L20;L24;L35,L11;L20;L24;L35,accessibility_review_status:pending;content_review_status:pending;last_reviewed:missing;originality_review_status:pending;research_gap:RG-M6A-001:open;research_review_status:internal_sources_only_external_review_required;safety_review_status:pending_specialist_expansion_review;sources:incomplete;specialist_review:missing
15.09,"Cybersecurity, fraud, and identity protection",15,"Safety, Preparedness, Risk, and Mutual Aid",draft,PRACTICE-COMP-1509-CYBERSECURITY-FRAUD-AND-IDENTITY-PROTECTION-01,0.2.0,data/practices/protocols/15/PRACTICE-COMP-1509-CYBERSECURITY-FRAUD-AND-IDENTITY-PROTECTION-01.yaml,8a858a74ab54426ce45b4aa3afc0a757ddadca80de8d68d7325cd01078d4996f,PF-SAFETY-PREPARATION,RISK-HIGH,GG-PRACTICE-RUNTIME-PROJECTION-2.0,false,pending_specialist_expansion_review,SP-STRUCTURED-EVIDENCE-ELIGIBLE,accepted_and_activated,active,blocked,not_applicable,L19;L20,L19;L20,accessibility_review_status:pending;content_review_status:pending;last_reviewed:missing;originality_review_status:pending;research_gap:RG-M6A-001:open;research_review_status:internal_sources_only_external_review_required;safety_review_status:pending_specialist_expansion_review;sources:incomplete;specialist_review:missing
15.10,Risk ownership and contingency thinking,15,"Safety, Preparedness, Risk, and Mutual Aid",draft,PRACTICE-COMP-1510-RISK-OWNERSHIP-AND-CONTINGENCY-THINKING-01,0.2.0,data/practices/protocols/15/PRACTICE-COMP-1510-RISK-OWNERSHIP-AND-CONTINGENCY-THINKING-01.yaml,185c69e082374793093a72c3df27b829efe0ffc6a32071e166cf81447deeff8a,PF-SAFETY-PREPARATION,RISK-HIGH,GG-PRACTICE-RUNTIME-PROJECTION-2.0,false,pending_specialist_expansion_review,SP-STRUCTURED-EVIDENCE-ELIGIBLE,accepted_and_activated,active,blocked,not_applicable,L10;L14;L20,L10;L14;L20,accessibility_review_status:pending;content_review_status:pending;last_reviewed:missing;originality_review_status:pending;research_gap:RG-M6A-001:open;research_review_status:internal_sources_only_external_review_required;safety_review_status:pending_specialist_expansion_review;sources:incomplete;specialist_review:missing
15.11,Community disaster readiness and mutual aid,15,"Safety, Preparedness, Risk, and Mutual Aid",draft,PRACTICE-COMP-1511-COMMUNITY-DISASTER-READINESS-AND-MUTUAL-AID-01,0.2.0,data/practices/protocols/15/PRACTICE-COMP-1511-COMMUNITY-DISASTER-READINESS-AND-MUTUAL-AID-01.yaml,2ef5ce99e00a36779cd89ff01ee666d879131822f1281b53871cdc13e6a61c36,PF-SAFETY-PREPARATION,RISK-HIGH,GG-PRACTICE-RUNTIME-PROJECTION-2.0,false,pending_specialist_expansion_review,SP-STRUCTURED-EVIDENCE-ELIGIBLE,accepted_and_activated,active,blocked,not_applicable,L20;L28;L30;L33,L20;L28;L30;L33,accessibility_review_status:pending;content_review_status:pending;last_reviewed:missing;originality_review_status:pending;research_gap:RG-M6A-001:open;research_review_status:internal_sources_only_external_review_required;safety_review_status:pending_specialist_expansion_review;sources:incomplete;specialist_review:missing
15.12,Public-health emergency competence,15,"Safety, Preparedness, Risk, and Mutual Aid",draft,PRACTICE-COMP-1512-PUBLIC-HEALTH-EMERGENCY-COMPETENCE-01,0.2.0,data/practices/protocols/15/PRACTICE-COMP-1512-PUBLIC-HEALTH-EMERGENCY-COMPETENCE-01.yaml,57c39083935458770e3288a5494f4cfa6dd53310eb59d1a93e027d9e212a8041,PF-SAFETY-PREPARATION,RISK-HIGH,GG-PRACTICE-RUNTIME-PROJECTION-2.0,false,pending_specialist_expansion_review,SP-STRUCTURED-EVIDENCE-ELIGIBLE,accepted_and_activated,active,blocked,not_applicable,L13;L17;L20;L30,L13;L17;L20;L30,accessibility_review_status:pending;content_review_status:pending;last_reviewed:missing;originality_review_status:pending;research_gap:RG-M6A-001:open;research_review_status:internal_sources_only_external_review_required;safety_review_status:pending_specialist_expansion_review;sources:incomplete;specialist_review:missing
15.13,Bystander intervention and violence prevention,15,"Safety, Preparedness, Risk, and Mutual Aid",draft,PRACTICE-COMP-1513-BYSTANDER-INTERVENTION-AND-VIOLENCE-PREVENTION-01,0.2.0,data/practices/protocols/15/PRACTICE-COMP-1513-BYSTANDER-INTERVENTION-AND-VIOLENCE-PREVENTION-01.yaml,8667ea0592ad2f4c4d8eb82e8ffac58a81cc6600d076dce37154330bbc9339e7,PF-SAFETY-PREPARATION,RISK-HIGH,GG-PRACTICE-RUNTIME-PROJECTION-2.0,false,pending_specialist_expansion_review,SP-STRUCTURED-EVIDENCE-ELIGIBLE,accepted_and_activated,active,blocked,not_applicable,L20;L25;L30;L31,L20;L25;L30;L31,accessibility_review_status:pending;content_review_status:pending;last_reviewed:missing;originality_review_status:pending;research_gap:RG-M6A-001:open;research_review_status:internal_sources_only_external_review_required;safety_review_status:pending_specialist_expansion_review;sources:incomplete;specialist_review:missing
15.14,Workplace and activity-specific safety,15,"Safety, Preparedness, Risk, and Mutual Aid",draft,PRACTICE-COMP-1514-WORKPLACE-AND-ACTIVITY-SPECIFIC-SAFETY-01,0.2.0,data/practices/protocols/15/PRACTICE-COMP-1514-WORKPLACE-AND-ACTIVITY-SPECIFIC-SAFETY-01.yaml,79bff3f9f4031a714289f79fb0b43aa338b6c0cc6fd5df8325580129e143dda0,PF-SAFETY-PREPARATION,RISK-HIGH,GG-PRACTICE-RUNTIME-PROJECTION-2.0,false,pending_specialist_expansion_review,SP-STRUCTURED-EVIDENCE-ELIGIBLE,accepted_and_activated,active,blocked,not_applicable,L10;L20;L32,L10;L20;L32,accessibility_review_status:pending;content_review_status:pending;last_reviewed:missing;originality_review_status:pending;research_gap:RG-M6A-001:open;research_review_status:internal_sources_only_external_review_required;safety_review_status:pending_specialist_expansion_review;sources:incomplete;specialist_review:missing
16.01,Attentive listening,16,"Communication, Rhetoric, and Social Intelligence",draft,PRACTICE-COMP-1601-ATTENTIVE-LISTENING-01,0.2.0,data/practices/protocols/16/PRACTICE-COMP-1601-ATTENTIVE-LISTENING-01.yaml,39274007908090e03e6101f5d8d41ff1bfb6aa4636a0c151ce091ba4284252cb,PF-CONTEMPLATIVE-MEANING,RISK-MODERATE,GG-PRACTICE-RUNTIME-PROJECTION-2.0,false,pending,SP-STRUCTURED-EVIDENCE-ELIGIBLE,accepted_and_activated,active,blocked,not_applicable,L23;L24,L23;L24,accessibility_review_status:pending;content_review_status:pending;last_reviewed:missing;originality_review_status:pending;research_gap:RG-M6A-001:open;research_review_status:internal_sources_only_external_review_required;safety_review_status:pending;sources:incomplete;specialist_review:missing
16.02,Clear and direct expression,16,"Communication, Rhetoric, and Social Intelligence",draft,PRACTICE-COMP-1602-CLEAR-AND-DIRECT-EXPRESSION-01,0.2.0,data/practices/protocols/16/PRACTICE-COMP-1602-CLEAR-AND-DIRECT-EXPRESSION-01.yaml,95ba948669a954bcc67ab814b621663d5aaf4ba52a6bf2e5e48d11c351535691,PF-SKILL-REHEARSAL,RISK-MODERATE,GG-PRACTICE-RUNTIME-PROJECTION-2.0,false,pending,SP-STRUCTURED-EVIDENCE-ELIGIBLE,accepted_and_activated,active,blocked,not_applicable,L02;L23;L25,L02;L23;L25,accessibility_review_status:pending;content_review_status:pending;last_reviewed:missing;originality_review_status:pending;research_gap:RG-M6A-001:open;research_review_status:internal_sources_only_external_review_required;safety_review_status:pending;sources:incomplete;specialist_review:missing
16.03,Nonverbal communication,16,"Communication, Rhetoric, and Social Intelligence",projected_legacy,PRACTICE-EMOTIONAL-CUES-01,1.0.0,data/practices/protocols/16/PRACTICE-EMOTIONAL-CUES-01.yaml,6656cce355e48931cba4193f1fb0ac3da4c0d6e530a87295d919697cad0cd323,PF-SKILL-REHEARSAL,RISK-MODERATE,GG-PRACTICE-RUNTIME-PROJECTION-1.0,false,pending_specialist_expansion_review,SP-STRUCTURED-EVIDENCE-ELIGIBLE,accepted_and_activated,active,blocked,existing_runtime_coverage,L05;L23;L24,L24,accessibility_review_status:pilot_boundary_reviewed_expansion_review_pending;content_review_status:frozen_runtime_behavior;expert_review:ER-M6A-001:pending;last_reviewed:missing;originality_review_status:legacy_exceptions_recorded_expansion_review_pending;research_gap:RG-M6A-001:open;research_gap:RG-M6A-005:open;research_review_status:internal_sources_only_external_review_required;safety_review_status:pending_specialist_expansion_review;sources:incomplete;specialist_review:missing;ui_test_status:existing_runtime_coverage
16.04,One-to-one and group conversation,16,"Communication, Rhetoric, and Social Intelligence",draft,PRACTICE-COMP-1604-ONE-TO-ONE-AND-GROUP-CONVERSATION-01,0.2.0,data/practices/protocols/16/PRACTICE-COMP-1604-ONE-TO-ONE-AND-GROUP-CONVERSATION-01.yaml,ea7473cacc2f3a542fc42511ff8f760f22c4bee7551bfdc159581518efaa8c2a,PF-RELATIONAL-CONVERSATION,RISK-MODERATE,GG-PRACTICE-RUNTIME-PROJECTION-2.0,false,pending,SP-STRUCTURED-EVIDENCE-ELIGIBLE,accepted_and_activated,active,blocked,not_applicable,L23;L24;L26,L23;L24;L26,accessibility_review_status:pending;content_review_status:pending;last_reviewed:missing;originality_review_status:pending;research_gap:RG-M6A-001:open;research_review_status:internal_sources_only_external_review_required;safety_review_status:pending;sources:incomplete;specialist_review:missing
16.05,Perspective taking and empathic accuracy,16,"Communication, Rhetoric, and Social Intelligence",draft,PRACTICE-COMP-1605-PERSPECTIVE-TAKING-AND-EMPATHIC-ACCURACY-01,0.2.0,data/practices/protocols/16/PRACTICE-COMP-1605-PERSPECTIVE-TAKING-AND-EMPATHIC-ACCURACY-01.yaml,7712bde3d390f54b3aef3a745b0656b3b08af4c3e957c9f34bd000357f5a2412,PF-SKILL-REHEARSAL,RISK-MODERATE,GG-PRACTICE-RUNTIME-PROJECTION-2.0,false,pending,SP-STRUCTURED-EVIDENCE-ELIGIBLE,accepted_and_activated,active,blocked,not_applicable,L13;L23;L24,L13;L23;L24,accessibility_review_status:pending;content_review_status:pending;last_reviewed:missing;originality_review_status:pending;research_gap:RG-M6A-001:open;research_review_status:internal_sources_only_external_review_required;safety_review_status:pending;sources:incomplete;specialist_review:missing
16.06,Audience and context adaptation,16,"Communication, Rhetoric, and Social Intelligence",draft,PRACTICE-COMP-1606-AUDIENCE-AND-CONTEXT-ADAPTATION-01,0.2.0,data/practices/protocols/16/PRACTICE-COMP-1606-AUDIENCE-AND-CONTEXT-ADAPTATION-01.yaml,bd8e6b4ce5dd19a1f7122348121ff3303b0457459e1135d5c549b0172ff7d087,PF-SKILL-REHEARSAL,RISK-MODERATE,GG-PRACTICE-RUNTIME-PROJECTION-2.0,false,pending,SP-STRUCTURED-EVIDENCE-ELIGIBLE,accepted_and_activated,active,blocked,not_applicable,L23;L24;L31,L23;L24;L31,accessibility_review_status:pending;content_review_status:pending;last_reviewed:missing;originality_review_status:pending;research_gap:RG-M6A-001:open;research_review_status:internal_sources_only_external_review_required;safety_review_status:pending;sources:incomplete;specialist_review:missing
16.07,Feedback and developmental conversation,16,"Communication, Rhetoric, and Social Intelligence",draft,PRACTICE-COMP-1607-FEEDBACK-AND-DEVELOPMENTAL-CONVERSATION-01,0.2.0,data/practices/protocols/16/PRACTICE-COMP-1607-FEEDBACK-AND-DEVELOPMENTAL-CONVERSATION-01.yaml,18a8eeb109a458ff68fa9f983699a00e6862b1be4d3300bc8e6cd57fd15edde3,PF-RELATIONAL-CONVERSATION,RISK-MODERATE,GG-PRACTICE-RUNTIME-PROJECTION-2.0,false,pending,SP-STRUCTURED-EVIDENCE-ELIGIBLE,accepted_and_activated,active,blocked,not_applicable,L15;L23;L24;L25,L15;L23;L24;L25,accessibility_review_status:pending;content_review_status:pending;last_reviewed:missing;originality_review_status:pending;research_gap:RG-M6A-001:open;research_review_status:internal_sources_only_external_review_required;safety_review_status:pending;sources:incomplete;specialist_review:missing
16.08,Classical and modern rhetoric,16,"Communication, Rhetoric, and Social Intelligence",draft,PRACTICE-COMP-1608-CLASSICAL-AND-MODERN-RHETORIC-01,0.2.0,data/practices/protocols/16/PRACTICE-COMP-1608-CLASSICAL-AND-MODERN-RHETORIC-01.yaml,d898208558865fdd8cf54cbd7b17575ca4f56a7f8070a9d25a27680e82c682b9,PF-SKILL-REHEARSAL,RISK-MODERATE,GG-PRACTICE-RUNTIME-PROJECTION-2.0,false,pending,SP-STRUCTURED-EVIDENCE-ELIGIBLE,accepted_and_activated,active,blocked,not_applicable,L02;L12;L23;L31,L02;L12;L23;L31,accessibility_review_status:pending;content_review_status:pending;last_reviewed:missing;originality_review_status:pending;research_gap:RG-M6A-001:open;research_review_status:internal_sources_only_external_review_required;safety_review_status:pending;sources:incomplete;specialist_review:missing
16.09,Public speaking and presentation,16,"Communication, Rhetoric, and Social Intelligence",draft,PRACTICE-COMP-1609-PUBLIC-SPEAKING-AND-PRESENTATION-01,0.2.0,data/practices/protocols/16/PRACTICE-COMP-1609-PUBLIC-SPEAKING-AND-PRESENTATION-01.yaml,0f3d03529fbefecae8bca910f034b8d871ec60da932c4d05cf973c2a2bea7ca8,PF-SKILL-REHEARSAL,RISK-MODERATE,GG-PRACTICE-RUNTIME-PROJECTION-2.0,false,pending,SP-STRUCTURED-EVIDENCE-ELIGIBLE,accepted_and_activated,active,blocked,not_applicable,L23;L25;L33,L23;L25;L33,accessibility_review_status:pending;content_review_status:pending;last_reviewed:missing;originality_review_status:pending;research_gap:RG-M6A-001:open;research_review_status:internal_sources_only_external_review_required;safety_review_status:pending;sources:incomplete;specialist_review:missing
16.10,Storytelling and explanation,16,"Communication, Rhetoric, and Social Intelligence",draft,PRACTICE-COMP-1610-STORYTELLING-AND-EXPLANATION-01,0.2.0,data/practices/protocols/16/PRACTICE-COMP-1610-STORYTELLING-AND-EXPLANATION-01.yaml,38061e747795f645c5709bcc178b154e03de74821cf617b3d910d525ebf9767f,PF-CONTEMPLATIVE-MEANING,RISK-MODERATE,GG-PRACTICE-RUNTIME-PROJECTION-2.0,false,pending,SP-STRUCTURED-EVIDENCE-ELIGIBLE,accepted_and_activated,active,blocked,not_applicable,L15;L16;L23,L15;L16;L23,accessibility_review_status:pending;content_review_status:pending;last_reviewed:missing;originality_review_status:pending;research_gap:RG-M6A-001:open;research_review_status:internal_sources_only_external_review_required;safety_review_status:pending;sources:incomplete;specialist_review:missing
16.11,Negotiation,16,"Communication, Rhetoric, and Social Intelligence",draft,PRACTICE-COMP-1611-NEGOTIATION-01,0.2.0,data/practices/protocols/16/PRACTICE-COMP-1611-NEGOTIATION-01.yaml,0173c534319ef4b75eaa8d3bdb7a42d4ae94054dda7fee666dee2e565eef995d,PF-RELATIONAL-CONVERSATION,RISK-MODERATE,GG-PRACTICE-RUNTIME-PROJECTION-2.0,false,pending,SP-STRUCTURED-EVIDENCE-ELIGIBLE,accepted_and_activated,active,blocked,not_applicable,L14;L22;L23;L25,L14;L22;L23;L25,accessibility_review_status:pending;content_review_status:pending;last_reviewed:missing;originality_review_status:pending;research_gap:RG-M6A-001:open;research_review_status:internal_sources_only_external_review_required;safety_review_status:pending;sources:incomplete;specialist_review:missing
16.12,Conflict and de-escalation,16,"Communication, Rhetoric, and Social Intelligence",draft,PRACTICE-COMP-1612-CONFLICT-AND-DE-ESCALATION-01,0.2.0,data/practices/protocols/16/PRACTICE-COMP-1612-CONFLICT-AND-DE-ESCALATION-01.yaml,ad351c36bbc43458647827c8897a5cf9bea6b47f1e557387c826b9c6ebcb11f7,PF-RELATIONAL-CONVERSATION,RISK-MODERATE,GG-PRACTICE-RUNTIME-PROJECTION-2.0,false,pending,SP-STRUCTURED-EVIDENCE-ELIGIBLE,accepted_and_activated,active,blocked,not_applicable,L20;L23;L25;L29,L20;L23;L25;L29,accessibility_review_status:pending;content_review_status:pending;last_reviewed:missing;originality_review_status:pending;research_gap:RG-M6A-001:open;research_review_status:internal_sources_only_external_review_required;safety_review_status:pending;sources:incomplete;specialist_review:missing
16.13,"Humor, warmth, and social ease",16,"Communication, Rhetoric, and Social Intelligence",draft,PRACTICE-COMP-1613-HUMOR-WARMTH-AND-SOCIAL-EASE-01,0.2.0,data/practices/protocols/16/PRACTICE-COMP-1613-HUMOR-WARMTH-AND-SOCIAL-EASE-01.yaml,aa8f934a0367a59a5e3c9848b404022c7cbb165cb04e603a428d4b02a07095d0,PF-SKILL-REHEARSAL,RISK-MODERATE,GG-PRACTICE-RUNTIME-PROJECTION-2.0,false,pending,SP-STRUCTURED-EVIDENCE-ELIGIBLE,accepted_and_activated,active,blocked,not_applicable,L23;L24;L26;L34,L23;L24;L26;L34,accessibility_review_status:pending;content_review_status:pending;last_reviewed:missing;originality_review_status:pending;research_gap:RG-M6A-001:open;research_review_status:internal_sources_only_external_review_required;safety_review_status:pending;sources:incomplete;specialist_review:missing
16.14,"Etiquette, courtesy, and first impressions",16,"Communication, Rhetoric, and Social Intelligence",draft,PRACTICE-COMP-1614-ETIQUETTE-COURTESY-AND-FIRST-IMPRESSIONS-01,0.2.0,data/practices/protocols/16/PRACTICE-COMP-1614-ETIQUETTE-COURTESY-AND-FIRST-IMPRESSIONS-01.yaml,21843b9ea9aae39987fdb4a6a59209e5ec7bb64921b55cc58eb2d1e2ae4eb943,PF-SKILL-REHEARSAL,RISK-MODERATE,GG-PRACTICE-RUNTIME-PROJECTION-2.0,false,pending,SP-STRUCTURED-EVIDENCE-ELIGIBLE,accepted_and_activated,active,blocked,not_applicable,L02;L23;L24;L26,L02;L23;L24;L26,accessibility_review_status:pending;content_review_status:pending;last_reviewed:missing;originality_review_status:pending;research_gap:RG-M6A-001:open;research_review_status:internal_sources_only_external_review_required;safety_review_status:pending;sources:incomplete;specialist_review:missing
16.15,Manipulation and coercion literacy,16,"Communication, Rhetoric, and Social Intelligence",draft,PRACTICE-COMP-1615-MANIPULATION-AND-COERCION-LITERACY-01,0.2.0,data/practices/protocols/16/PRACTICE-COMP-1615-MANIPULATION-AND-COERCION-LITERACY-01.yaml,a9373ebb1b307158a3437115edaa45590302dc07074e32c6c0bc909ccede2767,PF-SKILL-REHEARSAL,RISK-MODERATE,GG-PRACTICE-RUNTIME-PROJECTION-2.0,false,pending,SP-STRUCTURED-EVIDENCE-ELIGIBLE,accepted_and_activated,active,blocked,not_applicable,L13;L20;L24;L25,L13;L20;L24;L25,accessibility_review_status:pending;content_review_status:pending;last_reviewed:missing;originality_review_status:pending;research_gap:RG-M6A-001:open;research_review_status:internal_sources_only_external_review_required;safety_review_status:pending;sources:incomplete;specialist_review:missing
16.16,"High-context, indirect, and face-sensitive communication",16,"Communication, Rhetoric, and Social Intelligence",draft,PRACTICE-COMP-1616-HIGH-CONTEXT-INDIRECT-AND-FACE-SENSITIVE-COMMUNICATION-01,0.2.0,data/practices/protocols/16/PRACTICE-COMP-1616-HIGH-CONTEXT-INDIRECT-AND-FACE-SENSITIVE-COMMUNICATION-01.yaml,74257b016a673bb51fc871a4918b0a0d52954c5ba293c3715917b9103f0c16be,PF-RELATIONAL-CONVERSATION,RISK-MODERATE,GG-PRACTICE-RUNTIME-PROJECTION-2.0,false,pending,SP-STRUCTURED-EVIDENCE-ELIGIBLE,accepted_and_activated,active,blocked,not_applicable,L23;L24;L31,L23;L24;L31,accessibility_review_status:pending;content_review_status:pending;last_reviewed:missing;originality_review_status:pending;research_gap:RG-M6A-001:open;research_review_status:internal_sources_only_external_review_required;safety_review_status:pending;sources:incomplete;specialist_review:missing
16.17,Intercultural communication and code-switching,16,"Communication, Rhetoric, and Social Intelligence",draft,PRACTICE-COMP-1617-INTERCULTURAL-COMMUNICATION-AND-CODE-SWITCHING-01,0.2.0,data/practices/protocols/16/PRACTICE-COMP-1617-INTERCULTURAL-COMMUNICATION-AND-CODE-SWITCHING-01.yaml,3be7500502f8264b5303be947dae54b78d5e740aa0135e867df6c7cf35f83d74,PF-RELATIONAL-CONVERSATION,RISK-MODERATE,GG-PRACTICE-RUNTIME-PROJECTION-2.0,false,pending,SP-STRUCTURED-EVIDENCE-ELIGIBLE,accepted_and_activated,active,blocked,not_applicable,L23;L24;L31,L23;L24;L31,accessibility_review_status:pending;content_review_status:pending;last_reviewed:missing;originality_review_status:pending;research_gap:RG-M6A-001:open;research_review_status:internal_sources_only_external_review_required;safety_review_status:pending;sources:incomplete;specialist_review:missing
16.18,Language access and communication accommodation,16,"Communication, Rhetoric, and Social Intelligence",draft,PRACTICE-COMP-1618-LANGUAGE-ACCESS-AND-COMMUNICATION-ACCOMMODATION-01,0.2.0,data/practices/protocols/16/PRACTICE-COMP-1618-LANGUAGE-ACCESS-AND-COMMUNICATION-ACCOMMODATION-01.yaml,99746480b9a651c0e87eadbc33e9e6f1d7991702dfea119794b72550a66efc91,PF-RELATIONAL-CONVERSATION,RISK-MODERATE,GG-PRACTICE-RUNTIME-PROJECTION-2.0,false,pending,SP-STRUCTURED-EVIDENCE-ELIGIBLE,accepted_and_activated,active,blocked,not_applicable,L23;L24;L31,L23;L24;L31,accessibility_review_status:pending;content_review_status:pending;last_reviewed:missing;originality_review_status:pending;research_gap:RG-M6A-001:open;research_review_status:internal_sources_only_external_review_required;safety_review_status:pending;sources:incomplete;specialist_review:missing
17.01,Initiating connection,17,"Friendship, Belonging, Hospitality, and Social Networks",draft,PRACTICE-COMP-1701-INITIATING-CONNECTION-01,0.2.0,data/practices/protocols/17/PRACTICE-COMP-1701-INITIATING-CONNECTION-01.yaml,e65ed7e1ed9a3eeb513bd9399fd3556bc1534635a22f245f807512ebcdb5cdec,PF-ARTIFACT-PLAN,RISK-MODERATE,GG-PRACTICE-RUNTIME-PROJECTION-2.0,false,pending,SP-STRUCTURED-EVIDENCE-ELIGIBLE,accepted_and_activated,active,blocked,not_applicable,L23;L25;L26,L23;L25;L26,accessibility_review_status:pending;content_review_status:pending;last_reviewed:missing;originality_review_status:pending;research_gap:RG-M6A-001:open;research_review_status:internal_sources_only_external_review_required;safety_review_status:pending;sources:incomplete;specialist_review:missing
17.02,Friendship formation and selection,17,"Friendship, Belonging, Hospitality, and Social Networks",draft,PRACTICE-COMP-1702-FRIENDSHIP-FORMATION-AND-SELECTION-01,0.2.0,data/practices/protocols/17/PRACTICE-COMP-1702-FRIENDSHIP-FORMATION-AND-SELECTION-01.yaml,fa5affc723499748d940ed278ecd1565a5bb52141e2d8124ac4d757ad94e6dd1,PF-RELATIONAL-CONVERSATION,RISK-MODERATE,GG-PRACTICE-RUNTIME-PROJECTION-2.0,false,pending,SP-STRUCTURED-EVIDENCE-ELIGIBLE,accepted_and_activated,active,blocked,not_applicable,L24;L25;L26,L24;L25;L26,accessibility_review_status:pending;content_review_status:pending;last_reviewed:missing;originality_review_status:pending;research_gap:RG-M6A-001:open;research_review_status:internal_sources_only_external_review_required;safety_review_status:pending;sources:incomplete;specialist_review:missing
17.03,Maintaining friendship,17,"Friendship, Belonging, Hospitality, and Social Networks",projected_legacy,PRACTICE-FRIENDSHIP-01,1.0.0,data/practices/protocols/17/PRACTICE-FRIENDSHIP-01.yaml,18d10bc9a49d0d89b6311c01d2b8c93441cc05e9a9edd55f0161ef2848498453,PF-RELATIONAL-CONVERSATION,RISK-LOW,GG-PRACTICE-RUNTIME-PROJECTION-1.0,false,pilot_boundary_reviewed_expansion_review_pending,SP-STRUCTURED-EVIDENCE-ELIGIBLE,accepted_and_activated,active,blocked,existing_runtime_coverage,L10;L23;L24;L26,L23;L24;L26,accessibility_review_status:pilot_boundary_reviewed_expansion_review_pending;content_review_status:frozen_runtime_behavior;last_reviewed:missing;originality_review_status:legacy_exceptions_recorded_expansion_review_pending;research_gap:RG-M6A-001:open;research_gap:RG-M6A-003:open;research_review_status:internal_sources_only_external_review_required;safety_review_status:pilot_boundary_reviewed_expansion_review_pending;sources:incomplete;ui_test_status:existing_runtime_coverage
17.04,Reliable support,17,"Friendship, Belonging, Hospitality, and Social Networks",draft,PRACTICE-COMP-1704-RELIABLE-SUPPORT-01,0.2.0,data/practices/protocols/17/PRACTICE-COMP-1704-RELIABLE-SUPPORT-01.yaml,581899222376d4f416fd277cd519cf13d1ce771758c150e32bcf5d1e0413f8f6,PF-RELATIONAL-CONVERSATION,RISK-MODERATE,GG-PRACTICE-RUNTIME-PROJECTION-2.0,false,pending,SP-STRUCTURED-EVIDENCE-ELIGIBLE,accepted_and_activated,active,blocked,not_applicable,L02;L24;L26;L28,L02;L24;L26;L28,accessibility_review_status:pending;content_review_status:pending;last_reviewed:missing;originality_review_status:pending;research_gap:RG-M6A-001:open;research_review_status:internal_sources_only_external_review_required;safety_review_status:pending;sources:incomplete;specialist_review:missing
17.05,Reciprocity and healthy dependence,17,"Friendship, Belonging, Hospitality, and Social Networks",draft,PRACTICE-COMP-1705-RECIPROCITY-AND-HEALTHY-DEPENDENCE-01,0.2.0,data/practices/protocols/17/PRACTICE-COMP-1705-RECIPROCITY-AND-HEALTHY-DEPENDENCE-01.yaml,e0183da509d03c4f94bca730e3c763e4a0b0edd67418d8ca203fffae666a4926,PF-ARTIFACT-PLAN,RISK-MODERATE,GG-PRACTICE-RUNTIME-PROJECTION-2.0,false,pending,SP-STRUCTURED-EVIDENCE-ELIGIBLE,accepted_and_activated,active,blocked,not_applicable,L05;L24;L25;L26,L05;L24;L25;L26,accessibility_review_status:pending;content_review_status:pending;last_reviewed:missing;originality_review_status:pending;research_gap:RG-M6A-001:open;research_review_status:internal_sources_only_external_review_required;safety_review_status:pending;sources:incomplete;specialist_review:missing
17.06,Boundaries and harmful relationships,17,"Friendship, Belonging, Hospitality, and Social Networks",draft,PRACTICE-COMP-1706-BOUNDARIES-AND-HARMFUL-RELATIONSHIPS-01,0.2.0,data/practices/protocols/17/PRACTICE-COMP-1706-BOUNDARIES-AND-HARMFUL-RELATIONSHIPS-01.yaml,f2ce94db1781f2a4f2bbfcdf526c5db308ff02a23f9fadcff5b895e1845e79d3,PF-QUALIFIED-CONSULTATION,RISK-HIGH,GG-PRACTICE-RUNTIME-PROJECTION-2.0,false,pending_specialist_expansion_review,SP-STRUCTURED-EVIDENCE-ELIGIBLE,accepted_and_activated,active,blocked,not_applicable,L20;L25;L26;L29,L20;L25;L26;L29,accessibility_review_status:pending;content_review_status:pending;last_reviewed:missing;originality_review_status:pending;research_gap:RG-M6A-001:open;research_review_status:internal_sources_only_external_review_required;safety_review_status:pending_specialist_expansion_review;sources:incomplete;specialist_review:missing
17.07,Hospitality and inclusion,17,"Friendship, Belonging, Hospitality, and Social Networks",draft,PRACTICE-COMP-1707-HOSPITALITY-AND-INCLUSION-01,0.2.0,data/practices/protocols/17/PRACTICE-COMP-1707-HOSPITALITY-AND-INCLUSION-01.yaml,3d2f8103bd2bbe5baa3af30ca657619cbe6393baea960dc3a20fb19ff1446b41,PF-RELATIONAL-CONVERSATION,RISK-MODERATE,GG-PRACTICE-RUNTIME-PROJECTION-2.0,false,pending,SP-STRUCTURED-EVIDENCE-ELIGIBLE,accepted_and_activated,active,blocked,not_applicable,L18;L24;L26;L31,L18;L24;L26;L31,accessibility_review_status:pending;content_review_status:pending;last_reviewed:missing;originality_review_status:pending;research_gap:RG-M6A-001:open;research_review_status:internal_sources_only_external_review_required;safety_review_status:pending;sources:incomplete;specialist_review:missing
17.08,Collaboration and complementary strengths,17,"Friendship, Belonging, Hospitality, and Social Networks",draft,PRACTICE-COMP-1708-COLLABORATION-AND-COMPLEMENTARY-STRENGTHS-01,0.2.0,data/practices/protocols/17/PRACTICE-COMP-1708-COLLABORATION-AND-COMPLEMENTARY-STRENGTHS-01.yaml,ee45068f665d71d5f65949255b305febdba67f7605bbb7e5a996d59f4abb3cb8,PF-RELATIONAL-CONVERSATION,RISK-MODERATE,GG-PRACTICE-RUNTIME-PROJECTION-2.0,false,pending,SP-STRUCTURED-EVIDENCE-ELIGIBLE,accepted_and_activated,active,blocked,not_applicable,L24;L26;L32;L33,L24;L26;L32;L33,accessibility_review_status:pending;content_review_status:pending;last_reviewed:missing;originality_review_status:pending;research_gap:RG-M6A-001:open;research_review_status:internal_sources_only_external_review_required;safety_review_status:pending;sources:incomplete;specialist_review:missing
17.09,"Belonging, loneliness, and social ecology",17,"Friendship, Belonging, Hospitality, and Social Networks",draft,PRACTICE-COMP-1709-BELONGING-LONELINESS-AND-SOCIAL-ECOLOGY-01,0.2.0,data/practices/protocols/17/PRACTICE-COMP-1709-BELONGING-LONELINESS-AND-SOCIAL-ECOLOGY-01.yaml,3bc992ea3517b80d56d93524e4d1e16ae419c06c30048597957e1fab97c7ce9d,PF-RELATIONAL-CONVERSATION,RISK-MODERATE,GG-PRACTICE-RUNTIME-PROJECTION-2.0,false,pending,SP-STRUCTURED-EVIDENCE-ELIGIBLE,accepted_and_activated,active,blocked,not_applicable,L05;L24;L26;L31,L05;L24;L26;L31,accessibility_review_status:pending;content_review_status:pending;last_reviewed:missing;originality_review_status:pending;research_gap:RG-M6A-001:open;research_review_status:internal_sources_only_external_review_required;safety_review_status:pending;sources:incomplete;specialist_review:missing
17.10,Networks and social capital,17,"Friendship, Belonging, Hospitality, and Social Networks",draft,PRACTICE-COMP-1710-NETWORKS-AND-SOCIAL-CAPITAL-01,0.2.0,data/practices/protocols/17/PRACTICE-COMP-1710-NETWORKS-AND-SOCIAL-CAPITAL-01.yaml,778e16536e7e56c1889ad06ed031a24bb5cbb6b5e5a60caec55a9f3e329b938d,PF-COMMUNITY-CONTRIBUTION,RISK-MODERATE,GG-PRACTICE-RUNTIME-PROJECTION-2.0,false,pending,SP-STRUCTURED-EVIDENCE-ELIGIBLE,accepted_and_activated,active,blocked,not_applicable,L22;L26;L30;L33,L22;L26;L30;L33,accessibility_review_status:pending;content_review_status:pending;last_reviewed:missing;originality_review_status:pending;research_gap:RG-M6A-001:open;research_review_status:internal_sources_only_external_review_required;safety_review_status:pending;sources:incomplete;specialist_review:missing
17.11,Intergenerational friendship and mentorship,17,"Friendship, Belonging, Hospitality, and Social Networks",draft,PRACTICE-COMP-1711-INTERGENERATIONAL-FRIENDSHIP-AND-MENTORSHIP-01,0.2.0,data/practices/protocols/17/PRACTICE-COMP-1711-INTERGENERATIONAL-FRIENDSHIP-AND-MENTORSHIP-01.yaml,4d73bf028cad9021f14bd3f9adabab5b8225fa7d87099b8db918ff7f1f33f28a,PF-RELATIONAL-CONVERSATION,RISK-MODERATE,GG-PRACTICE-RUNTIME-PROJECTION-2.0,false,pending,SP-STRUCTURED-EVIDENCE-ELIGIBLE,accepted_and_activated,active,blocked,not_applicable,L15;L26;L28;L33,L15;L26;L28;L33,accessibility_review_status:pending;content_review_status:pending;last_reviewed:missing;originality_review_status:pending;research_gap:RG-M6A-001:open;research_review_status:internal_sources_only_external_review_required;safety_review_status:pending;sources:incomplete;specialist_review:missing
17.12,"Kin, clan, neighborhood, and communal obligation",17,"Friendship, Belonging, Hospitality, and Social Networks",draft,PRACTICE-COMP-1712-KIN-CLAN-NEIGHBORHOOD-AND-COMMUNAL-OBLIGATION-01,0.2.0,data/practices/protocols/17/PRACTICE-COMP-1712-KIN-CLAN-NEIGHBORHOOD-AND-COMMUNAL-OBLIGATION-01.yaml,88c7ce808f266dbc5367e8547179b0f3e32693f256439bf2341f13a140a84a57,PF-COMMUNITY-CONTRIBUTION,RISK-MODERATE,GG-PRACTICE-RUNTIME-PROJECTION-2.0,false,pending,SP-STRUCTURED-EVIDENCE-ELIGIBLE,accepted_and_activated,active,blocked,not_applicable,L26;L28;L30;L31,L26;L28;L30;L31,accessibility_review_status:pending;content_review_status:pending;last_reviewed:missing;originality_review_status:pending;research_gap:RG-M6A-001:open;research_review_status:internal_sources_only_external_review_required;safety_review_status:pending;sources:incomplete;specialist_review:missing
17.13,Friendship across deep difference,17,"Friendship, Belonging, Hospitality, and Social Networks",draft,PRACTICE-COMP-1713-FRIENDSHIP-ACROSS-DEEP-DIFFERENCE-01,0.2.0,data/practices/protocols/17/PRACTICE-COMP-1713-FRIENDSHIP-ACROSS-DEEP-DIFFERENCE-01.yaml,dc13b531d7eb29e1d56f818b58ba3bb9679f876ea9d3325de194278a3594c1e5,PF-RELATIONAL-CONVERSATION,RISK-MODERATE,GG-PRACTICE-RUNTIME-PROJECTION-2.0,false,pending,SP-STRUCTURED-EVIDENCE-ELIGIBLE,accepted_and_activated,active,blocked,not_applicable,L24;L26;L29;L31,L24;L26;L29;L31,accessibility_review_status:pending;content_review_status:pending;last_reviewed:missing;originality_review_status:pending;research_gap:RG-M6A-001:open;research_review_status:internal_sources_only_external_review_required;safety_review_status:pending;sources:incomplete;specialist_review:missing
17.14,Collective belonging without conformity,17,"Friendship, Belonging, Hospitality, and Social Networks",draft,PRACTICE-COMP-1714-COLLECTIVE-BELONGING-WITHOUT-CONFORMITY-01,0.2.0,data/practices/protocols/17/PRACTICE-COMP-1714-COLLECTIVE-BELONGING-WITHOUT-CONFORMITY-01.yaml,48150947bd47e00cf3537947baecd9e71d7f6649c0c8a873ebd2ab9847a7e5b8,PF-COMMUNITY-CONTRIBUTION,RISK-MODERATE,GG-PRACTICE-RUNTIME-PROJECTION-2.0,false,pending,SP-STRUCTURED-EVIDENCE-ELIGIBLE,accepted_and_activated,active,blocked,not_applicable,L05;L25;L26;L31,L05;L25;L26;L31,accessibility_review_status:pending;content_review_status:pending;last_reviewed:missing;originality_review_status:pending;research_gap:RG-M6A-001:open;research_review_status:internal_sources_only_external_review_required;safety_review_status:pending;sources:incomplete;specialist_review:missing
18.01,The nature and practice of love,18,"Intimacy, Sexuality, and Partnership",draft,PRACTICE-COMP-1801-THE-NATURE-AND-PRACTICE-OF-LOVE-01,0.2.0,data/practices/protocols/18/PRACTICE-COMP-1801-THE-NATURE-AND-PRACTICE-OF-LOVE-01.yaml,655d36e1a77db15b0c212c4c95f20a81b2d4cf5d3e4d234821c4b0cdbe813482,PF-QUALIFIED-CONSULTATION,RISK-HIGH,GG-PRACTICE-RUNTIME-PROJECTION-2.0,false,pending_specialist_expansion_review,SP-STRUCTURED-EVIDENCE-ELIGIBLE,accepted_and_activated,active,blocked,not_applicable,L02;L24;L27;L29,L02;L24;L27;L29,accessibility_review_status:pending;content_review_status:pending;last_reviewed:missing;originality_review_status:pending;research_gap:RG-M6A-001:open;research_review_status:internal_sources_only_external_review_required;safety_review_status:pending_specialist_expansion_review;sources:incomplete;specialist_review:missing
18.02,Attraction and respectful courtship,18,"Intimacy, Sexuality, and Partnership",draft,PRACTICE-COMP-1802-ATTRACTION-AND-RESPECTFUL-COURTSHIP-01,0.2.0,data/practices/protocols/18/PRACTICE-COMP-1802-ATTRACTION-AND-RESPECTFUL-COURTSHIP-01.yaml,62101ff74cb27f0d4386f876f683b41146abae31faebe29756abf592908f31d0,PF-SAFETY-PREPARATION,RISK-HIGH,GG-PRACTICE-RUNTIME-PROJECTION-2.0,false,pending_specialist_expansion_review,SP-STRUCTURED-EVIDENCE-ELIGIBLE,accepted_and_activated,active,blocked,not_applicable,L23;L24;L25;L27,L23;L24;L25;L27,accessibility_review_status:pending;content_review_status:pending;last_reviewed:missing;originality_review_status:pending;research_gap:RG-M6A-001:open;research_review_status:internal_sources_only_external_review_required;safety_review_status:pending_specialist_expansion_review;sources:incomplete;specialist_review:missing
18.03,Partner selection and compatibility,18,"Intimacy, Sexuality, and Partnership",draft,PRACTICE-COMP-1803-PARTNER-SELECTION-AND-COMPATIBILITY-01,0.2.0,data/practices/protocols/18/PRACTICE-COMP-1803-PARTNER-SELECTION-AND-COMPATIBILITY-01.yaml,7fdd9a954d595ca831bd2a091721dcd6d840a83f43e3bfeadb971299e05865a8,PF-QUALIFIED-CONSULTATION,RISK-HIGH,GG-PRACTICE-RUNTIME-PROJECTION-2.0,false,pending_specialist_expansion_review,SP-STRUCTURED-EVIDENCE-ELIGIBLE,accepted_and_activated,active,blocked,not_applicable,L05;L14;L25;L27,L05;L14;L25;L27,accessibility_review_status:pending;content_review_status:pending;last_reviewed:missing;originality_review_status:pending;research_gap:RG-M6A-001:open;research_review_status:internal_sources_only_external_review_required;safety_review_status:pending_specialist_expansion_review;sources:incomplete;specialist_review:missing
18.04,Attachment and relational security,18,"Intimacy, Sexuality, and Partnership",draft,PRACTICE-COMP-1804-ATTACHMENT-AND-RELATIONAL-SECURITY-01,0.2.0,data/practices/protocols/18/PRACTICE-COMP-1804-ATTACHMENT-AND-RELATIONAL-SECURITY-01.yaml,8fd6fce3185583ca7f4e190fa23d4a02d99b8d837a8307325b749ecb586ab69e,PF-SAFETY-PREPARATION,RISK-HIGH,GG-PRACTICE-RUNTIME-PROJECTION-2.0,false,pending_specialist_expansion_review,SP-STRUCTURED-EVIDENCE-ELIGIBLE,accepted_and_activated,active,blocked,not_applicable,L07;L24;L25;L27,L07;L24;L25;L27,accessibility_review_status:pending;content_review_status:pending;last_reviewed:missing;originality_review_status:pending;research_gap:RG-M6A-001:open;research_review_status:internal_sources_only_external_review_required;safety_review_status:pending_specialist_expansion_review;sources:incomplete;specialist_review:missing
18.05,Vulnerability and emotional intimacy,18,"Intimacy, Sexuality, and Partnership",draft,PRACTICE-COMP-1805-VULNERABILITY-AND-EMOTIONAL-INTIMACY-01,0.2.0,data/practices/protocols/18/PRACTICE-COMP-1805-VULNERABILITY-AND-EMOTIONAL-INTIMACY-01.yaml,a14907b7cf41ce29f69e8c2f1b7db70b46ccf45286acbda5541772fc5c1a500f,PF-QUALIFIED-CONSULTATION,RISK-HIGH,GG-PRACTICE-RUNTIME-PROJECTION-2.0,false,pending_specialist_expansion_review,SP-STRUCTURED-EVIDENCE-ELIGIBLE,accepted_and_activated,active,blocked,not_applicable,L23;L24;L25;L27,L23;L24;L25;L27,accessibility_review_status:pending;content_review_status:pending;last_reviewed:missing;originality_review_status:pending;research_gap:RG-M6A-001:open;research_review_status:internal_sources_only_external_review_required;safety_review_status:pending_specialist_expansion_review;sources:incomplete;specialist_review:missing
18.06,Relationship stages and changing needs,18,"Intimacy, Sexuality, and Partnership",draft,PRACTICE-COMP-1806-RELATIONSHIP-STAGES-AND-CHANGING-NEEDS-01,0.2.0,data/practices/protocols/18/PRACTICE-COMP-1806-RELATIONSHIP-STAGES-AND-CHANGING-NEEDS-01.yaml,dbbdbf4701296130266babab211bf04fe5aa7bc37cf650848f24425137ca2fb1,PF-QUALIFIED-CONSULTATION,RISK-HIGH,GG-PRACTICE-RUNTIME-PROJECTION-2.0,false,pending_specialist_expansion_review,SP-STRUCTURED-EVIDENCE-ELIGIBLE,accepted_and_activated,active,blocked,not_applicable,L11;L24;L27;L36,L11;L24;L27;L36,accessibility_review_status:pending;content_review_status:pending;last_reviewed:missing;originality_review_status:pending;research_gap:RG-M6A-001:open;research_review_status:internal_sources_only_external_review_required;safety_review_status:pending_specialist_expansion_review;sources:incomplete;specialist_review:missing
18.07,"Shared expectations, roles, and labor",18,"Intimacy, Sexuality, and Partnership",draft,PRACTICE-COMP-1807-SHARED-EXPECTATIONS-ROLES-AND-LABOR-01,0.2.0,data/practices/protocols/18/PRACTICE-COMP-1807-SHARED-EXPECTATIONS-ROLES-AND-LABOR-01.yaml,5072bc21380905633bf2108fdb32444078d710ac82823cd986db50ee213accea,PF-QUALIFIED-CONSULTATION,RISK-HIGH,GG-PRACTICE-RUNTIME-PROJECTION-2.0,false,pending_specialist_expansion_review,SP-STRUCTURED-EVIDENCE-ELIGIBLE,accepted_and_activated,active,blocked,not_applicable,L23;L25;L27;L28,L23;L25;L27;L28,accessibility_review_status:pending;content_review_status:pending;last_reviewed:missing;originality_review_status:pending;research_gap:RG-M6A-001:open;research_review_status:internal_sources_only_external_review_required;safety_review_status:pending_specialist_expansion_review;sources:incomplete;specialist_review:missing
18.08,Partnership conflict and repair,18,"Intimacy, Sexuality, and Partnership",draft,PRACTICE-COMP-1808-PARTNERSHIP-CONFLICT-AND-REPAIR-01,0.2.0,data/practices/protocols/18/PRACTICE-COMP-1808-PARTNERSHIP-CONFLICT-AND-REPAIR-01.yaml,ab6ee1a4a33b1fa5a31b336bb471d33cad760bb20f80a8131e890a7380b6b94d,PF-QUALIFIED-CONSULTATION,RISK-HIGH,GG-PRACTICE-RUNTIME-PROJECTION-2.0,false,pending_specialist_expansion_review,SP-STRUCTURED-EVIDENCE-ELIGIBLE,accepted_and_activated,active,blocked,not_applicable,L23;L25;L27;L29,L23;L25;L27;L29,accessibility_review_status:pending;content_review_status:pending;last_reviewed:missing;originality_review_status:pending;research_gap:RG-M6A-001:open;research_review_status:internal_sources_only_external_review_required;safety_review_status:pending_specialist_expansion_review;sources:incomplete;specialist_review:missing
18.09,Sexual ethics and consent,18,"Intimacy, Sexuality, and Partnership",draft,PRACTICE-COMP-1809-SEXUAL-ETHICS-AND-CONSENT-01,0.2.0,data/practices/protocols/18/PRACTICE-COMP-1809-SEXUAL-ETHICS-AND-CONSENT-01.yaml,60b58b0b8e4bcbb403f4ead12d77d8984218d20896e4b595c712cd1d6a33241f,PF-QUALIFIED-CONSULTATION,RISK-HIGH,GG-PRACTICE-RUNTIME-PROJECTION-2.0,false,pending_specialist_expansion_review,SP-STRUCTURED-EVIDENCE-ELIGIBLE,accepted_and_activated,active,blocked,not_applicable,L02;L25;L27;L31,L02;L25;L27;L31,accessibility_review_status:pending;content_review_status:pending;last_reviewed:missing;originality_review_status:pending;research_gap:RG-M6A-001:open;research_review_status:internal_sources_only_external_review_required;safety_review_status:pending_specialist_expansion_review;sources:incomplete;specialist_review:missing
18.10,"Sexual communication, pleasure, and health",18,"Intimacy, Sexuality, and Partnership",draft,PRACTICE-COMP-1810-SEXUAL-COMMUNICATION-PLEASURE-AND-HEALTH-01,0.2.0,data/practices/protocols/18/PRACTICE-COMP-1810-SEXUAL-COMMUNICATION-PLEASURE-AND-HEALTH-01.yaml,abb4bf751cf13bd1570e0d31661c4bbad70a15f3f89d324ab403f111e1baf4cd,PF-QUALIFIED-CONSULTATION,RISK-HIGH,GG-PRACTICE-RUNTIME-PROJECTION-2.0,false,pending_specialist_expansion_review,SP-STRUCTURED-EVIDENCE-ELIGIBLE,accepted_and_activated,active,blocked,not_applicable,L17;L23;L24;L27,L17;L23;L24;L27,accessibility_review_status:pending;content_review_status:pending;last_reviewed:missing;originality_review_status:pending;research_gap:RG-M6A-001:open;research_review_status:internal_sources_only_external_review_required;safety_review_status:pending_specialist_expansion_review;sources:incomplete;specialist_review:missing
18.11,"Commitment, fidelity, and trust",18,"Intimacy, Sexuality, and Partnership",draft,PRACTICE-COMP-1811-COMMITMENT-FIDELITY-AND-TRUST-01,0.2.0,data/practices/protocols/18/PRACTICE-COMP-1811-COMMITMENT-FIDELITY-AND-TRUST-01.yaml,4238677980c0e69d02821c1879b16123ed3a78ea64772b5c23ee39f91e85099a,PF-QUALIFIED-CONSULTATION,RISK-HIGH,GG-PRACTICE-RUNTIME-PROJECTION-2.0,false,pending_specialist_expansion_review,SP-STRUCTURED-EVIDENCE-ELIGIBLE,accepted_and_activated,active,blocked,not_applicable,L02;L10;L27;L29,L02;L10;L27;L29,accessibility_review_status:pending;content_review_status:pending;last_reviewed:missing;originality_review_status:pending;research_gap:RG-M6A-001:open;research_review_status:internal_sources_only_external_review_required;safety_review_status:pending_specialist_expansion_review;sources:incomplete;specialist_review:missing
18.12,"Separation, divorce, estrangement, and endings",18,"Intimacy, Sexuality, and Partnership",draft,PRACTICE-COMP-1812-SEPARATION-DIVORCE-ESTRANGEMENT-AND-ENDINGS-01,0.2.0,data/practices/protocols/18/PRACTICE-COMP-1812-SEPARATION-DIVORCE-ESTRANGEMENT-AND-ENDINGS-01.yaml,f1227287b115d275375c33b2817ccea477046694b2262b5d7dce477d051fb394,PF-SAFETY-PREPARATION,RISK-HIGH,GG-PRACTICE-RUNTIME-PROJECTION-2.0,false,pending_specialist_expansion_review,SP-STRUCTURED-EVIDENCE-ELIGIBLE,accepted_and_activated,active,blocked,not_applicable,L04;L25;L27;L29,L04;L25;L27;L29,accessibility_review_status:pending;content_review_status:pending;last_reviewed:missing;originality_review_status:pending;research_gap:RG-M6A-001:open;research_review_status:internal_sources_only_external_review_required;safety_review_status:pending_specialist_expansion_review;sources:incomplete;specialist_review:missing
18.13,Relationship diversity and chosen form,18,"Intimacy, Sexuality, and Partnership",draft,PRACTICE-COMP-1813-RELATIONSHIP-DIVERSITY-AND-CHOSEN-FORM-01,0.2.0,data/practices/protocols/18/PRACTICE-COMP-1813-RELATIONSHIP-DIVERSITY-AND-CHOSEN-FORM-01.yaml,ea7141c1cc3fcc0ad8382b143d09c1b85ef6951579250fbac5e298453e698ea0,PF-QUALIFIED-CONSULTATION,RISK-HIGH,GG-PRACTICE-RUNTIME-PROJECTION-2.0,false,pending_specialist_expansion_review,SP-STRUCTURED-EVIDENCE-ELIGIBLE,accepted_and_activated,active,blocked,not_applicable,L05;L25;L27;L31,L05;L25;L27;L31,accessibility_review_status:pending;content_review_status:pending;last_reviewed:missing;originality_review_status:pending;research_gap:RG-M6A-001:open;research_review_status:internal_sources_only_external_review_required;safety_review_status:pending_specialist_expansion_review;sources:incomplete;specialist_review:missing
18.14,Reproductive intentions and partnership communication,18,"Intimacy, Sexuality, and Partnership",draft,PRACTICE-COMP-1814-REPRODUCTIVE-INTENTIONS-AND-PARTNERSHIP-COMMUNICATION-01,0.2.0,data/practices/protocols/18/PRACTICE-COMP-1814-REPRODUCTIVE-INTENTIONS-AND-PARTNERSHIP-COMMUNICATION-01.yaml,a25365fb981097a2c095f15e4c1608d172440e0ea6d547330104493d1482627d,PF-SAFETY-PREPARATION,RISK-HIGH,GG-PRACTICE-RUNTIME-PROJECTION-2.0,false,pending_specialist_expansion_review,SP-STRUCTURED-EVIDENCE-ELIGIBLE,accepted_and_activated,active,blocked,not_applicable,L17;L23;L27;L28,L17;L23;L27;L28,accessibility_review_status:pending;content_review_status:pending;last_reviewed:missing;originality_review_status:pending;research_gap:RG-M6A-001:open;research_review_status:internal_sources_only_external_review_required;safety_review_status:pending_specialist_expansion_review;sources:incomplete;specialist_review:missing
19.01,Family systems and intergenerational patterns,19,"Family, Parenting, Reproduction, and Caregiving",draft,PRACTICE-COMP-1901-FAMILY-SYSTEMS-AND-INTERGENERATIONAL-PATTERNS-01,0.2.0,data/practices/protocols/19/PRACTICE-COMP-1901-FAMILY-SYSTEMS-AND-INTERGENERATIONAL-PATTERNS-01.yaml,df6567233c2dedc104eb85011179de35b06701dd5bb0a7a145d97c26452cc33d,PF-QUALIFIED-CONSULTATION,RISK-HIGH,GG-PRACTICE-RUNTIME-PROJECTION-2.0,false,pending_specialist_expansion_review,SP-STRUCTURED-EVIDENCE-ELIGIBLE,accepted_and_activated,active,blocked,not_applicable,L05;L28;L29;L31,L05;L28;L29;L31,accessibility_review_status:pending;content_review_status:pending;last_reviewed:missing;originality_review_status:pending;research_gap:RG-M6A-001:open;research_review_status:internal_sources_only_external_review_required;safety_review_status:pending_specialist_expansion_review;sources:incomplete;specialist_review:missing
19.02,Parenting and child development,19,"Family, Parenting, Reproduction, and Caregiving",draft,PRACTICE-COMP-1902-PARENTING-AND-CHILD-DEVELOPMENT-01,0.2.0,data/practices/protocols/19/PRACTICE-COMP-1902-PARENTING-AND-CHILD-DEVELOPMENT-01.yaml,4b0704c7779e49067809200041a29962cc0f4159530ace3ceca2d5f5ea7f665c,PF-SAFETY-PREPARATION,RISK-HIGH,GG-PRACTICE-RUNTIME-PROJECTION-2.0,false,pending_specialist_expansion_review,SP-STRUCTURED-EVIDENCE-ELIGIBLE,accepted_and_activated,active,blocked,not_applicable,L15;L24;L28;L33,L15;L24;L28;L33,accessibility_review_status:pending;content_review_status:pending;last_reviewed:missing;originality_review_status:pending;research_gap:RG-M6A-001:open;research_review_status:internal_sources_only_external_review_required;safety_review_status:pending_specialist_expansion_review;sources:incomplete;specialist_review:missing
19.03,"Caregiving for elders, illness, and disability",19,"Family, Parenting, Reproduction, and Caregiving",draft,PRACTICE-COMP-1903-CAREGIVING-FOR-ELDERS-ILLNESS-AND-DISABILITY-01,0.2.0,data/practices/protocols/19/PRACTICE-COMP-1903-CAREGIVING-FOR-ELDERS-ILLNESS-AND-DISABILITY-01.yaml,e9604212b80b7d122956fbaa49307e88eebf299b17ac4b42eef25e4579bf425b,PF-QUALIFIED-CONSULTATION,RISK-HIGH,GG-PRACTICE-RUNTIME-PROJECTION-2.0,false,pending_specialist_expansion_review,SP-STRUCTURED-EVIDENCE-ELIGIBLE,accepted_and_activated,active,blocked,not_applicable,L17;L24;L25;L28,L17;L24;L25;L28,accessibility_review_status:pending;content_review_status:pending;last_reviewed:missing;originality_review_status:pending;research_gap:RG-M6A-001:open;research_review_status:internal_sources_only_external_review_required;safety_review_status:pending_specialist_expansion_review;sources:incomplete;specialist_review:missing
19.04,Fertility and reproductive health literacy,19,"Family, Parenting, Reproduction, and Caregiving",draft,PRACTICE-COMP-1904-FERTILITY-AND-REPRODUCTIVE-HEALTH-LITERACY-01,0.2.0,data/practices/protocols/19/PRACTICE-COMP-1904-FERTILITY-AND-REPRODUCTIVE-HEALTH-LITERACY-01.yaml,0538200aa4da9f7fa6b060d22c4b693d4cbd5c7dc979c93835a1193b4573d63d,PF-QUALIFIED-CONSULTATION,RISK-HIGH,GG-PRACTICE-RUNTIME-PROJECTION-2.0,false,pending_specialist_expansion_review,SP-STRUCTURED-EVIDENCE-ELIGIBLE,accepted_and_activated,active,blocked,not_applicable,L13;L17;L28,L13;L17;L28,accessibility_review_status:pending;content_review_status:pending;last_reviewed:missing;originality_review_status:pending;research_gap:RG-M6A-001:open;research_review_status:internal_sources_only_external_review_required;safety_review_status:pending_specialist_expansion_review;sources:incomplete;specialist_review:missing
19.05,"Pregnancy, birth, and postpartum responsibility",19,"Family, Parenting, Reproduction, and Caregiving",draft,PRACTICE-COMP-1905-PREGNANCY-BIRTH-AND-POSTPARTUM-RESPONSIBILITY-01,0.2.0,data/practices/protocols/19/PRACTICE-COMP-1905-PREGNANCY-BIRTH-AND-POSTPARTUM-RESPONSIBILITY-01.yaml,0a846fc8ac73ca1712ba17cb02686f83fc8f86d3335fb3cdbb01154cff960b56,PF-SAFETY-PREPARATION,RISK-HIGH,GG-PRACTICE-RUNTIME-PROJECTION-2.0,false,pending_specialist_expansion_review,SP-STRUCTURED-EVIDENCE-ELIGIBLE,accepted_and_activated,active,blocked,not_applicable,L17;L20;L21;L28,L17;L20;L21;L28,accessibility_review_status:pending;content_review_status:pending;last_reviewed:missing;originality_review_status:pending;research_gap:RG-M6A-001:open;research_review_status:internal_sources_only_external_review_required;safety_review_status:pending_specialist_expansion_review;sources:incomplete;specialist_review:missing
19.06,"Miscarriage, infertility, and reproductive grief",19,"Family, Parenting, Reproduction, and Caregiving",draft,PRACTICE-COMP-1906-MISCARRIAGE-INFERTILITY-AND-REPRODUCTIVE-GRIEF-01,0.2.0,data/practices/protocols/19/PRACTICE-COMP-1906-MISCARRIAGE-INFERTILITY-AND-REPRODUCTIVE-GRIEF-01.yaml,58711e82bc038f376810efa087bb62112f7213e814e84d3bf8dccf534973b8fb,PF-QUALIFIED-CONSULTATION,RISK-HIGH,GG-PRACTICE-RUNTIME-PROJECTION-2.0,false,pending_specialist_expansion_review,SP-STRUCTURED-EVIDENCE-ELIGIBLE,accepted_and_activated,active,blocked,not_applicable,L04;L07;L24;L28,L04;L07;L24;L28,accessibility_review_status:pending;content_review_status:pending;last_reviewed:missing;originality_review_status:pending;research_gap:RG-M6A-001:open;research_review_status:internal_sources_only_external_review_required;safety_review_status:pending_specialist_expansion_review;sources:incomplete;specialist_review:missing
19.07,"Adoption, fostering, stepfamilies, and chosen family",19,"Family, Parenting, Reproduction, and Caregiving",draft,PRACTICE-COMP-1907-ADOPTION-FOSTERING-STEPFAMILIES-AND-CHOSEN-FAMILY-01,0.2.0,data/practices/protocols/19/PRACTICE-COMP-1907-ADOPTION-FOSTERING-STEPFAMILIES-AND-CHOSEN-FAMILY-01.yaml,b875d63a42ce64cb41a0065675959963d0d60cc138fc523fa529bbb7d9c1fbc1,PF-QUALIFIED-CONSULTATION,RISK-HIGH,GG-PRACTICE-RUNTIME-PROJECTION-2.0,false,pending_specialist_expansion_review,SP-STRUCTURED-EVIDENCE-ELIGIBLE,accepted_and_activated,active,blocked,not_applicable,L24;L28;L29;L31,L24;L28;L29;L31,accessibility_review_status:pending;content_review_status:pending;last_reviewed:missing;originality_review_status:pending;research_gap:RG-M6A-001:open;research_review_status:internal_sources_only_external_review_required;safety_review_status:pending_specialist_expansion_review;sources:incomplete;specialist_review:missing
19.08,Child protection and safeguarding,19,"Family, Parenting, Reproduction, and Caregiving",draft,PRACTICE-COMP-1908-CHILD-PROTECTION-AND-SAFEGUARDING-01,0.2.0,data/practices/protocols/19/PRACTICE-COMP-1908-CHILD-PROTECTION-AND-SAFEGUARDING-01.yaml,48a225c6f11bbf31d338e022485f294e436571855846f9d83c6e65484917f1af,PF-QUALIFIED-CONSULTATION,RISK-HIGH,GG-PRACTICE-RUNTIME-PROJECTION-2.0,false,pending_specialist_expansion_review,SP-STRUCTURED-EVIDENCE-ELIGIBLE,accepted_and_activated,active,blocked,not_applicable,L20;L25;L28;L31,L20;L25;L28;L31,accessibility_review_status:pending;content_review_status:pending;last_reviewed:missing;originality_review_status:pending;research_gap:RG-M6A-001:open;research_review_status:internal_sources_only_external_review_required;safety_review_status:pending_specialist_expansion_review;sources:incomplete;specialist_review:missing
19.09,Developmentally appropriate autonomy and discipline,19,"Family, Parenting, Reproduction, and Caregiving",draft,PRACTICE-COMP-1909-DEVELOPMENTALLY-APPROPRIATE-AUTONOMY-AND-DISCIPLINE-01,0.2.0,data/practices/protocols/19/PRACTICE-COMP-1909-DEVELOPMENTALLY-APPROPRIATE-AUTONOMY-AND-DISCIPLINE-01.yaml,c70120638b60d882c7f7d87e4a7270cbc74bb6938ffa53ed118abafc34fae229,PF-QUALIFIED-CONSULTATION,RISK-HIGH,GG-PRACTICE-RUNTIME-PROJECTION-2.0,false,pending_specialist_expansion_review,SP-STRUCTURED-EVIDENCE-ELIGIBLE,accepted_and_activated,active,blocked,not_applicable,L02;L15;L25;L28;L33,L02;L15;L25;L28;L33,accessibility_review_status:pending;content_review_status:pending;last_reviewed:missing;originality_review_status:pending;research_gap:RG-M6A-001:open;research_review_status:internal_sources_only_external_review_required;safety_review_status:pending_specialist_expansion_review;sources:incomplete;specialist_review:missing
19.10,"Education, formation, and modeling in family life",19,"Family, Parenting, Reproduction, and Caregiving",draft,PRACTICE-COMP-1910-EDUCATION-FORMATION-AND-MODELING-IN-FAMILY-LIFE-01,0.2.0,data/practices/protocols/19/PRACTICE-COMP-1910-EDUCATION-FORMATION-AND-MODELING-IN-FAMILY-LIFE-01.yaml,312ea7ff35d275ffcc92de32036f012796ca1c710f79dac7202e76494a038ed4,PF-QUALIFIED-CONSULTATION,RISK-HIGH,GG-PRACTICE-RUNTIME-PROJECTION-2.0,false,pending_specialist_expansion_review,SP-STRUCTURED-EVIDENCE-ELIGIBLE,accepted_and_activated,active,blocked,not_applicable,L02;L15;L28;L33,L02;L15;L28;L33,accessibility_review_status:pending;content_review_status:pending;last_reviewed:missing;originality_review_status:pending;research_gap:RG-M6A-001:open;research_review_status:internal_sources_only_external_review_required;safety_review_status:pending_specialist_expansion_review;sources:incomplete;specialist_review:missing
19.11,"Elder care, dementia, and later-life decision-making",19,"Family, Parenting, Reproduction, and Caregiving",draft,PRACTICE-COMP-1911-ELDER-CARE-DEMENTIA-AND-LATER-LIFE-DECISION-MAKING-01,0.2.0,data/practices/protocols/19/PRACTICE-COMP-1911-ELDER-CARE-DEMENTIA-AND-LATER-LIFE-DECISION-MAKING-01.yaml,6a67568e3dd7889d307cb99c30c1ff76bdf5be138b08ae4be0ffacab9593f73d,PF-SAFETY-PREPARATION,RISK-HIGH,GG-PRACTICE-RUNTIME-PROJECTION-2.0,false,pending_specialist_expansion_review,SP-STRUCTURED-EVIDENCE-ELIGIBLE,accepted_and_activated,active,blocked,not_applicable,L04;L14;L17;L28,L04;L14;L17;L28,accessibility_review_status:pending;content_review_status:pending;last_reviewed:missing;originality_review_status:pending;research_gap:RG-M6A-001:open;research_review_status:internal_sources_only_external_review_required;safety_review_status:pending_specialist_expansion_review;sources:incomplete;specialist_review:missing
19.12,"Family labor, provision, and invisible work",19,"Family, Parenting, Reproduction, and Caregiving",draft,PRACTICE-COMP-1912-FAMILY-LABOR-PROVISION-AND-INVISIBLE-WORK-01,0.2.0,data/practices/protocols/19/PRACTICE-COMP-1912-FAMILY-LABOR-PROVISION-AND-INVISIBLE-WORK-01.yaml,71e99b0ed156797986742166dd077e50593c3100b6f9f0cebcceaa460cdbdca3,PF-QUALIFIED-CONSULTATION,RISK-HIGH,GG-PRACTICE-RUNTIME-PROJECTION-2.0,false,pending_specialist_expansion_review,SP-STRUCTURED-EVIDENCE-ELIGIBLE,accepted_and_activated,active,blocked,not_applicable,L18;L21;L23;L28;L31,L18;L21;L23;L28;L31,accessibility_review_status:pending;content_review_status:pending;last_reviewed:missing;originality_review_status:pending;research_gap:RG-M6A-001:open;research_review_status:internal_sources_only_external_review_required;safety_review_status:pending_specialist_expansion_review;sources:incomplete;specialist_review:missing
19.13,"Co-parenting, separation, and family restructuring",19,"Family, Parenting, Reproduction, and Caregiving",draft,PRACTICE-COMP-1913-CO-PARENTING-SEPARATION-AND-FAMILY-RESTRUCTURING-01,0.2.0,data/practices/protocols/19/PRACTICE-COMP-1913-CO-PARENTING-SEPARATION-AND-FAMILY-RESTRUCTURING-01.yaml,34693119f407002c7498b318672b73568062820a0c406ab5998f45164104bb8a,PF-QUALIFIED-CONSULTATION,RISK-HIGH,GG-PRACTICE-RUNTIME-PROJECTION-2.0,false,pending_specialist_expansion_review,SP-STRUCTURED-EVIDENCE-ELIGIBLE,accepted_and_activated,active,blocked,not_applicable,L23;L25;L28;L29,L23;L25;L28;L29,accessibility_review_status:pending;content_review_status:pending;last_reviewed:missing;originality_review_status:pending;research_gap:RG-M6A-001:open;research_review_status:internal_sources_only_external_review_required;safety_review_status:pending_specialist_expansion_review;sources:incomplete;specialist_review:missing
19.14,"Family ritual, heritage, and intergenerational continuity",19,"Family, Parenting, Reproduction, and Caregiving",draft,PRACTICE-COMP-1914-FAMILY-RITUAL-HERITAGE-AND-INTERGENERATIONAL-CONTINUITY-01,0.2.0,data/practices/protocols/19/PRACTICE-COMP-1914-FAMILY-RITUAL-HERITAGE-AND-INTERGENERATIONAL-CONTINUITY-01.yaml,61c490554198471f098939406b8498a7cc6cfd048949345ac677a5dce0e2caaf,PF-QUALIFIED-CONSULTATION,RISK-HIGH,GG-PRACTICE-RUNTIME-PROJECTION-2.0,false,pending_specialist_expansion_review,SP-STRUCTURED-EVIDENCE-ELIGIBLE,accepted_and_activated,active,blocked,not_applicable,L03;L16;L26;L28;L37,L03;L16;L26;L28;L37,accessibility_review_status:pending;content_review_status:pending;last_reviewed:missing;originality_review_status:pending;research_gap:RG-M6A-001:open;research_review_status:internal_sources_only_external_review_required;safety_review_status:pending_specialist_expansion_review;sources:incomplete;specialist_review:missing
19.15,"Caregiver limits, respite, and shared responsibility",19,"Family, Parenting, Reproduction, and Caregiving",draft,PRACTICE-COMP-1915-CAREGIVER-LIMITS-RESPITE-AND-SHARED-RESPONSIBILITY-01,0.2.0,data/practices/protocols/19/PRACTICE-COMP-1915-CAREGIVER-LIMITS-RESPITE-AND-SHARED-RESPONSIBILITY-01.yaml,d943884d7df6881067015eebdb9d4c6cf623d4ef2f3e62568169331eb79039a8,PF-QUALIFIED-CONSULTATION,RISK-HIGH,GG-PRACTICE-RUNTIME-PROJECTION-2.0,false,pending_specialist_expansion_review,SP-STRUCTURED-EVIDENCE-ELIGIBLE,accepted_and_activated,active,blocked,not_applicable,L17;L25;L26;L28;L34,L17;L25;L26;L28;L34,accessibility_review_status:pending;content_review_status:pending;last_reviewed:missing;originality_review_status:pending;research_gap:RG-M6A-001:open;research_review_status:internal_sources_only_external_review_required;safety_review_status:pending_specialist_expansion_review;sources:incomplete;specialist_review:missing
20.01,Social interdependence,20,"Community, Citizenship, Justice, and Nonviolent Action",draft,PRACTICE-COMP-2001-SOCIAL-INTERDEPENDENCE-01,0.2.0,data/practices/protocols/20/PRACTICE-COMP-2001-SOCIAL-INTERDEPENDENCE-01.yaml,25d6c139662626a70a52b94cabc3101a684fb02261163b785678a9ca0361a3aa,PF-ARTIFACT-PLAN,RISK-MODERATE,GG-PRACTICE-RUNTIME-PROJECTION-2.0,false,pending,SP-STRUCTURED-EVIDENCE-ELIGIBLE,accepted_and_activated,active,blocked,not_applicable,L24;L26;L30;L31,L24;L26;L30;L31,accessibility_review_status:pending;content_review_status:pending;last_reviewed:missing;originality_review_status:pending;research_gap:RG-M6A-001:open;research_review_status:internal_sources_only_external_review_required;safety_review_status:pending;sources:incomplete;specialist_review:missing
20.02,Civic and governmental literacy,20,"Community, Citizenship, Justice, and Nonviolent Action",draft,PRACTICE-COMP-2002-CIVIC-AND-GOVERNMENTAL-LITERACY-01,0.2.0,data/practices/protocols/20/PRACTICE-COMP-2002-CIVIC-AND-GOVERNMENTAL-LITERACY-01.yaml,51000b7c24bb7845fb9095ec030105aefe0ad39b7045be6e73e452ac6cf672cc,PF-ARTIFACT-PLAN,RISK-MODERATE,GG-PRACTICE-RUNTIME-PROJECTION-2.0,false,pending,SP-STRUCTURED-EVIDENCE-ELIGIBLE,accepted_and_activated,active,blocked,not_applicable,L13;L30;L31;L33,L13;L30;L31;L33,accessibility_review_status:pending;content_review_status:pending;last_reviewed:missing;originality_review_status:pending;research_gap:RG-M6A-001:open;research_review_status:internal_sources_only_external_review_required;safety_review_status:pending;sources:incomplete;specialist_review:missing
20.03,"Rights, duties, law, and civil liberty",20,"Community, Citizenship, Justice, and Nonviolent Action",draft,PRACTICE-COMP-2003-RIGHTS-DUTIES-LAW-AND-CIVIL-LIBERTY-01,0.2.0,data/practices/protocols/20/PRACTICE-COMP-2003-RIGHTS-DUTIES-LAW-AND-CIVIL-LIBERTY-01.yaml,8655721cd3454fa084910419adfada7218a9fc6a790591685485592cbffdf195,PF-ARTIFACT-PLAN,RISK-MODERATE,GG-PRACTICE-RUNTIME-PROJECTION-2.0,false,pending,SP-STRUCTURED-EVIDENCE-ELIGIBLE,accepted_and_activated,active,blocked,not_applicable,L02;L13;L30;L31,L02;L13;L30;L31,accessibility_review_status:pending;content_review_status:pending;last_reviewed:missing;originality_review_status:pending;research_gap:RG-M6A-001:open;research_review_status:internal_sources_only_external_review_required;safety_review_status:pending;sources:incomplete;specialist_review:missing
20.04,"Justice, inequality, and social structure",20,"Community, Citizenship, Justice, and Nonviolent Action",draft,PRACTICE-COMP-2004-JUSTICE-INEQUALITY-AND-SOCIAL-STRUCTURE-01,0.2.0,data/practices/protocols/20/PRACTICE-COMP-2004-JUSTICE-INEQUALITY-AND-SOCIAL-STRUCTURE-01.yaml,27440974072d2d3f4b2e429fcdbfb906962e62f06079f54d3239124fa7619cf4,PF-ARTIFACT-PLAN,RISK-MODERATE,GG-PRACTICE-RUNTIME-PROJECTION-2.0,false,pending,SP-STRUCTURED-EVIDENCE-ELIGIBLE,accepted_and_activated,active,blocked,not_applicable,L14;L24;L30;L31,L14;L24;L30;L31,accessibility_review_status:pending;content_review_status:pending;last_reviewed:missing;originality_review_status:pending;research_gap:RG-M6A-001:open;research_review_status:internal_sources_only_external_review_required;safety_review_status:pending;sources:incomplete;specialist_review:missing
20.05,Engagement across difference,20,"Community, Citizenship, Justice, and Nonviolent Action",draft,PRACTICE-COMP-2005-ENGAGEMENT-ACROSS-DIFFERENCE-01,0.2.0,data/practices/protocols/20/PRACTICE-COMP-2005-ENGAGEMENT-ACROSS-DIFFERENCE-01.yaml,32adaf5ad9466bb699a6e1b3998c39371863808c2f0979f10e2a828b02f65eb9,PF-ARTIFACT-PLAN,RISK-MODERATE,GG-PRACTICE-RUNTIME-PROJECTION-2.0,false,pending,SP-STRUCTURED-EVIDENCE-ELIGIBLE,accepted_and_activated,active,blocked,not_applicable,L23;L24;L29;L31,L23;L24;L29;L31,accessibility_review_status:pending;content_review_status:pending;last_reviewed:missing;originality_review_status:pending;research_gap:RG-M6A-001:open;research_review_status:internal_sources_only_external_review_required;safety_review_status:pending;sources:incomplete;specialist_review:missing
20.06,Service and volunteering,20,"Community, Citizenship, Justice, and Nonviolent Action",draft,PRACTICE-COMP-2006-SERVICE-AND-VOLUNTEERING-01,0.2.0,data/practices/protocols/20/PRACTICE-COMP-2006-SERVICE-AND-VOLUNTEERING-01.yaml,1fbef7e8e8961fe8d4f388d243f2c1bc2687da2d6446ebf5ae2a4a3935f73daa,PF-COMMUNITY-CONTRIBUTION,RISK-MODERATE,GG-PRACTICE-RUNTIME-PROJECTION-2.0,false,pending,SP-STRUCTURED-EVIDENCE-ELIGIBLE,accepted_and_activated,active,blocked,not_applicable,L10;L24;L26;L30,L10;L24;L26;L30,accessibility_review_status:pending;content_review_status:pending;last_reviewed:missing;originality_review_status:pending;research_gap:RG-M6A-001:open;research_review_status:internal_sources_only_external_review_required;safety_review_status:pending;sources:incomplete;specialist_review:missing
20.07,Helping without paternalism,20,"Community, Citizenship, Justice, and Nonviolent Action",draft,PRACTICE-COMP-2007-HELPING-WITHOUT-PATERNALISM-01,0.2.0,data/practices/protocols/20/PRACTICE-COMP-2007-HELPING-WITHOUT-PATERNALISM-01.yaml,c27bc68294c3445909c34da0ab39a3e5db4edf5d66b5ad1667e64154a9033de1,PF-ARTIFACT-PLAN,RISK-MODERATE,GG-PRACTICE-RUNTIME-PROJECTION-2.0,false,pending,SP-STRUCTURED-EVIDENCE-ELIGIBLE,accepted_and_activated,active,blocked,not_applicable,L24;L25;L30;L31,L24;L25;L30;L31,accessibility_review_status:pending;content_review_status:pending;last_reviewed:missing;originality_review_status:pending;research_gap:RG-M6A-001:open;research_review_status:internal_sources_only_external_review_required;safety_review_status:pending;sources:incomplete;specialist_review:missing
20.08,Collective action and organizing,20,"Community, Citizenship, Justice, and Nonviolent Action",draft,PRACTICE-COMP-2008-COLLECTIVE-ACTION-AND-ORGANIZING-01,0.2.0,data/practices/protocols/20/PRACTICE-COMP-2008-COLLECTIVE-ACTION-AND-ORGANIZING-01.yaml,26da964fd6e266422d228108256f91bb40c10d82c7772e6d1a563cbdf758997b,PF-ARTIFACT-PLAN,RISK-MODERATE,GG-PRACTICE-RUNTIME-PROJECTION-2.0,false,pending,SP-STRUCTURED-EVIDENCE-ELIGIBLE,accepted_and_activated,active,blocked,not_applicable,L10;L23;L30;L33,L10;L23;L30;L33,accessibility_review_status:pending;content_review_status:pending;last_reviewed:missing;originality_review_status:pending;research_gap:RG-M6A-001:open;research_review_status:internal_sources_only_external_review_required;safety_review_status:pending;sources:incomplete;specialist_review:missing
20.09,Public discourse and information responsibility,20,"Community, Citizenship, Justice, and Nonviolent Action",draft,PRACTICE-COMP-2009-PUBLIC-DISCOURSE-AND-INFORMATION-RESPONSIBILITY-01,0.2.0,data/practices/protocols/20/PRACTICE-COMP-2009-PUBLIC-DISCOURSE-AND-INFORMATION-RESPONSIBILITY-01.yaml,0f00598324ee326b89e22cf1b4da8d0c6e4e8b869d3bc31ad8dff0d87f851803,PF-ARTIFACT-PLAN,RISK-MODERATE,GG-PRACTICE-RUNTIME-PROJECTION-2.0,false,pending,SP-STRUCTURED-EVIDENCE-ELIGIBLE,accepted_and_activated,active,blocked,not_applicable,L13;L23;L30;L31,L13;L23;L30;L31,accessibility_review_status:pending;content_review_status:pending;last_reviewed:missing;originality_review_status:pending;research_gap:RG-M6A-001:open;research_review_status:internal_sources_only_external_review_required;safety_review_status:pending;sources:incomplete;specialist_review:missing
20.10,Stewardship of commons and environment,20,"Community, Citizenship, Justice, and Nonviolent Action",draft,PRACTICE-COMP-2010-STEWARDSHIP-OF-COMMONS-AND-ENVIRONMENT-01,0.2.0,data/practices/protocols/20/PRACTICE-COMP-2010-STEWARDSHIP-OF-COMMONS-AND-ENVIRONMENT-01.yaml,bcec03dc4b1a713267d8c1b2b218da63d73fe7a69ef034151ad0cdda5c6da626,PF-ARTIFACT-PLAN,RISK-MODERATE,GG-PRACTICE-RUNTIME-PROJECTION-2.0,false,pending,SP-STRUCTURED-EVIDENCE-ELIGIBLE,accepted_and_activated,active,blocked,not_applicable,L21;L30;L31;L35,L21;L30;L31;L35,accessibility_review_status:pending;content_review_status:pending;last_reviewed:missing;originality_review_status:pending;research_gap:RG-M6A-001:open;research_review_status:internal_sources_only_external_review_required;safety_review_status:pending;sources:incomplete;specialist_review:missing
20.11,Pluralism and peaceful coexistence,20,"Community, Citizenship, Justice, and Nonviolent Action",draft,PRACTICE-COMP-2011-PLURALISM-AND-PEACEFUL-COEXISTENCE-01,0.2.0,data/practices/protocols/20/PRACTICE-COMP-2011-PLURALISM-AND-PEACEFUL-COEXISTENCE-01.yaml,102701c5e39a366a14af3795d801bf04a4d8713e4244c07de9a4d835f1523b7a,PF-ARTIFACT-PLAN,RISK-MODERATE,GG-PRACTICE-RUNTIME-PROJECTION-2.0,false,pending,SP-STRUCTURED-EVIDENCE-ELIGIBLE,accepted_and_activated,active,blocked,not_applicable,L24;L29;L30;L31,L24;L29;L30;L31,accessibility_review_status:pending;content_review_status:pending;last_reviewed:missing;originality_review_status:pending;research_gap:RG-M6A-001:open;research_review_status:internal_sources_only_external_review_required;safety_review_status:pending;sources:incomplete;specialist_review:missing
20.12,Institutional and media-system literacy,20,"Community, Citizenship, Justice, and Nonviolent Action",draft,PRACTICE-COMP-2012-INSTITUTIONAL-AND-MEDIA-SYSTEM-LITERACY-01,0.2.0,data/practices/protocols/20/PRACTICE-COMP-2012-INSTITUTIONAL-AND-MEDIA-SYSTEM-LITERACY-01.yaml,110d8cac303bc0b70135fe4c203e0f7022f3726da555ddaeaaf414784f3d2ff4,PF-ARTIFACT-PLAN,RISK-MODERATE,GG-PRACTICE-RUNTIME-PROJECTION-2.0,false,pending,SP-STRUCTURED-EVIDENCE-ELIGIBLE,accepted_and_activated,active,blocked,not_applicable,L13;L19;L31;L33,L13;L19;L31;L33,accessibility_review_status:pending;content_review_status:pending;last_reviewed:missing;originality_review_status:pending;research_gap:RG-M6A-001:open;research_review_status:internal_sources_only_external_review_required;safety_review_status:pending;sources:incomplete;specialist_review:missing
20.13,"Propaganda, polarization, and democratic resilience",20,"Community, Citizenship, Justice, and Nonviolent Action",draft,PRACTICE-COMP-2013-PROPAGANDA-POLARIZATION-AND-DEMOCRATIC-RESILIENCE-01,0.2.0,data/practices/protocols/20/PRACTICE-COMP-2013-PROPAGANDA-POLARIZATION-AND-DEMOCRATIC-RESILIENCE-01.yaml,aeabddec40961c229e223b7cfcc117b832aae5fcd117b392216d2855da8accbe,PF-ARTIFACT-PLAN,RISK-MODERATE,GG-PRACTICE-RUNTIME-PROJECTION-2.0,false,pending,SP-STRUCTURED-EVIDENCE-ELIGIBLE,accepted_and_activated,active,blocked,not_applicable,L13;L19;L29;L31,L13;L19;L29;L31,accessibility_review_status:pending;content_review_status:pending;last_reviewed:missing;originality_review_status:pending;research_gap:RG-M6A-001:open;research_review_status:internal_sources_only_external_review_required;safety_review_status:pending;sources:incomplete;specialist_review:missing
20.14,Nonviolent action and conflict transformation,20,"Community, Citizenship, Justice, and Nonviolent Action",draft,PRACTICE-COMP-2014-NONVIOLENT-ACTION-AND-CONFLICT-TRANSFORMATION-01,0.2.0,data/practices/protocols/20/PRACTICE-COMP-2014-NONVIOLENT-ACTION-AND-CONFLICT-TRANSFORMATION-01.yaml,e9669b4320b709f4a5c4709d20e9c31c4a49cf0faad6d4faed56936340204835,PF-RELATIONAL-CONVERSATION,RISK-MODERATE,GG-PRACTICE-RUNTIME-PROJECTION-2.0,false,pending,SP-STRUCTURED-EVIDENCE-ELIGIBLE,accepted_and_activated,active,blocked,not_applicable,L29;L30;L31;L33,L29;L30;L31;L33,accessibility_review_status:pending;content_review_status:pending;last_reviewed:missing;originality_review_status:pending;research_gap:RG-M6A-001:open;research_review_status:internal_sources_only_external_review_required;safety_review_status:pending;sources:incomplete;specialist_review:missing
20.15,Civil disobedience and principled lawbreaking,20,"Community, Citizenship, Justice, and Nonviolent Action",draft,PRACTICE-COMP-2015-CIVIL-DISOBEDIENCE-AND-PRINCIPLED-LAWBREAKING-01,0.2.0,data/practices/protocols/20/PRACTICE-COMP-2015-CIVIL-DISOBEDIENCE-AND-PRINCIPLED-LAWBREAKING-01.yaml,4a058b0392cb0d5de8c8001870ba7bfa9d85a93344604c8442e78b77eb44a06e,PF-SAFETY-PREPARATION,RISK-HIGH,GG-PRACTICE-RUNTIME-PROJECTION-2.0,false,pending_specialist_expansion_review,SP-STRUCTURED-EVIDENCE-ELIGIBLE,accepted_and_activated,active,blocked,not_applicable,L02;L20;L30;L31,L02;L20;L30;L31,accessibility_review_status:pending;content_review_status:pending;last_reviewed:missing;originality_review_status:pending;research_gap:RG-M6A-001:open;research_review_status:internal_sources_only_external_review_required;safety_review_status:pending_specialist_expansion_review;sources:incomplete;specialist_review:missing
20.16,Mutual aid and community resilience,20,"Community, Citizenship, Justice, and Nonviolent Action",draft,PRACTICE-COMP-2016-MUTUAL-AID-AND-COMMUNITY-RESILIENCE-01,0.2.0,data/practices/protocols/20/PRACTICE-COMP-2016-MUTUAL-AID-AND-COMMUNITY-RESILIENCE-01.yaml,4c755c01d3d01349c2c596c6347a5522427d5d6ec5c891c225f745b95ed67d64,PF-SAFETY-PREPARATION,RISK-HIGH,GG-PRACTICE-RUNTIME-PROJECTION-2.0,false,pending_specialist_expansion_review,SP-STRUCTURED-EVIDENCE-ELIGIBLE,accepted_and_activated,active,blocked,not_applicable,L20;L26;L28;L30,L20;L26;L28;L30,accessibility_review_status:pending;content_review_status:pending;last_reviewed:missing;originality_review_status:pending;research_gap:RG-M6A-001:open;research_review_status:internal_sources_only_external_review_required;safety_review_status:pending_specialist_expansion_review;sources:incomplete;specialist_review:missing
20.17,Social insurance and shared risk,20,"Community, Citizenship, Justice, and Nonviolent Action",draft,PRACTICE-COMP-2017-SOCIAL-INSURANCE-AND-SHARED-RISK-01,0.2.0,data/practices/protocols/20/PRACTICE-COMP-2017-SOCIAL-INSURANCE-AND-SHARED-RISK-01.yaml,177896e68d37380c8b6f494b6f60747374f054bbab8826756339c269591e28ef,PF-ARTIFACT-PLAN,RISK-MODERATE,GG-PRACTICE-RUNTIME-PROJECTION-2.0,false,pending,SP-STRUCTURED-EVIDENCE-ELIGIBLE,accepted_and_activated,active,blocked,not_applicable,L21;L22;L30;L31,L21;L22;L30;L31,accessibility_review_status:pending;content_review_status:pending;last_reviewed:missing;originality_review_status:pending;research_gap:RG-M6A-001:open;research_review_status:internal_sources_only_external_review_required;safety_review_status:pending;sources:incomplete;specialist_review:missing
20.18,Peacebuilding and reconciliation after collective harm,20,"Community, Citizenship, Justice, and Nonviolent Action",draft,PRACTICE-COMP-2018-PEACEBUILDING-AND-RECONCILIATION-AFTER-COLLECTIVE-HARM-01,0.2.0,data/practices/protocols/20/PRACTICE-COMP-2018-PEACEBUILDING-AND-RECONCILIATION-AFTER-COLLECTIVE-HARM-01.yaml,ee42f3091010770bdaab0e058f16a38f199ea79dc88cc577c7c7cb738df1e229,PF-SAFETY-PREPARATION,RISK-HIGH,GG-PRACTICE-RUNTIME-PROJECTION-2.0,false,pending_specialist_expansion_review,SP-STRUCTURED-EVIDENCE-ELIGIBLE,accepted_and_activated,active,blocked,not_applicable,L24;L29;L30;L31,L24;L29;L30;L31,accessibility_review_status:pending;content_review_status:pending;last_reviewed:missing;originality_review_status:pending;research_gap:RG-M6A-001:open;research_review_status:internal_sources_only_external_review_required;safety_review_status:pending_specialist_expansion_review;sources:incomplete;specialist_review:missing
21.01,Work worth doing,21,"Work, Craft, Professionalism, and Labor Ethics",draft,PRACTICE-COMP-2101-WORK-WORTH-DOING-01,0.2.0,data/practices/protocols/21/PRACTICE-COMP-2101-WORK-WORTH-DOING-01.yaml,24d4c485a2932d23d3d42ceabcc47d7a06fdceb82143f67f05f8519fe4b435f9,PF-CONTEMPLATIVE-MEANING,RISK-MODERATE,GG-PRACTICE-RUNTIME-PROJECTION-2.0,false,pending,SP-STRUCTURED-EVIDENCE-ELIGIBLE,accepted_and_activated,active,blocked,not_applicable,L01;L32;L36,L01;L32;L36,accessibility_review_status:pending;content_review_status:pending;last_reviewed:missing;originality_review_status:pending;research_gap:RG-M6A-001:open;research_review_status:internal_sources_only_external_review_required;safety_review_status:pending;sources:incomplete;specialist_review:missing
21.02,Professional reliability,21,"Work, Craft, Professionalism, and Labor Ethics",draft,PRACTICE-COMP-2102-PROFESSIONAL-RELIABILITY-01,0.2.0,data/practices/protocols/21/PRACTICE-COMP-2102-PROFESSIONAL-RELIABILITY-01.yaml,b3a8e2d07a67c1158aa1814cefb7f361dceedd8c0fc1118e848d67862ab68882,PF-SKILL-REHEARSAL,RISK-MODERATE,GG-PRACTICE-RUNTIME-PROJECTION-2.0,false,pending,SP-STRUCTURED-EVIDENCE-ELIGIBLE,accepted_and_activated,active,blocked,not_applicable,L02;L10;L32,L02;L10;L32,accessibility_review_status:pending;content_review_status:pending;last_reviewed:missing;originality_review_status:pending;research_gap:RG-M6A-001:open;research_review_status:internal_sources_only_external_review_required;safety_review_status:pending;sources:incomplete;specialist_review:missing
21.03,Foundational craft competence,21,"Work, Craft, Professionalism, and Labor Ethics",draft,PRACTICE-COMP-2103-FOUNDATIONAL-CRAFT-COMPETENCE-01,0.2.0,data/practices/protocols/21/PRACTICE-COMP-2103-FOUNDATIONAL-CRAFT-COMPETENCE-01.yaml,e5e0ee88ddc1032c85e3ef84696ee5a10f95cd7ba340373240fc7522453cc83b,PF-SKILL-REHEARSAL,RISK-MODERATE,GG-PRACTICE-RUNTIME-PROJECTION-2.0,false,pending,SP-STRUCTURED-EVIDENCE-ELIGIBLE,accepted_and_activated,active,blocked,not_applicable,L10;L15;L32,L10;L15;L32,accessibility_review_status:pending;content_review_status:pending;last_reviewed:missing;originality_review_status:pending;research_gap:RG-M6A-001:open;research_review_status:internal_sources_only_external_review_required;safety_review_status:pending;sources:incomplete;specialist_review:missing
21.04,Deliberate mastery and expertise,21,"Work, Craft, Professionalism, and Labor Ethics",draft,PRACTICE-COMP-2104-DELIBERATE-MASTERY-AND-EXPERTISE-01,0.2.0,data/practices/protocols/21/PRACTICE-COMP-2104-DELIBERATE-MASTERY-AND-EXPERTISE-01.yaml,6e6133cf069b9526b0c2d56463d6835f9c67d14ae38651f26ca1ee0ff6d5fb77,PF-SKILL-REHEARSAL,RISK-MODERATE,GG-PRACTICE-RUNTIME-PROJECTION-2.0,false,pending,SP-STRUCTURED-EVIDENCE-ELIGIBLE,accepted_and_activated,active,blocked,not_applicable,L10;L15;L32,L10;L15;L32,accessibility_review_status:pending;content_review_status:pending;last_reviewed:missing;originality_review_status:pending;research_gap:RG-M6A-001:open;research_review_status:internal_sources_only_external_review_required;safety_review_status:pending;sources:incomplete;specialist_review:missing
21.05,"Quality, craftsmanship, and reputation",21,"Work, Craft, Professionalism, and Labor Ethics",draft,PRACTICE-COMP-2105-QUALITY-CRAFTSMANSHIP-AND-REPUTATION-01,0.2.0,data/practices/protocols/21/PRACTICE-COMP-2105-QUALITY-CRAFTSMANSHIP-AND-REPUTATION-01.yaml,e6d15777c6d77b34839069f9b3a13683bde4781352334047566a2e5b55acf166,PF-CONTEMPLATIVE-MEANING,RISK-MODERATE,GG-PRACTICE-RUNTIME-PROJECTION-2.0,false,pending,SP-STRUCTURED-EVIDENCE-ELIGIBLE,accepted_and_activated,active,blocked,not_applicable,L02;L10;L16;L32,L02;L10;L16;L32,accessibility_review_status:pending;content_review_status:pending;last_reviewed:missing;originality_review_status:pending;research_gap:RG-M6A-001:open;research_review_status:internal_sources_only_external_review_required;safety_review_status:pending;sources:incomplete;specialist_review:missing
21.06,"Customer, stakeholder, and user understanding",21,"Work, Craft, Professionalism, and Labor Ethics",draft,PRACTICE-COMP-2106-CUSTOMER-STAKEHOLDER-AND-USER-UNDERSTANDING-01,0.2.0,data/practices/protocols/21/PRACTICE-COMP-2106-CUSTOMER-STAKEHOLDER-AND-USER-UNDERSTANDING-01.yaml,c81790757e8e90fe4011bb449b315e972acb602f8532ccecbc8f0e3d79a4d09c,PF-SKILL-REHEARSAL,RISK-MODERATE,GG-PRACTICE-RUNTIME-PROJECTION-2.0,false,pending,SP-STRUCTURED-EVIDENCE-ELIGIBLE,accepted_and_activated,active,blocked,not_applicable,L22;L23;L24;L32,L22;L23;L24;L32,accessibility_review_status:pending;content_review_status:pending;last_reviewed:missing;originality_review_status:pending;research_gap:RG-M6A-001:open;research_review_status:internal_sources_only_external_review_required;safety_review_status:pending;sources:incomplete;specialist_review:missing
21.07,Systems and organizational awareness,21,"Work, Craft, Professionalism, and Labor Ethics",draft,PRACTICE-COMP-2107-SYSTEMS-AND-ORGANIZATIONAL-AWARENESS-01,0.2.0,data/practices/protocols/21/PRACTICE-COMP-2107-SYSTEMS-AND-ORGANIZATIONAL-AWARENESS-01.yaml,d768282682306d0f4d16a4d7803ecbd05a85bef37880b953febd9255b30d89c2,PF-SKILL-REHEARSAL,RISK-MODERATE,GG-PRACTICE-RUNTIME-PROJECTION-2.0,false,pending,SP-STRUCTURED-EVIDENCE-ELIGIBLE,accepted_and_activated,active,blocked,not_applicable,L14;L31;L32;L33,L14;L31;L32;L33,accessibility_review_status:pending;content_review_status:pending;last_reviewed:missing;originality_review_status:pending;research_gap:RG-M6A-001:open;research_review_status:internal_sources_only_external_review_required;safety_review_status:pending;sources:incomplete;specialist_review:missing
21.08,Project delivery,21,"Work, Craft, Professionalism, and Labor Ethics",draft,PRACTICE-COMP-2108-PROJECT-DELIVERY-01,0.2.0,data/practices/protocols/21/PRACTICE-COMP-2108-PROJECT-DELIVERY-01.yaml,cdd28fc69914c70af2bc311526500fcc213ef027496f108e80dd31fa96953717,PF-SKILL-REHEARSAL,RISK-MODERATE,GG-PRACTICE-RUNTIME-PROJECTION-2.0,false,pending,SP-STRUCTURED-EVIDENCE-ELIGIBLE,accepted_and_activated,active,blocked,not_applicable,L10;L14;L32,L10;L14;L32,accessibility_review_status:pending;content_review_status:pending;last_reviewed:missing;originality_review_status:pending;research_gap:RG-M6A-001:open;research_review_status:internal_sources_only_external_review_required;safety_review_status:pending;sources:incomplete;specialist_review:missing
21.09,Collaboration and team contribution,21,"Work, Craft, Professionalism, and Labor Ethics",draft,PRACTICE-COMP-2109-COLLABORATION-AND-TEAM-CONTRIBUTION-01,0.2.0,data/practices/protocols/21/PRACTICE-COMP-2109-COLLABORATION-AND-TEAM-CONTRIBUTION-01.yaml,193f073f3ba7d342f69280b28ebf45a7b901b3654e6bb189a6f849cb6b849e6a,PF-RELATIONAL-CONVERSATION,RISK-MODERATE,GG-PRACTICE-RUNTIME-PROJECTION-2.0,false,pending,SP-STRUCTURED-EVIDENCE-ELIGIBLE,accepted_and_activated,active,blocked,not_applicable,L23;L26;L32;L33,L23;L26;L32;L33,accessibility_review_status:pending;content_review_status:pending;last_reviewed:missing;originality_review_status:pending;research_gap:RG-M6A-001:open;research_review_status:internal_sources_only_external_review_required;safety_review_status:pending;sources:incomplete;specialist_review:missing
21.10,Innovation and improvement,21,"Work, Craft, Professionalism, and Labor Ethics",draft,PRACTICE-COMP-2110-INNOVATION-AND-IMPROVEMENT-01,0.2.0,data/practices/protocols/21/PRACTICE-COMP-2110-INNOVATION-AND-IMPROVEMENT-01.yaml,2ff217c6aba1053535332895c37fa71380a467c06f19fbddf47beed61b4923f2,PF-SKILL-REHEARSAL,RISK-MODERATE,GG-PRACTICE-RUNTIME-PROJECTION-2.0,false,pending,SP-STRUCTURED-EVIDENCE-ELIGIBLE,accepted_and_activated,active,blocked,not_applicable,L11;L14;L16;L32,L11;L14;L16;L32,accessibility_review_status:pending;content_review_status:pending;last_reviewed:missing;originality_review_status:pending;research_gap:RG-M6A-001:open;research_review_status:internal_sources_only_external_review_required;safety_review_status:pending;sources:incomplete;specialist_review:missing
21.11,Career adaptability and marketable capability,21,"Work, Craft, Professionalism, and Labor Ethics",draft,PRACTICE-COMP-2111-CAREER-ADAPTABILITY-AND-MARKETABLE-CAPABILITY-01,0.2.0,data/practices/protocols/21/PRACTICE-COMP-2111-CAREER-ADAPTABILITY-AND-MARKETABLE-CAPABILITY-01.yaml,8d2a1a3af69b241fce93397d0d1e26dacad6562e10779ad7481f17ea7a312005,PF-SKILL-REHEARSAL,RISK-MODERATE,GG-PRACTICE-RUNTIME-PROJECTION-2.0,false,pending,SP-STRUCTURED-EVIDENCE-ELIGIBLE,accepted_and_activated,active,blocked,not_applicable,L11;L15;L22;L32,L11;L15;L22;L32,accessibility_review_status:pending;content_review_status:pending;last_reviewed:missing;originality_review_status:pending;research_gap:RG-M6A-001:open;research_review_status:internal_sources_only_external_review_required;safety_review_status:pending;sources:incomplete;specialist_review:missing
21.12,Meaningful contribution and service through work,21,"Work, Craft, Professionalism, and Labor Ethics",draft,PRACTICE-COMP-2112-MEANINGFUL-CONTRIBUTION-AND-SERVICE-THROUGH-WORK-01,0.2.0,data/practices/protocols/21/PRACTICE-COMP-2112-MEANINGFUL-CONTRIBUTION-AND-SERVICE-THROUGH-WORK-01.yaml,cd6c6c88115c2d2038dc5361666f98142010304d5a190f6ad1f43bfbe5cfd268,PF-CONTEMPLATIVE-MEANING,RISK-MODERATE,GG-PRACTICE-RUNTIME-PROJECTION-2.0,false,pending,SP-STRUCTURED-EVIDENCE-ELIGIBLE,accepted_and_activated,active,blocked,not_applicable,L01;L24;L30;L32,L01;L24;L30;L32,accessibility_review_status:pending;content_review_status:pending;last_reviewed:missing;originality_review_status:pending;research_gap:RG-M6A-001:open;research_review_status:internal_sources_only_external_review_required;safety_review_status:pending;sources:incomplete;specialist_review:missing
21.13,"Documentation, maintainability, and professional legacy",21,"Work, Craft, Professionalism, and Labor Ethics",draft,PRACTICE-COMP-2113-DOCUMENTATION-MAINTAINABILITY-AND-PROFESSIONAL-LEGACY-01,0.2.0,data/practices/protocols/21/PRACTICE-COMP-2113-DOCUMENTATION-MAINTAINABILITY-AND-PROFESSIONAL-LEGACY-01.yaml,f71b7f16f956f3d48e9ab80c615158815abc0165abde6e8279f7f8e7cf1e6272,PF-SKILL-REHEARSAL,RISK-MODERATE,GG-PRACTICE-RUNTIME-PROJECTION-2.0,false,pending,SP-STRUCTURED-EVIDENCE-ELIGIBLE,accepted_and_activated,active,blocked,not_applicable,L10;L15;L23;L32;L37,L10;L15;L23;L32;L37,accessibility_review_status:pending;content_review_status:pending;last_reviewed:missing;originality_review_status:pending;research_gap:RG-M6A-001:open;research_review_status:internal_sources_only_external_review_required;safety_review_status:pending;sources:incomplete;specialist_review:missing
21.14,"Efficiency, thoroughness, and quality tradeoffs",21,"Work, Craft, Professionalism, and Labor Ethics",draft,PRACTICE-COMP-2114-EFFICIENCY-THOROUGHNESS-AND-QUALITY-TRADEOFFS-01,0.2.0,data/practices/protocols/21/PRACTICE-COMP-2114-EFFICIENCY-THOROUGHNESS-AND-QUALITY-TRADEOFFS-01.yaml,7d360d1e5771d64f59015f9e71cfc87b9d6eac2e42837eb2f5b9dda06660755d,PF-SKILL-REHEARSAL,RISK-MODERATE,GG-PRACTICE-RUNTIME-PROJECTION-2.0,false,pending,SP-STRUCTURED-EVIDENCE-ELIGIBLE,accepted_and_activated,active,blocked,not_applicable,L02;L10;L14;L32,L02;L10;L14;L32,accessibility_review_status:pending;content_review_status:pending;last_reviewed:missing;originality_review_status:pending;research_gap:RG-M6A-001:open;research_review_status:internal_sources_only_external_review_required;safety_review_status:pending;sources:incomplete;specialist_review:missing
21.15,Worker rights and employment law literacy,21,"Work, Craft, Professionalism, and Labor Ethics",draft,PRACTICE-COMP-2115-WORKER-RIGHTS-AND-EMPLOYMENT-LAW-LITERACY-01,0.2.0,data/practices/protocols/21/PRACTICE-COMP-2115-WORKER-RIGHTS-AND-EMPLOYMENT-LAW-LITERACY-01.yaml,6c4ff361e1c5ff5e901e73a92ccdbc2881dd9b71af836d7565f0f17d3730af15,PF-SKILL-REHEARSAL,RISK-MODERATE,GG-PRACTICE-RUNTIME-PROJECTION-2.0,false,pending,SP-STRUCTURED-EVIDENCE-ELIGIBLE,accepted_and_activated,active,blocked,not_applicable,L13;L22;L31;L32,L13;L22;L31;L32,accessibility_review_status:pending;content_review_status:pending;last_reviewed:missing;originality_review_status:pending;research_gap:RG-M6A-001:open;research_review_status:internal_sources_only_external_review_required;safety_review_status:pending;sources:incomplete;specialist_review:missing
21.16,"Power asymmetry, exploitation, and precarity",21,"Work, Craft, Professionalism, and Labor Ethics",draft,PRACTICE-COMP-2116-POWER-ASYMMETRY-EXPLOITATION-AND-PRECARITY-01,0.2.0,data/practices/protocols/21/PRACTICE-COMP-2116-POWER-ASYMMETRY-EXPLOITATION-AND-PRECARITY-01.yaml,5639186ab4fc660e9a84d04d939afa2fbe90824215f5f9e5fed0989abd96cb8a,PF-SKILL-REHEARSAL,RISK-MODERATE,GG-PRACTICE-RUNTIME-PROJECTION-2.0,false,pending,SP-STRUCTURED-EVIDENCE-ELIGIBLE,accepted_and_activated,active,blocked,not_applicable,L22;L31;L32;L33,L22;L31;L32;L33,accessibility_review_status:pending;content_review_status:pending;last_reviewed:missing;originality_review_status:pending;research_gap:RG-M6A-001:open;research_review_status:internal_sources_only_external_review_required;safety_review_status:pending;sources:incomplete;specialist_review:missing
21.17,"Collective bargaining, unions, and worker voice",21,"Work, Craft, Professionalism, and Labor Ethics",draft,PRACTICE-COMP-2117-COLLECTIVE-BARGAINING-UNIONS-AND-WORKER-VOICE-01,0.2.0,data/practices/protocols/21/PRACTICE-COMP-2117-COLLECTIVE-BARGAINING-UNIONS-AND-WORKER-VOICE-01.yaml,993405d62a74fbcdd6e10bfd3849ce6e83bf023aaa2c5adb16c15b8b7da318e7,PF-SKILL-REHEARSAL,RISK-MODERATE,GG-PRACTICE-RUNTIME-PROJECTION-2.0,false,pending,SP-STRUCTURED-EVIDENCE-ELIGIBLE,accepted_and_activated,active,blocked,not_applicable,L23;L30;L31;L32,L23;L30;L31;L32,accessibility_review_status:pending;content_review_status:pending;last_reviewed:missing;originality_review_status:pending;research_gap:RG-M6A-001:open;research_review_status:internal_sources_only_external_review_required;safety_review_status:pending;sources:incomplete;specialist_review:missing
21.18,Inclusive and accessible work,21,"Work, Craft, Professionalism, and Labor Ethics",draft,PRACTICE-COMP-2118-INCLUSIVE-AND-ACCESSIBLE-WORK-01,0.2.0,data/practices/protocols/21/PRACTICE-COMP-2118-INCLUSIVE-AND-ACCESSIBLE-WORK-01.yaml,7076a3905710c2f81f2c49e68c6c9dcc19fffeaf6209d1c274206e578030d441,PF-RELATIONAL-CONVERSATION,RISK-MODERATE,GG-PRACTICE-RUNTIME-PROJECTION-2.0,false,pending,SP-STRUCTURED-EVIDENCE-ELIGIBLE,accepted_and_activated,active,blocked,not_applicable,L24;L31;L32;L33,L24;L31;L32;L33,accessibility_review_status:pending;content_review_status:pending;last_reviewed:missing;originality_review_status:pending;research_gap:RG-M6A-001:open;research_review_status:internal_sources_only_external_review_required;safety_review_status:pending;sources:incomplete;specialist_review:missing
21.19,"Work boundaries, rest, and freedom from total identity",21,"Work, Craft, Professionalism, and Labor Ethics",draft,PRACTICE-COMP-2119-WORK-BOUNDARIES-REST-AND-FREEDOM-FROM-TOTAL-IDENTITY-01,0.2.0,data/practices/protocols/21/PRACTICE-COMP-2119-WORK-BOUNDARIES-REST-AND-FREEDOM-FROM-TOTAL-IDENTITY-01.yaml,841dc6f03f41dbf23666a0ab2db9a786cf7133b2adf55287337fb87b9e5a4e1c,PF-RELATIONAL-CONVERSATION,RISK-MODERATE,GG-PRACTICE-RUNTIME-PROJECTION-2.0,false,pending,SP-STRUCTURED-EVIDENCE-ELIGIBLE,accepted_and_activated,active,blocked,not_applicable,L25;L32;L34;L36,L25;L32;L34;L36,accessibility_review_status:pending;content_review_status:pending;last_reviewed:missing;originality_review_status:pending;research_gap:RG-M6A-001:open;research_review_status:internal_sources_only_external_review_required;safety_review_status:pending;sources:incomplete;specialist_review:missing
22.01,Self-leadership and credibility,22,"Leadership, Power, Mentorship, and Institutions",draft,PRACTICE-COMP-2201-SELF-LEADERSHIP-AND-CREDIBILITY-01,0.2.0,data/practices/protocols/22/PRACTICE-COMP-2201-SELF-LEADERSHIP-AND-CREDIBILITY-01.yaml,d76daa7265548b0099db00f0e24ac1c2907967543240770b5a351221ded3e8d9,PF-AUDIT-REDESIGN,RISK-MODERATE,GG-PRACTICE-RUNTIME-PROJECTION-2.0,false,pending,SP-STRUCTURED-EVIDENCE-ELIGIBLE,accepted_and_activated,active,blocked,not_applicable,L02;L05;L10;L33,L02;L05;L10;L33,accessibility_review_status:pending;content_review_status:pending;last_reviewed:missing;originality_review_status:pending;research_gap:RG-M6A-001:open;research_review_status:internal_sources_only_external_review_required;safety_review_status:pending;sources:incomplete;specialist_review:missing
22.02,"Direction, vision, and priorities",22,"Leadership, Power, Mentorship, and Institutions",draft,PRACTICE-COMP-2202-DIRECTION-VISION-AND-PRIORITIES-01,0.2.0,data/practices/protocols/22/PRACTICE-COMP-2202-DIRECTION-VISION-AND-PRIORITIES-01.yaml,03eb279d1f6c148a90e76a500d7c0f30c191fd1736e783c4c65e1241667a7f0f,PF-AUDIT-REDESIGN,RISK-MODERATE,GG-PRACTICE-RUNTIME-PROJECTION-2.0,false,pending,SP-STRUCTURED-EVIDENCE-ELIGIBLE,accepted_and_activated,active,blocked,not_applicable,L01;L14;L33;L36,L01;L14;L33;L36,accessibility_review_status:pending;content_review_status:pending;last_reviewed:missing;originality_review_status:pending;research_gap:RG-M6A-001:open;research_review_status:internal_sources_only_external_review_required;safety_review_status:pending;sources:incomplete;specialist_review:missing
22.03,Authority and ethical use of power,22,"Leadership, Power, Mentorship, and Institutions",draft,PRACTICE-COMP-2203-AUTHORITY-AND-ETHICAL-USE-OF-POWER-01,0.2.0,data/practices/protocols/22/PRACTICE-COMP-2203-AUTHORITY-AND-ETHICAL-USE-OF-POWER-01.yaml,205707e481d6d7de3032e614ec3de567ce4afe4db77445e5bc5043ef6ef9d7d9,PF-RELATIONAL-CONVERSATION,RISK-MODERATE,GG-PRACTICE-RUNTIME-PROJECTION-2.0,false,pending,SP-STRUCTURED-EVIDENCE-ELIGIBLE,accepted_and_activated,active,blocked,not_applicable,L02;L24;L31;L33,L02;L24;L31;L33,accessibility_review_status:pending;content_review_status:pending;last_reviewed:missing;originality_review_status:pending;research_gap:RG-M6A-001:open;research_review_status:internal_sources_only_external_review_required;safety_review_status:pending;sources:incomplete;specialist_review:missing
22.04,Decision-making under responsibility,22,"Leadership, Power, Mentorship, and Institutions",draft,PRACTICE-COMP-2204-DECISION-MAKING-UNDER-RESPONSIBILITY-01,0.2.0,data/practices/protocols/22/PRACTICE-COMP-2204-DECISION-MAKING-UNDER-RESPONSIBILITY-01.yaml,17053c903d3dec995a926c2e5343283fe6a604959969f4dfdf7251ff6beae10f,PF-AUDIT-REDESIGN,RISK-MODERATE,GG-PRACTICE-RUNTIME-PROJECTION-2.0,false,pending,SP-STRUCTURED-EVIDENCE-ELIGIBLE,accepted_and_activated,active,blocked,not_applicable,L02;L14;L20;L33,L02;L14;L20;L33,accessibility_review_status:pending;content_review_status:pending;last_reviewed:missing;originality_review_status:pending;research_gap:RG-M6A-001:open;research_review_status:internal_sources_only_external_review_required;safety_review_status:pending;sources:incomplete;specialist_review:missing
22.05,Delegation and empowerment,22,"Leadership, Power, Mentorship, and Institutions",draft,PRACTICE-COMP-2205-DELEGATION-AND-EMPOWERMENT-01,0.2.0,data/practices/protocols/22/PRACTICE-COMP-2205-DELEGATION-AND-EMPOWERMENT-01.yaml,ec39d29b1162f171373804592df574d22f2f23253b6a397081618c794210aef5,PF-AUDIT-REDESIGN,RISK-MODERATE,GG-PRACTICE-RUNTIME-PROJECTION-2.0,false,pending,SP-STRUCTURED-EVIDENCE-ELIGIBLE,accepted_and_activated,active,blocked,not_applicable,L23;L24;L25;L33,L23;L24;L25;L33,accessibility_review_status:pending;content_review_status:pending;last_reviewed:missing;originality_review_status:pending;research_gap:RG-M6A-001:open;research_review_status:internal_sources_only_external_review_required;safety_review_status:pending;sources:incomplete;specialist_review:missing
22.06,"Coaching, mentorship, and development",22,"Leadership, Power, Mentorship, and Institutions",draft,PRACTICE-COMP-2206-COACHING-MENTORSHIP-AND-DEVELOPMENT-01,0.2.0,data/practices/protocols/22/PRACTICE-COMP-2206-COACHING-MENTORSHIP-AND-DEVELOPMENT-01.yaml,c8b048adf3f7f63b72ba860423fe1dde08c047fe00a1dfd4ff917e6a4b2533c9,PF-RELATIONAL-CONVERSATION,RISK-MODERATE,GG-PRACTICE-RUNTIME-PROJECTION-2.0,false,pending,SP-STRUCTURED-EVIDENCE-ELIGIBLE,accepted_and_activated,active,blocked,not_applicable,L15;L23;L24;L33,L15;L23;L24;L33,accessibility_review_status:pending;content_review_status:pending;last_reviewed:missing;originality_review_status:pending;research_gap:RG-M6A-001:open;research_review_status:internal_sources_only_external_review_required;safety_review_status:pending;sources:incomplete;specialist_review:missing
22.07,Accountability and standards,22,"Leadership, Power, Mentorship, and Institutions",draft,PRACTICE-COMP-2207-ACCOUNTABILITY-AND-STANDARDS-01,0.2.0,data/practices/protocols/22/PRACTICE-COMP-2207-ACCOUNTABILITY-AND-STANDARDS-01.yaml,32a9145567419c881ee3fc0337029d49d6772ce659fda68009ef6dbbaef3baee,PF-AUDIT-REDESIGN,RISK-MODERATE,GG-PRACTICE-RUNTIME-PROJECTION-2.0,false,pending,SP-STRUCTURED-EVIDENCE-ELIGIBLE,accepted_and_activated,active,blocked,not_applicable,L02;L10;L23;L33,L02;L10;L23;L33,accessibility_review_status:pending;content_review_status:pending;last_reviewed:missing;originality_review_status:pending;research_gap:RG-M6A-001:open;research_review_status:internal_sources_only_external_review_required;safety_review_status:pending;sources:incomplete;specialist_review:missing
22.08,"Conflict, dissent, and psychological safety",22,"Leadership, Power, Mentorship, and Institutions",draft,PRACTICE-COMP-2208-CONFLICT-DISSENT-AND-PSYCHOLOGICAL-SAFETY-01,0.2.0,data/practices/protocols/22/PRACTICE-COMP-2208-CONFLICT-DISSENT-AND-PSYCHOLOGICAL-SAFETY-01.yaml,b89654e1c61d2f97fd2e97efd5d1f9c8e0f4d8a2fe15d13a5b9f80d48fe320dd,PF-CONTEMPLATIVE-MEANING,RISK-MODERATE,GG-PRACTICE-RUNTIME-PROJECTION-2.0,false,pending,SP-STRUCTURED-EVIDENCE-ELIGIBLE,accepted_and_activated,active,blocked,not_applicable,L25;L29;L31;L33,L25;L29;L31;L33,accessibility_review_status:pending;content_review_status:pending;last_reviewed:missing;originality_review_status:pending;research_gap:RG-M6A-001:open;research_review_status:internal_sources_only_external_review_required;safety_review_status:pending;sources:incomplete;specialist_review:missing
22.09,Culture and institutional design,22,"Leadership, Power, Mentorship, and Institutions",draft,PRACTICE-COMP-2209-CULTURE-AND-INSTITUTIONAL-DESIGN-01,0.2.0,data/practices/protocols/22/PRACTICE-COMP-2209-CULTURE-AND-INSTITUTIONAL-DESIGN-01.yaml,5972c476d25b48d81f3d0e0d66c435951d7b37b65bd87829d05ee95f864a3c3f,PF-CONTEMPLATIVE-MEANING,RISK-MODERATE,GG-PRACTICE-RUNTIME-PROJECTION-2.0,false,pending,SP-STRUCTURED-EVIDENCE-ELIGIBLE,accepted_and_activated,active,blocked,not_applicable,L14;L26;L31;L33,L14;L26;L31;L33,accessibility_review_status:pending;content_review_status:pending;last_reviewed:missing;originality_review_status:pending;research_gap:RG-M6A-001:open;research_review_status:internal_sources_only_external_review_required;safety_review_status:pending;sources:incomplete;specialist_review:missing
22.10,Organizational politics and stakeholder navigation,22,"Leadership, Power, Mentorship, and Institutions",draft,PRACTICE-COMP-2210-ORGANIZATIONAL-POLITICS-AND-STAKEHOLDER-NAVIGATION-01,0.2.0,data/practices/protocols/22/PRACTICE-COMP-2210-ORGANIZATIONAL-POLITICS-AND-STAKEHOLDER-NAVIGATION-01.yaml,e30ae23f9a51e1d8e8c597ae74c9794415e6898e3b55c7b70c23ca23a18ff011,PF-RELATIONAL-CONVERSATION,RISK-MODERATE,GG-PRACTICE-RUNTIME-PROJECTION-2.0,false,pending,SP-STRUCTURED-EVIDENCE-ELIGIBLE,accepted_and_activated,active,blocked,not_applicable,L14;L23;L24;L31;L33,L14;L23;L24;L31;L33,accessibility_review_status:pending;content_review_status:pending;last_reviewed:missing;originality_review_status:pending;research_gap:RG-M6A-001:open;research_review_status:internal_sources_only_external_review_required;safety_review_status:pending;sources:incomplete;specialist_review:missing
22.11,Crisis leadership,22,"Leadership, Power, Mentorship, and Institutions",draft,PRACTICE-COMP-2211-CRISIS-LEADERSHIP-01,0.2.0,data/practices/protocols/22/PRACTICE-COMP-2211-CRISIS-LEADERSHIP-01.yaml,cbde3985fd524add31f718ca63f166c218c10b0d7390ee9a83258adf247a0a61,PF-AUDIT-REDESIGN,RISK-MODERATE,GG-PRACTICE-RUNTIME-PROJECTION-2.0,false,pending,SP-STRUCTURED-EVIDENCE-ELIGIBLE,accepted_and_activated,active,blocked,not_applicable,L07;L14;L20;L33,L07;L14;L20;L33,accessibility_review_status:pending;content_review_status:pending;last_reviewed:missing;originality_review_status:pending;research_gap:RG-M6A-001:open;research_review_status:internal_sources_only_external_review_required;safety_review_status:pending;sources:incomplete;specialist_review:missing
22.12,Succession and institutional stewardship,22,"Leadership, Power, Mentorship, and Institutions",draft,PRACTICE-COMP-2212-SUCCESSION-AND-INSTITUTIONAL-STEWARDSHIP-01,0.2.0,data/practices/protocols/22/PRACTICE-COMP-2212-SUCCESSION-AND-INSTITUTIONAL-STEWARDSHIP-01.yaml,42e930be787bd5f48a9c11ce234daeb4b2cc2a4b532207c51740e7dd7cac169b,PF-AUDIT-REDESIGN,RISK-MODERATE,GG-PRACTICE-RUNTIME-PROJECTION-2.0,false,pending,SP-STRUCTURED-EVIDENCE-ELIGIBLE,accepted_and_activated,active,blocked,not_applicable,L15;L32;L33;L37,L15;L32;L33;L37,accessibility_review_status:pending;content_review_status:pending;last_reviewed:missing;originality_review_status:pending;research_gap:RG-M6A-001:open;research_review_status:internal_sources_only_external_review_required;safety_review_status:pending;sources:incomplete;specialist_review:missing
22.13,Anti-corruption and conflicts of interest,22,"Leadership, Power, Mentorship, and Institutions",draft,PRACTICE-COMP-2213-ANTI-CORRUPTION-AND-CONFLICTS-OF-INTEREST-01,0.2.0,data/practices/protocols/22/PRACTICE-COMP-2213-ANTI-CORRUPTION-AND-CONFLICTS-OF-INTEREST-01.yaml,074eb830a98009a43c7f0dd25fe7112672a98378fa99d0953d16c22ede73ed6f,PF-QUALIFIED-CONSULTATION,RISK-HIGH,GG-PRACTICE-RUNTIME-PROJECTION-2.0,false,pending_specialist_expansion_review,SP-STRUCTURED-EVIDENCE-ELIGIBLE,accepted_and_activated,active,blocked,not_applicable,L02;L13;L31;L33,L02;L13;L31;L33,accessibility_review_status:pending;content_review_status:pending;last_reviewed:missing;originality_review_status:pending;research_gap:RG-M6A-001:open;research_review_status:internal_sources_only_external_review_required;safety_review_status:pending_specialist_expansion_review;sources:incomplete;specialist_review:missing
22.14,Institutional capture and concentrated power,22,"Leadership, Power, Mentorship, and Institutions",draft,PRACTICE-COMP-2214-INSTITUTIONAL-CAPTURE-AND-CONCENTRATED-POWER-01,0.2.0,data/practices/protocols/22/PRACTICE-COMP-2214-INSTITUTIONAL-CAPTURE-AND-CONCENTRATED-POWER-01.yaml,53c03333b2ddd9eb1a4e5a99cbd7b4542cd9a11f03b016ebcad7f5d0c6da9af4,PF-AUDIT-REDESIGN,RISK-MODERATE,GG-PRACTICE-RUNTIME-PROJECTION-2.0,false,pending,SP-STRUCTURED-EVIDENCE-ELIGIBLE,accepted_and_activated,active,blocked,not_applicable,L13;L14;L31;L33,L13;L14;L31;L33,accessibility_review_status:pending;content_review_status:pending;last_reviewed:missing;originality_review_status:pending;research_gap:RG-M6A-001:open;research_review_status:internal_sources_only_external_review_required;safety_review_status:pending;sources:incomplete;specialist_review:missing
22.15,Whistleblowing and protected dissent,22,"Leadership, Power, Mentorship, and Institutions",draft,PRACTICE-COMP-2215-WHISTLEBLOWING-AND-PROTECTED-DISSENT-01,0.2.0,data/practices/protocols/22/PRACTICE-COMP-2215-WHISTLEBLOWING-AND-PROTECTED-DISSENT-01.yaml,da96a6de6395bd308a605c8151a3b34137541149d4cef5f6762c4c81f805a9c2,PF-AUDIT-REDESIGN,RISK-MODERATE,GG-PRACTICE-RUNTIME-PROJECTION-2.0,false,pending,SP-STRUCTURED-EVIDENCE-ELIGIBLE,accepted_and_activated,active,blocked,not_applicable,L02;L25;L31;L33,L02;L25;L31;L33,accessibility_review_status:pending;content_review_status:pending;last_reviewed:missing;originality_review_status:pending;research_gap:RG-M6A-001:open;research_review_status:internal_sources_only_external_review_required;safety_review_status:pending;sources:incomplete;specialist_review:missing
22.16,"Governance, checks, and accountable authority",22,"Leadership, Power, Mentorship, and Institutions",draft,PRACTICE-COMP-2216-GOVERNANCE-CHECKS-AND-ACCOUNTABLE-AUTHORITY-01,0.2.0,data/practices/protocols/22/PRACTICE-COMP-2216-GOVERNANCE-CHECKS-AND-ACCOUNTABLE-AUTHORITY-01.yaml,b2aaeebbd380e5da689294f5dbd7da01b97326c2341615c239b5fbbbac7186df,PF-AUDIT-REDESIGN,RISK-MODERATE,GG-PRACTICE-RUNTIME-PROJECTION-2.0,false,pending,SP-STRUCTURED-EVIDENCE-ELIGIBLE,accepted_and_activated,active,blocked,not_applicable,L02;L14;L31;L33,L02;L14;L31;L33,accessibility_review_status:pending;content_review_status:pending;last_reviewed:missing;originality_review_status:pending;research_gap:RG-M6A-001:open;research_review_status:internal_sources_only_external_review_required;safety_review_status:pending;sources:incomplete;specialist_review:missing
22.17,Abuse response and institutional repair,22,"Leadership, Power, Mentorship, and Institutions",draft,PRACTICE-COMP-2217-ABUSE-RESPONSE-AND-INSTITUTIONAL-REPAIR-01,0.2.0,data/practices/protocols/22/PRACTICE-COMP-2217-ABUSE-RESPONSE-AND-INSTITUTIONAL-REPAIR-01.yaml,a28e1bb38982414c2c0bd6adac4be1ba5db884454dfe9d0a6d4f6df8b2e4dd77,PF-SAFETY-PREPARATION,RISK-HIGH,GG-PRACTICE-RUNTIME-PROJECTION-2.0,false,pending_specialist_expansion_review,SP-STRUCTURED-EVIDENCE-ELIGIBLE,accepted_and_activated,active,blocked,not_applicable,L20;L24;L29;L31;L33,L20;L24;L29;L31;L33,accessibility_review_status:pending;content_review_status:pending;last_reviewed:missing;originality_review_status:pending;research_gap:RG-M6A-001:open;research_review_status:internal_sources_only_external_review_required;safety_review_status:pending_specialist_expansion_review;sources:incomplete;specialist_review:missing
23.01,Personal financial literacy,23,"Personal Finance, Provision, and Material Stewardship",draft,PRACTICE-COMP-2301-PERSONAL-FINANCIAL-LITERACY-01,0.2.0,data/practices/protocols/23/PRACTICE-COMP-2301-PERSONAL-FINANCIAL-LITERACY-01.yaml,80a15d7d049b2c959427c728b9ec4785a7397176d0dc01db231008c72be52cfe,PF-SAFETY-PREPARATION,RISK-HIGH,GG-PRACTICE-RUNTIME-PROJECTION-2.0,false,pending_specialist_expansion_review,SP-STRUCTURED-EVIDENCE-ELIGIBLE,accepted_and_activated,active,blocked,not_applicable,L13;L14;L21,L13;L14;L21,accessibility_review_status:pending;content_review_status:pending;last_reviewed:missing;originality_review_status:pending;research_gap:RG-M6A-001:open;research_review_status:internal_sources_only_external_review_required;safety_review_status:pending_specialist_expansion_review;sources:incomplete;specialist_review:missing
23.02,Budgeting and cash-flow control,23,"Personal Finance, Provision, and Material Stewardship",draft,PRACTICE-COMP-2302-BUDGETING-AND-CASH-FLOW-CONTROL-01,0.2.0,data/practices/protocols/23/PRACTICE-COMP-2302-BUDGETING-AND-CASH-FLOW-CONTROL-01.yaml,3e6ff1e7a97828ad1d29d4644c36766c5dfc5e11a72366779c8fb7f7ea8263de,PF-QUALIFIED-CONSULTATION,RISK-HIGH,GG-PRACTICE-RUNTIME-PROJECTION-2.0,false,pending_specialist_expansion_review,SP-STRUCTURED-EVIDENCE-ELIGIBLE,accepted_and_activated,active,blocked,not_applicable,L09;L10;L21,L09;L10;L21,accessibility_review_status:pending;content_review_status:pending;last_reviewed:missing;originality_review_status:pending;research_gap:RG-M6A-001:open;research_review_status:internal_sources_only_external_review_required;safety_review_status:pending_specialist_expansion_review;sources:incomplete;specialist_review:missing
23.03,Emergency reserves and liquidity,23,"Personal Finance, Provision, and Material Stewardship",draft,PRACTICE-COMP-2303-EMERGENCY-RESERVES-AND-LIQUIDITY-01,0.2.0,data/practices/protocols/23/PRACTICE-COMP-2303-EMERGENCY-RESERVES-AND-LIQUIDITY-01.yaml,1afceb33de911a7b20843a76ab8bc58728c3b3be6597a54442dab20c20475fd9,PF-SAFETY-PREPARATION,RISK-HIGH,GG-PRACTICE-RUNTIME-PROJECTION-2.0,false,pending_specialist_expansion_review,SP-STRUCTURED-EVIDENCE-ELIGIBLE,accepted_and_activated,active,blocked,not_applicable,L10;L20;L21,L10;L20;L21,accessibility_review_status:pending;content_review_status:pending;last_reviewed:missing;originality_review_status:pending;research_gap:RG-M6A-001:open;research_review_status:internal_sources_only_external_review_required;safety_review_status:pending_specialist_expansion_review;sources:incomplete;specialist_review:missing
23.04,Debt and credit,23,"Personal Finance, Provision, and Material Stewardship",draft,PRACTICE-COMP-2304-DEBT-AND-CREDIT-01,0.2.0,data/practices/protocols/23/PRACTICE-COMP-2304-DEBT-AND-CREDIT-01.yaml,ae1a83bfdfffedebec205b64d3b333c914c620b4dcb99b674c666484986af548,PF-SAFETY-PREPARATION,RISK-HIGH,GG-PRACTICE-RUNTIME-PROJECTION-2.0,false,pending_specialist_expansion_review,SP-STRUCTURED-EVIDENCE-ELIGIBLE,accepted_and_activated,active,blocked,not_applicable,L09;L14;L21,L09;L14;L21,accessibility_review_status:pending;content_review_status:pending;last_reviewed:missing;originality_review_status:pending;research_gap:RG-M6A-001:open;research_review_status:internal_sources_only_external_review_required;safety_review_status:pending_specialist_expansion_review;sources:incomplete;specialist_review:missing
23.05,"Saving, investing, and retirement",23,"Personal Finance, Provision, and Material Stewardship",draft,PRACTICE-COMP-2305-SAVING-INVESTING-AND-RETIREMENT-01,0.2.0,data/practices/protocols/23/PRACTICE-COMP-2305-SAVING-INVESTING-AND-RETIREMENT-01.yaml,49734f42f4657b40090d905fbbacb0cb727be24329075cd690d35fe207126edf,PF-QUALIFIED-CONSULTATION,RISK-HIGH,GG-PRACTICE-RUNTIME-PROJECTION-2.0,false,pending_specialist_expansion_review,SP-STRUCTURED-EVIDENCE-ELIGIBLE,accepted_and_activated,active,blocked,not_applicable,L14;L21;L36,L14;L21;L36,accessibility_review_status:pending;content_review_status:pending;last_reviewed:missing;originality_review_status:pending;research_gap:RG-M6A-001:open;research_review_status:internal_sources_only_external_review_required;safety_review_status:pending_specialist_expansion_review;sources:incomplete;specialist_review:missing
23.06,"Insurance, estate, and dependent protection",23,"Personal Finance, Provision, and Material Stewardship",draft,PRACTICE-COMP-2306-INSURANCE-ESTATE-AND-DEPENDENT-PROTECTION-01,0.2.0,data/practices/protocols/23/PRACTICE-COMP-2306-INSURANCE-ESTATE-AND-DEPENDENT-PROTECTION-01.yaml,bfec7619c9c22849d7936f637cd965c1fe07f8767537c3e1fca623db445a63a5,PF-QUALIFIED-CONSULTATION,RISK-HIGH,GG-PRACTICE-RUNTIME-PROJECTION-2.0,false,pending_specialist_expansion_review,SP-STRUCTURED-EVIDENCE-ELIGIBLE,accepted_and_activated,active,blocked,not_applicable,L20;L21;L28;L37,L20;L21;L28;L37,accessibility_review_status:pending;content_review_status:pending;last_reviewed:missing;originality_review_status:pending;research_gap:RG-M6A-001:open;research_review_status:internal_sources_only_external_review_required;safety_review_status:pending_specialist_expansion_review;sources:incomplete;specialist_review:missing
23.07,"Consumption, status, and enoughness",23,"Personal Finance, Provision, and Material Stewardship",draft,PRACTICE-COMP-2307-CONSUMPTION-STATUS-AND-ENOUGHNESS-01,0.2.0,data/practices/protocols/23/PRACTICE-COMP-2307-CONSUMPTION-STATUS-AND-ENOUGHNESS-01.yaml,9522474b9924a61ed9f6455a8840f0a8dd55efec570c6edfa937562a9757afb0,PF-QUALIFIED-CONSULTATION,RISK-HIGH,GG-PRACTICE-RUNTIME-PROJECTION-2.0,false,pending_specialist_expansion_review,SP-STRUCTURED-EVIDENCE-ELIGIBLE,accepted_and_activated,active,blocked,not_applicable,L05;L09;L21;L36,L05;L09;L21;L36,accessibility_review_status:pending;content_review_status:pending;last_reviewed:missing;originality_review_status:pending;research_gap:RG-M6A-001:open;research_review_status:internal_sources_only_external_review_required;safety_review_status:pending_specialist_expansion_review;sources:incomplete;specialist_review:missing
23.08,Generosity and responsible provision,23,"Personal Finance, Provision, and Material Stewardship",draft,PRACTICE-COMP-2308-GENEROSITY-AND-RESPONSIBLE-PROVISION-01,0.2.0,data/practices/protocols/23/PRACTICE-COMP-2308-GENEROSITY-AND-RESPONSIBLE-PROVISION-01.yaml,be45027a346bbeb8ea749130fb8a6580405244a0026f9ddb83bfacb4a274e205,PF-QUALIFIED-CONSULTATION,RISK-HIGH,GG-PRACTICE-RUNTIME-PROJECTION-2.0,false,pending_specialist_expansion_review,SP-STRUCTURED-EVIDENCE-ELIGIBLE,accepted_and_activated,active,blocked,not_applicable,L02;L21;L28;L30,L02;L21;L28;L30,accessibility_review_status:pending;content_review_status:pending;last_reviewed:missing;originality_review_status:pending;research_gap:RG-M6A-001:open;research_review_status:internal_sources_only_external_review_required;safety_review_status:pending_specialist_expansion_review;sources:incomplete;specialist_review:missing
23.09,Family and intergenerational stewardship,23,"Personal Finance, Provision, and Material Stewardship",draft,PRACTICE-COMP-2309-FAMILY-AND-INTERGENERATIONAL-STEWARDSHIP-01,0.2.0,data/practices/protocols/23/PRACTICE-COMP-2309-FAMILY-AND-INTERGENERATIONAL-STEWARDSHIP-01.yaml,66c55606c839a804a3a9a1b5cd6033dd41db83eea8ced3077c9a99de579c2d07,PF-QUALIFIED-CONSULTATION,RISK-HIGH,GG-PRACTICE-RUNTIME-PROJECTION-2.0,false,pending_specialist_expansion_review,SP-STRUCTURED-EVIDENCE-ELIGIBLE,accepted_and_activated,active,blocked,not_applicable,L21;L28;L30;L37,L21;L28;L30;L37,accessibility_review_status:pending;content_review_status:pending;last_reviewed:missing;originality_review_status:pending;research_gap:RG-M6A-001:open;research_review_status:internal_sources_only_external_review_required;safety_review_status:pending_specialist_expansion_review;sources:incomplete;specialist_review:missing
23.10,Material and ecological stewardship,23,"Personal Finance, Provision, and Material Stewardship",draft,PRACTICE-COMP-2310-MATERIAL-AND-ECOLOGICAL-STEWARDSHIP-01,0.2.0,data/practices/protocols/23/PRACTICE-COMP-2310-MATERIAL-AND-ECOLOGICAL-STEWARDSHIP-01.yaml,f215d912bb8b66147b31ae3458374bf08ef4261132b6cb6ba41d2cfb87989e92,PF-QUALIFIED-CONSULTATION,RISK-HIGH,GG-PRACTICE-RUNTIME-PROJECTION-2.0,false,pending_specialist_expansion_review,SP-STRUCTURED-EVIDENCE-ELIGIBLE,accepted_and_activated,active,blocked,not_applicable,L18;L21;L31;L35,L18;L21;L31;L35,accessibility_review_status:pending;content_review_status:pending;last_reviewed:missing;originality_review_status:pending;research_gap:RG-M6A-001:open;research_review_status:internal_sources_only_external_review_required;safety_review_status:pending_specialist_expansion_review;sources:incomplete;specialist_review:missing
23.11,"Financial hardship, poverty, and constrained choice",23,"Personal Finance, Provision, and Material Stewardship",draft,PRACTICE-COMP-2311-FINANCIAL-HARDSHIP-POVERTY-AND-CONSTRAINED-CHOICE-01,0.2.0,data/practices/protocols/23/PRACTICE-COMP-2311-FINANCIAL-HARDSHIP-POVERTY-AND-CONSTRAINED-CHOICE-01.yaml,bc6a691417bc236ef37500341b3e915e708dd265aa406cae5e1c906e60584b94,PF-QUALIFIED-CONSULTATION,RISK-HIGH,GG-PRACTICE-RUNTIME-PROJECTION-2.0,false,pending_specialist_expansion_review,SP-STRUCTURED-EVIDENCE-ELIGIBLE,accepted_and_activated,active,blocked,not_applicable,L05;L11;L20;L21;L31,L05;L11;L20;L21;L31,accessibility_review_status:pending;content_review_status:pending;last_reviewed:missing;originality_review_status:pending;research_gap:RG-M6A-001:open;research_review_status:internal_sources_only_external_review_required;safety_review_status:pending_specialist_expansion_review;sources:incomplete;specialist_review:missing
23.12,Financial relationships and shared money,23,"Personal Finance, Provision, and Material Stewardship",draft,PRACTICE-COMP-2312-FINANCIAL-RELATIONSHIPS-AND-SHARED-MONEY-01,0.2.0,data/practices/protocols/23/PRACTICE-COMP-2312-FINANCIAL-RELATIONSHIPS-AND-SHARED-MONEY-01.yaml,517721df6c6f85f5ba1a43f044b511f6dfb8b5ddba6cb221d89104174cbae5aa,PF-SAFETY-PREPARATION,RISK-HIGH,GG-PRACTICE-RUNTIME-PROJECTION-2.0,false,pending_specialist_expansion_review,SP-STRUCTURED-EVIDENCE-ELIGIBLE,accepted_and_activated,active,blocked,not_applicable,L21;L23;L25;L27;L29,L21;L23;L25;L27;L29,accessibility_review_status:pending;content_review_status:pending;last_reviewed:missing;originality_review_status:pending;research_gap:RG-M6A-001:open;research_review_status:internal_sources_only_external_review_required;safety_review_status:pending_specialist_expansion_review;sources:incomplete;specialist_review:missing
24.01,"Income, negotiation, and career economics",24,"Entrepreneurship, Markets, Economics, and Social Systems",draft,PRACTICE-COMP-2401-INCOME-NEGOTIATION-AND-CAREER-ECONOMICS-01,0.2.0,data/practices/protocols/24/PRACTICE-COMP-2401-INCOME-NEGOTIATION-AND-CAREER-ECONOMICS-01.yaml,efabc8344c5f156cf1d2a2a803e969b2a1ac985392d739283e0db706cd0b4aca,PF-QUALIFIED-CONSULTATION,RISK-HIGH,GG-PRACTICE-RUNTIME-PROJECTION-2.0,false,pending_specialist_expansion_review,SP-STRUCTURED-EVIDENCE-ELIGIBLE,accepted_and_activated,active,blocked,not_applicable,L14;L21;L22;L23;L32,L14;L21;L22;L23;L32,accessibility_review_status:pending;content_review_status:pending;last_reviewed:missing;originality_review_status:pending;research_gap:RG-M6A-001:open;research_review_status:internal_sources_only_external_review_required;safety_review_status:pending_specialist_expansion_review;sources:incomplete;specialist_review:missing
24.02,Entrepreneurship and value creation,24,"Entrepreneurship, Markets, Economics, and Social Systems",draft,PRACTICE-COMP-2402-ENTREPRENEURSHIP-AND-VALUE-CREATION-01,0.2.0,data/practices/protocols/24/PRACTICE-COMP-2402-ENTREPRENEURSHIP-AND-VALUE-CREATION-01.yaml,713ead9934469b0589e4a6cd297a165bd37fc8bfbe3767d838c2bc90359485b7,PF-QUALIFIED-CONSULTATION,RISK-HIGH,GG-PRACTICE-RUNTIME-PROJECTION-2.0,false,pending_specialist_expansion_review,SP-STRUCTURED-EVIDENCE-ELIGIBLE,accepted_and_activated,active,blocked,not_applicable,L10;L16;L22;L32,L10;L16;L22;L32,accessibility_review_status:pending;content_review_status:pending;last_reviewed:missing;originality_review_status:pending;research_gap:RG-M6A-001:open;research_review_status:internal_sources_only_external_review_required;safety_review_status:pending_specialist_expansion_review;sources:incomplete;specialist_review:missing
24.03,"Business, markets, and economics",24,"Entrepreneurship, Markets, Economics, and Social Systems",draft,PRACTICE-COMP-2403-BUSINESS-MARKETS-AND-ECONOMICS-01,0.2.0,data/practices/protocols/24/PRACTICE-COMP-2403-BUSINESS-MARKETS-AND-ECONOMICS-01.yaml,ba2c892a5bb47812c15219046719aa547a487a489c7aeee12a4f5aabd255501e,PF-QUALIFIED-CONSULTATION,RISK-HIGH,GG-PRACTICE-RUNTIME-PROJECTION-2.0,false,pending_specialist_expansion_review,SP-STRUCTURED-EVIDENCE-ELIGIBLE,accepted_and_activated,active,blocked,not_applicable,L13;L14;L22,L13;L14;L22,accessibility_review_status:pending;content_review_status:pending;last_reviewed:missing;originality_review_status:pending;research_gap:RG-M6A-001:open;research_review_status:internal_sources_only_external_review_required;safety_review_status:pending_specialist_expansion_review;sources:incomplete;specialist_review:missing
24.04,Customer discovery and problem validation,24,"Entrepreneurship, Markets, Economics, and Social Systems",draft,PRACTICE-COMP-2404-CUSTOMER-DISCOVERY-AND-PROBLEM-VALIDATION-01,0.2.0,data/practices/protocols/24/PRACTICE-COMP-2404-CUSTOMER-DISCOVERY-AND-PROBLEM-VALIDATION-01.yaml,06259e5e239f987155da30251ae27459297938e8f89acc224d7dd9656a932ef2,PF-QUALIFIED-CONSULTATION,RISK-HIGH,GG-PRACTICE-RUNTIME-PROJECTION-2.0,false,pending_specialist_expansion_review,SP-STRUCTURED-EVIDENCE-ELIGIBLE,accepted_and_activated,active,blocked,not_applicable,L13;L14;L22;L24,L13;L14;L22;L24,accessibility_review_status:pending;content_review_status:pending;last_reviewed:missing;originality_review_status:pending;research_gap:RG-M6A-001:open;research_review_status:internal_sources_only_external_review_required;safety_review_status:pending_specialist_expansion_review;sources:incomplete;specialist_review:missing
24.05,"Business models, pricing, and unit economics",24,"Entrepreneurship, Markets, Economics, and Social Systems",draft,PRACTICE-COMP-2405-BUSINESS-MODELS-PRICING-AND-UNIT-ECONOMICS-01,0.2.0,data/practices/protocols/24/PRACTICE-COMP-2405-BUSINESS-MODELS-PRICING-AND-UNIT-ECONOMICS-01.yaml,abae0fc6dc51a5caba93ca1c464a52a91fa3c8473a6a36e20883a61c7edee728,PF-SAFETY-PREPARATION,RISK-HIGH,GG-PRACTICE-RUNTIME-PROJECTION-2.0,false,pending_specialist_expansion_review,SP-STRUCTURED-EVIDENCE-ELIGIBLE,accepted_and_activated,active,blocked,not_applicable,L14;L21;L22,L14;L21;L22,accessibility_review_status:pending;content_review_status:pending;last_reviewed:missing;originality_review_status:pending;research_gap:RG-M6A-001:open;research_review_status:internal_sources_only_external_review_required;safety_review_status:pending_specialist_expansion_review;sources:incomplete;specialist_review:missing
24.06,"Operations, accounting, and compliance",24,"Entrepreneurship, Markets, Economics, and Social Systems",draft,PRACTICE-COMP-2406-OPERATIONS-ACCOUNTING-AND-COMPLIANCE-01,0.2.0,data/practices/protocols/24/PRACTICE-COMP-2406-OPERATIONS-ACCOUNTING-AND-COMPLIANCE-01.yaml,7abde72a4b11b7171fb20465fad510a12e13d0449dfc16bc0f19e57b6988b312,PF-QUALIFIED-CONSULTATION,RISK-HIGH,GG-PRACTICE-RUNTIME-PROJECTION-2.0,false,pending_specialist_expansion_review,SP-STRUCTURED-EVIDENCE-ELIGIBLE,accepted_and_activated,active,blocked,not_applicable,L10;L21;L22;L31;L32,L10;L21;L22;L31;L32,accessibility_review_status:pending;content_review_status:pending;last_reviewed:missing;originality_review_status:pending;research_gap:RG-M6A-001:open;research_review_status:internal_sources_only_external_review_required;safety_review_status:pending_specialist_expansion_review;sources:incomplete;specialist_review:missing
24.07,"Competition, monopoly, and market power",24,"Entrepreneurship, Markets, Economics, and Social Systems",draft,PRACTICE-COMP-2407-COMPETITION-MONOPOLY-AND-MARKET-POWER-01,0.2.0,data/practices/protocols/24/PRACTICE-COMP-2407-COMPETITION-MONOPOLY-AND-MARKET-POWER-01.yaml,107e3aeb6a958d84df575c8317dd7aef73eb33c53621f263adb60bffba24b64c,PF-QUALIFIED-CONSULTATION,RISK-HIGH,GG-PRACTICE-RUNTIME-PROJECTION-2.0,false,pending_specialist_expansion_review,SP-STRUCTURED-EVIDENCE-ELIGIBLE,accepted_and_activated,active,blocked,not_applicable,L14;L22;L31;L33,L14;L22;L31;L33,accessibility_review_status:pending;content_review_status:pending;last_reviewed:missing;originality_review_status:pending;research_gap:RG-M6A-001:open;research_review_status:internal_sources_only_external_review_required;safety_review_status:pending_specialist_expansion_review;sources:incomplete;specialist_review:missing
24.08,Externalities and full-cost accounting,24,"Entrepreneurship, Markets, Economics, and Social Systems",draft,PRACTICE-COMP-2408-EXTERNALITIES-AND-FULL-COST-ACCOUNTING-01,0.2.0,data/practices/protocols/24/PRACTICE-COMP-2408-EXTERNALITIES-AND-FULL-COST-ACCOUNTING-01.yaml,f3e7396bf8ee1378d8047508a60fe1d697a85010ecd521764831648e810ac8ce,PF-QUALIFIED-CONSULTATION,RISK-HIGH,GG-PRACTICE-RUNTIME-PROJECTION-2.0,false,pending_specialist_expansion_review,SP-STRUCTURED-EVIDENCE-ELIGIBLE,accepted_and_activated,active,blocked,not_applicable,L14;L22;L31;L35,L14;L22;L31;L35,accessibility_review_status:pending;content_review_status:pending;last_reviewed:missing;originality_review_status:pending;research_gap:RG-M6A-001:open;research_review_status:internal_sources_only_external_review_required;safety_review_status:pending_specialist_expansion_review;sources:incomplete;specialist_review:missing
24.09,Macroeconomics and economic cycles,24,"Entrepreneurship, Markets, Economics, and Social Systems",draft,PRACTICE-COMP-2409-MACROECONOMICS-AND-ECONOMIC-CYCLES-01,0.2.0,data/practices/protocols/24/PRACTICE-COMP-2409-MACROECONOMICS-AND-ECONOMIC-CYCLES-01.yaml,e5a2cd9cd738bd5837c700dedf63778d82cacb89356c9a93cd02516b92e9307c,PF-QUALIFIED-CONSULTATION,RISK-HIGH,GG-PRACTICE-RUNTIME-PROJECTION-2.0,false,pending_specialist_expansion_review,SP-STRUCTURED-EVIDENCE-ELIGIBLE,accepted_and_activated,active,blocked,not_applicable,L13;L14;L22,L13;L14;L22,accessibility_review_status:pending;content_review_status:pending;last_reviewed:missing;originality_review_status:pending;research_gap:RG-M6A-001:open;research_review_status:internal_sources_only_external_review_required;safety_review_status:pending_specialist_expansion_review;sources:incomplete;specialist_review:missing
24.10,"Public finance, taxation, and redistribution",24,"Entrepreneurship, Markets, Economics, and Social Systems",draft,PRACTICE-COMP-2410-PUBLIC-FINANCE-TAXATION-AND-REDISTRIBUTION-01,0.2.0,data/practices/protocols/24/PRACTICE-COMP-2410-PUBLIC-FINANCE-TAXATION-AND-REDISTRIBUTION-01.yaml,ba422e4ba6d35f7698310d2529a9bdf5f5f9aa49ea1fab71fbdda603b9a8ef86,PF-QUALIFIED-CONSULTATION,RISK-HIGH,GG-PRACTICE-RUNTIME-PROJECTION-2.0,false,pending_specialist_expansion_review,SP-STRUCTURED-EVIDENCE-ELIGIBLE,accepted_and_activated,active,blocked,not_applicable,L21;L22;L30;L31,L21;L22;L30;L31,accessibility_review_status:pending;content_review_status:pending;last_reviewed:missing;originality_review_status:pending;research_gap:RG-M6A-001:open;research_review_status:internal_sources_only_external_review_required;safety_review_status:pending_specialist_expansion_review;sources:incomplete;specialist_review:missing
24.11,Social insurance and welfare-state design,24,"Entrepreneurship, Markets, Economics, and Social Systems",draft,PRACTICE-COMP-2411-SOCIAL-INSURANCE-AND-WELFARE-STATE-DESIGN-01,0.2.0,data/practices/protocols/24/PRACTICE-COMP-2411-SOCIAL-INSURANCE-AND-WELFARE-STATE-DESIGN-01.yaml,9b9804ed762343c5956a564b0fbd5e1beda41df5111976e48642c75423742396,PF-QUALIFIED-CONSULTATION,RISK-HIGH,GG-PRACTICE-RUNTIME-PROJECTION-2.0,false,pending_specialist_expansion_review,SP-STRUCTURED-EVIDENCE-ELIGIBLE,accepted_and_activated,active,blocked,not_applicable,L21;L22;L30;L31,L21;L22;L30;L31,accessibility_review_status:pending;content_review_status:pending;last_reviewed:missing;originality_review_status:pending;research_gap:RG-M6A-001:open;research_review_status:internal_sources_only_external_review_required;safety_review_status:pending_specialist_expansion_review;sources:incomplete;specialist_review:missing
24.12,"Ownership, governance, and alternative enterprise forms",24,"Entrepreneurship, Markets, Economics, and Social Systems",draft,PRACTICE-COMP-2412-OWNERSHIP-GOVERNANCE-AND-ALTERNATIVE-ENTERPRISE-FORMS-01,0.2.0,data/practices/protocols/24/PRACTICE-COMP-2412-OWNERSHIP-GOVERNANCE-AND-ALTERNATIVE-ENTERPRISE-FORMS-01.yaml,1f5764f32fa215320dc7aaf6b78917549f8cd4e2c25e2d3548788c3d20e731b2,PF-QUALIFIED-CONSULTATION,RISK-HIGH,GG-PRACTICE-RUNTIME-PROJECTION-2.0,false,pending_specialist_expansion_review,SP-STRUCTURED-EVIDENCE-ELIGIBLE,accepted_and_activated,active,blocked,not_applicable,L14;L22;L31;L33,L14;L22;L31;L33,accessibility_review_status:pending;content_review_status:pending;last_reviewed:missing;originality_review_status:pending;research_gap:RG-M6A-001:open;research_review_status:internal_sources_only_external_review_required;safety_review_status:pending_specialist_expansion_review;sources:incomplete;specialist_review:missing
24.13,Responsible innovation and technological change,24,"Entrepreneurship, Markets, Economics, and Social Systems",draft,PRACTICE-COMP-2413-RESPONSIBLE-INNOVATION-AND-TECHNOLOGICAL-CHANGE-01,0.2.0,data/practices/protocols/24/PRACTICE-COMP-2413-RESPONSIBLE-INNOVATION-AND-TECHNOLOGICAL-CHANGE-01.yaml,e0d0398ea9772bd622a8d979ae9f9614afafbf552362ad46556047343550cf15,PF-SAFETY-PREPARATION,RISK-HIGH,GG-PRACTICE-RUNTIME-PROJECTION-2.0,false,pending_specialist_expansion_review,SP-STRUCTURED-EVIDENCE-ELIGIBLE,accepted_and_activated,active,blocked,not_applicable,L14;L16;L19;L22;L31,L14;L16;L19;L22;L31,accessibility_review_status:pending;content_review_status:pending;last_reviewed:missing;originality_review_status:pending;research_gap:RG-M6A-001:open;research_review_status:internal_sources_only_external_review_required;safety_review_status:pending_specialist_expansion_review;sources:incomplete;specialist_review:missing
24.14,"Global trade, development, and supply chains",24,"Entrepreneurship, Markets, Economics, and Social Systems",draft,PRACTICE-COMP-2414-GLOBAL-TRADE-DEVELOPMENT-AND-SUPPLY-CHAINS-01,0.2.0,data/practices/protocols/24/PRACTICE-COMP-2414-GLOBAL-TRADE-DEVELOPMENT-AND-SUPPLY-CHAINS-01.yaml,da1341da2b47fc55d079f8d8e7608f70d02087b73cea2c395d0cb24edd628a87,PF-QUALIFIED-CONSULTATION,RISK-HIGH,GG-PRACTICE-RUNTIME-PROJECTION-2.0,false,pending_specialist_expansion_review,SP-STRUCTURED-EVIDENCE-ELIGIBLE,accepted_and_activated,active,blocked,not_applicable,L14;L22;L30;L31,L14;L22;L30;L31,accessibility_review_status:pending;content_review_status:pending;last_reviewed:missing;originality_review_status:pending;research_gap:RG-M6A-001:open;research_review_status:internal_sources_only_external_review_required;safety_review_status:pending_specialist_expansion_review;sources:incomplete;specialist_review:missing
25.01,Regular creative production,25,"Creativity, Beauty, and Culture",draft,PRACTICE-COMP-2501-REGULAR-CREATIVE-PRODUCTION-01,0.2.0,data/practices/protocols/25/PRACTICE-COMP-2501-REGULAR-CREATIVE-PRODUCTION-01.yaml,9dffe700c2747371442eae7de86719e3889bac22d7fd928abc79cf80a5c6edd2,PF-SKILL-REHEARSAL,RISK-LOW,GG-PRACTICE-RUNTIME-PROJECTION-2.0,false,pending,SP-STRUCTURED-EVIDENCE-ELIGIBLE,accepted_and_activated,active,blocked,not_applicable,L10;L16;L34,L10;L16;L34,accessibility_review_status:pending;content_review_status:pending;last_reviewed:missing;originality_review_status:pending;research_gap:RG-M6A-001:open;research_review_status:internal_sources_only_external_review_required;safety_review_status:pending;sources:incomplete
25.02,Observation and imagination,25,"Creativity, Beauty, and Culture",draft,PRACTICE-COMP-2502-OBSERVATION-AND-IMAGINATION-01,0.2.0,data/practices/protocols/25/PRACTICE-COMP-2502-OBSERVATION-AND-IMAGINATION-01.yaml,c37ce372671c962ffcf9fb0365aac1cb1b9381f516e2c44deb5070489fddfb81,PF-LONGITUDINAL-REVIEW,RISK-LOW,GG-PRACTICE-RUNTIME-PROJECTION-2.0,false,pending,SP-STRUCTURED-EVIDENCE-ELIGIBLE,accepted_and_activated,active,blocked,not_applicable,L08;L15;L16,L08;L15;L16,accessibility_review_status:pending;content_review_status:pending;last_reviewed:missing;originality_review_status:pending;research_gap:RG-M6A-001:open;research_review_status:internal_sources_only_external_review_required;safety_review_status:pending;sources:incomplete
25.03,Aesthetic literacy and taste,25,"Creativity, Beauty, and Culture",draft,PRACTICE-COMP-2503-AESTHETIC-LITERACY-AND-TASTE-01,0.2.0,data/practices/protocols/25/PRACTICE-COMP-2503-AESTHETIC-LITERACY-AND-TASTE-01.yaml,9012dd67fc8f2b3561ac89fc39164b9df28f5c2e96079a1fc7918a466e63718b,PF-CONTEMPLATIVE-MEANING,RISK-LOW,GG-PRACTICE-RUNTIME-PROJECTION-2.0,false,pending,SP-STRUCTURED-EVIDENCE-ELIGIBLE,accepted_and_activated,active,blocked,not_applicable,L03;L13;L16;L34,L03;L13;L16;L34,accessibility_review_status:pending;content_review_status:pending;last_reviewed:missing;originality_review_status:pending;research_gap:RG-M6A-001:open;research_review_status:internal_sources_only_external_review_required;safety_review_status:pending;sources:incomplete
25.04,Medium and technique,25,"Creativity, Beauty, and Culture",draft,PRACTICE-COMP-2504-MEDIUM-AND-TECHNIQUE-01,0.2.0,data/practices/protocols/25/PRACTICE-COMP-2504-MEDIUM-AND-TECHNIQUE-01.yaml,e908b51da48fa1c4313a705433f02a550fbfe769ee4051279b6c57eab19efa29,PF-SKILL-REHEARSAL,RISK-LOW,GG-PRACTICE-RUNTIME-PROJECTION-2.0,false,pending,SP-STRUCTURED-EVIDENCE-ELIGIBLE,accepted_and_activated,active,blocked,not_applicable,L15;L16;L32,L15;L16;L32,accessibility_review_status:pending;content_review_status:pending;last_reviewed:missing;originality_review_status:pending;research_gap:RG-M6A-001:open;research_review_status:internal_sources_only_external_review_required;safety_review_status:pending;sources:incomplete
25.05,Originality through synthesis,25,"Creativity, Beauty, and Culture",draft,PRACTICE-COMP-2505-ORIGINALITY-THROUGH-SYNTHESIS-01,0.2.0,data/practices/protocols/25/PRACTICE-COMP-2505-ORIGINALITY-THROUGH-SYNTHESIS-01.yaml,7cc1caab67d08f09ee5ac1f6da50f06592313ae77c4f026fe9b976ed59231799,PF-SKILL-REHEARSAL,RISK-LOW,GG-PRACTICE-RUNTIME-PROJECTION-2.0,false,pending,SP-STRUCTURED-EVIDENCE-ELIGIBLE,accepted_and_activated,active,blocked,not_applicable,L11;L15;L16,L11;L15;L16,accessibility_review_status:pending;content_review_status:pending;last_reviewed:missing;originality_review_status:pending;research_gap:RG-M6A-001:open;research_review_status:internal_sources_only_external_review_required;safety_review_status:pending;sources:incomplete
25.06,Creative courage and experimentation,25,"Creativity, Beauty, and Culture",draft,PRACTICE-COMP-2506-CREATIVE-COURAGE-AND-EXPERIMENTATION-01,0.2.0,data/practices/protocols/25/PRACTICE-COMP-2506-CREATIVE-COURAGE-AND-EXPERIMENTATION-01.yaml,50df1f774b6b28c1db973372ae2b7b69df56f3bce4ccc0c3362296804c8ff176,PF-SKILL-REHEARSAL,RISK-LOW,GG-PRACTICE-RUNTIME-PROJECTION-2.0,false,pending,SP-STRUCTURED-EVIDENCE-ELIGIBLE,accepted_and_activated,active,blocked,not_applicable,L10;L11;L16;L25,L10;L11;L16;L25,accessibility_review_status:pending;content_review_status:pending;last_reviewed:missing;originality_review_status:pending;research_gap:RG-M6A-001:open;research_review_status:internal_sources_only_external_review_required;safety_review_status:pending;sources:incomplete
25.07,"Revision, finishing, and publication",25,"Creativity, Beauty, and Culture",draft,PRACTICE-COMP-2507-REVISION-FINISHING-AND-PUBLICATION-01,0.2.0,data/practices/protocols/25/PRACTICE-COMP-2507-REVISION-FINISHING-AND-PUBLICATION-01.yaml,44cef29db3bf667779ade9488d022be8e2993100128870294b18b1c971711b0f,PF-SKILL-REHEARSAL,RISK-LOW,GG-PRACTICE-RUNTIME-PROJECTION-2.0,false,pending,SP-STRUCTURED-EVIDENCE-ELIGIBLE,accepted_and_activated,active,blocked,not_applicable,L10;L16;L23;L32,L10;L16;L23;L32,accessibility_review_status:pending;content_review_status:pending;last_reviewed:missing;originality_review_status:pending;research_gap:RG-M6A-001:open;research_review_status:internal_sources_only_external_review_required;safety_review_status:pending;sources:incomplete
25.08,Creative collaboration,25,"Creativity, Beauty, and Culture",draft,PRACTICE-COMP-2508-CREATIVE-COLLABORATION-01,0.2.0,data/practices/protocols/25/PRACTICE-COMP-2508-CREATIVE-COLLABORATION-01.yaml,32f141da7f462b325ca5b69c88685114d695072815a8336e66011c459b60297a,PF-RELATIONAL-CONVERSATION,RISK-LOW,GG-PRACTICE-RUNTIME-PROJECTION-2.0,false,pending,SP-STRUCTURED-EVIDENCE-ELIGIBLE,accepted_and_activated,active,blocked,not_applicable,L16;L23;L26;L32,L16;L23;L26;L32,accessibility_review_status:pending;content_review_status:pending;last_reviewed:missing;originality_review_status:pending;research_gap:RG-M6A-001:open;research_review_status:internal_sources_only_external_review_required;safety_review_status:pending;sources:incomplete
25.09,"Art as truth, memory, and moral imagination",25,"Creativity, Beauty, and Culture",draft,PRACTICE-COMP-2509-ART-AS-TRUTH-MEMORY-AND-MORAL-IMAGINATION-01,0.2.0,data/practices/protocols/25/PRACTICE-COMP-2509-ART-AS-TRUTH-MEMORY-AND-MORAL-IMAGINATION-01.yaml,11cd88506bb2cbe2a9510192d40d305016b2c155cb31c128b44caf5283a67f4a,PF-CONTEMPLATIVE-MEANING,RISK-LOW,GG-PRACTICE-RUNTIME-PROJECTION-2.0,false,pending,SP-STRUCTURED-EVIDENCE-ELIGIBLE,accepted_and_activated,active,blocked,not_applicable,L02;L03;L16;L31,L02;L03;L16;L31,accessibility_review_status:pending;content_review_status:pending;last_reviewed:missing;originality_review_status:pending;research_gap:RG-M6A-001:open;research_review_status:internal_sources_only_external_review_required;safety_review_status:pending;sources:incomplete
25.10,Cultural and historical literacy,25,"Creativity, Beauty, and Culture",draft,PRACTICE-COMP-2510-CULTURAL-AND-HISTORICAL-LITERACY-01,0.2.0,data/practices/protocols/25/PRACTICE-COMP-2510-CULTURAL-AND-HISTORICAL-LITERACY-01.yaml,a0981a1cd33e5b6733f8e92ffc7b297617d1b23d68ddbb2b32caefc4366f186c,PF-CONTEMPLATIVE-MEANING,RISK-LOW,GG-PRACTICE-RUNTIME-PROJECTION-2.0,false,pending,SP-STRUCTURED-EVIDENCE-ELIGIBLE,accepted_and_activated,active,blocked,not_applicable,L13;L15;L16;L31,L13;L15;L16;L31,accessibility_review_status:pending;content_review_status:pending;last_reviewed:missing;originality_review_status:pending;research_gap:RG-M6A-001:open;research_review_status:internal_sources_only_external_review_required;safety_review_status:pending;sources:incomplete
25.11,Personal style and aesthetic environment,25,"Creativity, Beauty, and Culture",draft,PRACTICE-COMP-2511-PERSONAL-STYLE-AND-AESTHETIC-ENVIRONMENT-01,0.2.0,data/practices/protocols/25/PRACTICE-COMP-2511-PERSONAL-STYLE-AND-AESTHETIC-ENVIRONMENT-01.yaml,1ffecbb103f4d78e3b905fc1542db57b58fc5638444356737503790f711dcb06,PF-RELATIONAL-CONVERSATION,RISK-LOW,GG-PRACTICE-RUNTIME-PROJECTION-2.0,false,pending,SP-STRUCTURED-EVIDENCE-ELIGIBLE,accepted_and_activated,active,blocked,not_applicable,L05;L16;L17;L18,L05;L16;L17;L18,accessibility_review_status:pending;content_review_status:pending;last_reviewed:missing;originality_review_status:pending;research_gap:RG-M6A-001:open;research_review_status:internal_sources_only_external_review_required;safety_review_status:pending;sources:incomplete
25.12,Communal craft and tradition-bearing,25,"Creativity, Beauty, and Culture",draft,PRACTICE-COMP-2512-COMMUNAL-CRAFT-AND-TRADITION-BEARING-01,0.2.0,data/practices/protocols/25/PRACTICE-COMP-2512-COMMUNAL-CRAFT-AND-TRADITION-BEARING-01.yaml,0008fbe824424ecf68b2e485037bed2931db7c8fff80bc53db574875a216a97f,PF-SKILL-REHEARSAL,RISK-LOW,GG-PRACTICE-RUNTIME-PROJECTION-2.0,false,pending,SP-STRUCTURED-EVIDENCE-ELIGIBLE,accepted_and_activated,active,blocked,not_applicable,L03;L15;L16;L26;L28,L03;L15;L16;L26;L28,accessibility_review_status:pending;content_review_status:pending;last_reviewed:missing;originality_review_status:pending;research_gap:RG-M6A-001:open;research_review_status:internal_sources_only_external_review_required;safety_review_status:pending;sources:incomplete
25.13,"Cultural appropriation, exchange, and attribution",25,"Creativity, Beauty, and Culture",draft,PRACTICE-COMP-2513-CULTURAL-APPROPRIATION-EXCHANGE-AND-ATTRIBUTION-01,0.2.0,data/practices/protocols/25/PRACTICE-COMP-2513-CULTURAL-APPROPRIATION-EXCHANGE-AND-ATTRIBUTION-01.yaml,2e63de1e89b6045f4a4f455ba93d85c0e2c684755ed2520bf656a999222a7a31,PF-SKILL-REHEARSAL,RISK-LOW,GG-PRACTICE-RUNTIME-PROJECTION-2.0,false,pending,SP-STRUCTURED-EVIDENCE-ELIGIBLE,accepted_and_activated,active,blocked,not_applicable,L02;L13;L16;L31,L02;L13;L16;L31,accessibility_review_status:pending;content_review_status:pending;last_reviewed:missing;originality_review_status:pending;research_gap:RG-M6A-001:open;research_review_status:internal_sources_only_external_review_required;safety_review_status:pending;sources:incomplete
26.01,Play for its own sake,26,"Play, Celebration, Leisure, Nature, and Exploration",projected_legacy,PRACTICE-PLAY-01,1.0.0,data/practices/protocols/26/PRACTICE-PLAY-01.yaml,e57ebf13b06dafccf0db04bf13242706031ebaeaf3d23dbe65a520c2233ed1d4,PF-BEHAVIORAL-EXPERIMENT,RISK-LOW,GG-PRACTICE-RUNTIME-PROJECTION-1.0,false,pilot_boundary_reviewed_expansion_review_pending,SP-STRUCTURED-EVIDENCE-ELIGIBLE,accepted_and_activated,active,blocked,existing_runtime_coverage,L05;L11;L34,L34,accessibility_review_status:pilot_boundary_reviewed_expansion_review_pending;content_review_status:frozen_runtime_behavior;last_reviewed:missing;originality_review_status:legacy_exceptions_recorded_expansion_review_pending;research_gap:RG-M6A-001:open;research_gap:RG-M6A-004:open;research_review_status:internal_sources_only_external_review_required;safety_review_status:pilot_boundary_reviewed_expansion_review_pending;sources:incomplete;ui_test_status:existing_runtime_coverage
26.02,Rest and leisure,26,"Play, Celebration, Leisure, Nature, and Exploration",draft,PRACTICE-COMP-2602-REST-AND-LEISURE-01,0.2.0,data/practices/protocols/26/PRACTICE-COMP-2602-REST-AND-LEISURE-01.yaml,07afb421ea2f65f3de0a56170ec07e85e5f60168d566fbf73d5897362e55758b,PF-ARTIFACT-PLAN,RISK-MODERATE,GG-PRACTICE-RUNTIME-PROJECTION-2.0,false,pending,SP-STRUCTURED-EVIDENCE-ELIGIBLE,accepted_and_activated,active,blocked,not_applicable,L17;L34;L36,L17;L34;L36,accessibility_review_status:pending;content_review_status:pending;last_reviewed:missing;originality_review_status:pending;research_gap:RG-M6A-001:open;research_review_status:internal_sources_only_external_review_required;safety_review_status:pending;sources:incomplete;specialist_review:missing
26.03,Hobbies and lifelong interests,26,"Play, Celebration, Leisure, Nature, and Exploration",draft,PRACTICE-COMP-2603-HOBBIES-AND-LIFELONG-INTERESTS-01,0.2.0,data/practices/protocols/26/PRACTICE-COMP-2603-HOBBIES-AND-LIFELONG-INTERESTS-01.yaml,10659cc82f71e3ca787029ceae7c573c648965c39f61ee80ff9323009a371052,PF-COMMUNITY-CONTRIBUTION,RISK-MODERATE,GG-PRACTICE-RUNTIME-PROJECTION-2.0,false,pending,SP-STRUCTURED-EVIDENCE-ELIGIBLE,accepted_and_activated,active,blocked,not_applicable,L15;L16;L34;L36,L15;L16;L34;L36,accessibility_review_status:pending;content_review_status:pending;last_reviewed:missing;originality_review_status:pending;research_gap:RG-M6A-001:open;research_review_status:internal_sources_only_external_review_required;safety_review_status:pending;sources:incomplete;specialist_review:missing
26.04,Nature connection and ecological awareness,26,"Play, Celebration, Leisure, Nature, and Exploration",draft,PRACTICE-COMP-2604-NATURE-CONNECTION-AND-ECOLOGICAL-AWARENESS-01,0.2.0,data/practices/protocols/26/PRACTICE-COMP-2604-NATURE-CONNECTION-AND-ECOLOGICAL-AWARENESS-01.yaml,d41332b3deb57b3ec8b044f91ef27ce343f29e8f49ff2c7bf0a85073db61c903,PF-LONGITUDINAL-REVIEW,RISK-MODERATE,GG-PRACTICE-RUNTIME-PROJECTION-2.0,false,pending,SP-STRUCTURED-EVIDENCE-ELIGIBLE,accepted_and_activated,active,blocked,not_applicable,L03;L17;L31;L35,L03;L17;L31;L35,accessibility_review_status:pending;content_review_status:pending;last_reviewed:missing;originality_review_status:pending;research_gap:RG-M6A-001:open;research_review_status:internal_sources_only_external_review_required;safety_review_status:pending;sources:incomplete;specialist_review:missing
26.05,Outdoor competence and responsible recreation,26,"Play, Celebration, Leisure, Nature, and Exploration",draft,PRACTICE-COMP-2605-OUTDOOR-COMPETENCE-AND-RESPONSIBLE-RECREATION-01,0.2.0,data/practices/protocols/26/PRACTICE-COMP-2605-OUTDOOR-COMPETENCE-AND-RESPONSIBLE-RECREATION-01.yaml,f4705c1069d0439b692df670a7d7fad2fa8d103c101c1fdf68d0d3fad7e6aefa,PF-ARTIFACT-PLAN,RISK-MODERATE,GG-PRACTICE-RUNTIME-PROJECTION-2.0,false,pending,SP-STRUCTURED-EVIDENCE-ELIGIBLE,accepted_and_activated,active,blocked,not_applicable,L17;L20;L34;L35,L17;L20;L34;L35,accessibility_review_status:pending;content_review_status:pending;last_reviewed:missing;originality_review_status:pending;research_gap:RG-M6A-001:open;research_review_status:internal_sources_only_external_review_required;safety_review_status:pending;sources:incomplete;specialist_review:missing
26.06,"Travel, geography, and place",26,"Play, Celebration, Leisure, Nature, and Exploration",draft,PRACTICE-COMP-2606-TRAVEL-GEOGRAPHY-AND-PLACE-01,0.2.0,data/practices/protocols/26/PRACTICE-COMP-2606-TRAVEL-GEOGRAPHY-AND-PLACE-01.yaml,b16554ce1fcee023be3ce47b42ec3a0125226166305410f0b6fe9cc2399272b7,PF-ARTIFACT-PLAN,RISK-MODERATE,GG-PRACTICE-RUNTIME-PROJECTION-2.0,false,pending,SP-STRUCTURED-EVIDENCE-ELIGIBLE,accepted_and_activated,active,blocked,not_applicable,L15;L20;L31;L35,L15;L20;L31;L35,accessibility_review_status:pending;content_review_status:pending;last_reviewed:missing;originality_review_status:pending;research_gap:RG-M6A-001:open;research_review_status:internal_sources_only_external_review_required;safety_review_status:pending;sources:incomplete;specialist_review:missing
26.07,Cross-cultural exploration,26,"Play, Celebration, Leisure, Nature, and Exploration",draft,PRACTICE-COMP-2607-CROSS-CULTURAL-EXPLORATION-01,0.2.0,data/practices/protocols/26/PRACTICE-COMP-2607-CROSS-CULTURAL-EXPLORATION-01.yaml,e0580f81f355011aec5b2edc955b13559887be1d151ebb7f1cc1feadd9f70a14,PF-ARTIFACT-PLAN,RISK-MODERATE,GG-PRACTICE-RUNTIME-PROJECTION-2.0,false,pending,SP-STRUCTURED-EVIDENCE-ELIGIBLE,accepted_and_activated,active,blocked,not_applicable,L15;L24;L31;L35,L15;L24;L31;L35,accessibility_review_status:pending;content_review_status:pending;last_reviewed:missing;originality_review_status:pending;research_gap:RG-M6A-001:open;research_review_status:internal_sources_only_external_review_required;safety_review_status:pending;sources:incomplete;specialist_review:missing
26.08,Adventure and calculated challenge,26,"Play, Celebration, Leisure, Nature, and Exploration",draft,PRACTICE-COMP-2608-ADVENTURE-AND-CALCULATED-CHALLENGE-01,0.2.0,data/practices/protocols/26/PRACTICE-COMP-2608-ADVENTURE-AND-CALCULATED-CHALLENGE-01.yaml,c742cdb9cbc19c08c288d6bfe07f1f58f8077f9137836db2986bb59993ef713e,PF-ARTIFACT-PLAN,RISK-MODERATE,GG-PRACTICE-RUNTIME-PROJECTION-2.0,false,pending,SP-STRUCTURED-EVIDENCE-ELIGIBLE,accepted_and_activated,active,blocked,not_applicable,L11;L17;L20;L35,L11;L17;L20;L35,accessibility_review_status:pending;content_review_status:pending;last_reviewed:missing;originality_review_status:pending;research_gap:RG-M6A-001:open;research_review_status:internal_sources_only_external_review_required;safety_review_status:pending;sources:incomplete;specialist_review:missing
26.09,Wonder and awe,26,"Play, Celebration, Leisure, Nature, and Exploration",draft,PRACTICE-COMP-2609-WONDER-AND-AWE-01,0.2.0,data/practices/protocols/26/PRACTICE-COMP-2609-WONDER-AND-AWE-01.yaml,b02559498b567cfa90f63c0c22098aed6d2a4a152f5cc9cd31f52cf0065228c6,PF-CONTEMPLATIVE-MEANING,RISK-MODERATE,GG-PRACTICE-RUNTIME-PROJECTION-2.0,false,pending,SP-STRUCTURED-EVIDENCE-ELIGIBLE,accepted_and_activated,active,blocked,not_applicable,L03;L16;L34;L35,L03;L16;L34;L35,accessibility_review_status:pending;content_review_status:pending;last_reviewed:missing;originality_review_status:pending;research_gap:RG-M6A-001:open;research_review_status:internal_sources_only_external_review_required;safety_review_status:pending;sources:incomplete;specialist_review:missing
26.10,Communal festivity and celebration,26,"Play, Celebration, Leisure, Nature, and Exploration",draft,PRACTICE-COMP-2610-COMMUNAL-FESTIVITY-AND-CELEBRATION-01,0.2.0,data/practices/protocols/26/PRACTICE-COMP-2610-COMMUNAL-FESTIVITY-AND-CELEBRATION-01.yaml,36e3e7b9cfbd60acaa6cd1f83581c01119c1e5319e447048f7a20dffe301d9e8,PF-COMMUNITY-CONTRIBUTION,RISK-MODERATE,GG-PRACTICE-RUNTIME-PROJECTION-2.0,false,pending,SP-STRUCTURED-EVIDENCE-ELIGIBLE,accepted_and_activated,active,blocked,not_applicable,L03;L16;L26;L34,L03;L16;L26;L34,accessibility_review_status:pending;content_review_status:pending;last_reviewed:missing;originality_review_status:pending;research_gap:RG-M6A-001:open;research_review_status:internal_sources_only_external_review_required;safety_review_status:pending;sources:incomplete;specialist_review:missing
26.11,Communal recreation and inclusive play,26,"Play, Celebration, Leisure, Nature, and Exploration",draft,PRACTICE-COMP-2611-COMMUNAL-RECREATION-AND-INCLUSIVE-PLAY-01,0.2.0,data/practices/protocols/26/PRACTICE-COMP-2611-COMMUNAL-RECREATION-AND-INCLUSIVE-PLAY-01.yaml,6c257b1194fa5a63fe0948bd65f089e682112cbb2110e6ba68ef78c1ab8bfe11,PF-ARTIFACT-PLAN,RISK-MODERATE,GG-PRACTICE-RUNTIME-PROJECTION-2.0,false,pending,SP-STRUCTURED-EVIDENCE-ELIGIBLE,accepted_and_activated,active,blocked,not_applicable,L17;L26;L31;L34,L17;L26;L31;L34,accessibility_review_status:pending;content_review_status:pending;last_reviewed:missing;originality_review_status:pending;research_gap:RG-M6A-001:open;research_review_status:internal_sources_only_external_review_required;safety_review_status:pending;sources:incomplete;specialist_review:missing
26.12,Pilgrimage and meaningful journey,26,"Play, Celebration, Leisure, Nature, and Exploration",draft,PRACTICE-COMP-2612-PILGRIMAGE-AND-MEANINGFUL-JOURNEY-01,0.2.0,data/practices/protocols/26/PRACTICE-COMP-2612-PILGRIMAGE-AND-MEANINGFUL-JOURNEY-01.yaml,cd75b3d17c5e20ea74dd53d58716162f051a114bda45815cdf3d1d1656811d33,PF-CONTEMPLATIVE-MEANING,RISK-MODERATE,GG-PRACTICE-RUNTIME-PROJECTION-2.0,false,pending,SP-STRUCTURED-EVIDENCE-ELIGIBLE,accepted_and_activated,active,blocked,not_applicable,L01;L03;L34;L35,L01;L03;L34;L35,accessibility_review_status:pending;content_review_status:pending;last_reviewed:missing;originality_review_status:pending;research_gap:RG-M6A-001:open;research_review_status:internal_sources_only_external_review_required;safety_review_status:pending;sources:incomplete;specialist_review:missing
26.13,"Humor, delight, and lightness",26,"Play, Celebration, Leisure, Nature, and Exploration",draft,PRACTICE-COMP-2613-HUMOR-DELIGHT-AND-LIGHTNESS-01,0.2.0,data/practices/protocols/26/PRACTICE-COMP-2613-HUMOR-DELIGHT-AND-LIGHTNESS-01.yaml,0f4da981c36628e90b58a0b092ac0b15ec0b944692cf1791ad422c78a146fa41,PF-ARTIFACT-PLAN,RISK-MODERATE,GG-PRACTICE-RUNTIME-PROJECTION-2.0,false,pending,SP-STRUCTURED-EVIDENCE-ELIGIBLE,accepted_and_activated,active,blocked,not_applicable,L07;L23;L26;L34,L07;L23;L26;L34,accessibility_review_status:pending;content_review_status:pending;last_reviewed:missing;originality_review_status:pending;research_gap:RG-M6A-001:open;research_review_status:internal_sources_only_external_review_required;safety_review_status:pending;sources:incomplete;specialist_review:missing
26.14,Ecological relationship and reciprocal stewardship,26,"Play, Celebration, Leisure, Nature, and Exploration",draft,PRACTICE-COMP-2614-ECOLOGICAL-RELATIONSHIP-AND-RECIPROCAL-STEWARDSHIP-01,0.2.0,data/practices/protocols/26/PRACTICE-COMP-2614-ECOLOGICAL-RELATIONSHIP-AND-RECIPROCAL-STEWARDSHIP-01.yaml,416cbe0364926170a7bf7925241a8b10a8f3b406b75cdfc0183b2fbeb6a6d32e,PF-ARTIFACT-PLAN,RISK-MODERATE,GG-PRACTICE-RUNTIME-PROJECTION-2.0,false,pending,SP-STRUCTURED-EVIDENCE-ELIGIBLE,accepted_and_activated,active,blocked,not_applicable,L03;L30;L31;L35,L03;L30;L31;L35,accessibility_review_status:pending;content_review_status:pending;last_reviewed:missing;originality_review_status:pending;research_gap:RG-M6A-001:open;research_review_status:internal_sources_only_external_review_required;safety_review_status:pending;sources:incomplete;specialist_review:missing
27.01,Life architecture,27,"Integration, Life Design, Seasons, and Legacy",draft,PRACTICE-COMP-2701-LIFE-ARCHITECTURE-01,0.2.0,data/practices/protocols/27/PRACTICE-COMP-2701-LIFE-ARCHITECTURE-01.yaml,607de59653bf461317f871d2cc36e5d3700530ad8b7e66fea3ddcdcb7d7498e3,PF-LONGITUDINAL-REVIEW,RISK-LOW,GG-PRACTICE-RUNTIME-PROJECTION-2.0,false,pending,SP-STRUCTURED-EVIDENCE-ELIGIBLE,accepted_and_activated,active,blocked,not_applicable,L01;L14;L36,L01;L14;L36,accessibility_review_status:pending;content_review_status:pending;last_reviewed:missing;originality_review_status:pending;research_gap:RG-M6A-001:open;research_review_status:internal_sources_only_external_review_required;safety_review_status:pending;sources:incomplete
27.02,Balancing competing goods,27,"Integration, Life Design, Seasons, and Legacy",draft,PRACTICE-COMP-2702-BALANCING-COMPETING-GOODS-01,0.2.0,data/practices/protocols/27/PRACTICE-COMP-2702-BALANCING-COMPETING-GOODS-01.yaml,d9059b5d9aacb2db6678e8c6bb43f43196b5c9bc74782b77e21ce2a02a06206a,PF-RELATIONAL-CONVERSATION,RISK-LOW,GG-PRACTICE-RUNTIME-PROJECTION-2.0,false,pending,SP-STRUCTURED-EVIDENCE-ELIGIBLE,accepted_and_activated,active,blocked,not_applicable,L02;L14;L36,L02;L14;L36,accessibility_review_status:pending;content_review_status:pending;last_reviewed:missing;originality_review_status:pending;research_gap:RG-M6A-001:open;research_review_status:internal_sources_only_external_review_required;safety_review_status:pending;sources:incomplete
27.03,Seasons and changing emphasis,27,"Integration, Life Design, Seasons, and Legacy",draft,PRACTICE-COMP-2703-SEASONS-AND-CHANGING-EMPHASIS-01,0.2.0,data/practices/protocols/27/PRACTICE-COMP-2703-SEASONS-AND-CHANGING-EMPHASIS-01.yaml,bbdbe41bfb9bd4fa239784ecaf9ba9056faf3072f09fdf4815bd47c77ee3824e,PF-QUALIFIED-CONSULTATION,RISK-HIGH,GG-PRACTICE-RUNTIME-PROJECTION-2.0,false,pending_specialist_expansion_review,SP-STRUCTURED-EVIDENCE-ELIGIBLE,accepted_and_activated,active,blocked,not_applicable,L04;L11;L17;L36,L04;L11;L17;L36,accessibility_review_status:pending;content_review_status:pending;last_reviewed:missing;originality_review_status:pending;research_gap:RG-M6A-001:open;research_review_status:internal_sources_only_external_review_required;safety_review_status:pending_specialist_expansion_review;sources:incomplete;specialist_review:missing
27.04,Roles and responsibility portfolio,27,"Integration, Life Design, Seasons, and Legacy",draft,PRACTICE-COMP-2704-ROLES-AND-RESPONSIBILITY-PORTFOLIO-01,0.2.0,data/practices/protocols/27/PRACTICE-COMP-2704-ROLES-AND-RESPONSIBILITY-PORTFOLIO-01.yaml,52b72d5b1a2921cd44cb2d7d4ad03f94e5c5bea5c25caf396dc1a589de7db798,PF-COMMUNITY-CONTRIBUTION,RISK-LOW,GG-PRACTICE-RUNTIME-PROJECTION-2.0,false,pending,SP-STRUCTURED-EVIDENCE-ELIGIBLE,accepted_and_activated,active,blocked,not_applicable,L01;L28;L30;L32;L36,L01;L28;L30;L32;L36,accessibility_review_status:pending;content_review_status:pending;last_reviewed:missing;originality_review_status:pending;research_gap:RG-M6A-001:open;research_review_status:internal_sources_only_external_review_required;safety_review_status:pending;sources:incomplete
27.05,Personal operating reviews,27,"Integration, Life Design, Seasons, and Legacy",draft,PRACTICE-COMP-2705-PERSONAL-OPERATING-REVIEWS-01,0.2.0,data/practices/protocols/27/PRACTICE-COMP-2705-PERSONAL-OPERATING-REVIEWS-01.yaml,8fee755ea551f6a9ff8d7fc894ac653813db0d3a650800ceb95b485525bb0dbb,PF-AUDIT-REDESIGN,RISK-LOW,GG-PRACTICE-RUNTIME-PROJECTION-2.0,false,pending,SP-STRUCTURED-EVIDENCE-ELIGIBLE,accepted_and_activated,active,blocked,not_applicable,L05;L10;L14;L36,L05;L10;L14;L36,accessibility_review_status:pending;content_review_status:pending;last_reviewed:missing;originality_review_status:pending;research_gap:RG-M6A-001:open;research_review_status:internal_sources_only_external_review_required;safety_review_status:pending;sources:incomplete
27.06,Goals as experiments,27,"Integration, Life Design, Seasons, and Legacy",draft,PRACTICE-COMP-2706-GOALS-AS-EXPERIMENTS-01,0.2.0,data/practices/protocols/27/PRACTICE-COMP-2706-GOALS-AS-EXPERIMENTS-01.yaml,08629d4686c6ad245b10533a8440a14cfd9d9d4c968db1bb3894ca8138a1c2a0,PF-AUDIT-REDESIGN,RISK-LOW,GG-PRACTICE-RUNTIME-PROJECTION-2.0,false,pending,SP-STRUCTURED-EVIDENCE-ELIGIBLE,accepted_and_activated,active,blocked,not_applicable,L10;L11;L14;L36,L10;L11;L14;L36,accessibility_review_status:pending;content_review_status:pending;last_reviewed:missing;originality_review_status:pending;research_gap:RG-M6A-001:open;research_review_status:internal_sources_only_external_review_required;safety_review_status:pending;sources:incomplete
27.07,Transition preparedness,27,"Integration, Life Design, Seasons, and Legacy",draft,PRACTICE-COMP-2707-TRANSITION-PREPAREDNESS-01,0.2.0,data/practices/protocols/27/PRACTICE-COMP-2707-TRANSITION-PREPAREDNESS-01.yaml,6ba891c4f78c22a483b638f2c55efa6751bb06e375925f2da99040fd67b13709,PF-RELATIONAL-CONVERSATION,RISK-LOW,GG-PRACTICE-RUNTIME-PROJECTION-2.0,false,pending,SP-STRUCTURED-EVIDENCE-ELIGIBLE,accepted_and_activated,active,blocked,not_applicable,L04;L11;L20;L21;L36,L04;L11;L20;L21;L36,accessibility_review_status:pending;content_review_status:pending;last_reviewed:missing;originality_review_status:pending;research_gap:RG-M6A-001:open;research_review_status:internal_sources_only_external_review_required;safety_review_status:pending;sources:incomplete
27.08,Ambition and contentment,27,"Integration, Life Design, Seasons, and Legacy",draft,PRACTICE-COMP-2708-AMBITION-AND-CONTENTMENT-01,0.2.0,data/practices/protocols/27/PRACTICE-COMP-2708-AMBITION-AND-CONTENTMENT-01.yaml,05fe580196133b1db478960ee8b64768f9d90840e06998f84762886adceec869,PF-CONTEMPLATIVE-MEANING,RISK-LOW,GG-PRACTICE-RUNTIME-PROJECTION-2.0,false,pending,SP-STRUCTURED-EVIDENCE-ELIGIBLE,accepted_and_activated,active,blocked,not_applicable,L01;L05;L09;L34;L36,L01;L05;L09;L34;L36,accessibility_review_status:pending;content_review_status:pending;last_reviewed:missing;originality_review_status:pending;research_gap:RG-M6A-001:open;research_review_status:internal_sources_only_external_review_required;safety_review_status:pending;sources:incomplete
27.09,Coherence without rigidity,27,"Integration, Life Design, Seasons, and Legacy",draft,PRACTICE-COMP-2709-COHERENCE-WITHOUT-RIGIDITY-01,0.2.0,data/practices/protocols/27/PRACTICE-COMP-2709-COHERENCE-WITHOUT-RIGIDITY-01.yaml,d77c85a21442ae73503cb19ef9b51a8c084acffb42706c2c0731557efdcac26a,PF-AUDIT-REDESIGN,RISK-LOW,GG-PRACTICE-RUNTIME-PROJECTION-2.0,false,pending,SP-STRUCTURED-EVIDENCE-ELIGIBLE,accepted_and_activated,active,blocked,not_applicable,L01;L05;L11;L36,L01;L05;L11;L36,accessibility_review_status:pending;content_review_status:pending;last_reviewed:missing;originality_review_status:pending;research_gap:RG-M6A-001:open;research_review_status:internal_sources_only_external_review_required;safety_review_status:pending;sources:incomplete
27.10,Mentorship and generativity,27,"Integration, Life Design, Seasons, and Legacy",draft,PRACTICE-COMP-2710-MENTORSHIP-AND-GENERATIVITY-01,0.2.0,data/practices/protocols/27/PRACTICE-COMP-2710-MENTORSHIP-AND-GENERATIVITY-01.yaml,94fa6b40c4934104fd67ce6b0df1db56415c91698865e6ad4b621a061e2f3e12,PF-RELATIONAL-CONVERSATION,RISK-LOW,GG-PRACTICE-RUNTIME-PROJECTION-2.0,false,pending,SP-STRUCTURED-EVIDENCE-ELIGIBLE,accepted_and_activated,active,blocked,not_applicable,L15;L28;L30;L33;L37,L15;L28;L30;L33;L37,accessibility_review_status:pending;content_review_status:pending;last_reviewed:missing;originality_review_status:pending;research_gap:RG-M6A-001:open;research_review_status:internal_sources_only_external_review_required;safety_review_status:pending;sources:incomplete
27.11,"Legacy in people, institutions, and works",27,"Integration, Life Design, Seasons, and Legacy",draft,PRACTICE-COMP-2711-LEGACY-IN-PEOPLE-INSTITUTIONS-AND-WORKS-01,0.2.0,data/practices/protocols/27/PRACTICE-COMP-2711-LEGACY-IN-PEOPLE-INSTITUTIONS-AND-WORKS-01.yaml,e6f8f1a7fdbc09867cbbd989f75c076f6eb896a2f0b2a5de565d05f8b9da73fb,PF-RELATIONAL-CONVERSATION,RISK-LOW,GG-PRACTICE-RUNTIME-PROJECTION-2.0,false,pending,SP-STRUCTURED-EVIDENCE-ELIGIBLE,accepted_and_activated,active,blocked,not_applicable,L16;L28;L32;L33;L37,L16;L28;L32;L33;L37,accessibility_review_status:pending;content_review_status:pending;last_reviewed:missing;originality_review_status:pending;research_gap:RG-M6A-001:open;research_review_status:internal_sources_only_external_review_required;safety_review_status:pending;sources:incomplete
27.12,Annual reckoning and recommitment,27,"Integration, Life Design, Seasons, and Legacy",draft,PRACTICE-COMP-2712-ANNUAL-RECKONING-AND-RECOMMITMENT-01,0.2.0,data/practices/protocols/27/PRACTICE-COMP-2712-ANNUAL-RECKONING-AND-RECOMMITMENT-01.yaml,b80712240bd2c0ef3a1f914aaad01a3ee505f906cd8e31a79974b255efa7a363,PF-LONGITUDINAL-REVIEW,RISK-LOW,GG-PRACTICE-RUNTIME-PROJECTION-2.0,false,pending,SP-STRUCTURED-EVIDENCE-ELIGIBLE,accepted_and_activated,active,blocked,not_applicable,L01;L05;L10;L36,L01;L05;L10;L36,accessibility_review_status:pending;content_review_status:pending;last_reviewed:missing;originality_review_status:pending;research_gap:RG-M6A-001:open;research_review_status:internal_sources_only_external_review_required;safety_review_status:pending;sources:incomplete
27.13,"Applicability, role choice, and the right to leave domains unchosen",27,"Integration, Life Design, Seasons, and Legacy",draft,PRACTICE-COMP-2713-APPLICABILITY-ROLE-CHOICE-AND-THE-RIGHT-TO-LEAVE-DOMAINS-UNCHOSEN-01,0.2.0,data/practices/protocols/27/PRACTICE-COMP-2713-APPLICABILITY-ROLE-CHOICE-AND-THE-RIGHT-TO-LEAVE-DOMAINS-UNCHOSEN-01.yaml,dacd772bc09df1a4d5b4485bfedad6966b9ac95a5d2dc231d2383b6d28e9d656,PF-AUDIT-REDESIGN,RISK-LOW,GG-PRACTICE-RUNTIME-PROJECTION-2.0,false,pending,SP-STRUCTURED-EVIDENCE-ELIGIBLE,accepted_and_activated,active,blocked,not_applicable,L05;L25;L31;L36,L05;L25;L31;L36,accessibility_review_status:pending;content_review_status:pending;last_reviewed:missing;originality_review_status:pending;research_gap:RG-M6A-001:open;research_review_status:internal_sources_only_external_review_required;safety_review_status:pending;sources:incomplete
27.14,Multiple pathways to flourishing,27,"Integration, Life Design, Seasons, and Legacy",draft,PRACTICE-COMP-2714-MULTIPLE-PATHWAYS-TO-FLOURISHING-01,0.2.0,data/practices/protocols/27/PRACTICE-COMP-2714-MULTIPLE-PATHWAYS-TO-FLOURISHING-01.yaml,8b904d16b42bac7ed7fb2c1ebf32aa1ba2a17b812ff3ebd514e9be8bf41284e1,PF-CONTEMPLATIVE-MEANING,RISK-LOW,GG-PRACTICE-RUNTIME-PROJECTION-2.0,false,pending,SP-STRUCTURED-EVIDENCE-ELIGIBLE,accepted_and_activated,active,blocked,not_applicable,L01;L05;L31;L36,L01;L05;L31;L36,accessibility_review_status:pending;content_review_status:pending;last_reviewed:missing;originality_review_status:pending;research_gap:RG-M6A-001:open;research_review_status:internal_sources_only_external_review_required;safety_review_status:pending;sources:incomplete
27.15,Receiving as well as achieving,27,"Integration, Life Design, Seasons, and Legacy",draft,PRACTICE-COMP-2715-RECEIVING-AS-WELL-AS-ACHIEVING-01,0.2.0,data/practices/protocols/27/PRACTICE-COMP-2715-RECEIVING-AS-WELL-AS-ACHIEVING-01.yaml,2989c30f17b7566a3f8232fb502fad966b248828bbc188b6c5706ef831591851,PF-CONTEMPLATIVE-MEANING,RISK-LOW,GG-PRACTICE-RUNTIME-PROJECTION-2.0,false,pending,SP-STRUCTURED-EVIDENCE-ELIGIBLE,accepted_and_activated,active,blocked,not_applicable,L04;L05;L28;L34;L36,L04;L05;L28;L34;L36,accessibility_review_status:pending;content_review_status:pending;last_reviewed:missing;originality_review_status:pending;research_gap:RG-M6A-001:open;research_review_status:internal_sources_only_external_review_required;safety_review_status:pending;sources:incomplete
