protocol_stable_id,risk_class,editorial_status,safety_review_status,required_reviewer_role,pre_review_scoring_ceiling,scoring_policy,score_active,sensitive_data_limit,foreseeable_misuse,exclusions,pause_conditions,stop_conditions,professional_referral_conditions,release_gate
PRACTICE-BOUNDARY-01,RISK-MODERATE,projected_legacy,pending_specialist_expansion_review,Relevant specialist or domain-qualified human reviewer before expansion release or score activation.,shadow_only,SP-STRUCTURED-EVIDENCE-ELIGIBLE,true,"Store no diagnoses, allegations, third-party secrets, or unnecessary sensitive narrative; prefer category-level signals.","Using a boundary label to justify threats, punishment, withdrawal of care, forced agreement, a silent test, or unsafe confrontation.","Abuse, coercive control, stalking, discrimination, unsafe dependency, likely retaliation, legal jeopardy, or material danger.","Pause when safety, power, dependency, retaliation, legal, employment, housing, or caregiving consequences are uncertain.","Stop if retaliation, coercive control, abuse, stalking, discrimination, unsafe dependency, or material danger is present or becomes likely.","Seek appropriate trauma-informed, organizational, legal, medical, or emergency support when the low-stakes safety boundary is not met.","Specialist safety review complete. | Misuse, exclusion, stop, and escalation paths tested in content and UI. | Scoring remains shadow-only until a separate activation decision."
PRACTICE-COMP-0101-CONCEPTIONS-OF-FLOURISHING-01,RISK-LOW,draft,pending,Trained content reviewer; specialist review when the actual topic introduces a moderate or high-risk context.,active_if_separately_approved,SP-STRUCTURED-EVIDENCE-ELIGIBLE,true,Collect only the minimum private context needed to run the practice; do not request identifying details about other people.,"Using the Conceptions of flourishing protocol to rank worth, coerce participation, demand disclosure, override rest or care, certify competence, or justify decisions beyond the recorded context. | Treating a completed Conceptions of flourishing action, a polished artifact, agreement, confidence, speed, independence, or output as mastery or universal transfer.","Follow the material, equipment, consent and scope limits in the setup and each action. Explain the comparison aloud or with three symbols. Rest and receiving care may be the whole appropriate afternoon; no purchase, productivity target, or religious commitment is required.","Pause Conceptions of flourishing when capacity, consent, authority, privacy, access, care duties, uncertainty, distress, fatigue, pain, resource scarcity, or changed circumstances make the next action unwise.","Stop the Conceptions of flourishing practice for harm, coercion, retaliation risk, emergency conditions, unsafe exposure, worsening symptoms, protected information, legal or policy conflict, or pressure to exceed the stated boundary.","Use qualified, local, or emergency support whenever the situation exceeds a voluntary low-stakes developmental practice.","Content, accessibility, privacy, and safety review complete. | Evidence and scoring contracts independently approved before score activation."
PRACTICE-COMP-0102-A-PROVISIONAL-WORLDVIEW-01,RISK-LOW,draft,pending,Trained content reviewer; specialist review when the actual topic introduces a moderate or high-risk context.,active_if_separately_approved,SP-STRUCTURED-EVIDENCE-ELIGIBLE,true,Collect only the minimum private context needed to run the practice; do not request identifying details about other people.,"Using the A provisional worldview protocol to rank worth, coerce participation, demand disclosure, override rest or care, certify competence, or justify decisions beyond the recorded context. | Treating a completed A provisional worldview action, a polished artifact, agreement, confidence, speed, independence, or output as mastery or universal transfer.","Follow the material, equipment, consent and scope limits in the setup and each action. Keep this private, dictate it, or use fictional positions if disclosure is unsafe. No conversion, debate, trauma disclosure, or resolution of every philosophical question is needed.","Pause A provisional worldview when capacity, consent, authority, privacy, access, care duties, uncertainty, distress, fatigue, pain, resource scarcity, or changed circumstances make the next action unwise.","Stop the A provisional worldview practice for harm, coercion, retaliation risk, emergency conditions, unsafe exposure, worsening symptoms, protected information, legal or policy conflict, or pressure to exceed the stated boundary.","Use qualified, local, or emergency support whenever the situation exceeds a voluntary low-stakes developmental practice.","Content, accessibility, privacy, and safety review complete. | Evidence and scoring contracts independently approved before score activation."
PRACTICE-COMP-0103-CHOSEN-AND-INHERITED-VALUES-01,RISK-LOW,draft,pending,Trained content reviewer; specialist review when the actual topic introduces a moderate or high-risk context.,active_if_separately_approved,SP-STRUCTURED-EVIDENCE-ELIGIBLE,true,Collect only the minimum private context needed to run the practice; do not request identifying details about other people.,"Using the Chosen and inherited values protocol to rank worth, coerce participation, demand disclosure, override rest or care, certify competence, or justify decisions beyond the recorded context. | Treating a completed Chosen and inherited values action, a polished artifact, agreement, confidence, speed, independence, or output as mastery or universal transfer.","Follow the material, equipment, consent and scope limits in the setup and each action. Use broad labels such as family or school without naming anyone. Keep the exercise private where disagreeing could threaten safety, housing, employment, or belonging.","Pause Chosen and inherited values when capacity, consent, authority, privacy, access, care duties, uncertainty, distress, fatigue, pain, resource scarcity, or changed circumstances make the next action unwise.","Stop the Chosen and inherited values practice for harm, coercion, retaliation risk, emergency conditions, unsafe exposure, worsening symptoms, protected information, legal or policy conflict, or pressure to exceed the stated boundary.","Use qualified, local, or emergency support whenever the situation exceeds a voluntary low-stakes developmental practice.","Content, accessibility, privacy, and safety review complete. | Evidence and scoring contracts independently approved before score activation."
PRACTICE-COMP-0104-A-HIERARCHY-OF-GOODS-01,RISK-LOW,draft,pending,Trained content reviewer; specialist review when the actual topic introduces a moderate or high-risk context.,active_if_separately_approved,SP-STRUCTURED-EVIDENCE-ELIGIBLE,true,Collect only the minimum private context needed to run the practice; do not request identifying details about other people.,"Using the A hierarchy of goods protocol to rank worth, coerce participation, demand disclosure, override rest or care, certify competence, or justify decisions beyond the recorded context. | Treating a completed A hierarchy of goods action, a polished artifact, agreement, confidence, speed, independence, or output as mastery or universal transfer.","Follow the material, equipment, consent and scope limits in the setup and each action. Sort cards or speak the comparison instead of writing. A person receiving care can prioritize care and rest without justifying those needs as productivity.","Pause A hierarchy of goods when capacity, consent, authority, privacy, access, care duties, uncertainty, distress, fatigue, pain, resource scarcity, or changed circumstances make the next action unwise.","Stop the A hierarchy of goods practice for harm, coercion, retaliation risk, emergency conditions, unsafe exposure, worsening symptoms, protected information, legal or policy conflict, or pressure to exceed the stated boundary.","Use qualified, local, or emergency support whenever the situation exceeds a voluntary low-stakes developmental practice.","Content, accessibility, privacy, and safety review complete. | Evidence and scoring contracts independently approved before score activation."
PRACTICE-COMP-0105-PURPOSE-AND-CALLING-01,RISK-LOW,draft,pending,Trained content reviewer; specialist review when the actual topic introduces a moderate or high-risk context.,active_if_separately_approved,SP-STRUCTURED-EVIDENCE-ELIGIBLE,true,Collect only the minimum private context needed to run the practice; do not request identifying details about other people.,"Using the Purpose and calling protocol to rank worth, coerce participation, demand disclosure, override rest or care, certify competence, or justify decisions beyond the recorded context. | Treating a completed Purpose and calling action, a polished artifact, agreement, confidence, speed, independence, or output as mastery or universal transfer.","Follow the material, equipment, consent and scope limits in the setup and each action. Receiving care, maintaining a home, or offering attentive presence can be meaningful contributions. Use a fictional service plan if a real opportunity is unavailable; label it preparation.","Pause Purpose and calling when capacity, consent, authority, privacy, access, care duties, uncertainty, distress, fatigue, pain, resource scarcity, or changed circumstances make the next action unwise.","Stop the Purpose and calling practice for harm, coercion, retaliation risk, emergency conditions, unsafe exposure, worsening symptoms, protected information, legal or policy conflict, or pressure to exceed the stated boundary.","Use qualified, local, or emergency support whenever the situation exceeds a voluntary low-stakes developmental practice.","Content, accessibility, privacy, and safety review complete. | Evidence and scoring contracts independently approved before score activation."
PRACTICE-COMP-0106-MEANING-VERSUS-STATUS-01,RISK-LOW,draft,pending,Trained content reviewer; specialist review when the actual topic introduces a moderate or high-risk context.,active_if_separately_approved,SP-STRUCTURED-EVIDENCE-ELIGIBLE,true,Collect only the minimum private context needed to run the practice; do not request identifying details about other people.,"Using the Meaning versus status protocol to rank worth, coerce participation, demand disclosure, override rest or care, certify competence, or justify decisions beyond the recorded context. | Treating a completed Meaning versus status action, a polished artifact, agreement, confidence, speed, independence, or output as mastery or universal transfer.","Follow the material, equipment, consent and scope limits in the setup and each action. Use existing materials, a library resource, or a simulated private comparison. Necessary public collaboration need not be hidden; this is a motive check, not enforced secrecy.","Pause Meaning versus status when capacity, consent, authority, privacy, access, care duties, uncertainty, distress, fatigue, pain, resource scarcity, or changed circumstances make the next action unwise.","Stop the Meaning versus status practice for harm, coercion, retaliation risk, emergency conditions, unsafe exposure, worsening symptoms, protected information, legal or policy conflict, or pressure to exceed the stated boundary.","Use qualified, local, or emergency support whenever the situation exceeds a voluntary low-stakes developmental practice.","Content, accessibility, privacy, and safety review complete. | Evidence and scoring contracts independently approved before score activation."
PRACTICE-COMP-0107-COMMITMENT-UNDER-UNCERTAINTY-01,RISK-LOW,draft,pending,Trained content reviewer; specialist review when the actual topic introduces a moderate or high-risk context.,active_if_separately_approved,SP-STRUCTURED-EVIDENCE-ELIGIBLE,true,Collect only the minimum private context needed to run the practice; do not request identifying details about other people.,"Using the Commitment under uncertainty protocol to rank worth, coerce participation, demand disclosure, override rest or care, certify competence, or justify decisions beyond the recorded context. | Treating a completed Commitment under uncertainty action, a polished artifact, agreement, confidence, speed, independence, or output as mastery or universal transfer.","Follow the material, equipment, consent and scope limits in the setup and each action. Use the study-time example as a paper simulation when live experimentation is impractical. Simulation exercises decision structure but does not show real-world results.","Pause Commitment under uncertainty when capacity, consent, authority, privacy, access, care duties, uncertainty, distress, fatigue, pain, resource scarcity, or changed circumstances make the next action unwise.","Stop the Commitment under uncertainty practice for harm, coercion, retaliation risk, emergency conditions, unsafe exposure, worsening symptoms, protected information, legal or policy conflict, or pressure to exceed the stated boundary.","Use qualified, local, or emergency support whenever the situation exceeds a voluntary low-stakes developmental practice.","Content, accessibility, privacy, and safety review complete. | Evidence and scoring contracts independently approved before score activation."
PRACTICE-COMP-0108-EXISTENTIAL-RESPONSIBILITY-01,RISK-LOW,draft,pending,Trained content reviewer; specialist review when the actual topic introduces a moderate or high-risk context.,active_if_separately_approved,SP-STRUCTURED-EVIDENCE-ELIGIBLE,true,Collect only the minimum private context needed to run the practice; do not request identifying details about other people.,"Using the Existential responsibility protocol to rank worth, coerce participation, demand disclosure, override rest or care, certify competence, or justify decisions beyond the recorded context. | Treating a completed Existential responsibility action, a polished artifact, agreement, confidence, speed, independence, or output as mastery or universal transfer.","Follow the material, equipment, consent and scope limits in the setup and each action. A support person can help communicate or implement your choice. Choosing rest, declining an unsafe demand, or seeking assistance is an exercise of agency.","Pause Existential responsibility when capacity, consent, authority, privacy, access, care duties, uncertainty, distress, fatigue, pain, resource scarcity, or changed circumstances make the next action unwise.","Stop the Existential responsibility practice for harm, coercion, retaliation risk, emergency conditions, unsafe exposure, worsening symptoms, protected information, legal or policy conflict, or pressure to exceed the stated boundary.","Use qualified, local, or emergency support whenever the situation exceeds a voluntary low-stakes developmental practice.","Content, accessibility, privacy, and safety review complete. | Evidence and scoring contracts independently approved before score activation."
PRACTICE-COMP-0109-LIFE-REVIEW-AND-PHILOSOPHICAL-REVISION-01,RISK-LOW,draft,pending,Trained content reviewer; specialist review when the actual topic introduces a moderate or high-risk context.,active_if_separately_approved,SP-STRUCTURED-EVIDENCE-ELIGIBLE,true,Collect only the minimum private context needed to run the practice; do not request identifying details about other people.,"Using the Life review and philosophical revision protocol to rank worth, coerce participation, demand disclosure, override rest or care, certify competence, or justify decisions beyond the recorded context. | Treating a completed Life review and philosophical revision action, a polished artifact, agreement, confidence, speed, independence, or output as mastery or universal transfer.","Follow the material, equipment, consent and scope limits in the setup and each action. Review aloud, with a trusted supporter, or using three calendar symbols. A week dominated by illness or caregiving can justify a smaller expectation rather than another task.","Pause Life review and philosophical revision when capacity, consent, authority, privacy, access, care duties, uncertainty, distress, fatigue, pain, resource scarcity, or changed circumstances make the next action unwise.","Stop the Life review and philosophical revision practice for harm, coercion, retaliation risk, emergency conditions, unsafe exposure, worsening symptoms, protected information, legal or policy conflict, or pressure to exceed the stated boundary.","Use qualified, local, or emergency support whenever the situation exceeds a voluntary low-stakes developmental practice.","Content, accessibility, privacy, and safety review complete. | Evidence and scoring contracts independently approved before score activation."
PRACTICE-COMP-0110-MEANING-AFTER-DISILLUSIONMENT-01,RISK-LOW,draft,pending,Trained content reviewer; specialist review when the actual topic introduces a moderate or high-risk context.,active_if_separately_approved,SP-STRUCTURED-EVIDENCE-ELIGIBLE,true,Collect only the minimum private context needed to run the practice; do not request identifying details about other people.,"Using the Meaning after disillusionment protocol to rank worth, coerce participation, demand disclosure, override rest or care, certify competence, or justify decisions beyond the recorded context. | Treating a completed Meaning after disillusionment action, a polished artifact, agreement, confidence, speed, independence, or output as mastery or universal transfer.","Follow the material, equipment, consent and scope limits in the setup and each action. Use a fictional disappointed achievement, respond by drawing, or ask a trusted person to help identify practical support. Distress is not material that must be mined for growth.","Pause Meaning after disillusionment when capacity, consent, authority, privacy, access, care duties, uncertainty, distress, fatigue, pain, resource scarcity, or changed circumstances make the next action unwise.","Stop the Meaning after disillusionment practice for harm, coercion, retaliation risk, emergency conditions, unsafe exposure, worsening symptoms, protected information, legal or policy conflict, or pressure to exceed the stated boundary.","Use qualified, local, or emergency support whenever the situation exceeds a voluntary low-stakes developmental practice.","Content, accessibility, privacy, and safety review complete. | Evidence and scoring contracts independently approved before score activation."
PRACTICE-COMP-0111-PLURAL-ENDS-AND-REASONABLE-DISAGREEMENT-01,RISK-LOW,draft,pending,Trained content reviewer; specialist review when the actual topic introduces a moderate or high-risk context.,active_if_separately_approved,SP-STRUCTURED-EVIDENCE-ELIGIBLE,true,Collect only the minimum private context needed to run the practice; do not request identifying details about other people.,"Using the Plural ends and reasonable disagreement protocol to rank worth, coerce participation, demand disclosure, override rest or care, certify competence, or justify decisions beyond the recorded context. | Treating a completed Plural ends and reasonable disagreement action, a polished artifact, agreement, confidence, speed, independence, or output as mastery or universal transfer.","Follow the material, equipment, consent and scope limits in the setup and each action. Use written exchanges, translated material, or the stability/exploration case. No debate partner, travel, disclosure of beliefs, or forced reconciliation is required.","Pause Plural ends and reasonable disagreement when capacity, consent, authority, privacy, access, care duties, uncertainty, distress, fatigue, pain, resource scarcity, or changed circumstances make the next action unwise.","Stop the Plural ends and reasonable disagreement practice for harm, coercion, retaliation risk, emergency conditions, unsafe exposure, worsening symptoms, protected information, legal or policy conflict, or pressure to exceed the stated boundary.","Use qualified, local, or emergency support whenever the situation exceeds a voluntary low-stakes developmental practice.","Content, accessibility, privacy, and safety review complete. | Evidence and scoring contracts independently approved before score activation."
PRACTICE-COMP-0201-MORAL-FRAMEWORKS-01,RISK-MODERATE,draft,pending,Relevant specialist or domain-qualified human reviewer before expansion release or score activation.,shadow_only,SP-STRUCTURED-EVIDENCE-ELIGIBLE,true,"Store no diagnoses, allegations, third-party secrets, or unnecessary sensitive narrative; prefer category-level signals.","Using the Moral frameworks protocol to rank worth, coerce participation, demand disclosure, override rest or care, certify competence, or justify decisions beyond the recorded context. | Treating a completed Moral frameworks action, a polished artifact, agreement, confidence, speed, independence, or output as mastery or universal transfer.","Follow the material, equipment, consent and scope limits in the setup and each action. Compare four spoken explanations or use cards. The fictional case permits participation without revealing private beliefs or confronting a real authority.","Pause Moral frameworks when capacity, consent, authority, privacy, access, care duties, uncertainty, distress, fatigue, pain, resource scarcity, or changed circumstances make the next action unwise.","Stop the Moral frameworks practice for harm, coercion, retaliation risk, emergency conditions, unsafe exposure, worsening symptoms, protected information, legal or policy conflict, or pressure to exceed the stated boundary.","Use qualified, local, or emergency support whenever the situation exceeds a voluntary low-stakes developmental practice.","Specialist safety review complete. | Misuse, exclusion, stop, and escalation paths tested in content and UI. | Scoring remains shadow-only until a separate activation decision."
PRACTICE-COMP-0202-MORAL-PERCEPTION-01,RISK-HIGH,draft,pending_specialist_expansion_review,Licensed or otherwise appropriately qualified specialist for the jurisdiction and topic.,qualified_only,SP-STRUCTURED-EVIDENCE-ELIGIBLE,true,"Do not collect or retain sensitive case detail unless separately justified, consented, secured, and reviewed.","Using the Moral perception protocol to rank worth, coerce participation, demand disclosure, override rest or care, certify competence, or justify decisions beyond the recorded context. | Treating a completed Moral perception action, a polished artifact, agreement, confidence, speed, independence, or output as mastery or universal transfer.","Follow the material, equipment, consent and scope limits in the setup and each action. Use an audio announcement or a purely fictional school, neighborhood or club event. Publishing is unnecessary; this exercise tests pre-publication judgment.","Pause Moral perception when capacity, consent, authority, privacy, access, care duties, uncertainty, distress, fatigue, pain, resource scarcity, or changed circumstances make the next action unwise.","Stop the Moral perception practice for harm, coercion, retaliation risk, emergency conditions, unsafe exposure, worsening symptoms, protected information, legal or policy conflict, or pressure to exceed the stated boundary.","Use qualified, local, or emergency support whenever the situation exceeds a voluntary low-stakes developmental practice.","Qualified specialist approval recorded. | Jurisdictional, emergency, and vulnerable-person boundaries reviewed. | No unverified hotline, diagnosis, treatment, confrontation, or coercive exposure. | Evidence is qualified-only or non-scored unless separately approved."
PRACTICE-COMP-0203-BEHAVIORAL-DEFINITIONS-OF-VIRTUE-01,RISK-MODERATE,draft,pending,Relevant specialist or domain-qualified human reviewer before expansion release or score activation.,shadow_only,SP-STRUCTURED-EVIDENCE-ELIGIBLE,true,"Store no diagnoses, allegations, third-party secrets, or unnecessary sensitive narrative; prefer category-level signals.","Using the Behavioral definitions of virtue protocol to rank worth, coerce participation, demand disclosure, override rest or care, certify competence, or justify decisions beyond the recorded context. | Treating a completed Behavioral definitions of virtue action, a polished artifact, agreement, confidence, speed, independence, or output as mastery or universal transfer.","Follow the material, equipment, consent and scope limits in the setup and each action. Use text, a private recording or a supporter who helps communicate. Speaking loudly, acting alone and confronting authority are not requirements.","Pause Behavioral definitions of virtue when capacity, consent, authority, privacy, access, care duties, uncertainty, distress, fatigue, pain, resource scarcity, or changed circumstances make the next action unwise.","Stop the Behavioral definitions of virtue practice for harm, coercion, retaliation risk, emergency conditions, unsafe exposure, worsening symptoms, protected information, legal or policy conflict, or pressure to exceed the stated boundary.","Use qualified, local, or emergency support whenever the situation exceeds a voluntary low-stakes developmental practice.","Specialist safety review complete. | Misuse, exclusion, stop, and escalation paths tested in content and UI. | Scoring remains shadow-only until a separate activation decision."
PRACTICE-COMP-0204-TRUTHFULNESS-AND-CANDOR-01,RISK-MODERATE,draft,pending,Relevant specialist or domain-qualified human reviewer before expansion release or score activation.,shadow_only,SP-STRUCTURED-EVIDENCE-ELIGIBLE,true,"Store no diagnoses, allegations, third-party secrets, or unnecessary sensitive narrative; prefer category-level signals.","Using the Truthfulness and candor protocol to rank worth, coerce participation, demand disclosure, override rest or care, certify competence, or justify decisions beyond the recorded context. | Treating a completed Truthfulness and candor action, a polished artifact, agreement, confidence, speed, independence, or output as mastery or universal transfer.","Follow the material, equipment, consent and scope limits in the setup and each action. Use a written message, extra processing time or communication support. A fictional exchange can develop clarity when direct contact would be unsafe.","Pause Truthfulness and candor when capacity, consent, authority, privacy, access, care duties, uncertainty, distress, fatigue, pain, resource scarcity, or changed circumstances make the next action unwise.","Stop the Truthfulness and candor practice for harm, coercion, retaliation risk, emergency conditions, unsafe exposure, worsening symptoms, protected information, legal or policy conflict, or pressure to exceed the stated boundary.","Use qualified, local, or emergency support whenever the situation exceeds a voluntary low-stakes developmental practice.","Specialist safety review complete. | Misuse, exclusion, stop, and escalation paths tested in content and UI. | Scoring remains shadow-only until a separate activation decision."
PRACTICE-COMP-0205-PROMISES-RELIABILITY-AND-ONE-S-WORD-01,RISK-MODERATE,draft,pending,Relevant specialist or domain-qualified human reviewer before expansion release or score activation.,shadow_only,SP-STRUCTURED-EVIDENCE-ELIGIBLE,true,"Store no diagnoses, allegations, third-party secrets, or unnecessary sensitive narrative; prefer category-level signals.","Using the Promises, reliability, and one's word protocol to rank worth, coerce participation, demand disclosure, override rest or care, certify competence, or justify decisions beyond the recorded context. | Treating a completed Promises, reliability, and one's word action, a polished artifact, agreement, confidence, speed, independence, or output as mastery or universal transfer.","Follow the material, equipment, consent and scope limits in the setup and each action. Use an accessible reminder or agreed helper. A fictional commitment can rehearse the tracking process, but only real follow-through demonstrates keeping a promise.","Pause Promises, reliability, and one's word when capacity, consent, authority, privacy, access, care duties, uncertainty, distress, fatigue, pain, resource scarcity, or changed circumstances make the next action unwise.","Stop the Promises, reliability, and one's word practice for harm, coercion, retaliation risk, emergency conditions, unsafe exposure, worsening symptoms, protected information, legal or policy conflict, or pressure to exceed the stated boundary.","Use qualified, local, or emergency support whenever the situation exceeds a voluntary low-stakes developmental practice.","Specialist safety review complete. | Misuse, exclusion, stop, and escalation paths tested in content and UI. | Scoring remains shadow-only until a separate activation decision."
PRACTICE-COMP-0206-JUSTICE-FAIRNESS-AND-EQUAL-DIGNITY-01,RISK-MODERATE,draft,pending,Relevant specialist or domain-qualified human reviewer before expansion release or score activation.,shadow_only,SP-STRUCTURED-EVIDENCE-ELIGIBLE,true,"Store no diagnoses, allegations, third-party secrets, or unnecessary sensitive narrative; prefer category-level signals.","Using the Justice, fairness, and equal dignity protocol to rank worth, coerce participation, demand disclosure, override rest or care, certify competence, or justify decisions beyond the recorded context. | Treating a completed Justice, fairness, and equal dignity action, a polished artifact, agreement, confidence, speed, independence, or output as mastery or universal transfer.","Follow the material, equipment, consent and scope limits in the setup and each action. Use tokens, spoken choices or a simple table. The case can remain fictional; do not collect sensitive characteristics to prove fairness.","Pause Justice, fairness, and equal dignity when capacity, consent, authority, privacy, access, care duties, uncertainty, distress, fatigue, pain, resource scarcity, or changed circumstances make the next action unwise.","Stop the Justice, fairness, and equal dignity practice for harm, coercion, retaliation risk, emergency conditions, unsafe exposure, worsening symptoms, protected information, legal or policy conflict, or pressure to exceed the stated boundary.","Use qualified, local, or emergency support whenever the situation exceeds a voluntary low-stakes developmental practice.","Specialist safety review complete. | Misuse, exclusion, stop, and escalation paths tested in content and UI. | Scoring remains shadow-only until a separate activation decision."
PRACTICE-COMP-0207-MORAL-COURAGE-01,RISK-MODERATE,draft,pending,Relevant specialist or domain-qualified human reviewer before expansion release or score activation.,shadow_only,SP-STRUCTURED-EVIDENCE-ELIGIBLE,true,"Store no diagnoses, allegations, third-party secrets, or unnecessary sensitive narrative; prefer category-level signals.","Using the Moral courage protocol to rank worth, coerce participation, demand disclosure, override rest or care, certify competence, or justify decisions beyond the recorded context. | Treating a completed Moral courage action, a polished artifact, agreement, confidence, speed, independence, or output as mastery or universal transfer.","Follow the material, equipment, consent and scope limits in the setup and each action. Use writing, an agreed advocate or a fictional rehearsal. Declining unsafe confrontation is compatible with moral seriousness.","Pause Moral courage when capacity, consent, authority, privacy, access, care duties, uncertainty, distress, fatigue, pain, resource scarcity, or changed circumstances make the next action unwise.","Stop the Moral courage practice for harm, coercion, retaliation risk, emergency conditions, unsafe exposure, worsening symptoms, protected information, legal or policy conflict, or pressure to exceed the stated boundary.","Use qualified, local, or emergency support whenever the situation exceeds a voluntary low-stakes developmental practice.","Specialist safety review complete. | Misuse, exclusion, stop, and escalation paths tested in content and UI. | Scoring remains shadow-only until a separate activation decision."
PRACTICE-COMP-0208-TEMPERANCE-AND-MODERATION-01,RISK-MODERATE,draft,pending,Relevant specialist or domain-qualified human reviewer before expansion release or score activation.,shadow_only,SP-STRUCTURED-EVIDENCE-ELIGIBLE,true,"Store no diagnoses, allegations, third-party secrets, or unnecessary sensitive narrative; prefer category-level signals.","Using the Temperance and moderation protocol to rank worth, coerce participation, demand disclosure, override rest or care, certify competence, or justify decisions beyond the recorded context. | Treating a completed Temperance and moderation action, a polished artifact, agreement, confidence, speed, independence, or output as mastery or universal transfer.","Follow the material, equipment, consent and scope limits in the setup and each action. Use a natural activity boundary instead of a timer when timing creates stress. Restful or supported leisure is as eligible as an active hobby.","Pause Temperance and moderation when capacity, consent, authority, privacy, access, care duties, uncertainty, distress, fatigue, pain, resource scarcity, or changed circumstances make the next action unwise.","Stop the Temperance and moderation practice for harm, coercion, retaliation risk, emergency conditions, unsafe exposure, worsening symptoms, protected information, legal or policy conflict, or pressure to exceed the stated boundary.","Use qualified, local, or emergency support whenever the situation exceeds a voluntary low-stakes developmental practice.","Specialist safety review complete. | Misuse, exclusion, stop, and escalation paths tested in content and UI. | Scoring remains shadow-only until a separate activation decision."
PRACTICE-COMP-0209-COMPASSION-MERCY-AND-FORGIVENESS-01,RISK-MODERATE,draft,pending,Relevant specialist or domain-qualified human reviewer before expansion release or score activation.,shadow_only,SP-STRUCTURED-EVIDENCE-ELIGIBLE,true,"Store no diagnoses, allegations, third-party secrets, or unnecessary sensitive narrative; prefer category-level signals.","Using the Compassion, mercy, and forgiveness protocol to rank worth, coerce participation, demand disclosure, override rest or care, certify competence, or justify decisions beyond the recorded context. | Treating a completed Compassion, mercy, and forgiveness action, a polished artifact, agreement, confidence, speed, independence, or output as mastery or universal transfer.","Follow the material, equipment, consent and scope limits in the setup and each action. Use the fictional book case or a symbolic drawing. No contact, disclosure, absolution or restored relationship is required.","Pause Compassion, mercy, and forgiveness when capacity, consent, authority, privacy, access, care duties, uncertainty, distress, fatigue, pain, resource scarcity, or changed circumstances make the next action unwise.","Stop the Compassion, mercy, and forgiveness practice for harm, coercion, retaliation risk, emergency conditions, unsafe exposure, worsening symptoms, protected information, legal or policy conflict, or pressure to exceed the stated boundary.","Use qualified, local, or emergency support whenever the situation exceeds a voluntary low-stakes developmental practice.","Specialist safety review complete. | Misuse, exclusion, stop, and escalation paths tested in content and UI. | Scoring remains shadow-only until a separate activation decision."
PRACTICE-COMP-0210-LOYALTY-AND-PRINCIPLED-DISSENT-01,RISK-MODERATE,draft,pending,Relevant specialist or domain-qualified human reviewer before expansion release or score activation.,shadow_only,SP-STRUCTURED-EVIDENCE-ELIGIBLE,true,"Store no diagnoses, allegations, third-party secrets, or unnecessary sensitive narrative; prefer category-level signals.","Using the Loyalty and principled dissent protocol to rank worth, coerce participation, demand disclosure, override rest or care, certify competence, or justify decisions beyond the recorded context. | Treating a completed Loyalty and principled dissent action, a polished artifact, agreement, confidence, speed, independence, or output as mastery or universal transfer.","Follow the material, equipment, consent and scope limits in the setup and each action. Use a written hypothetical response. Real dissent should account for safety and power; the exercise does not require exposing wrongdoing publicly.","Pause Loyalty and principled dissent when capacity, consent, authority, privacy, access, care duties, uncertainty, distress, fatigue, pain, resource scarcity, or changed circumstances make the next action unwise.","Stop the Loyalty and principled dissent practice for harm, coercion, retaliation risk, emergency conditions, unsafe exposure, worsening symptoms, protected information, legal or policy conflict, or pressure to exceed the stated boundary.","Use qualified, local, or emergency support whenever the situation exceeds a voluntary low-stakes developmental practice.","Specialist safety review complete. | Misuse, exclusion, stop, and escalation paths tested in content and UI. | Scoring remains shadow-only until a separate activation decision."
PRACTICE-COMP-0211-RESPONSIBILITY-APOLOGY-AND-RESTITUTION-01,RISK-MODERATE,draft,pending,Relevant specialist or domain-qualified human reviewer before expansion release or score activation.,shadow_only,SP-STRUCTURED-EVIDENCE-ELIGIBLE,true,"Store no diagnoses, allegations, third-party secrets, or unnecessary sensitive narrative; prefer category-level signals.","Using the Responsibility, apology, and restitution protocol to rank worth, coerce participation, demand disclosure, override rest or care, certify competence, or justify decisions beyond the recorded context. | Treating a completed Responsibility, apology, and restitution action, a polished artifact, agreement, confidence, speed, independence, or output as mastery or universal transfer.","Follow the material, equipment, consent and scope limits in the setup and each action. Use written communication, an agreed intermediary or a clearly labeled rehearsal. Respect a request for no further contact.","Pause Responsibility, apology, and restitution when capacity, consent, authority, privacy, access, care duties, uncertainty, distress, fatigue, pain, resource scarcity, or changed circumstances make the next action unwise.","Stop the Responsibility, apology, and restitution practice for harm, coercion, retaliation risk, emergency conditions, unsafe exposure, worsening symptoms, protected information, legal or policy conflict, or pressure to exceed the stated boundary.","Use qualified, local, or emergency support whenever the situation exceeds a voluntary low-stakes developmental practice.","Specialist safety review complete. | Misuse, exclusion, stop, and escalation paths tested in content and UI. | Scoring remains shadow-only until a separate activation decision."
PRACTICE-COMP-0212-INTEGRITY-ACROSS-CONTEXTS-01,RISK-MODERATE,draft,pending,Relevant specialist or domain-qualified human reviewer before expansion release or score activation.,shadow_only,SP-STRUCTURED-EVIDENCE-ELIGIBLE,true,"Store no diagnoses, allegations, third-party secrets, or unnecessary sensitive narrative; prefer category-level signals.","Using the Integrity across contexts protocol to rank worth, coerce participation, demand disclosure, override rest or care, certify competence, or justify decisions beyond the recorded context. | Treating a completed Integrity across contexts action, a polished artifact, agreement, confidence, speed, independence, or output as mastery or universal transfer.","Follow the material, equipment, consent and scope limits in the setup and each action. Use a private example, an audio comparison or a fictional document. Confidentiality can justify different public wording while the underlying principle remains consistent.","Pause Integrity across contexts when capacity, consent, authority, privacy, access, care duties, uncertainty, distress, fatigue, pain, resource scarcity, or changed circumstances make the next action unwise.","Stop the Integrity across contexts practice for harm, coercion, retaliation risk, emergency conditions, unsafe exposure, worsening symptoms, protected information, legal or policy conflict, or pressure to exceed the stated boundary.","Use qualified, local, or emergency support whenever the situation exceeds a voluntary low-stakes developmental practice.","Specialist safety review complete. | Misuse, exclusion, stop, and escalation paths tested in content and UI. | Scoring remains shadow-only until a separate activation decision."
PRACTICE-COMP-0213-MORAL-LUCK-COMPLICITY-AND-DIRTY-HANDS-01,RISK-MODERATE,draft,pending,Relevant specialist or domain-qualified human reviewer before expansion release or score activation.,shadow_only,SP-STRUCTURED-EVIDENCE-ELIGIBLE,true,"Store no diagnoses, allegations, third-party secrets, or unnecessary sensitive narrative; prefer category-level signals.","Using the Moral luck, complicity, and dirty hands protocol to rank worth, coerce participation, demand disclosure, override rest or care, certify competence, or justify decisions beyond the recorded context. | Treating a completed Moral luck, complicity, and dirty hands action, a polished artifact, agreement, confidence, speed, independence, or output as mastery or universal transfer.","Follow the material, equipment, consent and scope limits in the setup and each action. Use a diagram, tokens or spoken roles. Stay with the fictional equipment case rather than reenacting a morally distressing event.","Pause Moral luck, complicity, and dirty hands when capacity, consent, authority, privacy, access, care duties, uncertainty, distress, fatigue, pain, resource scarcity, or changed circumstances make the next action unwise.","Stop the Moral luck, complicity, and dirty hands practice for harm, coercion, retaliation risk, emergency conditions, unsafe exposure, worsening symptoms, protected information, legal or policy conflict, or pressure to exceed the stated boundary.","Use qualified, local, or emergency support whenever the situation exceeds a voluntary low-stakes developmental practice.","Specialist safety review complete. | Misuse, exclusion, stop, and escalation paths tested in content and UI. | Scoring remains shadow-only until a separate activation decision."
PRACTICE-COMP-0214-CONSCIENCE-CONSCIENTIOUS-OBJECTION-AND-CIVIL-DISOBEDIENCE-01,RISK-HIGH,draft,pending_specialist_expansion_review,Licensed or otherwise appropriately qualified specialist for the jurisdiction and topic.,qualified_only,SP-STRUCTURED-EVIDENCE-ELIGIBLE,true,"Do not collect or retain sensitive case detail unless separately justified, consented, secured, and reviewed.","Using the Conscience, conscientious objection, and civil disobedience protocol to rank worth, coerce participation, demand disclosure, override rest or care, certify competence, or justify decisions beyond the recorded context. | Treating a completed Conscience, conscientious objection, and civil disobedience action, a polished artifact, agreement, confidence, speed, independence, or output as mastery or universal transfer.","Follow the material, equipment, consent and scope limits in the setup and each action. Use the fictional case or a written statement. People dependent on a group may need a safer route or an advocate; direct confrontation is not a completion requirement.","Pause Conscience, conscientious objection, and civil disobedience when capacity, consent, authority, privacy, access, care duties, uncertainty, distress, fatigue, pain, resource scarcity, or changed circumstances make the next action unwise.","Stop the Conscience, conscientious objection, and civil disobedience practice for harm, coercion, retaliation risk, emergency conditions, unsafe exposure, worsening symptoms, protected information, legal or policy conflict, or pressure to exceed the stated boundary.","Use qualified, local, or emergency support whenever the situation exceeds a voluntary low-stakes developmental practice.","Qualified specialist approval recorded. | Jurisdictional, emergency, and vulnerable-person boundaries reviewed. | No unverified hotline, diagnosis, treatment, confrontation, or coercive exposure. | Evidence is qualified-only or non-scored unless separately approved."
PRACTICE-COMP-0215-ETHICS-OF-CARE-AND-DEPENDENCY-01,RISK-MODERATE,draft,pending,Relevant specialist or domain-qualified human reviewer before expansion release or score activation.,shadow_only,SP-STRUCTURED-EVIDENCE-ELIGIBLE,true,"Store no diagnoses, allegations, third-party secrets, or unnecessary sensitive narrative; prefer category-level signals.","Using the Ethics of care and dependency protocol to rank worth, coerce participation, demand disclosure, override rest or care, certify competence, or justify decisions beyond the recorded context. | Treating a completed Ethics of care and dependency action, a polished artifact, agreement, confidence, speed, independence, or output as mastery or universal transfer.","Follow the material, equipment, consent and scope limits in the setup and each action. Use an accessible task map, agreed advocate or fictional care arrangement. Receiving care and communicating preferences are legitimate contributions; assistance is not a deficit.","Pause Ethics of care and dependency when capacity, consent, authority, privacy, access, care duties, uncertainty, distress, fatigue, pain, resource scarcity, or changed circumstances make the next action unwise.","Stop the Ethics of care and dependency practice for harm, coercion, retaliation risk, emergency conditions, unsafe exposure, worsening symptoms, protected information, legal or policy conflict, or pressure to exceed the stated boundary.","Use qualified, local, or emergency support whenever the situation exceeds a voluntary low-stakes developmental practice.","Specialist safety review complete. | Misuse, exclusion, stop, and escalation paths tested in content and UI. | Scoring remains shadow-only until a separate activation decision."
PRACTICE-COMP-0301-METAPHYSICAL-AND-SPIRITUAL-INQUIRY-01,RISK-LOW,draft,pending,Trained content reviewer; specialist review when the actual topic introduces a moderate or high-risk context.,active_if_separately_approved,SP-STRUCTURED-EVIDENCE-ELIGIBLE,true,Collect only the minimum private context needed to run the practice; do not request identifying details about other people.,"Using the Metaphysical and spiritual inquiry protocol to rank worth, coerce participation, demand disclosure, override rest or care, certify competence, or justify decisions beyond the recorded context. | Treating a completed Metaphysical and spiritual inquiry action, a polished artifact, agreement, confidence, speed, independence, or output as mastery or universal transfer.","Follow the material, equipment, consent and scope limits in the setup and each action. Use the supplied coincidence instead of personal religious experiences. Definitions can be read aloud; a drawing can separate observation from explanation. A chosen faith commitment and principled nonbelief are both possible outcomes. Leave questions open or use N/A if this pathway is consciously unchosen.","Pause Metaphysical and spiritual inquiry when capacity, consent, authority, privacy, access, care duties, uncertainty, distress, fatigue, pain, resource scarcity, or changed circumstances make the next action unwise.","Stop the Metaphysical and spiritual inquiry practice for harm, coercion, retaliation risk, emergency conditions, unsafe exposure, worsening symptoms, protected information, legal or policy conflict, or pressure to exceed the stated boundary.","Use qualified, local, or emergency support whenever the situation exceeds a voluntary low-stakes developmental practice.","Content, accessibility, privacy, and safety review complete. | Evidence and scoring contracts independently approved before score activation."
PRACTICE-COMP-0302-SERIOUS-STUDY-OF-A-WISDOM-TRADITION-01,RISK-LOW,draft,pending,Trained content reviewer; specialist review when the actual topic introduces a moderate or high-risk context.,active_if_separately_approved,SP-STRUCTURED-EVIDENCE-ELIGIBLE,true,Collect only the minimum private context needed to run the practice; do not request identifying details about other people.,"Using the Serious study of a wisdom tradition protocol to rank worth, coerce participation, demand disclosure, override rest or care, certify competence, or justify decisions beyond the recorded context. | Treating a completed Serious study of a wisdom tradition action, a polished artifact, agreement, confidence, speed, independence, or output as mastery or universal transfer.","Follow the material, equipment, consent and scope limits in the setup and each action. Use text to speech or divide the named sections into short readings. If source access fails, use the included summaries only for orientation and leave primary-text and community-study checks unmarked until the sources are available; do not invent a substitute quotation. No visit, membership, donation or assent is needed.","Pause Serious study of a wisdom tradition when capacity, consent, authority, privacy, access, care duties, uncertainty, distress, fatigue, pain, resource scarcity, or changed circumstances make the next action unwise.","Stop the Serious study of a wisdom tradition practice for harm, coercion, retaliation risk, emergency conditions, unsafe exposure, worsening symptoms, protected information, legal or policy conflict, or pressure to exceed the stated boundary.","Use qualified, local, or emergency support whenever the situation exceeds a voluntary low-stakes developmental practice.","Content, accessibility, privacy, and safety review complete. | Evidence and scoring contracts independently approved before score activation."
PRACTICE-COMP-0303-CONTEMPLATION-PRAYER-AND-SILENCE-01,RISK-LOW,draft,pending,Trained content reviewer; specialist review when the actual topic introduces a moderate or high-risk context.,active_if_separately_approved,SP-STRUCTURED-EVIDENCE-ELIGIBLE,true,Collect only the minimum private context needed to run the practice; do not request identifying details about other people.,"Using the Contemplation, prayer, and silence protocol to rank worth, coerce participation, demand disclosure, override rest or care, certify competence, or justify decisions beyond the recorded context. | Treating a completed Contemplation, prayer, and silence action, a polished artifact, agreement, confidence, speed, independence, or output as mastery or universal transfer.","Follow the material, equipment, consent and scope limits in the setup and each action. Attend to touch, sound or an ordinary task using a comfortable posture; keep eyes open if preferred. Use a familiar prayer only by choice. No fasting, sleep deprivation, breath manipulation, isolation or altered-state induction belongs to this exercise. Stop an upsetting practice and seek suitable support if distress persists.","Pause Contemplation, prayer, and silence when capacity, consent, authority, privacy, access, care duties, uncertainty, distress, fatigue, pain, resource scarcity, or changed circumstances make the next action unwise.","Stop the Contemplation, prayer, and silence practice for harm, coercion, retaliation risk, emergency conditions, unsafe exposure, worsening symptoms, protected information, legal or policy conflict, or pressure to exceed the stated boundary.","Use qualified, local, or emergency support whenever the situation exceeds a voluntary low-stakes developmental practice.","Content, accessibility, privacy, and safety review complete. | Evidence and scoring contracts independently approved before score activation."
PRACTICE-COMP-0304-REVERENCE-AND-THE-SACRED-01,RISK-LOW,draft,pending,Trained content reviewer; specialist review when the actual topic introduces a moderate or high-risk context.,active_if_separately_approved,SP-STRUCTURED-EVIDENCE-ELIGIBLE,true,Collect only the minimum private context needed to run the practice; do not request identifying details about other people.,"Using the Reverence and the sacred protocol to rank worth, coerce participation, demand disclosure, override rest or care, certify competence, or justify decisions beyond the recorded context. | Treating a completed Reverence and the sacred action, a polished artifact, agreement, confidence, speed, independence, or output as mastery or universal transfer.","Follow the material, equipment, consent and scope limits in the setup and each action. Use familiar music, a described object, a tactile item you own or an accessible view. No contact with sacred objects, restricted practices, wildlife or unwilling people is required. If nothing feels reverent, honest attention can be observed without claiming awe; this pathway may also be unchosen.","Pause Reverence and the sacred when capacity, consent, authority, privacy, access, care duties, uncertainty, distress, fatigue, pain, resource scarcity, or changed circumstances make the next action unwise.","Stop the Reverence and the sacred practice for harm, coercion, retaliation risk, emergency conditions, unsafe exposure, worsening symptoms, protected information, legal or policy conflict, or pressure to exceed the stated boundary.","Use qualified, local, or emergency support whenever the situation exceeds a voluntary low-stakes developmental practice.","Content, accessibility, privacy, and safety review complete. | Evidence and scoring contracts independently approved before score activation."
PRACTICE-COMP-0305-GRATITUDE-AND-RECEIVED-LIFE-01,RISK-LOW,draft,pending,Trained content reviewer; specialist review when the actual topic introduces a moderate or high-risk context.,active_if_separately_approved,SP-STRUCTURED-EVIDENCE-ELIGIBLE,true,Collect only the minimum private context needed to run the practice; do not request identifying details about other people.,"Using the Gratitude and received life protocol to rank worth, coerce participation, demand disclosure, override rest or care, certify competence, or justify decisions beyond the recorded context. | Treating a completed Gratitude and received life action, a polished artifact, agreement, confidence, speed, independence, or output as mastery or universal transfer.","Follow the material, equipment, consent and scope limits in the setup and each action. Use spoken recollection or a simple object instead of writing. Choose an impersonal public good or a safe historical contribution when direct relationships are difficult. A private acknowledgment can replace contact; do not give money or labor you cannot reasonably spare.","Pause Gratitude and received life when capacity, consent, authority, privacy, access, care duties, uncertainty, distress, fatigue, pain, resource scarcity, or changed circumstances make the next action unwise.","Stop the Gratitude and received life practice for harm, coercion, retaliation risk, emergency conditions, unsafe exposure, worsening symptoms, protected information, legal or policy conflict, or pressure to exceed the stated boundary.","Use qualified, local, or emergency support whenever the situation exceeds a voluntary low-stakes developmental practice.","Content, accessibility, privacy, and safety review complete. | Evidence and scoring contracts independently approved before score activation."
PRACTICE-COMP-0306-SURRENDER-AND-LIMITS-OF-CONTROL-01,RISK-LOW,draft,pending,Trained content reviewer; specialist review when the actual topic introduces a moderate or high-risk context.,active_if_separately_approved,SP-STRUCTURED-EVIDENCE-ELIGIBLE,true,Collect only the minimum private context needed to run the practice; do not request identifying details about other people.,"Using the Surrender and limits of control protocol to rank worth, coerce participation, demand disclosure, override rest or care, certify competence, or justify decisions beyond the recorded context. | Treating a completed Surrender and limits of control action, a polished artifact, agreement, confidence, speed, independence, or output as mastery or universal transfer.","Follow the material, equipment, consent and scope limits in the setup and each action. Use a solo weather-dependent plan or the fictional invitation for analysis when no suitable live uncertainty exists. Fictional planning does not demonstrate release during a real wait. Prayer or secular language may frame acceptance; neither replaces necessary care, advocacy or professional support.","Pause Surrender and limits of control when capacity, consent, authority, privacy, access, care duties, uncertainty, distress, fatigue, pain, resource scarcity, or changed circumstances make the next action unwise.","Stop the Surrender and limits of control practice for harm, coercion, retaliation risk, emergency conditions, unsafe exposure, worsening symptoms, protected information, legal or policy conflict, or pressure to exceed the stated boundary.","Use qualified, local, or emergency support whenever the situation exceeds a voluntary low-stakes developmental practice.","Content, accessibility, privacy, and safety review complete. | Evidence and scoring contracts independently approved before score activation."
PRACTICE-COMP-0307-RELIGIOUS-AND-SPIRITUAL-COMMUNITY-01,RISK-HIGH,draft,pending_specialist_expansion_review,Licensed or otherwise appropriately qualified specialist for the jurisdiction and topic.,qualified_only,SP-STRUCTURED-EVIDENCE-ELIGIBLE,true,"Do not collect or retain sensitive case detail unless separately justified, consented, secured, and reviewed.","Using the Religious and spiritual community protocol to rank worth, coerce participation, demand disclosure, override rest or care, certify competence, or justify decisions beyond the recorded context. | Treating a completed Religious and spiritual community action, a polished artifact, agreement, confidence, speed, independence, or output as mastery or universal transfer.","Follow the material, equipment, consent and scope limits in the setup and each action. A suitable online group may offer a small accessible task. If no safe community is available, use a fictional open reading circle to prepare questions and boundaries; leave live contribution and participation checks unmarked. No travel, donation, doctrinal assent, private interview or contact with an unsafe group is required.","Pause Religious and spiritual community when capacity, consent, authority, privacy, access, care duties, uncertainty, distress, fatigue, pain, resource scarcity, or changed circumstances make the next action unwise.","Stop the Religious and spiritual community practice for harm, coercion, retaliation risk, emergency conditions, unsafe exposure, worsening symptoms, protected information, legal or policy conflict, or pressure to exceed the stated boundary.","Use qualified, local, or emergency support whenever the situation exceeds a voluntary low-stakes developmental practice.","Qualified specialist approval recorded. | Jurisdictional, emergency, and vulnerable-person boundaries reviewed. | No unverified hotline, diagnosis, treatment, confrontation, or coercive exposure. | Evidence is qualified-only or non-scored unless separately approved."
PRACTICE-COMP-0308-VOCATION-AND-SERVICE-BEYOND-SELF-01,RISK-LOW,draft,pending,Trained content reviewer; specialist review when the actual topic introduces a moderate or high-risk context.,active_if_separately_approved,SP-STRUCTURED-EVIDENCE-ELIGIBLE,true,Collect only the minimum private context needed to run the practice; do not request identifying details about other people.,"Using the Vocation and service beyond self protocol to rank worth, coerce participation, demand disclosure, override rest or care, certify competence, or justify decisions beyond the recorded context. | Treating a completed Vocation and service beyond self action, a polished artifact, agreement, confidence, speed, independence, or output as mastery or universal transfer.","Follow the material, equipment, consent and scope limits in the setup and each action. Offer spoken or large-print instructions, a simple diagram or another requested accessible format. Use a familiar safe item and the authority you actually have. No money, unpaid professional work, recruitment, public credit or irreversible life commitment is required. A private future-use guide does not count as observed benefit to a community.","Pause Vocation and service beyond self when capacity, consent, authority, privacy, access, care duties, uncertainty, distress, fatigue, pain, resource scarcity, or changed circumstances make the next action unwise.","Stop the Vocation and service beyond self practice for harm, coercion, retaliation risk, emergency conditions, unsafe exposure, worsening symptoms, protected information, legal or policy conflict, or pressure to exceed the stated boundary.","Use qualified, local, or emergency support whenever the situation exceeds a voluntary low-stakes developmental practice.","Content, accessibility, privacy, and safety review complete. | Evidence and scoring contracts independently approved before score activation."
PRACTICE-COMP-0309-RITUAL-REMEMBRANCE-AND-SACRED-TIME-01,RISK-HIGH,draft,pending_specialist_expansion_review,Licensed or otherwise appropriately qualified specialist for the jurisdiction and topic.,qualified_only,SP-STRUCTURED-EVIDENCE-ELIGIBLE,true,"Do not collect or retain sensitive case detail unless separately justified, consented, secured, and reviewed.","Using the Ritual, remembrance, and sacred time protocol to rank worth, coerce participation, demand disclosure, override rest or care, certify competence, or justify decisions beyond the recorded context. | Treating a completed Ritual, remembrance, and sacred time action, a polished artifact, agreement, confidence, speed, independence, or output as mastery or universal transfer.","Follow the material, equipment, consent and scope limits in the setup and each action. Use a tactile cue, a brief written line or a silent accessible pause. For grief or repentance, choose a manageable event or defer; no forced disclosure, forgiveness or reenactment belongs here. A familiar religious ritual may be used within its community's rules and your conscience.","Pause Ritual, remembrance, and sacred time when capacity, consent, authority, privacy, access, care duties, uncertainty, distress, fatigue, pain, resource scarcity, or changed circumstances make the next action unwise.","Stop the Ritual, remembrance, and sacred time practice for harm, coercion, retaliation risk, emergency conditions, unsafe exposure, worsening symptoms, protected information, legal or policy conflict, or pressure to exceed the stated boundary.","Use qualified, local, or emergency support whenever the situation exceeds a voluntary low-stakes developmental practice.","Qualified specialist approval recorded. | Jurisdictional, emergency, and vulnerable-person boundaries reviewed. | No unverified hotline, diagnosis, treatment, confrontation, or coercive exposure. | Evidence is qualified-only or non-scored unless separately approved."
PRACTICE-COMP-0310-COMMUNAL-WORSHIP-LITURGY-AND-SHARED-SACRED-PRACTICE-01,RISK-LOW,draft,pending,Trained content reviewer; specialist review when the actual topic introduces a moderate or high-risk context.,active_if_separately_approved,SP-STRUCTURED-EVIDENCE-ELIGIBLE,true,Collect only the minimum private context needed to run the practice; do not request identifying details about other people.,"Using the Communal worship, liturgy, and shared sacred practice protocol to rank worth, coerce participation, demand disclosure, override rest or care, certify competence, or justify decisions beyond the recorded context. | Treating a completed Communal worship, liturgy, and shared sacred practice action, a polished artifact, agreement, confidence, speed, independence, or output as mastery or universal transfer.","Follow the material, equipment, consent and scope limits in the setup and each action. Use an accessible online gathering if participation and privacy expectations are clear. The consented ten-minute fallback needs no travel, money, sacred language or disclosure of recent loss. With no willing companion or suitable group, prepare the map but leave communal participation untested; observing a recording is not a live shared occasion.","Pause Communal worship, liturgy, and shared sacred practice when capacity, consent, authority, privacy, access, care duties, uncertainty, distress, fatigue, pain, resource scarcity, or changed circumstances make the next action unwise.","Stop the Communal worship, liturgy, and shared sacred practice practice for harm, coercion, retaliation risk, emergency conditions, unsafe exposure, worsening symptoms, protected information, legal or policy conflict, or pressure to exceed the stated boundary.","Use qualified, local, or emergency support whenever the situation exceeds a voluntary low-stakes developmental practice.","Content, accessibility, privacy, and safety review complete. | Evidence and scoring contracts independently approved before score activation."
PRACTICE-COMP-0311-AUTHORITY-TRADITION-CONSCIENCE-AND-REFORM-01,RISK-HIGH,draft,pending_specialist_expansion_review,Licensed or otherwise appropriately qualified specialist for the jurisdiction and topic.,qualified_only,SP-STRUCTURED-EVIDENCE-ELIGIBLE,true,"Do not collect or retain sensitive case detail unless separately justified, consented, secured, and reviewed.","Using the Authority, tradition, conscience, and reform protocol to rank worth, coerce participation, demand disclosure, override rest or care, certify competence, or justify decisions beyond the recorded context. | Treating a completed Authority, tradition, conscience, and reform action, a polished artifact, agreement, confidence, speed, independence, or output as mastery or universal transfer.","Follow the material, equipment, consent and scope limits in the setup and each action. Use spoken reasoning, six labeled objects or the supplied case without personal disclosure. In an actual coercive or abusive setting, do not use this exercise to investigate, negotiate safety or confront an authority; use independent support appropriate to the circumstances. No complaint, confession or change of belief is required.","Pause Authority, tradition, conscience, and reform when capacity, consent, authority, privacy, access, care duties, uncertainty, distress, fatigue, pain, resource scarcity, or changed circumstances make the next action unwise.","Stop the Authority, tradition, conscience, and reform practice for harm, coercion, retaliation risk, emergency conditions, unsafe exposure, worsening symptoms, protected information, legal or policy conflict, or pressure to exceed the stated boundary.","Use qualified, local, or emergency support whenever the situation exceeds a voluntary low-stakes developmental practice.","Qualified specialist approval recorded. | Jurisdictional, emergency, and vulnerable-person boundaries reviewed. | No unverified hotline, diagnosis, treatment, confrontation, or coercive exposure. | Evidence is qualified-only or non-scored unless separately approved."
PRACTICE-COMP-0312-RELIGIOUS-PLURALISM-AND-INTERFAITH-HUMILITY-01,RISK-LOW,draft,pending,Trained content reviewer; specialist review when the actual topic introduces a moderate or high-risk context.,active_if_separately_approved,SP-STRUCTURED-EVIDENCE-ELIGIBLE,true,Collect only the minimum private context needed to run the practice; do not request identifying details about other people.,"Using the Religious pluralism and interfaith humility protocol to rank worth, coerce participation, demand disclosure, override rest or care, certify competence, or justify decisions beyond the recorded context. | Treating a completed Religious pluralism and interfaith humility action, a polished artifact, agreement, confidence, speed, independence, or output as mastery or universal transfer.","Follow the material, equipment, consent and scope limits in the setup and each action. Read the sources with text to speech or use an accurate accessible edition. If access is missing, the supplied summaries support rehearsal only; source-accuracy checks remain unverified. No debate, religious disclosure, interfaith event or contact with an unwilling person is required. Unchosen participation is N/A, not deficient tolerance.","Pause Religious pluralism and interfaith humility when capacity, consent, authority, privacy, access, care duties, uncertainty, distress, fatigue, pain, resource scarcity, or changed circumstances make the next action unwise.","Stop the Religious pluralism and interfaith humility practice for harm, coercion, retaliation risk, emergency conditions, unsafe exposure, worsening symptoms, protected information, legal or policy conflict, or pressure to exceed the stated boundary.","Use qualified, local, or emergency support whenever the situation exceeds a voluntary low-stakes developmental practice.","Content, accessibility, privacy, and safety review complete. | Evidence and scoring contracts independently approved before score activation."
PRACTICE-COMP-0313-MYSTICAL-ECSTATIC-AND-PEAK-EXPERIENCE-01,RISK-LOW,draft,pending,Trained content reviewer; specialist review when the actual topic introduces a moderate or high-risk context.,active_if_separately_approved,SP-STRUCTURED-EVIDENCE-ELIGIBLE,true,Collect only the minimum private context needed to run the practice; do not request identifying details about other people.,"Using the Mystical, ecstatic, and peak experience protocol to rank worth, coerce participation, demand disclosure, override rest or care, certify competence, or justify decisions beyond the recorded context. | Treating a completed Mystical, ecstatic, and peak experience action, a polished artifact, agreement, confidence, speed, independence, or output as mastery or universal transfer.","Follow the material, equipment, consent and scope limits in the setup and each action. Use the fictional case, spoken notes or a simple three-column diagram. Do not re-enter an upsetting state to obtain evidence. If an experience is frightening, disrupts ordinary functioning or seems to demand dangerous action, stop this educational exercise and seek suitable professional support; immediate danger needs urgent local help.","Pause Mystical, ecstatic, and peak experience when capacity, consent, authority, privacy, access, care duties, uncertainty, distress, fatigue, pain, resource scarcity, or changed circumstances make the next action unwise.","Stop the Mystical, ecstatic, and peak experience practice for harm, coercion, retaliation risk, emergency conditions, unsafe exposure, worsening symptoms, protected information, legal or policy conflict, or pressure to exceed the stated boundary.","Use qualified, local, or emergency support whenever the situation exceeds a voluntary low-stakes developmental practice.","Content, accessibility, privacy, and safety review complete. | Evidence and scoring contracts independently approved before score activation."
PRACTICE-COMP-0401-SUFFERING-EVIL-AND-LAMENT-01,RISK-MODERATE,draft,pending,Relevant specialist or domain-qualified human reviewer before expansion release or score activation.,shadow_only,SP-STRUCTURED-EVIDENCE-ELIGIBLE,true,"Store no diagnoses, allegations, third-party secrets, or unnecessary sensitive narrative; prefer category-level signals.","Using the Suffering, evil, and lament protocol to rank worth, coerce participation, demand disclosure, override rest or care, certify competence, or justify decisions beyond the recorded context. | Treating a completed Suffering, evil, and lament action, a polished artifact, agreement, confidence, speed, independence, or output as mastery or universal transfer.","Follow the material, equipment, consent and scope limits in the setup and each action. Use a drawing, a few words or the fictional case. No public lament, theological agreement, painful disclosure or positive feeling is required. Stop if the topic becomes overwhelming; use support suited to your needs rather than pushing through for completion.","Pause Suffering, evil, and lament when capacity, consent, authority, privacy, access, care duties, uncertainty, distress, fatigue, pain, resource scarcity, or changed circumstances make the next action unwise.","Stop the Suffering, evil, and lament practice for harm, coercion, retaliation risk, emergency conditions, unsafe exposure, worsening symptoms, protected information, legal or policy conflict, or pressure to exceed the stated boundary.","Use qualified, local, or emergency support whenever the situation exceeds a voluntary low-stakes developmental practice.","Specialist safety review complete. | Misuse, exclusion, stop, and escalation paths tested in content and UI. | Scoring remains shadow-only until a separate activation decision."
PRACTICE-COMP-0402-MORTALITY-AND-IMPERMANENCE-01,RISK-HIGH,draft,pending_specialist_expansion_review,Licensed or otherwise appropriately qualified specialist for the jurisdiction and topic.,qualified_only,SP-STRUCTURED-EVIDENCE-ELIGIBLE,true,"Do not collect or retain sensitive case detail unless separately justified, consented, secured, and reviewed.","Using the Mortality and impermanence protocol to rank worth, coerce participation, demand disclosure, override rest or care, certify competence, or justify decisions beyond the recorded context. | Treating a completed Mortality and impermanence action, a polished artifact, agreement, confidence, speed, independence, or output as mastery or universal transfer.","Follow the material, equipment, consent and scope limits in the setup and each action. Use a neutral object, a supplied fictional example or spoken reflection. Rest may be the right priority. No bucket list, major purchase, medical forecast, farewell conversation or forced reconciliation is required. Defer if mortality reflection is destabilizing.","Pause Mortality and impermanence when capacity, consent, authority, privacy, access, care duties, uncertainty, distress, fatigue, pain, resource scarcity, or changed circumstances make the next action unwise.","Stop the Mortality and impermanence practice for harm, coercion, retaliation risk, emergency conditions, unsafe exposure, worsening symptoms, protected information, legal or policy conflict, or pressure to exceed the stated boundary.","Use qualified, local, or emergency support whenever the situation exceeds a voluntary low-stakes developmental practice.","Qualified specialist approval recorded. | Jurisdictional, emergency, and vulnerable-person boundaries reviewed. | No unverified hotline, diagnosis, treatment, confrontation, or coercive exposure. | Evidence is qualified-only or non-scored unless separately approved."
PRACTICE-COMP-0403-TRAGIC-KNOWLEDGE-AND-THE-LIMITS-OF-CONTROL-01,RISK-MODERATE,draft,pending,Relevant specialist or domain-qualified human reviewer before expansion release or score activation.,shadow_only,SP-STRUCTURED-EVIDENCE-ELIGIBLE,true,"Store no diagnoses, allegations, third-party secrets, or unnecessary sensitive narrative; prefer category-level signals.","Using the Tragic knowledge and the limits of control protocol to rank worth, coerce participation, demand disclosure, override rest or care, certify competence, or justify decisions beyond the recorded context. | Treating a completed Tragic knowledge and the limits of control action, a polished artifact, agreement, confidence, speed, independence, or output as mastery or universal transfer.","Follow the material, equipment, consent and scope limits in the setup and each action. Use drawings or spoken alternatives and a neutral scheduling conflict. No real vulnerable group should be involved to test your reasoning. If the case is personally distressing, use two recreational activities competing for one shared room instead.","Pause Tragic knowledge and the limits of control when capacity, consent, authority, privacy, access, care duties, uncertainty, distress, fatigue, pain, resource scarcity, or changed circumstances make the next action unwise.","Stop the Tragic knowledge and the limits of control practice for harm, coercion, retaliation risk, emergency conditions, unsafe exposure, worsening symptoms, protected information, legal or policy conflict, or pressure to exceed the stated boundary.","Use qualified, local, or emergency support whenever the situation exceeds a voluntary low-stakes developmental practice.","Specialist safety review complete. | Misuse, exclusion, stop, and escalation paths tested in content and UI. | Scoring remains shadow-only until a separate activation decision."
PRACTICE-COMP-0404-MEANING-AFTER-CATASTROPHIC-LOSS-01,RISK-HIGH,draft,pending_specialist_expansion_review,Licensed or otherwise appropriately qualified specialist for the jurisdiction and topic.,qualified_only,SP-STRUCTURED-EVIDENCE-ELIGIBLE,true,"Do not collect or retain sensitive case detail unless separately justified, consented, secured, and reviewed.","Using the Meaning after catastrophic loss protocol to rank worth, coerce participation, demand disclosure, override rest or care, certify competence, or justify decisions beyond the recorded context. | Treating a completed Meaning after catastrophic loss action, a polished artifact, agreement, confidence, speed, independence, or output as mastery or universal transfer.","Follow the material, equipment, consent and scope limits in the setup and each action. Use the fictional case, four spoken words or a trusted helper who does not demand details. There is no schedule for rebuilding meaning. If the topic is overwhelming or basic needs are insecure, defer the exercise and prioritize suitable practical or professional help.","Pause Meaning after catastrophic loss when capacity, consent, authority, privacy, access, care duties, uncertainty, distress, fatigue, pain, resource scarcity, or changed circumstances make the next action unwise.","Stop the Meaning after catastrophic loss practice for harm, coercion, retaliation risk, emergency conditions, unsafe exposure, worsening symptoms, protected information, legal or policy conflict, or pressure to exceed the stated boundary.","Use qualified, local, or emergency support whenever the situation exceeds a voluntary low-stakes developmental practice.","Qualified specialist approval recorded. | Jurisdictional, emergency, and vulnerable-person boundaries reviewed. | No unverified hotline, diagnosis, treatment, confrontation, or coercive exposure. | Evidence is qualified-only or non-scored unless separately approved."
PRACTICE-COMP-0405-ABSURDITY-EXISTENTIAL-ANXIETY-AND-MEANINGLESSNESS-01,RISK-MODERATE,draft,pending,Relevant specialist or domain-qualified human reviewer before expansion release or score activation.,shadow_only,SP-STRUCTURED-EVIDENCE-ELIGIBLE,true,"Store no diagnoses, allegations, third-party secrets, or unnecessary sensitive narrative; prefer category-level signals.","Using the Absurdity, existential anxiety, and meaninglessness protocol to rank worth, coerce participation, demand disclosure, override rest or care, certify competence, or justify decisions beyond the recorded context. | Treating a completed Absurdity, existential anxiety, and meaninglessness action, a polished artifact, agreement, confidence, speed, independence, or output as mastery or universal transfer.","Follow the material, equipment, consent and scope limits in the setup and each action. Use a tiny accessible task, a seated sorting action, dictation or assistance by consent. If nothing feels manageable, defer rather than using activity as a moral test. Seek suitable support for persistent low mood, hopelessness or difficulty functioning; immediate danger needs urgent local help.","Pause Absurdity, existential anxiety, and meaninglessness when capacity, consent, authority, privacy, access, care duties, uncertainty, distress, fatigue, pain, resource scarcity, or changed circumstances make the next action unwise.","Stop the Absurdity, existential anxiety, and meaninglessness practice for harm, coercion, retaliation risk, emergency conditions, unsafe exposure, worsening symptoms, protected information, legal or policy conflict, or pressure to exceed the stated boundary.","Use qualified, local, or emergency support whenever the situation exceeds a voluntary low-stakes developmental practice.","Specialist safety review complete. | Misuse, exclusion, stop, and escalation paths tested in content and UI. | Scoring remains shadow-only until a separate activation decision."
PRACTICE-COMP-0406-ENDURANCE-WITHOUT-SELF-OPTIMIZATION-01,RISK-MODERATE,draft,pending,Relevant specialist or domain-qualified human reviewer before expansion release or score activation.,shadow_only,SP-STRUCTURED-EVIDENCE-ELIGIBLE,true,"Store no diagnoses, allegations, third-party secrets, or unnecessary sensitive narrative; prefer category-level signals.","Using the Endurance without self-optimization protocol to rank worth, coerce participation, demand disclosure, override rest or care, certify competence, or justify decisions beyond the recorded context. | Treating a completed Endurance without self-optimization action, a polished artifact, agreement, confidence, speed, independence, or output as mastery or universal transfer.","Follow the material, equipment, consent and scope limits in the setup and each action. Use a single word per occasion, a reminder object or voluntary assistance. Rest, lament and accepting help are legitimate actions. There is no streak, forced gratitude, productivity target or requirement to tolerate mistreatment.","Pause Endurance without self-optimization when capacity, consent, authority, privacy, access, care duties, uncertainty, distress, fatigue, pain, resource scarcity, or changed circumstances make the next action unwise.","Stop the Endurance without self-optimization practice for harm, coercion, retaliation risk, emergency conditions, unsafe exposure, worsening symptoms, protected information, legal or policy conflict, or pressure to exceed the stated boundary.","Use qualified, local, or emergency support whenever the situation exceeds a voluntary low-stakes developmental practice.","Specialist safety review complete. | Misuse, exclusion, stop, and escalation paths tested in content and UI. | Scoring remains shadow-only until a separate activation decision."
PRACTICE-COMP-0407-MORAL-INJURY-AND-COMPROMISED-ACTION-01,RISK-HIGH,draft,pending_specialist_expansion_review,Licensed or otherwise appropriately qualified specialist for the jurisdiction and topic.,qualified_only,SP-STRUCTURED-EVIDENCE-ELIGIBLE,true,"Do not collect or retain sensitive case detail unless separately justified, consented, secured, and reviewed.","Using the Moral injury and compromised action protocol to rank worth, coerce participation, demand disclosure, override rest or care, certify competence, or justify decisions beyond the recorded context. | Treating a completed Moral injury and compromised action action, a polished artifact, agreement, confidence, speed, independence, or output as mastery or universal transfer.","Follow the material, equipment, consent and scope limits in the setup and each action. Use the fictional case throughout, read with support or skip details. No personal narrative, symptom score, exposure exercise, apology, forgiveness or contact with an affected person is required. Persistent distress merits qualified help; immediate danger requires urgent local support.","Pause Moral injury and compromised action when capacity, consent, authority, privacy, access, care duties, uncertainty, distress, fatigue, pain, resource scarcity, or changed circumstances make the next action unwise.","Stop the Moral injury and compromised action practice for harm, coercion, retaliation risk, emergency conditions, unsafe exposure, worsening symptoms, protected information, legal or policy conflict, or pressure to exceed the stated boundary.","Use qualified, local, or emergency support whenever the situation exceeds a voluntary low-stakes developmental practice.","Qualified specialist approval recorded. | Jurisdictional, emergency, and vulnerable-person boundaries reviewed. | No unverified hotline, diagnosis, treatment, confrontation, or coercive exposure. | Evidence is qualified-only or non-scored unless separately approved."
PRACTICE-COMP-0408-DYING-END-OF-LIFE-CHOICES-AND-ACCOMPANIMENT-01,RISK-HIGH,draft,pending_specialist_expansion_review,Licensed or otherwise appropriately qualified specialist for the jurisdiction and topic.,qualified_only,SP-STRUCTURED-EVIDENCE-ELIGIBLE,true,"Do not collect or retain sensitive case detail unless separately justified, consented, secured, and reviewed.","Using the Dying, end-of-life choices, and accompaniment protocol to rank worth, coerce participation, demand disclosure, override rest or care, certify competence, or justify decisions beyond the recorded context. | Treating a completed Dying, end-of-life choices, and accompaniment action, a polished artifact, agreement, confidence, speed, independence, or output as mastery or universal transfer.","Follow the material, equipment, consent and scope limits in the setup and each action. Use the fictional case, accessible official information, interpretation support or a trusted helper. No disclosure of diagnoses, treatment choices, family conflict or existing documents is required. Defer emotionally difficult material; urgent symptoms and immediate care needs take priority over this educational task.","Pause Dying, end-of-life choices, and accompaniment when capacity, consent, authority, privacy, access, care duties, uncertainty, distress, fatigue, pain, resource scarcity, or changed circumstances make the next action unwise.","Stop the Dying, end-of-life choices, and accompaniment practice for harm, coercion, retaliation risk, emergency conditions, unsafe exposure, worsening symptoms, protected information, legal or policy conflict, or pressure to exceed the stated boundary.","Use qualified, local, or emergency support whenever the situation exceeds a voluntary low-stakes developmental practice.","Qualified specialist approval recorded. | Jurisdictional, emergency, and vulnerable-person boundaries reviewed. | No unverified hotline, diagnosis, treatment, confrontation, or coercive exposure. | Evidence is qualified-only or non-scored unless separately approved."
PRACTICE-COMP-0409-HOPE-WITHOUT-DENIAL-01,RISK-HIGH,draft,pending_specialist_expansion_review,Licensed or otherwise appropriately qualified specialist for the jurisdiction and topic.,qualified_only,SP-STRUCTURED-EVIDENCE-ELIGIBLE,true,"Do not collect or retain sensitive case detail unless separately justified, consented, secured, and reviewed.","Using the Hope without denial protocol to rank worth, coerce participation, demand disclosure, override rest or care, certify competence, or justify decisions beyond the recorded context. | Treating a completed Hope without denial action, a polished artifact, agreement, confidence, speed, independence, or output as mastery or universal transfer.","Follow the material, equipment, consent and scope limits in the setup and each action. Use the fictional garden, spoken columns or a neutral uncertain hobby plan. Hope need not feel positive. No optimistic affirmation, religious explanation, public promise or pressure on another person's grief is required.","Pause Hope without denial when capacity, consent, authority, privacy, access, care duties, uncertainty, distress, fatigue, pain, resource scarcity, or changed circumstances make the next action unwise.","Stop the Hope without denial practice for harm, coercion, retaliation risk, emergency conditions, unsafe exposure, worsening symptoms, protected information, legal or policy conflict, or pressure to exceed the stated boundary.","Use qualified, local, or emergency support whenever the situation exceeds a voluntary low-stakes developmental practice.","Qualified specialist approval recorded. | Jurisdictional, emergency, and vulnerable-person boundaries reviewed. | No unverified hotline, diagnosis, treatment, confrontation, or coercive exposure. | Evidence is qualified-only or non-scored unless separately approved."
PRACTICE-COMP-0410-IRREVERSIBILITY-REMORSE-AND-LIVING-AFTER-THE-UNFIXABLE-01,RISK-MODERATE,draft,pending,Relevant specialist or domain-qualified human reviewer before expansion release or score activation.,shadow_only,SP-STRUCTURED-EVIDENCE-ELIGIBLE,true,"Store no diagnoses, allegations, third-party secrets, or unnecessary sensitive narrative; prefer category-level signals.","Using the Irreversibility, remorse, and living after the unfixable protocol to rank worth, coerce participation, demand disclosure, override rest or care, certify competence, or justify decisions beyond the recorded context. | Treating a completed Irreversibility, remorse, and living after the unfixable action, a polished artifact, agreement, confidence, speed, independence, or output as mastery or universal transfer.","Follow the material, equipment, consent and scope limits in the setup and each action. Use only the fictional note, a spoken acknowledgment or an impersonal missed-opportunity case. No confession, apology delivery, self-punishment, reconciliation or forgiveness is required. If the topic is overwhelming or involves legal, trauma or safety concerns, use qualified support instead of escalating the exercise.","Pause Irreversibility, remorse, and living after the unfixable when capacity, consent, authority, privacy, access, care duties, uncertainty, distress, fatigue, pain, resource scarcity, or changed circumstances make the next action unwise.","Stop the Irreversibility, remorse, and living after the unfixable practice for harm, coercion, retaliation risk, emergency conditions, unsafe exposure, worsening symptoms, protected information, legal or policy conflict, or pressure to exceed the stated boundary.","Use qualified, local, or emergency support whenever the situation exceeds a voluntary low-stakes developmental practice.","Specialist safety review complete. | Misuse, exclusion, stop, and escalation paths tested in content and UI. | Scoring remains shadow-only until a separate activation decision."
PRACTICE-COMP-0501-AN-HONEST-PERSONAL-INVENTORY-01,RISK-LOW,draft,pending,Trained content reviewer; specialist review when the actual topic introduces a moderate or high-risk context.,active_if_separately_approved,SP-STRUCTURED-EVIDENCE-ELIGIBLE,true,Collect only the minimum private context needed to run the practice; do not request identifying details about other people.,"Using the An honest personal inventory protocol to rank worth, coerce participation, demand disclosure, override rest or care, certify competence, or justify decisions beyond the recorded context. | Treating a completed An honest personal inventory action, a polished artifact, agreement, confidence, speed, independence, or output as mastery or universal transfer.","Follow the material, equipment, consent and scope limits in the setup and each action. Dictate privately or use brief symbols. You may omit identifying details and use an invented appointment case for rehearsal; that does not establish a personal inventory. Stop if reflection becomes distressing and choose a neutral topic or appropriate support.","Pause An honest personal inventory when capacity, consent, authority, privacy, access, care duties, uncertainty, distress, fatigue, pain, resource scarcity, or changed circumstances make the next action unwise.","Stop the An honest personal inventory practice for harm, coercion, retaliation risk, emergency conditions, unsafe exposure, worsening symptoms, protected information, legal or policy conflict, or pressure to exceed the stated boundary.","Use qualified, local, or emergency support whenever the situation exceeds a voluntary low-stakes developmental practice.","Content, accessibility, privacy, and safety review complete. | Evidence and scoring contracts independently approved before score activation."
PRACTICE-COMP-0502-NARRATIVE-IDENTITY-01,RISK-LOW,draft,pending,Trained content reviewer; specialist review when the actual topic introduces a moderate or high-risk context.,active_if_separately_approved,SP-STRUCTURED-EVIDENCE-ELIGIBLE,true,Collect only the minimum private context needed to run the practice; do not request identifying details about other people.,"Using the Narrative identity protocol to rank worth, coerce participation, demand disclosure, override rest or care, certify competence, or justify decisions beyond the recorded context. | Treating a completed Narrative identity action, a polished artifact, agreement, confidence, speed, independence, or output as mastery or universal transfer.","Follow the material, equipment, consent and scope limits in the setup and each action. Use a three-picture sequence or a private voice note. No public storytelling, confrontation, forgiveness, disclosure of harm, or positive reinterpretation of adversity is required. Fiction exercises interpretation only.","Pause Narrative identity when capacity, consent, authority, privacy, access, care duties, uncertainty, distress, fatigue, pain, resource scarcity, or changed circumstances make the next action unwise.","Stop the Narrative identity practice for harm, coercion, retaliation risk, emergency conditions, unsafe exposure, worsening symptoms, protected information, legal or policy conflict, or pressure to exceed the stated boundary.","Use qualified, local, or emergency support whenever the situation exceeds a voluntary low-stakes developmental practice.","Content, accessibility, privacy, and safety review complete. | Evidence and scoring contracts independently approved before score activation."
PRACTICE-COMP-0503-STRENGTHS-LIMITATIONS-AND-FIT-01,RISK-LOW,draft,pending,Trained content reviewer; specialist review when the actual topic introduces a moderate or high-risk context.,active_if_separately_approved,SP-STRUCTURED-EVIDENCE-ELIGIBLE,true,Collect only the minimum private context needed to run the practice; do not request identifying details about other people.,"Using the Strengths, limitations, and fit protocol to rank worth, coerce participation, demand disclosure, override rest or care, certify competence, or justify decisions beyond the recorded context. | Treating a completed Strengths, limitations, and fit action, a polished artifact, agreement, confidence, speed, independence, or output as mastery or universal transfer.","Follow the material, equipment, consent and scope limits in the setup and each action. Use seated, spoken, tactile or assisted work suited to you. Scale the task down rather than pushing through pain or exhaustion. Planning an inaccessible task is preparation and cannot substitute for the two performance observations.","Pause Strengths, limitations, and fit when capacity, consent, authority, privacy, access, care duties, uncertainty, distress, fatigue, pain, resource scarcity, or changed circumstances make the next action unwise.","Stop the Strengths, limitations, and fit practice for harm, coercion, retaliation risk, emergency conditions, unsafe exposure, worsening symptoms, protected information, legal or policy conflict, or pressure to exceed the stated boundary.","Use qualified, local, or emergency support whenever the situation exceeds a voluntary low-stakes developmental practice.","Content, accessibility, privacy, and safety review complete. | Evidence and scoring contracts independently approved before score activation."
PRACTICE-COMP-0504-PERSONALITY-AS-HYPOTHESIS-01,RISK-LOW,draft,pending,Trained content reviewer; specialist review when the actual topic introduces a moderate or high-risk context.,active_if_separately_approved,SP-STRUCTURED-EVIDENCE-ELIGIBLE,true,Collect only the minimum private context needed to run the practice; do not request identifying details about other people.,"Using the Personality as hypothesis protocol to rank worth, coerce participation, demand disclosure, override rest or care, certify competence, or justify decisions beyond the recorded context. | Treating a completed Personality as hypothesis action, a polished artifact, agreement, confidence, speed, independence, or output as mastery or universal transfer.","Follow the material, equipment, consent and scope limits in the setup and each action. Use writing instead of speech or a trusted person's consented role-play. Role-play tests rehearsal only. Do not reinterpret disability, access needs, distress or a clinician's advice as a personality obstacle to overcome.","Pause Personality as hypothesis when capacity, consent, authority, privacy, access, care duties, uncertainty, distress, fatigue, pain, resource scarcity, or changed circumstances make the next action unwise.","Stop the Personality as hypothesis practice for harm, coercion, retaliation risk, emergency conditions, unsafe exposure, worsening symptoms, protected information, legal or policy conflict, or pressure to exceed the stated boundary.","Use qualified, local, or emergency support whenever the situation exceeds a voluntary low-stakes developmental practice.","Content, accessibility, privacy, and safety review complete. | Evidence and scoring contracts independently approved before score activation."
PRACTICE-COMP-0505-DEFENSES-AND-SELF-DECEPTION-01,RISK-LOW,draft,pending,Trained content reviewer; specialist review when the actual topic introduces a moderate or high-risk context.,active_if_separately_approved,SP-STRUCTURED-EVIDENCE-ELIGIBLE,true,Collect only the minimum private context needed to run the practice; do not request identifying details about other people.,"Using the Defenses and self-deception protocol to rank worth, coerce participation, demand disclosure, override rest or care, certify competence, or justify decisions beyond the recorded context. | Treating a completed Defenses and self-deception action, a polished artifact, agreement, confidence, speed, independence, or output as mastery or universal transfer.","Follow the material, equipment, consent and scope limits in the setup and each action. Use an impersonal scheduling task and private shorthand. Rehearse the supplied draft-message case if no real cue occurs, labeling it rehearsal. Stop if the task invites rumination, forced confession or unsafe disclosure.","Pause Defenses and self-deception when capacity, consent, authority, privacy, access, care duties, uncertainty, distress, fatigue, pain, resource scarcity, or changed circumstances make the next action unwise.","Stop the Defenses and self-deception practice for harm, coercion, retaliation risk, emergency conditions, unsafe exposure, worsening symptoms, protected information, legal or policy conflict, or pressure to exceed the stated boundary.","Use qualified, local, or emergency support whenever the situation exceeds a voluntary low-stakes developmental practice.","Content, accessibility, privacy, and safety review complete. | Evidence and scoring contracts independently approved before score activation."
PRACTICE-COMP-0506-TRIGGERS-AND-REPEATED-PATTERNS-01,RISK-LOW,draft,pending,Trained content reviewer; specialist review when the actual topic introduces a moderate or high-risk context.,active_if_separately_approved,SP-STRUCTURED-EVIDENCE-ELIGIBLE,true,Collect only the minimum private context needed to run the practice; do not request identifying details about other people.,"Using the Triggers and repeated patterns protocol to rank worth, coerce participation, demand disclosure, override rest or care, certify competence, or justify decisions beyond the recorded context. | Treating a completed Triggers and repeated patterns action, a polished artifact, agreement, confidence, speed, independence, or output as mastery or universal transfer.","Follow the material, equipment, consent and scope limits in the setup and each action. Use words, icons or a trusted person's voluntary practical help. No breath control, bodily monitoring or eye closing is required. If the reaction is overwhelming, stop the exercise and seek support appropriate to the situation; repeating distress is not progress.","Pause Triggers and repeated patterns when capacity, consent, authority, privacy, access, care duties, uncertainty, distress, fatigue, pain, resource scarcity, or changed circumstances make the next action unwise.","Stop the Triggers and repeated patterns practice for harm, coercion, retaliation risk, emergency conditions, unsafe exposure, worsening symptoms, protected information, legal or policy conflict, or pressure to exceed the stated boundary.","Use qualified, local, or emergency support whenever the situation exceeds a voluntary low-stakes developmental practice.","Content, accessibility, privacy, and safety review complete. | Evidence and scoring contracts independently approved before score activation."
PRACTICE-COMP-0507-FEEDBACK-AND-DISCONFIRMATION-01,RISK-LOW,draft,pending,Trained content reviewer; specialist review when the actual topic introduces a moderate or high-risk context.,active_if_separately_approved,SP-STRUCTURED-EVIDENCE-ELIGIBLE,true,Collect only the minimum private context needed to run the practice; do not request identifying details about other people.,"Using the Feedback and disconfirmation protocol to rank worth, coerce participation, demand disclosure, override rest or care, certify competence, or justify decisions beyond the recorded context. | Treating a completed Feedback and disconfirmation action, a polished artifact, agreement, confidence, speed, independence, or output as mastery or universal transfer.","Follow the material, equipment, consent and scope limits in the setup and each action. Use an accessible written exchange. Without a safe willing person, use the supplied directions example to rehearse listening and revision; label it rehearsal and leave actual interpersonal feedback untested. Never solicit criticism from a coercive person for this exercise.","Pause Feedback and disconfirmation when capacity, consent, authority, privacy, access, care duties, uncertainty, distress, fatigue, pain, resource scarcity, or changed circumstances make the next action unwise.","Stop the Feedback and disconfirmation practice for harm, coercion, retaliation risk, emergency conditions, unsafe exposure, worsening symptoms, protected information, legal or policy conflict, or pressure to exceed the stated boundary.","Use qualified, local, or emergency support whenever the situation exceeds a voluntary low-stakes developmental practice.","Content, accessibility, privacy, and safety review complete. | Evidence and scoring contracts independently approved before score activation."
PRACTICE-COMP-0508-SELF-WORTH-BEYOND-PERFORMANCE-01,RISK-LOW,draft,pending,Trained content reviewer; specialist review when the actual topic introduces a moderate or high-risk context.,active_if_separately_approved,SP-STRUCTURED-EVIDENCE-ELIGIBLE,true,Collect only the minimum private context needed to run the practice; do not request identifying details about other people.,"Using the Self-worth beyond performance protocol to rank worth, coerce participation, demand disclosure, override rest or care, certify competence, or justify decisions beyond the recorded context. | Treating a completed Self-worth beyond performance action, a polished artifact, agreement, confidence, speed, independence, or output as mastery or universal transfer.","Follow the material, equipment, consent and scope limits in the setup and each action. Speak the two headings privately or use a neutral fictional case. No affirmations, disclosure, forced positive feeling or comparison of human value is required. Stop if the topic becomes overwhelming and use support suited to your needs.","Pause Self-worth beyond performance when capacity, consent, authority, privacy, access, care duties, uncertainty, distress, fatigue, pain, resource scarcity, or changed circumstances make the next action unwise.","Stop the Self-worth beyond performance practice for harm, coercion, retaliation risk, emergency conditions, unsafe exposure, worsening symptoms, protected information, legal or policy conflict, or pressure to exceed the stated boundary.","Use qualified, local, or emergency support whenever the situation exceeds a voluntary low-stakes developmental practice.","Content, accessibility, privacy, and safety review complete. | Evidence and scoring contracts independently approved before score activation."
PRACTICE-COMP-0509-INTEGRATION-OF-CONFLICTING-PARTS-01,RISK-LOW,draft,pending,Trained content reviewer; specialist review when the actual topic introduces a moderate or high-risk context.,active_if_separately_approved,SP-STRUCTURED-EVIDENCE-ELIGIBLE,true,Collect only the minimum private context needed to run the practice; do not request identifying details about other people.,"Using the Integration of conflicting parts protocol to rank worth, coerce participation, demand disclosure, override rest or care, certify competence, or justify decisions beyond the recorded context. | Treating a completed Integration of conflicting parts action, a polished artifact, agreement, confidence, speed, independence, or output as mastery or universal transfer.","Follow the material, equipment, consent and scope limits in the setup and each action. Use two objects or spoken sentences instead of columns. A solo arrangement can combine independent choice with reading or listening to a community contribution. A fictional trial is design rehearsal, not evidence of an integrated routine.","Pause Integration of conflicting parts when capacity, consent, authority, privacy, access, care duties, uncertainty, distress, fatigue, pain, resource scarcity, or changed circumstances make the next action unwise.","Stop the Integration of conflicting parts practice for harm, coercion, retaliation risk, emergency conditions, unsafe exposure, worsening symptoms, protected information, legal or policy conflict, or pressure to exceed the stated boundary.","Use qualified, local, or emergency support whenever the situation exceeds a voluntary low-stakes developmental practice.","Content, accessibility, privacy, and safety review complete. | Evidence and scoring contracts independently approved before score activation."
PRACTICE-COMP-0510-HUMILITY-AND-PROPORTIONATE-SELF-REGARD-01,RISK-LOW,draft,pending,Trained content reviewer; specialist review when the actual topic introduces a moderate or high-risk context.,active_if_separately_approved,SP-STRUCTURED-EVIDENCE-ELIGIBLE,true,Collect only the minimum private context needed to run the practice; do not request identifying details about other people.,"Using the Humility and proportionate self-regard protocol to rank worth, coerce participation, demand disclosure, override rest or care, certify competence, or justify decisions beyond the recorded context. | Treating a completed Humility and proportionate self-regard action, a polished artifact, agreement, confidence, speed, independence, or output as mastery or universal transfer.","Follow the material, equipment, consent and scope limits in the setup and each action. Use a private collaborative task or a consented written exchange. If no safe partner is available, rehearse with a supplied correction such as this label is unclear; live help and feedback then remain untested. No deference to mistreatment is required.","Pause Humility and proportionate self-regard when capacity, consent, authority, privacy, access, care duties, uncertainty, distress, fatigue, pain, resource scarcity, or changed circumstances make the next action unwise.","Stop the Humility and proportionate self-regard practice for harm, coercion, retaliation risk, emergency conditions, unsafe exposure, worsening symptoms, protected information, legal or policy conflict, or pressure to exceed the stated boundary.","Use qualified, local, or emergency support whenever the situation exceeds a voluntary low-stakes developmental practice.","Content, accessibility, privacy, and safety review complete. | Evidence and scoring contracts independently approved before score activation."
PRACTICE-COMP-0511-EMBODIED-AND-SOCIALLY-SITUATED-IDENTITY-01,RISK-LOW,draft,pending,Trained content reviewer; specialist review when the actual topic introduces a moderate or high-risk context.,active_if_separately_approved,SP-STRUCTURED-EVIDENCE-ELIGIBLE,true,Collect only the minimum private context needed to run the practice; do not request identifying details about other people.,"Using the Embodied and socially situated identity protocol to rank worth, coerce participation, demand disclosure, override rest or care, certify competence, or justify decisions beyond the recorded context. | Treating a completed Embodied and socially situated identity action, a polished artifact, agreement, confidence, speed, independence, or output as mastery or universal transfer.","Follow the material, equipment, consent and scope limits in the setup and each action. Use a familiar process from home, public information, dictation or voluntary assistance. No travel, demographic disclosure, discriminatory encounter or test of physical endurance is needed. A wholly fictional case demonstrates analysis only.","Pause Embodied and socially situated identity when capacity, consent, authority, privacy, access, care duties, uncertainty, distress, fatigue, pain, resource scarcity, or changed circumstances make the next action unwise.","Stop the Embodied and socially situated identity practice for harm, coercion, retaliation risk, emergency conditions, unsafe exposure, worsening symptoms, protected information, legal or policy conflict, or pressure to exceed the stated boundary.","Use qualified, local, or emergency support whenever the situation exceeds a voluntary low-stakes developmental practice.","Content, accessibility, privacy, and safety review complete. | Evidence and scoring contracts independently approved before score activation."
PRACTICE-COMP-0512-CULTURAL-SELF-LOCATION-AND-INHERITED-ASSUMPTIONS-01,RISK-LOW,draft,pending,Trained content reviewer; specialist review when the actual topic introduces a moderate or high-risk context.,active_if_separately_approved,SP-STRUCTURED-EVIDENCE-ELIGIBLE,true,Collect only the minimum private context needed to run the practice; do not request identifying details about other people.,"Using the Cultural self-location and inherited assumptions protocol to rank worth, coerce participation, demand disclosure, override rest or care, certify competence, or justify decisions beyond the recorded context. | Treating a completed Cultural self-location and inherited assumptions action, a polished artifact, agreement, confidence, speed, independence, or output as mastery or universal transfer.","Follow the material, equipment, consent and scope limits in the setup and each action. Use a public first-person written or audio account and avoid naming people. If none is accessible, compare the two supplied guest rules as fictional cases and label the cultural comparison unverified. No travel, religious change or disclosure of family conflict is required.","Pause Cultural self-location and inherited assumptions when capacity, consent, authority, privacy, access, care duties, uncertainty, distress, fatigue, pain, resource scarcity, or changed circumstances make the next action unwise.","Stop the Cultural self-location and inherited assumptions practice for harm, coercion, retaliation risk, emergency conditions, unsafe exposure, worsening symptoms, protected information, legal or policy conflict, or pressure to exceed the stated boundary.","Use qualified, local, or emergency support whenever the situation exceeds a voluntary low-stakes developmental practice.","Content, accessibility, privacy, and safety review complete. | Evidence and scoring contracts independently approved before score activation."
PRACTICE-COMP-0601-VULNERABILITY-AS-A-HUMAN-CONDITION-01,RISK-HIGH,draft,pending_specialist_expansion_review,Licensed or otherwise appropriately qualified specialist for the jurisdiction and topic.,qualified_only,SP-STRUCTURED-EVIDENCE-ELIGIBLE,true,"Do not collect or retain sensitive case detail unless separately justified, consented, secured, and reviewed.","Using the Vulnerability as a human condition protocol to rank worth, coerce participation, demand disclosure, override rest or care, certify competence, or justify decisions beyond the recorded context. | Treating a completed Vulnerability as a human condition action, a polished artifact, agreement, confidence, speed, independence, or output as mastery or universal transfer.","Follow the material, equipment, consent and scope limits in the setup and each action. Use text, sign, an interpreter or a trusted communication partner as appropriate. Asking for accessible information is legitimate help. If no suitable exchange is available, rehearse the supplied request and label it rehearsal; defer the receiving action. No personal disclosure or performance of helplessness is required.","Pause Vulnerability as a human condition when capacity, consent, authority, privacy, access, care duties, uncertainty, distress, fatigue, pain, resource scarcity, or changed circumstances make the next action unwise.","Stop the Vulnerability as a human condition practice for harm, coercion, retaliation risk, emergency conditions, unsafe exposure, worsening symptoms, protected information, legal or policy conflict, or pressure to exceed the stated boundary.","Educational and developmental only; trauma, suicidality, abuse, psychosis, addiction, severe functional decline, and medical concerns require qualified professional or emergency support.","Qualified specialist approval recorded. | Jurisdictional, emergency, and vulnerable-person boundaries reviewed. | No unverified hotline, diagnosis, treatment, confrontation, or coercive exposure. | Evidence is qualified-only or non-scored unless separately approved."
PRACTICE-COMP-0602-TRAUMA-AND-POST-TRAUMATIC-STRESS-LITERACY-01,RISK-HIGH,draft,pending_specialist_expansion_review,Licensed or otherwise appropriately qualified specialist for the jurisdiction and topic.,qualified_only,SP-STRUCTURED-EVIDENCE-ELIGIBLE,true,"Do not collect or retain sensitive case detail unless separately justified, consented, secured, and reviewed.","Using the Trauma and post-traumatic stress literacy protocol to rank worth, coerce participation, demand disclosure, override rest or care, certify competence, or justify decisions beyond the recorded context. | Treating a completed Trauma and post-traumatic stress literacy action, a polished artifact, agreement, confidence, speed, independence, or output as mastery or universal transfer.","Follow the material, equipment, consent and scope limits in the setup and each action. Use a short spoken glossary or a reader's help with public information. Skip distressing detail and retain the fictional case. This is not exposure practice; a professional can advise on appropriate personal work. If the topic is destabilizing, stop and seek suitable support rather than recording endurance as success.","Pause Trauma and post-traumatic stress literacy when capacity, consent, authority, privacy, access, care duties, uncertainty, distress, fatigue, pain, resource scarcity, or changed circumstances make the next action unwise.","Stop the Trauma and post-traumatic stress literacy practice for harm, coercion, retaliation risk, emergency conditions, unsafe exposure, worsening symptoms, protected information, legal or policy conflict, or pressure to exceed the stated boundary.","Educational and developmental only; trauma, suicidality, abuse, psychosis, addiction, severe functional decline, and medical concerns require qualified professional or emergency support.","Qualified specialist approval recorded. | Jurisdictional, emergency, and vulnerable-person boundaries reviewed. | No unverified hotline, diagnosis, treatment, confrontation, or coercive exposure. | Evidence is qualified-only or non-scored unless separately approved."
PRACTICE-COMP-0603-RECOVERY-AFTER-VIOLATION-AND-BETRAYAL-01,RISK-HIGH,draft,pending_specialist_expansion_review,Licensed or otherwise appropriately qualified specialist for the jurisdiction and topic.,qualified_only,SP-STRUCTURED-EVIDENCE-ELIGIBLE,true,"Do not collect or retain sensitive case detail unless separately justified, consented, secured, and reviewed.","Using the Recovery after violation and betrayal protocol to rank worth, coerce participation, demand disclosure, override rest or care, certify competence, or justify decisions beyond the recorded context. | Treating a completed Recovery after violation and betrayal action, a polished artifact, agreement, confidence, speed, independence, or output as mastery or universal transfer.","Follow the material, equipment, consent and scope limits in the setup and each action. Keep the exercise fictional or work with a qualified support person. Use a neutral written response if speech or role-play is uncomfortable. Do not ask a survivor to supply training material, remove their supports or document private evidence here. Immediate danger requires local emergency help rather than finishing this plan.","Pause Recovery after violation and betrayal when capacity, consent, authority, privacy, access, care duties, uncertainty, distress, fatigue, pain, resource scarcity, or changed circumstances make the next action unwise.","Stop the Recovery after violation and betrayal practice for harm, coercion, retaliation risk, emergency conditions, unsafe exposure, worsening symptoms, protected information, legal or policy conflict, or pressure to exceed the stated boundary.","Educational and developmental only; trauma, suicidality, abuse, psychosis, addiction, severe functional decline, and medical concerns require qualified professional or emergency support.","Qualified specialist approval recorded. | Jurisdictional, emergency, and vulnerable-person boundaries reviewed. | No unverified hotline, diagnosis, treatment, confrontation, or coercive exposure. | Evidence is qualified-only or non-scored unless separately approved."
PRACTICE-COMP-0604-CHRONIC-ILLNESS-ADAPTATION-01,RISK-HIGH,draft,pending_specialist_expansion_review,Licensed or otherwise appropriately qualified specialist for the jurisdiction and topic.,qualified_only,SP-STRUCTURED-EVIDENCE-ELIGIBLE,true,"Do not collect or retain sensitive case detail unless separately justified, consented, secured, and reviewed.","Using the Chronic illness adaptation protocol to rank worth, coerce participation, demand disclosure, override rest or care, certify competence, or justify decisions beyond the recorded context. | Treating a completed Chronic illness adaptation action, a polished artifact, agreement, confidence, speed, independence, or output as mastery or universal transfer.","Follow the material, equipment, consent and scope limits in the setup and each action. Use one activity, spoken choices or a trusted helper if planning itself is burdensome. Rest and receiving help can be appropriate choices. Keep medication, diet, rehabilitation and activity limits with qualified care. Do not use a healthy-person challenge, push through worsening symptoms or impose graded increases as part of this exercise.","Pause Chronic illness adaptation when capacity, consent, authority, privacy, access, care duties, uncertainty, distress, fatigue, pain, resource scarcity, or changed circumstances make the next action unwise.","Stop the Chronic illness adaptation practice for harm, coercion, retaliation risk, emergency conditions, unsafe exposure, worsening symptoms, protected information, legal or policy conflict, or pressure to exceed the stated boundary.","Educational and developmental only; trauma, suicidality, abuse, psychosis, addiction, severe functional decline, and medical concerns require qualified professional or emergency support.","Qualified specialist approval recorded. | Jurisdictional, emergency, and vulnerable-person boundaries reviewed. | No unverified hotline, diagnosis, treatment, confrontation, or coercive exposure. | Evidence is qualified-only or non-scored unless separately approved."
PRACTICE-COMP-0605-CHRONIC-PAIN-AND-PAIN-RELATED-FUNCTIONING-01,RISK-HIGH,draft,pending_specialist_expansion_review,Licensed or otherwise appropriately qualified specialist for the jurisdiction and topic.,qualified_only,SP-STRUCTURED-EVIDENCE-ELIGIBLE,true,"Do not collect or retain sensitive case detail unless separately justified, consented, secured, and reviewed.","Using the Chronic pain and pain-related functioning protocol to rank worth, coerce participation, demand disclosure, override rest or care, certify competence, or justify decisions beyond the recorded context. | Treating a completed Chronic pain and pain-related functioning action, a polished artifact, agreement, confidence, speed, independence, or output as mastery or universal transfer.","Follow the material, equipment, consent and scope limits in the setup and each action. Use a helper to prepare the agenda, reduce writing or stay with the fictional concern. Follow individual guidance for fatigue or delayed worsening as well as pain. New severe or concerning symptoms require appropriate medical help, not an experiment. No physical challenge or medication change is part of completion.","Pause Chronic pain and pain-related functioning when capacity, consent, authority, privacy, access, care duties, uncertainty, distress, fatigue, pain, resource scarcity, or changed circumstances make the next action unwise.","Stop the Chronic pain and pain-related functioning practice for harm, coercion, retaliation risk, emergency conditions, unsafe exposure, worsening symptoms, protected information, legal or policy conflict, or pressure to exceed the stated boundary.","Educational and developmental only; trauma, suicidality, abuse, psychosis, addiction, severe functional decline, and medical concerns require qualified professional or emergency support.","Qualified specialist approval recorded. | Jurisdictional, emergency, and vulnerable-person boundaries reviewed. | No unverified hotline, diagnosis, treatment, confrontation, or coercive exposure. | Evidence is qualified-only or non-scored unless separately approved."
PRACTICE-COMP-0606-DISABILITY-IDENTITY-ACCESS-AND-ADAPTIVE-EXCELLENCE-01,RISK-HIGH,draft,pending_specialist_expansion_review,Licensed or otherwise appropriately qualified specialist for the jurisdiction and topic.,qualified_only,SP-STRUCTURED-EVIDENCE-ELIGIBLE,true,"Do not collect or retain sensitive case detail unless separately justified, consented, secured, and reviewed.","Using the Disability identity, access, and adaptive excellence protocol to rank worth, coerce participation, demand disclosure, override rest or care, certify competence, or justify decisions beyond the recorded context. | Treating a completed Disability identity, access, and adaptive excellence action, a polished artifact, agreement, confidence, speed, independence, or output as mastery or universal transfer.","Follow the material, equipment, consent and scope limits in the setup and each action. Dictate the request or use a chosen advocate while retaining the affected person's preferences. A person without a current access need can analyze the supplied case without pretending to have the experience. No disability simulation, forced disclosure, removal of accommodation or expensive purchase is required.","Pause Disability identity, access, and adaptive excellence when capacity, consent, authority, privacy, access, care duties, uncertainty, distress, fatigue, pain, resource scarcity, or changed circumstances make the next action unwise.","Stop the Disability identity, access, and adaptive excellence practice for harm, coercion, retaliation risk, emergency conditions, unsafe exposure, worsening symptoms, protected information, legal or policy conflict, or pressure to exceed the stated boundary.","Educational and developmental only; trauma, suicidality, abuse, psychosis, addiction, severe functional decline, and medical concerns require qualified professional or emergency support.","Qualified specialist approval recorded. | Jurisdictional, emergency, and vulnerable-person boundaries reviewed. | No unverified hotline, diagnosis, treatment, confrontation, or coercive exposure. | Evidence is qualified-only or non-scored unless separately approved."
PRACTICE-COMP-0607-NEURODIVERSITY-AND-COGNITIVE-VARIATION-01,RISK-HIGH,draft,pending_specialist_expansion_review,Licensed or otherwise appropriately qualified specialist for the jurisdiction and topic.,qualified_only,SP-STRUCTURED-EVIDENCE-ELIGIBLE,true,"Do not collect or retain sensitive case detail unless separately justified, consented, secured, and reviewed.","Using the Neurodiversity and cognitive variation protocol to rank worth, coerce participation, demand disclosure, override rest or care, certify competence, or justify decisions beyond the recorded context. | Treating a completed Neurodiversity and cognitive variation action, a polished artifact, agreement, confidence, speed, independence, or output as mastery or universal transfer.","Follow the material, equipment, consent and scope limits in the setup and each action. Use spoken, visual, tactile or assistive communication that already works for the person. One short use may be enough to identify a problem; do not create overload for evidence. A trusted helper can take notes with permission. Significant unmet needs may warrant qualified assessment, but an exercise does not require a diagnostic label.","Pause Neurodiversity and cognitive variation when capacity, consent, authority, privacy, access, care duties, uncertainty, distress, fatigue, pain, resource scarcity, or changed circumstances make the next action unwise.","Stop the Neurodiversity and cognitive variation practice for harm, coercion, retaliation risk, emergency conditions, unsafe exposure, worsening symptoms, protected information, legal or policy conflict, or pressure to exceed the stated boundary.","Educational and developmental only; trauma, suicidality, abuse, psychosis, addiction, severe functional decline, and medical concerns require qualified professional or emergency support.","Qualified specialist approval recorded. | Jurisdictional, emergency, and vulnerable-person boundaries reviewed. | No unverified hotline, diagnosis, treatment, confrontation, or coercive exposure. | Evidence is qualified-only or non-scored unless separately approved."
PRACTICE-COMP-0608-RECEIVING-CARE-AND-SEASONS-OF-REDUCED-AGENCY-01,RISK-HIGH,draft,pending_specialist_expansion_review,Licensed or otherwise appropriately qualified specialist for the jurisdiction and topic.,qualified_only,SP-STRUCTURED-EVIDENCE-ELIGIBLE,true,"Do not collect or retain sensitive case detail unless separately justified, consented, secured, and reviewed.","Using the Receiving care and seasons of reduced agency protocol to rank worth, coerce participation, demand disclosure, override rest or care, certify competence, or justify decisions beyond the recorded context. | Treating a completed Receiving care and seasons of reduced agency action, a polished artifact, agreement, confidence, speed, independence, or output as mastery or universal transfer.","Follow the material, equipment, consent and scope limits in the setup and each action. Use accessible yes/no options, extra processing time, an interpreter or a chosen advocate without bypassing the person. No one is required to provide intimate care, disclose credentials or surrender an existing support. If decision-making ability is genuinely uncertain, use qualified local guidance instead of a peer verdict.","Pause Receiving care and seasons of reduced agency when capacity, consent, authority, privacy, access, care duties, uncertainty, distress, fatigue, pain, resource scarcity, or changed circumstances make the next action unwise.","Stop the Receiving care and seasons of reduced agency practice for harm, coercion, retaliation risk, emergency conditions, unsafe exposure, worsening symptoms, protected information, legal or policy conflict, or pressure to exceed the stated boundary.","Educational and developmental only; trauma, suicidality, abuse, psychosis, addiction, severe functional decline, and medical concerns require qualified professional or emergency support.","Qualified specialist approval recorded. | Jurisdictional, emergency, and vulnerable-person boundaries reviewed. | No unverified hotline, diagnosis, treatment, confrontation, or coercive exposure. | Evidence is qualified-only or non-scored unless separately approved."
PRACTICE-COMP-0609-ACCOMMODATION-ASSISTIVE-TECHNOLOGY-AND-UNIVERSAL-DESIGN-01,RISK-HIGH,draft,pending_specialist_expansion_review,Licensed or otherwise appropriately qualified specialist for the jurisdiction and topic.,qualified_only,SP-STRUCTURED-EVIDENCE-ELIGIBLE,true,"Do not collect or retain sensitive case detail unless separately justified, consented, secured, and reviewed.","Using the Accommodation, assistive technology, and universal design protocol to rank worth, coerce participation, demand disclosure, override rest or care, certify competence, or justify decisions beyond the recorded context. | Treating a completed Accommodation, assistive technology, and universal design action, a polished artifact, agreement, confidence, speed, independence, or output as mastery or universal transfer.","Follow the material, equipment, consent and scope limits in the setup and each action. Use large text, speech, a screen reader, another familiar aid or a willing reader. Avoid purchasing equipment or changing a public notice without authority. If no personal barrier is present, the supplied ambiguity still permits an honest design task; do not impersonate a disabled user to create evidence.","Pause Accommodation, assistive technology, and universal design when capacity, consent, authority, privacy, access, care duties, uncertainty, distress, fatigue, pain, resource scarcity, or changed circumstances make the next action unwise.","Stop the Accommodation, assistive technology, and universal design practice for harm, coercion, retaliation risk, emergency conditions, unsafe exposure, worsening symptoms, protected information, legal or policy conflict, or pressure to exceed the stated boundary.","Educational and developmental only; trauma, suicidality, abuse, psychosis, addiction, severe functional decline, and medical concerns require qualified professional or emergency support.","Qualified specialist approval recorded. | Jurisdictional, emergency, and vulnerable-person boundaries reviewed. | No unverified hotline, diagnosis, treatment, confrontation, or coercive exposure. | Evidence is qualified-only or non-scored unless separately approved."
PRACTICE-COMP-0610-DIGNITY-UNDER-LIMITATION-AND-LOSS-OF-ROLE-01,RISK-HIGH,draft,pending_specialist_expansion_review,Licensed or otherwise appropriately qualified specialist for the jurisdiction and topic.,qualified_only,SP-STRUCTURED-EVIDENCE-ELIGIBLE,true,"Do not collect or retain sensitive case detail unless separately justified, consented, secured, and reviewed.","Using the Dignity under limitation and loss of role protocol to rank worth, coerce participation, demand disclosure, override rest or care, certify competence, or justify decisions beyond the recorded context. | Treating a completed Dignity under limitation and loss of role action, a polished artifact, agreement, confidence, speed, independence, or output as mastery or universal transfer.","Follow the material, equipment, consent and scope limits in the setup and each action. Stay with the fictional case, use a trusted reader or express the choices through a familiar communication aid. Do not require memory tests, appearance changes, job replacement or proof of resilience. If personal reflection is too painful, defer it without interpreting that choice as a deficit in dignity.","Pause Dignity under limitation and loss of role when capacity, consent, authority, privacy, access, care duties, uncertainty, distress, fatigue, pain, resource scarcity, or changed circumstances make the next action unwise.","Stop the Dignity under limitation and loss of role practice for harm, coercion, retaliation risk, emergency conditions, unsafe exposure, worsening symptoms, protected information, legal or policy conflict, or pressure to exceed the stated boundary.","Educational and developmental only; trauma, suicidality, abuse, psychosis, addiction, severe functional decline, and medical concerns require qualified professional or emergency support.","Qualified specialist approval recorded. | Jurisdictional, emergency, and vulnerable-person boundaries reviewed. | No unverified hotline, diagnosis, treatment, confrontation, or coercive exposure. | Evidence is qualified-only or non-scored unless separately approved."
PRACTICE-COMP-0611-RELAPSE-RECURRENCE-AND-NONLINEAR-RECOVERY-01,RISK-HIGH,draft,pending_specialist_expansion_review,Licensed or otherwise appropriately qualified specialist for the jurisdiction and topic.,qualified_only,SP-STRUCTURED-EVIDENCE-ELIGIBLE,true,"Do not collect or retain sensitive case detail unless separately justified, consented, secured, and reviewed.","Using the Relapse, recurrence, and nonlinear recovery protocol to rank worth, coerce participation, demand disclosure, override rest or care, certify competence, or justify decisions beyond the recorded context. | Treating a completed Relapse, recurrence, and nonlinear recovery action, a polished artifact, agreement, confidence, speed, independence, or output as mastery or universal transfer.","Follow the material, equipment, consent and scope limits in the setup and each action. Keep only a few entries, use a trusted helper or store an accessible contact reminder. No deliberate setback, stopping treatment, sleep loss, substance use or forced activity is permitted as a test. Seek prompt professional help for new or worsening concerns; do not wait for the scheduled review when urgent support is needed.","Pause Relapse, recurrence, and nonlinear recovery when capacity, consent, authority, privacy, access, care duties, uncertainty, distress, fatigue, pain, resource scarcity, or changed circumstances make the next action unwise.","Stop the Relapse, recurrence, and nonlinear recovery practice for harm, coercion, retaliation risk, emergency conditions, unsafe exposure, worsening symptoms, protected information, legal or policy conflict, or pressure to exceed the stated boundary.","Educational and developmental only; trauma, suicidality, abuse, psychosis, addiction, severe functional decline, and medical concerns require qualified professional or emergency support.","Qualified specialist approval recorded. | Jurisdictional, emergency, and vulnerable-person boundaries reviewed. | No unverified hotline, diagnosis, treatment, confrontation, or coercive exposure. | Evidence is qualified-only or non-scored unless separately approved."
PRACTICE-COMP-0612-CARE-RECIPIENT-AGENCY-AND-SAFEGUARDING-01,RISK-HIGH,draft,pending_specialist_expansion_review,Licensed or otherwise appropriately qualified specialist for the jurisdiction and topic.,qualified_only,SP-STRUCTURED-EVIDENCE-ELIGIBLE,true,"Do not collect or retain sensitive case detail unless separately justified, consented, secured, and reviewed.","Using the Care-recipient agency and safeguarding protocol to rank worth, coerce participation, demand disclosure, override rest or care, certify competence, or justify decisions beyond the recorded context. | Treating a completed Care-recipient agency and safeguarding action, a polished artifact, agreement, confidence, speed, independence, or output as mastery or universal transfer.","Follow the material, equipment, consent and scope limits in the setup and each action. Use a communication aid, interpreter, chosen advocate or plain-language version without bypassing the recipient. Do not record personal allegations or care details in the app. If there is an actual concern, use appropriate local safeguarding or emergency help promptly; completing a worksheet is never a condition for receiving protection.","Pause Care-recipient agency and safeguarding when capacity, consent, authority, privacy, access, care duties, uncertainty, distress, fatigue, pain, resource scarcity, or changed circumstances make the next action unwise.","Stop the Care-recipient agency and safeguarding practice for harm, coercion, retaliation risk, emergency conditions, unsafe exposure, worsening symptoms, protected information, legal or policy conflict, or pressure to exceed the stated boundary.","Educational and developmental only; trauma, suicidality, abuse, psychosis, addiction, severe functional decline, and medical concerns require qualified professional or emergency support.","Qualified specialist approval recorded. | Jurisdictional, emergency, and vulnerable-person boundaries reviewed. | No unverified hotline, diagnosis, treatment, confrontation, or coercive exposure. | Evidence is qualified-only or non-scored unless separately approved."
PRACTICE-COMP-0613-ABLEISM-STIGMA-AND-INCLUSIVE-PARTICIPATION-01,RISK-HIGH,draft,pending_specialist_expansion_review,Licensed or otherwise appropriately qualified specialist for the jurisdiction and topic.,qualified_only,SP-STRUCTURED-EVIDENCE-ELIGIBLE,true,"Do not collect or retain sensitive case detail unless separately justified, consented, secured, and reviewed.","Using the Ableism, stigma, and inclusive participation protocol to rank worth, coerce participation, demand disclosure, override rest or care, certify competence, or justify decisions beyond the recorded context. | Treating a completed Ableism, stigma, and inclusive participation action, a polished artifact, agreement, confidence, speed, independence, or output as mastery or universal transfer.","Follow the material, equipment, consent and scope limits in the setup and each action. Use a private invitation, small group or fictional notice if you lack policy authority. Work in the person's preferred language and format. No disability simulation, public confrontation, compulsory disclosure or claim that good intentions prove access is required. Formal legal questions need relevant local expertise.","Pause Ableism, stigma, and inclusive participation when capacity, consent, authority, privacy, access, care duties, uncertainty, distress, fatigue, pain, resource scarcity, or changed circumstances make the next action unwise.","Stop the Ableism, stigma, and inclusive participation practice for harm, coercion, retaliation risk, emergency conditions, unsafe exposure, worsening symptoms, protected information, legal or policy conflict, or pressure to exceed the stated boundary.","Educational and developmental only; trauma, suicidality, abuse, psychosis, addiction, severe functional decline, and medical concerns require qualified professional or emergency support.","Qualified specialist approval recorded. | Jurisdictional, emergency, and vulnerable-person boundaries reviewed. | No unverified hotline, diagnosis, treatment, confrontation, or coercive exposure. | Evidence is qualified-only or non-scored unless separately approved."
PRACTICE-COMP-0614-PROFESSIONAL-AND-EMERGENCY-BOUNDARIES-01,RISK-HIGH,draft,pending_specialist_expansion_review,Licensed or otherwise appropriately qualified specialist for the jurisdiction and topic.,qualified_only,SP-STRUCTURED-EVIDENCE-ELIGIBLE,true,"Do not collect or retain sensitive case detail unless separately justified, consented, secured, and reviewed.","Using the Professional and emergency boundaries protocol to rank worth, coerce participation, demand disclosure, override rest or care, certify competence, or justify decisions beyond the recorded context. | Treating a completed Professional and emergency boundaries action, a polished artifact, agreement, confidence, speed, independence, or output as mastery or universal transfer.","Follow the material, equipment, consent and scope limits in the setup and each action. Prepare text or communication-aid wording and a locally appropriate accessible contact route. A trusted helper may assist with public information. Keep the rehearsal fictional and brief. Contact details and service scope can change, so check the card before relying on it later; actual urgency takes precedence over this practice.","Pause Professional and emergency boundaries when capacity, consent, authority, privacy, access, care duties, uncertainty, distress, fatigue, pain, resource scarcity, or changed circumstances make the next action unwise.","Stop the Professional and emergency boundaries practice for harm, coercion, retaliation risk, emergency conditions, unsafe exposure, worsening symptoms, protected information, legal or policy conflict, or pressure to exceed the stated boundary.","Educational and developmental only; trauma, suicidality, abuse, psychosis, addiction, severe functional decline, and medical concerns require qualified professional or emergency support.","Qualified specialist approval recorded. | Jurisdictional, emergency, and vulnerable-person boundaries reviewed. | No unverified hotline, diagnosis, treatment, confrontation, or coercive exposure. | Evidence is qualified-only or non-scored unless separately approved."
PRACTICE-COMP-0701-EMOTIONAL-VOCABULARY-AND-DIFFERENTIATION-01,RISK-HIGH,draft,pending_specialist_expansion_review,Licensed or otherwise appropriately qualified specialist for the jurisdiction and topic.,qualified_only,SP-STRUCTURED-EVIDENCE-ELIGIBLE,true,"Do not collect or retain sensitive case detail unless separately justified, consented, secured, and reviewed.","Using the Emotional vocabulary and differentiation protocol to rank worth, coerce participation, demand disclosure, override rest or care, certify competence, or justify decisions beyond the recorded context. | Treating a completed Emotional vocabulary and differentiation action, a polished artifact, agreement, confidence, speed, independence, or output as mastery or universal transfer.","Follow the material, equipment, consent and scope limits in the setup and each action. Use icons, a word bank, speech-to-text or only event–urge–response if detailed interoception is inaccessible. A fictional case practices classification but is not personal emotional evidence. Stop and seek suitable support if attention to the episode becomes overwhelming or unsafe.","Pause Emotional vocabulary and differentiation when capacity, consent, authority, privacy, access, care duties, uncertainty, distress, fatigue, pain, resource scarcity, or changed circumstances make the next action unwise.","Stop the Emotional vocabulary and differentiation practice for harm, coercion, retaliation risk, emergency conditions, unsafe exposure, worsening symptoms, protected information, legal or policy conflict, or pressure to exceed the stated boundary.",Not therapy or diagnosis; severe or persistent symptoms require qualified mental-health or medical care.,"Qualified specialist approval recorded. | Jurisdictional, emergency, and vulnerable-person boundaries reviewed. | No unverified hotline, diagnosis, treatment, confrontation, or coercive exposure. | Evidence is qualified-only or non-scored unless separately approved."
PRACTICE-COMP-0702-BODY-BASED-EMOTIONAL-AWARENESS-01,RISK-HIGH,draft,pending_specialist_expansion_review,Licensed or otherwise appropriately qualified specialist for the jurisdiction and topic.,qualified_only,SP-STRUCTURED-EVIDENCE-ELIGIBLE,true,"Do not collect or retain sensitive case detail unless separately justified, consented, secured, and reviewed.","Using the Body-based emotional awareness protocol to rank worth, coerce participation, demand disclosure, override rest or care, certify competence, or justify decisions beyond the recorded context. | Treating a completed Body-based emotional awareness action, a polished artifact, agreement, confidence, speed, independence, or output as mastery or universal transfer.","Follow the material, equipment, consent and scope limits in the setup and each action. Use external cues such as speech speed, hand pressure or pacing if internal sensation is hard to access. Choose orienting, movement or consultation instead of breath work when breath attention is unpleasant. Do not provoke activation; a neutral scripted scenario tests recognition only.","Pause Body-based emotional awareness when capacity, consent, authority, privacy, access, care duties, uncertainty, distress, fatigue, pain, resource scarcity, or changed circumstances make the next action unwise.","Stop the Body-based emotional awareness practice for harm, coercion, retaliation risk, emergency conditions, unsafe exposure, worsening symptoms, protected information, legal or policy conflict, or pressure to exceed the stated boundary.",Not therapy or diagnosis; severe or persistent symptoms require qualified mental-health or medical care.,"Qualified specialist approval recorded. | Jurisdictional, emergency, and vulnerable-person boundaries reviewed. | No unverified hotline, diagnosis, treatment, confrontation, or coercive exposure. | Evidence is qualified-only or non-scored unless separately approved."
PRACTICE-COMP-0703-THE-PAUSE-BETWEEN-FEELING-AND-ACTION-01,RISK-HIGH,draft,pending_specialist_expansion_review,Licensed or otherwise appropriately qualified specialist for the jurisdiction and topic.,qualified_only,SP-STRUCTURED-EVIDENCE-ELIGIBLE,true,"Do not collect or retain sensitive case detail unless separately justified, consented, secured, and reviewed.","Using the The pause between feeling and action protocol to rank worth, coerce participation, demand disclosure, override rest or care, certify competence, or justify decisions beyond the recorded context. | Treating a completed The pause between feeling and action action, a polished artifact, agreement, confidence, speed, independence, or output as mastery or universal transfer.","Follow the material, equipment, consent and scope limits in the setup and each action. Use a visual card, device reminder, prewritten message or support person. If speaking is unsafe or inaccessible, leave the situation and use an appropriate communication channel later. Do not use a pause to remain in danger, postpone urgent care or force another person to wait indefinitely.","Pause The pause between feeling and action when capacity, consent, authority, privacy, access, care duties, uncertainty, distress, fatigue, pain, resource scarcity, or changed circumstances make the next action unwise.","Stop the The pause between feeling and action practice for harm, coercion, retaliation risk, emergency conditions, unsafe exposure, worsening symptoms, protected information, legal or policy conflict, or pressure to exceed the stated boundary.",Not therapy or diagnosis; severe or persistent symptoms require qualified mental-health or medical care.,"Qualified specialist approval recorded. | Jurisdictional, emergency, and vulnerable-person boundaries reviewed. | No unverified hotline, diagnosis, treatment, confrontation, or coercive exposure. | Evidence is qualified-only or non-scored unless separately approved."
PRACTICE-COMP-0704-ANXIETY-AND-COURAGEOUS-EXPOSURE-01,RISK-HIGH,draft,pending_specialist_expansion_review,Licensed or otherwise appropriately qualified specialist for the jurisdiction and topic.,qualified_only,SP-STRUCTURED-EVIDENCE-ELIGIBLE,true,"Do not collect or retain sensitive case detail unless separately justified, consented, secured, and reviewed.","Using the Anxiety and courageous exposure protocol to rank worth, coerce participation, demand disclosure, override rest or care, certify competence, or justify decisions beyond the recorded context. | Treating a completed Anxiety and courageous exposure action, a polished artifact, agreement, confidence, speed, independence, or output as mastery or universal transfer.","Follow the material, equipment, consent and scope limits in the setup and each action. Use a written, remote, supported or speech-device version of the same ordinary participation goal. If no appropriate live opportunity exists, complete the ladder and one rehearsal but label behavioral transfer untested. Do not remove prescribed supports or conduct unsupervised exposure to clinical fears.","Pause Anxiety and courageous exposure when capacity, consent, authority, privacy, access, care duties, uncertainty, distress, fatigue, pain, resource scarcity, or changed circumstances make the next action unwise.","Stop the Anxiety and courageous exposure practice for harm, coercion, retaliation risk, emergency conditions, unsafe exposure, worsening symptoms, protected information, legal or policy conflict, or pressure to exceed the stated boundary.",Not therapy or diagnosis; severe or persistent symptoms require qualified mental-health or medical care.,"Qualified specialist approval recorded. | Jurisdictional, emergency, and vulnerable-person boundaries reviewed. | No unverified hotline, diagnosis, treatment, confrontation, or coercive exposure. | Evidence is qualified-only or non-scored unless separately approved."
PRACTICE-COMP-0705-ANGER-AND-ASSERTIVE-REPAIR-01,RISK-HIGH,draft,pending_specialist_expansion_review,Licensed or otherwise appropriately qualified specialist for the jurisdiction and topic.,qualified_only,SP-STRUCTURED-EVIDENCE-ELIGIBLE,true,"Do not collect or retain sensitive case detail unless separately justified, consented, secured, and reviewed.","Using the Anger and assertive repair protocol to rank worth, coerce participation, demand disclosure, override rest or care, certify competence, or justify decisions beyond the recorded context. | Treating a completed Anger and assertive repair action, a polished artifact, agreement, confidence, speed, independence, or output as mastery or universal transfer.","Follow the material, equipment, consent and scope limits in the setup and each action. Use writing, AAC, an interpreter or a neutral support person with consent. Rehearse against the supplied case when no willing person is available; this does not prove live assertiveness. In abusive, discriminatory or retaliatory contexts, prioritize safety, documentation and appropriate support over direct confrontation.","Pause Anger and assertive repair when capacity, consent, authority, privacy, access, care duties, uncertainty, distress, fatigue, pain, resource scarcity, or changed circumstances make the next action unwise.","Stop the Anger and assertive repair practice for harm, coercion, retaliation risk, emergency conditions, unsafe exposure, worsening symptoms, protected information, legal or policy conflict, or pressure to exceed the stated boundary.",Not therapy or diagnosis; severe or persistent symptoms require qualified mental-health or medical care.,"Qualified specialist approval recorded. | Jurisdictional, emergency, and vulnerable-person boundaries reviewed. | No unverified hotline, diagnosis, treatment, confrontation, or coercive exposure. | Evidence is qualified-only or non-scored unless separately approved."
PRACTICE-COMP-0706-SADNESS-GRIEF-AND-LOSS-01,RISK-HIGH,draft,pending_specialist_expansion_review,Licensed or otherwise appropriately qualified specialist for the jurisdiction and topic.,qualified_only,SP-STRUCTURED-EVIDENCE-ELIGIBLE,true,"Do not collect or retain sensitive case detail unless separately justified, consented, secured, and reviewed.","Using the Sadness, grief, and loss protocol to rank worth, coerce participation, demand disclosure, override rest or care, certify competence, or justify decisions beyond the recorded context. | Treating a completed Sadness, grief, and loss action, a polished artifact, agreement, confidence, speed, independence, or output as mastery or universal transfer.","Follow the material, equipment, consent and scope limits in the setup and each action. Use objects, images, music without quoted lyrics, brief dictation or a support person. A fictional case practices the structure but is not evidence of grieving a real loss. For recent, traumatic, function-impairing or unsafe grief, use appropriate personal, spiritual, medical or mental-health support instead.","Pause Sadness, grief, and loss when capacity, consent, authority, privacy, access, care duties, uncertainty, distress, fatigue, pain, resource scarcity, or changed circumstances make the next action unwise.","Stop the Sadness, grief, and loss practice for harm, coercion, retaliation risk, emergency conditions, unsafe exposure, worsening symptoms, protected information, legal or policy conflict, or pressure to exceed the stated boundary.",Not therapy or diagnosis; severe or persistent symptoms require qualified mental-health or medical care.,"Qualified specialist approval recorded. | Jurisdictional, emergency, and vulnerable-person boundaries reviewed. | No unverified hotline, diagnosis, treatment, confrontation, or coercive exposure. | Evidence is qualified-only or non-scored unless separately approved."
PRACTICE-COMP-0707-SHAME-GUILT-AND-REMORSE-01,RISK-HIGH,draft,pending_specialist_expansion_review,Licensed or otherwise appropriately qualified specialist for the jurisdiction and topic.,qualified_only,SP-STRUCTURED-EVIDENCE-ELIGIBLE,true,"Do not collect or retain sensitive case detail unless separately justified, consented, secured, and reviewed.","Using the Shame, guilt, and remorse protocol to rank worth, coerce participation, demand disclosure, override rest or care, certify competence, or justify decisions beyond the recorded context. | Treating a completed Shame, guilt, and remorse action, a polished artifact, agreement, confidence, speed, independence, or output as mastery or universal transfer.","Follow the material, equipment, consent and scope limits in the setup and each action. Use a private voice note, advisor or fictional case. No disclosure of trauma, illegal conduct or identifying details is required. Seek appropriate legal, clinical, safeguarding or spiritual counsel for high-stakes harm; do not use this exercise to pressure contact or bypass formal accountability.","Pause Shame, guilt, and remorse when capacity, consent, authority, privacy, access, care duties, uncertainty, distress, fatigue, pain, resource scarcity, or changed circumstances make the next action unwise.","Stop the Shame, guilt, and remorse practice for harm, coercion, retaliation risk, emergency conditions, unsafe exposure, worsening symptoms, protected information, legal or policy conflict, or pressure to exceed the stated boundary.",Not therapy or diagnosis; severe or persistent symptoms require qualified mental-health or medical care.,"Qualified specialist approval recorded. | Jurisdictional, emergency, and vulnerable-person boundaries reviewed. | No unverified hotline, diagnosis, treatment, confrontation, or coercive exposure. | Evidence is qualified-only or non-scored unless separately approved."
PRACTICE-COMP-0708-ENVY-JEALOUSY-AND-COMPARISON-01,RISK-HIGH,draft,pending_specialist_expansion_review,Licensed or otherwise appropriately qualified specialist for the jurisdiction and topic.,qualified_only,SP-STRUCTURED-EVIDENCE-ELIGIBLE,true,"Do not collect or retain sensitive case detail unless separately justified, consented, secured, and reviewed.","Using the Envy, jealousy, and comparison protocol to rank worth, coerce participation, demand disclosure, override rest or care, certify competence, or justify decisions beyond the recorded context. | Treating a completed Envy, jealousy, and comparison action, a polished artifact, agreement, confidence, speed, independence, or output as mastery or universal transfer.","Follow the material, equipment, consent and scope limits in the setup and each action. Use an invented recognition case or an anonymized media comparison. Rehearsal can test classification and response selection but not a live relationship. If jealousy occurs with coercion, stalking, abuse risk or severe distress, prioritize safety and qualified support.","Pause Envy, jealousy, and comparison when capacity, consent, authority, privacy, access, care duties, uncertainty, distress, fatigue, pain, resource scarcity, or changed circumstances make the next action unwise.","Stop the Envy, jealousy, and comparison practice for harm, coercion, retaliation risk, emergency conditions, unsafe exposure, worsening symptoms, protected information, legal or policy conflict, or pressure to exceed the stated boundary.",Not therapy or diagnosis; severe or persistent symptoms require qualified mental-health or medical care.,"Qualified specialist approval recorded. | Jurisdictional, emergency, and vulnerable-person boundaries reviewed. | No unverified hotline, diagnosis, treatment, confrontation, or coercive exposure. | Evidence is qualified-only or non-scored unless separately approved."
PRACTICE-COMP-0709-HEALTHY-EMOTIONAL-EXPRESSION-01,RISK-HIGH,draft,pending_specialist_expansion_review,Licensed or otherwise appropriately qualified specialist for the jurisdiction and topic.,qualified_only,SP-STRUCTURED-EVIDENCE-ELIGIBLE,true,"Do not collect or retain sensitive case detail unless separately justified, consented, secured, and reviewed.","Using the Healthy emotional expression protocol to rank worth, coerce participation, demand disclosure, override rest or care, certify competence, or justify decisions beyond the recorded context. | Treating a completed Healthy emotional expression action, a polished artifact, agreement, confidence, speed, independence, or output as mastery or universal transfer.","Follow the material, equipment, consent and scope limits in the setup and each action. Use text, email, AAC, an interpreter or a consented support person. Rehearse with the supplied case when no trustworthy listener is available, while leaving live expression untested. Do not disclose to an abusive, retaliatory or coercive person; use safety planning or qualified support instead.","Pause Healthy emotional expression when capacity, consent, authority, privacy, access, care duties, uncertainty, distress, fatigue, pain, resource scarcity, or changed circumstances make the next action unwise.","Stop the Healthy emotional expression practice for harm, coercion, retaliation risk, emergency conditions, unsafe exposure, worsening symptoms, protected information, legal or policy conflict, or pressure to exceed the stated boundary.",Not therapy or diagnosis; severe or persistent symptoms require qualified mental-health or medical care.,"Qualified specialist approval recorded. | Jurisdictional, emergency, and vulnerable-person boundaries reviewed. | No unverified hotline, diagnosis, treatment, confrontation, or coercive exposure. | Evidence is qualified-only or non-scored unless separately approved."
PRACTICE-COMP-0710-SELF-COMPASSION-WITH-STANDARDS-01,RISK-HIGH,draft,pending_specialist_expansion_review,Licensed or otherwise appropriately qualified specialist for the jurisdiction and topic.,qualified_only,SP-STRUCTURED-EVIDENCE-ELIGIBLE,true,"Do not collect or retain sensitive case detail unless separately justified, consented, secured, and reviewed.","Using the Self-compassion with standards protocol to rank worth, coerce participation, demand disclosure, override rest or care, certify competence, or justify decisions beyond the recorded context. | Treating a completed Self-compassion with standards action, a polished artifact, agreement, confidence, speed, independence, or output as mastery or universal transfer.","Follow the material, equipment, consent and scope limits in the setup and each action. Use a voice note, checklist or trusted support person. A fictional missed-session case practices the distinction but does not demonstrate personal follow-through. When self-criticism includes self-harm risk or severe persistent symptoms, use crisis or qualified care rather than this exercise alone.","Pause Self-compassion with standards when capacity, consent, authority, privacy, access, care duties, uncertainty, distress, fatigue, pain, resource scarcity, or changed circumstances make the next action unwise.","Stop the Self-compassion with standards practice for harm, coercion, retaliation risk, emergency conditions, unsafe exposure, worsening symptoms, protected information, legal or policy conflict, or pressure to exceed the stated boundary.",Not therapy or diagnosis; severe or persistent symptoms require qualified mental-health or medical care.,"Qualified specialist approval recorded. | Jurisdictional, emergency, and vulnerable-person boundaries reviewed. | No unverified hotline, diagnosis, treatment, confrontation, or coercive exposure. | Evidence is qualified-only or non-scored unless separately approved."
PRACTICE-COMP-0711-HOPE-OPTIMISM-JOY-AND-CONTENTMENT-01,RISK-HIGH,draft,pending_specialist_expansion_review,Licensed or otherwise appropriately qualified specialist for the jurisdiction and topic.,qualified_only,SP-STRUCTURED-EVIDENCE-ELIGIBLE,true,"Do not collect or retain sensitive case detail unless separately justified, consented, secured, and reviewed.","Using the Hope, optimism, joy, and contentment protocol to rank worth, coerce participation, demand disclosure, override rest or care, certify competence, or justify decisions beyond the recorded context. | Treating a completed Hope, optimism, joy, and contentment action, a polished artifact, agreement, confidence, speed, independence, or output as mastery or universal transfer.","Follow the material, equipment, consent and scope limits in the setup and each action. Use photos, objects, sensory description, dictation or a supporter. If joy is inaccessible, record a neutral support or reduced burden rather than fabricate gratitude. Severe or persistent loss of interest, hopelessness or impaired functioning merits qualified support.","Pause Hope, optimism, joy, and contentment when capacity, consent, authority, privacy, access, care duties, uncertainty, distress, fatigue, pain, resource scarcity, or changed circumstances make the next action unwise.","Stop the Hope, optimism, joy, and contentment practice for harm, coercion, retaliation risk, emergency conditions, unsafe exposure, worsening symptoms, protected information, legal or policy conflict, or pressure to exceed the stated boundary.",Not therapy or diagnosis; severe or persistent symptoms require qualified mental-health or medical care.,"Qualified specialist approval recorded. | Jurisdictional, emergency, and vulnerable-person boundaries reviewed. | No unverified hotline, diagnosis, treatment, confrontation, or coercive exposure. | Evidence is qualified-only or non-scored unless separately approved."
PRACTICE-COMP-0712-RESILIENCE-AND-POST-SETBACK-ADAPTATION-01,RISK-HIGH,draft,pending_specialist_expansion_review,Licensed or otherwise appropriately qualified specialist for the jurisdiction and topic.,qualified_only,SP-STRUCTURED-EVIDENCE-ELIGIBLE,true,"Do not collect or retain sensitive case detail unless separately justified, consented, secured, and reviewed.","Using the Resilience and post-setback adaptation protocol to rank worth, coerce participation, demand disclosure, override rest or care, certify competence, or justify decisions beyond the recorded context. | Treating a completed Resilience and post-setback adaptation action, a polished artifact, agreement, confidence, speed, independence, or output as mastery or universal transfer.","Follow the material, equipment, consent and scope limits in the setup and each action. Use a visual six-box form, dictation or a support person. A fictional failed-task case practices analysis only. Do not rush debriefing after trauma, bereavement or medical crisis; use qualified support and stabilization before any optional learning exercise.","Pause Resilience and post-setback adaptation when capacity, consent, authority, privacy, access, care duties, uncertainty, distress, fatigue, pain, resource scarcity, or changed circumstances make the next action unwise.","Stop the Resilience and post-setback adaptation practice for harm, coercion, retaliation risk, emergency conditions, unsafe exposure, worsening symptoms, protected information, legal or policy conflict, or pressure to exceed the stated boundary.",Not therapy or diagnosis; severe or persistent symptoms require qualified mental-health or medical care.,"Qualified specialist approval recorded. | Jurisdictional, emergency, and vulnerable-person boundaries reviewed. | No unverified hotline, diagnosis, treatment, confrontation, or coercive exposure. | Evidence is qualified-only or non-scored unless separately approved."
PRACTICE-COMP-0713-MENTAL-HEALTH-LITERACY-AND-HELP-SEEKING-01,RISK-HIGH,draft,pending_specialist_expansion_review,Licensed or otherwise appropriately qualified specialist for the jurisdiction and topic.,qualified_only,SP-STRUCTURED-EVIDENCE-ELIGIBLE,true,"Do not collect or retain sensitive case detail unless separately justified, consented, secured, and reviewed.","Using the Mental-health literacy and help-seeking protocol to rank worth, coerce participation, demand disclosure, override rest or care, certify competence, or justify decisions beyond the recorded context. | Treating a completed Mental-health literacy and help-seeking action, a polished artifact, agreement, confidence, speed, independence, or output as mastery or universal transfer.","Follow the material, equipment, consent and scope limits in the setup and each action. Use a wallet card, screen-reader-friendly note, translated resource or trusted helper. Keep exact symptoms and identity details off shared devices. When immediate danger is present, contact current local emergency services or go to an appropriate emergency setting rather than completing the worksheet.","Pause Mental-health literacy and help-seeking when capacity, consent, authority, privacy, access, care duties, uncertainty, distress, fatigue, pain, resource scarcity, or changed circumstances make the next action unwise.","Stop the Mental-health literacy and help-seeking practice for harm, coercion, retaliation risk, emergency conditions, unsafe exposure, worsening symptoms, protected information, legal or policy conflict, or pressure to exceed the stated boundary.",Not therapy or diagnosis; severe or persistent symptoms require qualified mental-health or medical care.,"Qualified specialist approval recorded. | Jurisdictional, emergency, and vulnerable-person boundaries reviewed. | No unverified hotline, diagnosis, treatment, confrontation, or coercive exposure. | Evidence is qualified-only or non-scored unless separately approved."
PRACTICE-COMP-0714-CHRONIC-DYSREGULATION-AND-SKILL-GENERALIZATION-01,RISK-HIGH,draft,pending_specialist_expansion_review,Licensed or otherwise appropriately qualified specialist for the jurisdiction and topic.,qualified_only,SP-STRUCTURED-EVIDENCE-ELIGIBLE,true,"Do not collect or retain sensitive case detail unless separately justified, consented, secured, and reviewed.","Using the Chronic dysregulation and skill generalization protocol to rank worth, coerce participation, demand disclosure, override rest or care, certify competence, or justify decisions beyond the recorded context. | Treating a completed Chronic dysregulation and skill generalization action, a polished artifact, agreement, confidence, speed, independence, or output as mastery or universal transfer.","Follow the material, equipment, consent and scope limits in the setup and each action. Use external prompts, AAC, sensory accommodations or a helper, and select strategies compatible with existing care. A scripted scenario can test recall of the menu but not regulation under stress. Do not change medication, treatment or a clinician's safety plan through this exercise.","Pause Chronic dysregulation and skill generalization when capacity, consent, authority, privacy, access, care duties, uncertainty, distress, fatigue, pain, resource scarcity, or changed circumstances make the next action unwise.","Stop the Chronic dysregulation and skill generalization practice for harm, coercion, retaliation risk, emergency conditions, unsafe exposure, worsening symptoms, protected information, legal or policy conflict, or pressure to exceed the stated boundary.",Not therapy or diagnosis; severe or persistent symptoms require qualified mental-health or medical care.,"Qualified specialist approval recorded. | Jurisdictional, emergency, and vulnerable-person boundaries reviewed. | No unverified hotline, diagnosis, treatment, confrontation, or coercive exposure. | Evidence is qualified-only or non-scored unless separately approved."
PRACTICE-COMP-0801-ATTENTION-AUDIT-01,RISK-LOW,draft,pending,Trained content reviewer; specialist review when the actual topic introduces a moderate or high-risk context.,active_if_separately_approved,SP-STRUCTURED-EVIDENCE-ELIGIBLE,true,Collect only the minimum private context needed to run the practice; do not request identifying details about other people.,"Using the Attention audit protocol to rank worth, coerce participation, demand disclosure, override rest or care, certify competence, or justify decisions beyond the recorded context. | Treating a completed Attention audit action, a polished artifact, agreement, confidence, speed, independence, or output as mastery or universal transfer.","Follow the material, equipment, consent and scope limits in the setup and each action. Use voice notes, tactile category markers, or a consenting helper who records only categories; support is not a deficit. An offline equivalent is an unread magazine beside paperwork or background television. Shorten both activity windows equally. Keep medically necessary routines and all essential alerts. Stop for safety responsibilities or distress. Persistent intrusive thoughts are not an invitation to monitor them continuously; use an ordinary external activity instead and seek appropriate support when needed.","Pause Attention audit when capacity, consent, authority, privacy, access, care duties, uncertainty, distress, fatigue, pain, resource scarcity, or changed circumstances make the next action unwise.","Stop the Attention audit practice for harm, coercion, retaliation risk, emergency conditions, unsafe exposure, worsening symptoms, protected information, legal or policy conflict, or pressure to exceed the stated boundary.","Use qualified, local, or emergency support whenever the situation exceeds a voluntary low-stakes developmental practice.","Content, accessibility, privacy, and safety review complete. | Evidence and scoring contracts independently approved before score activation."
PRACTICE-COMP-0803-IMPULSE-CONTROL-01,RISK-LOW,draft,pending,Trained content reviewer; specialist review when the actual topic introduces a moderate or high-risk context.,active_if_separately_approved,SP-STRUCTURED-EVIDENCE-ELIGIBLE,true,Collect only the minimum private context needed to run the practice; do not request identifying details about other people.,"Using the Impulse control protocol to rank worth, coerce participation, demand disclosure, override rest or care, certify competence, or justify decisions beyond the recorded context. | Treating a completed Impulse control action, a polished artifact, agreement, confidence, speed, independence, or output as mastery or universal transfer.","Follow the material, equipment, consent and scope limits in the setup and each action. Use a visual cue, a short spoken phrase, or an agreed nonjudgmental reminder. A pause can be shorter than thirty seconds; the number is a practice default, not a treatment dose. Do not delay food, water, medication, sleep, toileting, safety responses, or withdrawal care. Never test consent by provoking an intimate situation. Use a neutral context or defer when urges involve dangerous behavior or distress beyond an ordinary educational practice.","Pause Impulse control when capacity, consent, authority, privacy, access, care duties, uncertainty, distress, fatigue, pain, resource scarcity, or changed circumstances make the next action unwise.","Stop the Impulse control practice for harm, coercion, retaliation risk, emergency conditions, unsafe exposure, worsening symptoms, protected information, legal or policy conflict, or pressure to exceed the stated boundary.","Use qualified, local, or emergency support whenever the situation exceeds a voluntary low-stakes developmental practice.","Content, accessibility, privacy, and safety review complete. | Evidence and scoring contracts independently approved before score activation."
PRACTICE-COMP-0804-DESIRE-CRAVING-AND-LUST-01,RISK-LOW,draft,pending,Trained content reviewer; specialist review when the actual topic introduces a moderate or high-risk context.,active_if_separately_approved,SP-STRUCTURED-EVIDENCE-ELIGIBLE,true,Collect only the minimum private context needed to run the practice; do not request identifying details about other people.,"Using the Desire, craving, and lust protocol to rank worth, coerce participation, demand disclosure, override rest or care, certify competence, or justify decisions beyond the recorded context. | Treating a completed Desire, craving, and lust action, a polished artifact, agreement, confidence, speed, independence, or output as mastery or universal transfer.","Follow the material, equipment, consent and scope limits in the setup and each action. Use a spoken note or a neutral desire such as checking an optional score or choosing background entertainment. Do not evoke distressing material, provoke jealousy, involve an unwilling person, restrict nourishment, change medication, or attempt substance withdrawal. An ordinary pause need not last ninety seconds. Private attraction or intimate behavior need not be disclosed; a fictional dignity example is conceptual rehearsal only. Stop and seek appropriate support when the situation exceeds a safe low-stakes exercise.","Pause Desire, craving, and lust when capacity, consent, authority, privacy, access, care duties, uncertainty, distress, fatigue, pain, resource scarcity, or changed circumstances make the next action unwise.","Stop the Desire, craving, and lust practice for harm, coercion, retaliation risk, emergency conditions, unsafe exposure, worsening symptoms, protected information, legal or policy conflict, or pressure to exceed the stated boundary.","Use qualified, local, or emergency support whenever the situation exceeds a voluntary low-stakes developmental practice.","Content, accessibility, privacy, and safety review complete. | Evidence and scoring contracts independently approved before score activation."
PRACTICE-COMP-0805-TOLERANCE-OF-DISCOMFORT-01,RISK-LOW,draft,pending,Trained content reviewer; specialist review when the actual topic introduces a moderate or high-risk context.,active_if_separately_approved,SP-STRUCTURED-EVIDENCE-ELIGIBLE,true,Collect only the minimum private context needed to run the practice; do not request identifying details about other people.,"Using the Tolerance of discomfort protocol to rank worth, coerce participation, demand disclosure, override rest or care, certify competence, or justify decisions beyond the recorded context. | Treating a completed Tolerance of discomfort action, a polished artifact, agreement, confidence, speed, independence, or output as mastery or universal transfer.","Follow the material, equipment, consent and scope limits in the setup and each action. Use large-print or tactile categories, an accessible surface, voice labels, or a consenting helper; a digital five-item sort is an alternative. Shorten the task or choose a different ordinary activity when needed. Never induce pain, restrict sleep or food, withhold care, expose trauma, or persist through symptoms to complete the practice. A safe early stop is information, not failure, but an unattempted action is not marked completed.","Pause Tolerance of discomfort when capacity, consent, authority, privacy, access, care duties, uncertainty, distress, fatigue, pain, resource scarcity, or changed circumstances make the next action unwise.","Stop the Tolerance of discomfort practice for harm, coercion, retaliation risk, emergency conditions, unsafe exposure, worsening symptoms, protected information, legal or policy conflict, or pressure to exceed the stated boundary.","Use qualified, local, or emergency support whenever the situation exceeds a voluntary low-stakes developmental practice.","Content, accessibility, privacy, and safety review complete. | Evidence and scoring contracts independently approved before score activation."
PRACTICE-COMP-0807-HABIT-AND-ENVIRONMENT-DESIGN-01,RISK-LOW,draft,pending,Trained content reviewer; specialist review when the actual topic introduces a moderate or high-risk context.,active_if_separately_approved,SP-STRUCTURED-EVIDENCE-ELIGIBLE,true,Collect only the minimum private context needed to run the practice; do not request identifying details about other people.,"Using the Habit and environment design protocol to rank worth, coerce participation, demand disclosure, override rest or care, certify competence, or justify decisions beyond the recorded context. | Treating a completed Habit and environment design action, a polished artifact, agreement, confidence, speed, independence, or output as mastery or universal transfer.","Follow the material, equipment, consent and scope limits in the setup and each action. Use accessible placement, tactile or visual cues, a one-step voice checklist, or materials already available. The equivalent can be setting out a chosen craft or language-practice item rather than a book. Retain access supports and shared-space consent. Accountability is optional, specific, revocable, and non-punitive. Do not introduce public reporting, financial penalties, blocked essential access, or surveillance. A changed need can end the habit without implying failure.","Pause Habit and environment design when capacity, consent, authority, privacy, access, care duties, uncertainty, distress, fatigue, pain, resource scarcity, or changed circumstances make the next action unwise.","Stop the Habit and environment design practice for harm, coercion, retaliation risk, emergency conditions, unsafe exposure, worsening symptoms, protected information, legal or policy conflict, or pressure to exceed the stated boundary.","Use qualified, local, or emergency support whenever the situation exceeds a voluntary low-stakes developmental practice.","Content, accessibility, privacy, and safety review complete. | Evidence and scoring contracts independently approved before score activation."
PRACTICE-COMP-0808-CONSISTENCY-AND-MINIMUM-STANDARDS-01,RISK-LOW,draft,pending,Trained content reviewer; specialist review when the actual topic introduces a moderate or high-risk context.,active_if_separately_approved,SP-STRUCTURED-EVIDENCE-ELIGIBLE,true,Collect only the minimum private context needed to run the practice; do not request identifying details about other people.,"Using the Consistency and minimum standards protocol to rank worth, coerce participation, demand disclosure, override rest or care, certify competence, or justify decisions beyond the recorded context. | Treating a completed Consistency and minimum standards action, a polished artifact, agreement, confidence, speed, independence, or output as mastery or universal transfer.","Follow the material, equipment, consent and scope limits in the setup and each action. Use speech, signs, typing, audio, tactile materials, or a different chosen learning or creative activity. Adjust both standards to actual access and capacity before the trial. A pause is legitimate and carries no worth judgment, but is not a completed practice action. Do not use this scheme for prescribed treatment, safety checks, legally required work, or another person’s essential care. Avoid streak counters or catch-up punishment.","Pause Consistency and minimum standards when capacity, consent, authority, privacy, access, care duties, uncertainty, distress, fatigue, pain, resource scarcity, or changed circumstances make the next action unwise.","Stop the Consistency and minimum standards practice for harm, coercion, retaliation risk, emergency conditions, unsafe exposure, worsening symptoms, protected information, legal or policy conflict, or pressure to exceed the stated boundary.","Use qualified, local, or emergency support whenever the situation exceeds a voluntary low-stakes developmental practice.","Content, accessibility, privacy, and safety review complete. | Evidence and scoring contracts independently approved before score activation."
PRACTICE-COMP-0809-VOLUNTARY-RESTRAINT-AND-HARDSHIP-01,RISK-LOW,draft,pending,Trained content reviewer; specialist review when the actual topic introduces a moderate or high-risk context.,active_if_separately_approved,SP-STRUCTURED-EVIDENCE-ELIGIBLE,true,Collect only the minimum private context needed to run the practice; do not request identifying details about other people.,"Using the Voluntary restraint and hardship protocol to rank worth, coerce participation, demand disclosure, override rest or care, certify competence, or justify decisions beyond the recorded context. | Treating a completed Voluntary restraint and hardship action, a polished artifact, agreement, confidence, speed, independence, or output as mastery or universal transfer.","Follow the material, equipment, consent and scope limits in the setup and each action. Quiet is optional; retain music or sound used for accessibility, regulation, or shared comfort and choose a different nonessential simplification. Do not withhold food, water, sleep, medication, treatment, hygiene, warmth, necessary communication, or substance-withdrawal care. Do not train through pain or use temperature exposure. Respect religious practices without treating this activity as a substitute for their guidance. Stop when restraint becomes distressing, coercive, or difficult to end.","Pause Voluntary restraint and hardship when capacity, consent, authority, privacy, access, care duties, uncertainty, distress, fatigue, pain, resource scarcity, or changed circumstances make the next action unwise.","Stop the Voluntary restraint and hardship practice for harm, coercion, retaliation risk, emergency conditions, unsafe exposure, worsening symptoms, protected information, legal or policy conflict, or pressure to exceed the stated boundary.","Use qualified, local, or emergency support whenever the situation exceeds a voluntary low-stakes developmental practice.","Content, accessibility, privacy, and safety review complete. | Evidence and scoring contracts independently approved before score activation."
PRACTICE-COMP-0810-COMPLETION-AND-PERSEVERANCE-01,RISK-LOW,draft,pending,Trained content reviewer; specialist review when the actual topic introduces a moderate or high-risk context.,active_if_separately_approved,SP-STRUCTURED-EVIDENCE-ELIGIBLE,true,Collect only the minimum private context needed to run the practice; do not request identifying details about other people.,"Using the Completion and perseverance protocol to rank worth, coerce participation, demand disclosure, override rest or care, certify competence, or justify decisions beyond the recorded context. | Treating a completed Completion and perseverance action, a polished artifact, agreement, confidence, speed, independence, or output as mastery or universal transfer.","Follow the material, equipment, consent and scope limits in the setup and each action. Use an accessible medium, a smaller personal artifact, a checklist, or a consenting helper. A helper’s work and your contribution should remain distinguishable without ranking support needs. Do not choose high-consequence obligations for a quit experiment or silently abandon promises, shared work, or essential care. A change in capacity can justify renegotiation. Stop or defer when a safe bounded finish is unavailable, and do not manufacture a plateau.","Pause Completion and perseverance when capacity, consent, authority, privacy, access, care duties, uncertainty, distress, fatigue, pain, resource scarcity, or changed circumstances make the next action unwise.","Stop the Completion and perseverance practice for harm, coercion, retaliation risk, emergency conditions, unsafe exposure, worsening symptoms, protected information, legal or policy conflict, or pressure to exceed the stated boundary.","Use qualified, local, or emergency support whenever the situation exceeds a voluntary low-stakes developmental practice.","Content, accessibility, privacy, and safety review complete. | Evidence and scoring contracts independently approved before score activation."
PRACTICE-COMP-0811-DISCIPLINE-WITHOUT-DOMINATION-OR-PURITY-01,RISK-LOW,draft,pending,Trained content reviewer; specialist review when the actual topic introduces a moderate or high-risk context.,active_if_separately_approved,SP-STRUCTURED-EVIDENCE-ELIGIBLE,true,Collect only the minimum private context needed to run the practice; do not request identifying details about other people.,"Using the Discipline without domination or purity protocol to rank worth, coerce participation, demand disclosure, override rest or care, certify competence, or justify decisions beyond the recorded context. | Treating a completed Discipline without domination or purity action, a polished artifact, agreement, confidence, speed, independence, or output as mastery or universal transfer.","Follow the material, equipment, consent and scope limits in the setup and each action. Choose an accessible personal rule, such as a preferred order for harmless leisure materials, and use voice notes or practical assistance. Retain helpful structure and sensory supports. Do not alter treatment, prescribed routines, safety requirements, care duties, or commitments to others under this exercise. No exposure to feared consequences or deliberate distress is required. Stop when a low-stakes trial becomes distressing, coercive, or hard to discontinue; this is not treatment for compulsive behavior.","Pause Discipline without domination or purity when capacity, consent, authority, privacy, access, care duties, uncertainty, distress, fatigue, pain, resource scarcity, or changed circumstances make the next action unwise.","Stop the Discipline without domination or purity practice for harm, coercion, retaliation risk, emergency conditions, unsafe exposure, worsening symptoms, protected information, legal or policy conflict, or pressure to exceed the stated boundary.","Use qualified, local, or emergency support whenever the situation exceeds a voluntary low-stakes developmental practice.","Content, accessibility, privacy, and safety review complete. | Evidence and scoring contracts independently approved before score activation."
PRACTICE-COMP-0901-OBSERVATION-VERSUS-INTERPRETATION-01,RISK-LOW,draft,pending,Trained content reviewer; specialist review when the actual topic introduces a moderate or high-risk context.,active_if_separately_approved,SP-STRUCTURED-EVIDENCE-ELIGIBLE,true,Collect only the minimum private context needed to run the practice; do not request identifying details about other people.,"Using the Observation versus interpretation protocol to rank worth, coerce participation, demand disclosure, override rest or care, certify competence, or justify decisions beyond the recorded context. | Treating a completed Observation versus interpretation action, a polished artifact, agreement, confidence, speed, independence, or output as mastery or universal transfer.","Follow the material, equipment, consent and scope limits in the setup and each action. Use speech-to-text, symbols or a trusted neutral reader. A fictional dispute tests classification and question design, not relationship repair. In threatening, abusive or retaliatory situations, use suitable support instead of direct contact.","Pause Observation versus interpretation when capacity, consent, authority, privacy, access, care duties, uncertainty, distress, fatigue, pain, resource scarcity, or changed circumstances make the next action unwise.","Stop the Observation versus interpretation practice for harm, coercion, retaliation risk, emergency conditions, unsafe exposure, worsening symptoms, protected information, legal or policy conflict, or pressure to exceed the stated boundary.","Use qualified, local, or emergency support whenever the situation exceeds a voluntary low-stakes developmental practice.","Content, accessibility, privacy, and safety review complete. | Evidence and scoring contracts independently approved before score activation."
PRACTICE-COMP-0902-LOGIC-AND-ARGUMENT-STRUCTURE-01,RISK-LOW,draft,pending,Trained content reviewer; specialist review when the actual topic introduces a moderate or high-risk context.,active_if_separately_approved,SP-STRUCTURED-EVIDENCE-ELIGIBLE,true,Collect only the minimum private context needed to run the practice; do not request identifying details about other people.,"Using the Logic and argument structure protocol to rank worth, coerce participation, demand disclosure, override rest or care, certify competence, or justify decisions beyond the recorded context. | Treating a completed Logic and argument structure action, a polished artifact, agreement, confidence, speed, independence, or output as mastery or universal transfer.","Follow the material, equipment, consent and scope limits in the setup and each action. Use a spoken argument, a diagram with arrows or short premise cards. The two supplied cases are sufficient for a rehearsal when no suitable live claim exists. Avoid confidential disputes and do not treat formal analysis as a substitute for qualified legal or scientific review.","Pause Logic and argument structure when capacity, consent, authority, privacy, access, care duties, uncertainty, distress, fatigue, pain, resource scarcity, or changed circumstances make the next action unwise.","Stop the Logic and argument structure practice for harm, coercion, retaliation risk, emergency conditions, unsafe exposure, worsening symptoms, protected information, legal or policy conflict, or pressure to exceed the stated boundary.","Use qualified, local, or emergency support whenever the situation exceeds a voluntary low-stakes developmental practice.","Content, accessibility, privacy, and safety review complete. | Evidence and scoring contracts independently approved before score activation."
PRACTICE-COMP-0903-COGNITIVE-AND-MOTIVATIONAL-BIAS-01,RISK-LOW,draft,pending,Trained content reviewer; specialist review when the actual topic introduces a moderate or high-risk context.,active_if_separately_approved,SP-STRUCTURED-EVIDENCE-ELIGIBLE,true,Collect only the minimum private context needed to run the practice; do not request identifying details about other people.,"Using the Cognitive and motivational bias protocol to rank worth, coerce participation, demand disclosure, override rest or care, certify competence, or justify decisions beyond the recorded context. | Treating a completed Cognitive and motivational bias action, a polished artifact, agreement, confidence, speed, independence, or output as mastery or universal transfer.","Follow the material, equipment, consent and scope limits in the setup and each action. Use a short spoken checklist or ask a willing person to apply the same criteria without knowing your first choice. Keep names and private motives out of the record. Defer high-consequence decisions to appropriate expertise rather than relying on a bias checklist.","Pause Cognitive and motivational bias when capacity, consent, authority, privacy, access, care duties, uncertainty, distress, fatigue, pain, resource scarcity, or changed circumstances make the next action unwise.","Stop the Cognitive and motivational bias practice for harm, coercion, retaliation risk, emergency conditions, unsafe exposure, worsening symptoms, protected information, legal or policy conflict, or pressure to exceed the stated boundary.","Use qualified, local, or emergency support whenever the situation exceeds a voluntary low-stakes developmental practice.","Content, accessibility, privacy, and safety review complete. | Evidence and scoring contracts independently approved before score activation."
PRACTICE-COMP-0904-SOURCE-AND-EVIDENCE-EVALUATION-01,RISK-LOW,draft,pending,Trained content reviewer; specialist review when the actual topic introduces a moderate or high-risk context.,active_if_separately_approved,SP-STRUCTURED-EVIDENCE-ELIGIBLE,true,Collect only the minimum private context needed to run the practice; do not request identifying details about other people.,"Using the Source and evidence evaluation protocol to rank worth, coerce participation, demand disclosure, override rest or care, certify competence, or justify decisions beyond the recorded context. | Treating a completed Source and evidence evaluation action, a polished artifact, agreement, confidence, speed, independence, or output as mastery or universal transfer.","Follow the material, equipment, consent and scope limits in the setup and each action. Use an accessible summary together with the original methods, a librarian or a willing reader. The synthetic report permits full practice without paywalls. Medical, legal and financial decisions require suitable qualified interpretation, not this exercise alone.","Pause Source and evidence evaluation when capacity, consent, authority, privacy, access, care duties, uncertainty, distress, fatigue, pain, resource scarcity, or changed circumstances make the next action unwise.","Stop the Source and evidence evaluation practice for harm, coercion, retaliation risk, emergency conditions, unsafe exposure, worsening symptoms, protected information, legal or policy conflict, or pressure to exceed the stated boundary.","Use qualified, local, or emergency support whenever the situation exceeds a voluntary low-stakes developmental practice.","Content, accessibility, privacy, and safety review complete. | Evidence and scoring contracts independently approved before score activation."
PRACTICE-COMP-0905-EPISTEMIC-HUMILITY-01,RISK-LOW,draft,pending,Trained content reviewer; specialist review when the actual topic introduces a moderate or high-risk context.,active_if_separately_approved,SP-STRUCTURED-EVIDENCE-ELIGIBLE,true,Collect only the minimum private context needed to run the practice; do not request identifying details about other people.,"Using the Epistemic humility protocol to rank worth, coerce participation, demand disclosure, override rest or care, certify competence, or justify decisions beyond the recorded context. | Treating a completed Epistemic humility action, a polished artifact, agreement, confidence, speed, independence, or output as mastery or universal transfer.","Follow the material, equipment, consent and scope limits in the setup and each action. Use a voice memo, confidence words or a trusted reader instead of percentages. A fictional record demonstrates updating mechanics only. Avoid beliefs whose testing would expose anyone to danger, discrimination or coerced disclosure.","Pause Epistemic humility when capacity, consent, authority, privacy, access, care duties, uncertainty, distress, fatigue, pain, resource scarcity, or changed circumstances make the next action unwise.","Stop the Epistemic humility practice for harm, coercion, retaliation risk, emergency conditions, unsafe exposure, worsening symptoms, protected information, legal or policy conflict, or pressure to exceed the stated boundary.","Use qualified, local, or emergency support whenever the situation exceeds a voluntary low-stakes developmental practice.","Content, accessibility, privacy, and safety review complete. | Evidence and scoring contracts independently approved before score activation."
PRACTICE-COMP-0906-PROBABILISTIC-AND-SCENARIO-THINKING-01,RISK-LOW,draft,pending,Trained content reviewer; specialist review when the actual topic introduces a moderate or high-risk context.,active_if_separately_approved,SP-STRUCTURED-EVIDENCE-ELIGIBLE,true,Collect only the minimum private context needed to run the practice; do not request identifying details about other people.,"Using the Probabilistic and scenario thinking protocol to rank worth, coerce participation, demand disclosure, override rest or care, certify competence, or justify decisions beyond the recorded context. | Treating a completed Probabilistic and scenario thinking action, a polished artifact, agreement, confidence, speed, independence, or output as mastery or universal transfer.","Follow the material, equipment, consent and scope limits in the setup and each action. Use frequencies such as eight in ten, a calculator or probability bands. Forecasting the supplied synthetic meetings requires no calendar access. Do not apply the exercise to medical prognosis, gambling, trading or safety-critical decisions.","Pause Probabilistic and scenario thinking when capacity, consent, authority, privacy, access, care duties, uncertainty, distress, fatigue, pain, resource scarcity, or changed circumstances make the next action unwise.","Stop the Probabilistic and scenario thinking practice for harm, coercion, retaliation risk, emergency conditions, unsafe exposure, worsening symptoms, protected information, legal or policy conflict, or pressure to exceed the stated boundary.","Use qualified, local, or emergency support whenever the situation exceeds a voluntary low-stakes developmental practice.","Content, accessibility, privacy, and safety review complete. | Evidence and scoring contracts independently approved before score activation."
PRACTICE-COMP-0907-SYSTEMS-AND-CAUSAL-REASONING-01,RISK-LOW,draft,pending,Trained content reviewer; specialist review when the actual topic introduces a moderate or high-risk context.,active_if_separately_approved,SP-STRUCTURED-EVIDENCE-ELIGIBLE,true,Collect only the minimum private context needed to run the practice; do not request identifying details about other people.,"Using the Systems and causal reasoning protocol to rank worth, coerce participation, demand disclosure, override rest or care, certify competence, or justify decisions beyond the recorded context. | Treating a completed Systems and causal reasoning action, a polished artifact, agreement, confidence, speed, independence, or output as mastery or universal transfer.","Follow the material, equipment, consent and scope limits in the setup and each action. Describe the loop aloud or use labeled cards instead of a visual diagram. Analyze only a process you may observe and change. Use synthetic requests when work, family or organizational confidentiality prevents a live test.","Pause Systems and causal reasoning when capacity, consent, authority, privacy, access, care duties, uncertainty, distress, fatigue, pain, resource scarcity, or changed circumstances make the next action unwise.","Stop the Systems and causal reasoning practice for harm, coercion, retaliation risk, emergency conditions, unsafe exposure, worsening symptoms, protected information, legal or policy conflict, or pressure to exceed the stated boundary.","Use qualified, local, or emergency support whenever the situation exceeds a voluntary low-stakes developmental practice.","Content, accessibility, privacy, and safety review complete. | Evidence and scoring contracts independently approved before score activation."
PRACTICE-COMP-0908-ROOT-CAUSE-PROBLEM-SOLVING-01,RISK-LOW,draft,pending,Trained content reviewer; specialist review when the actual topic introduces a moderate or high-risk context.,active_if_separately_approved,SP-STRUCTURED-EVIDENCE-ELIGIBLE,true,Collect only the minimum private context needed to run the practice; do not request identifying details about other people.,"Using the Root-cause problem solving protocol to rank worth, coerce participation, demand disclosure, override rest or care, certify competence, or justify decisions beyond the recorded context. | Treating a completed Root-cause problem solving action, a polished artifact, agreement, confidence, speed, independence, or output as mastery or universal transfer.","Follow the material, equipment, consent and scope limits in the setup and each action. Use icons, a tally or an accessible location aid. A tabletop simulation can practice hypothesis discrimination but cannot establish an improvement in your routine. Stop where the problem involves electricity, machinery, injury, essential care or another person’s privacy.","Pause Root-cause problem solving when capacity, consent, authority, privacy, access, care duties, uncertainty, distress, fatigue, pain, resource scarcity, or changed circumstances make the next action unwise.","Stop the Root-cause problem solving practice for harm, coercion, retaliation risk, emergency conditions, unsafe exposure, worsening symptoms, protected information, legal or policy conflict, or pressure to exceed the stated boundary.","Use qualified, local, or emergency support whenever the situation exceeds a voluntary low-stakes developmental practice.","Content, accessibility, privacy, and safety review complete. | Evidence and scoring contracts independently approved before score activation."
PRACTICE-COMP-0909-TRADEOFFS-AND-OPPORTUNITY-COST-01,RISK-LOW,draft,pending,Trained content reviewer; specialist review when the actual topic introduces a moderate or high-risk context.,active_if_separately_approved,SP-STRUCTURED-EVIDENCE-ELIGIBLE,true,Collect only the minimum private context needed to run the practice; do not request identifying details about other people.,"Using the Tradeoffs and opportunity cost protocol to rank worth, coerce participation, demand disclosure, override rest or care, certify competence, or justify decisions beyond the recorded context. | Treating a completed Tradeoffs and opportunity cost action, a polished artifact, agreement, confidence, speed, independence, or output as mastery or universal transfer.","Follow the material, equipment, consent and scope limits in the setup and each action. Use pictures, spoken comparisons or a trusted planning aid. The supplied case can be rehearsed without money or another participant. Do not use the exercise for clinical, legal, fiduciary or emergency choices that require qualified judgment.","Pause Tradeoffs and opportunity cost when capacity, consent, authority, privacy, access, care duties, uncertainty, distress, fatigue, pain, resource scarcity, or changed circumstances make the next action unwise.","Stop the Tradeoffs and opportunity cost practice for harm, coercion, retaliation risk, emergency conditions, unsafe exposure, worsening symptoms, protected information, legal or policy conflict, or pressure to exceed the stated boundary.","Use qualified, local, or emergency support whenever the situation exceeds a voluntary low-stakes developmental practice.","Content, accessibility, privacy, and safety review complete. | Evidence and scoring contracts independently approved before score activation."
PRACTICE-COMP-0910-RISK-ASSESSMENT-AND-PRECAUTION-01,RISK-LOW,draft,pending,Trained content reviewer; specialist review when the actual topic introduces a moderate or high-risk context.,active_if_separately_approved,SP-STRUCTURED-EVIDENCE-ELIGIBLE,true,Collect only the minimum private context needed to run the practice; do not request identifying details about other people.,"Using the Risk assessment and precaution protocol to rank worth, coerce participation, demand disclosure, override rest or care, certify competence, or justify decisions beyond the recorded context. | Treating a completed Risk assessment and precaution action, a polished artifact, agreement, confidence, speed, independence, or output as mastery or universal transfer.","Follow the material, equipment, consent and scope limits in the setup and each action. Use a seated tabletop route, an accessible handling aid or an empty-handed rehearsal. Choose a different low-risk activity when mobility, balance or pain makes carrying unsuitable. Electrical, fire, road, chemical, medical and other serious hazards belong to qualified procedures.","Pause Risk assessment and precaution when capacity, consent, authority, privacy, access, care duties, uncertainty, distress, fatigue, pain, resource scarcity, or changed circumstances make the next action unwise.","Stop the Risk assessment and precaution practice for harm, coercion, retaliation risk, emergency conditions, unsafe exposure, worsening symptoms, protected information, legal or policy conflict, or pressure to exceed the stated boundary.","Use qualified, local, or emergency support whenever the situation exceeds a voluntary low-stakes developmental practice.","Content, accessibility, privacy, and safety review complete. | Evidence and scoring contracts independently approved before score activation."
PRACTICE-COMP-0911-PRACTICAL-WISDOM-AND-CONTEXT-01,RISK-LOW,draft,pending,Trained content reviewer; specialist review when the actual topic introduces a moderate or high-risk context.,active_if_separately_approved,SP-STRUCTURED-EVIDENCE-ELIGIBLE,true,Collect only the minimum private context needed to run the practice; do not request identifying details about other people.,"Using the Practical wisdom and context protocol to rank worth, coerce participation, demand disclosure, override rest or care, certify competence, or justify decisions beyond the recorded context. | Treating a completed Practical wisdom and context action, a polished artifact, agreement, confidence, speed, independence, or output as mastery or universal transfer.","Follow the material, equipment, consent and scope limits in the setup and each action. Use role cards, a spoken comparison or an interpreter. Do not assume one culture’s directness is universally best. Cases involving threats, safeguarding, employment obligations or law require suitable local support beyond this exercise.","Pause Practical wisdom and context when capacity, consent, authority, privacy, access, care duties, uncertainty, distress, fatigue, pain, resource scarcity, or changed circumstances make the next action unwise.","Stop the Practical wisdom and context practice for harm, coercion, retaliation risk, emergency conditions, unsafe exposure, worsening symptoms, protected information, legal or policy conflict, or pressure to exceed the stated boundary.","Use qualified, local, or emergency support whenever the situation exceeds a voluntary low-stakes developmental practice.","Content, accessibility, privacy, and safety review complete. | Evidence and scoring contracts independently approved before score activation."
PRACTICE-COMP-0913-STATISTICAL-LITERACY-01,RISK-LOW,draft,pending,Trained content reviewer; specialist review when the actual topic introduces a moderate or high-risk context.,active_if_separately_approved,SP-STRUCTURED-EVIDENCE-ELIGIBLE,true,Collect only the minimum private context needed to run the practice; do not request identifying details about other people.,"Using the Statistical literacy protocol to rank worth, coerce participation, demand disclosure, override rest or care, certify competence, or justify decisions beyond the recorded context. | Treating a completed Statistical literacy action, a polished artifact, agreement, confidence, speed, independence, or output as mastery or universal transfer.","Follow the material, equipment, consent and scope limits in the setup and each action. Use counters, a calculator, an accessible table or spoken frequencies. Percentages are optional when clear counts convey the same distinction. Ask a qualified analyst to review consequential statistics; the supplied examples require no private dataset.","Pause Statistical literacy when capacity, consent, authority, privacy, access, care duties, uncertainty, distress, fatigue, pain, resource scarcity, or changed circumstances make the next action unwise.","Stop the Statistical literacy practice for harm, coercion, retaliation risk, emergency conditions, unsafe exposure, worsening symptoms, protected information, legal or policy conflict, or pressure to exceed the stated boundary.","Use qualified, local, or emergency support whenever the situation exceeds a voluntary low-stakes developmental practice.","Content, accessibility, privacy, and safety review complete. | Evidence and scoring contracts independently approved before score activation."
PRACTICE-COMP-0914-SCIENTIFIC-REASONING-AND-RESEARCH-DESIGN-01,RISK-LOW,draft,pending,Trained content reviewer; specialist review when the actual topic introduces a moderate or high-risk context.,active_if_separately_approved,SP-STRUCTURED-EVIDENCE-ELIGIBLE,true,Collect only the minimum private context needed to run the practice; do not request identifying details about other people.,"Using the Scientific reasoning and research design protocol to rank worth, coerce participation, demand disclosure, override rest or care, certify competence, or justify decisions beyond the recorded context. | Treating a completed Scientific reasoning and research design action, a polished artifact, agreement, confidence, speed, independence, or output as mastery or universal transfer.","Follow the material, equipment, consent and scope limits in the setup and each action. Use large print, tactile labels, a screen reader or a non-timed accuracy comparison. Keep the access method constant across conditions. A paper design critique is acceptable when a live task is unsuitable, but it does not count as an executed experiment.","Pause Scientific reasoning and research design when capacity, consent, authority, privacy, access, care duties, uncertainty, distress, fatigue, pain, resource scarcity, or changed circumstances make the next action unwise.","Stop the Scientific reasoning and research design practice for harm, coercion, retaliation risk, emergency conditions, unsafe exposure, worsening symptoms, protected information, legal or policy conflict, or pressure to exceed the stated boundary.","Use qualified, local, or emergency support whenever the situation exceeds a voluntary low-stakes developmental practice.","Content, accessibility, privacy, and safety review complete. | Evidence and scoring contracts independently approved before score activation."
PRACTICE-COMP-0915-CAUSAL-INFERENCE-AND-INTERVENTION-LOGIC-01,RISK-LOW,draft,pending,Trained content reviewer; specialist review when the actual topic introduces a moderate or high-risk context.,active_if_separately_approved,SP-STRUCTURED-EVIDENCE-ELIGIBLE,true,Collect only the minimum private context needed to run the practice; do not request identifying details about other people.,"Using the Causal inference and intervention logic protocol to rank worth, coerce participation, demand disclosure, override rest or care, certify competence, or justify decisions beyond the recorded context. | Treating a completed Causal inference and intervention logic action, a polished artifact, agreement, confidence, speed, independence, or output as mastery or universal transfer.","Follow the material, equipment, consent and scope limits in the setup and each action. Use labeled cards or a spoken causal story instead of a diagram. Analyze only the synthetic case when real records contain private information. Consequential research and institutional interventions require appropriate expertise, consent and oversight.","Pause Causal inference and intervention logic when capacity, consent, authority, privacy, access, care duties, uncertainty, distress, fatigue, pain, resource scarcity, or changed circumstances make the next action unwise.","Stop the Causal inference and intervention logic practice for harm, coercion, retaliation risk, emergency conditions, unsafe exposure, worsening symptoms, protected information, legal or policy conflict, or pressure to exceed the stated boundary.","Use qualified, local, or emergency support whenever the situation exceeds a voluntary low-stakes developmental practice.","Content, accessibility, privacy, and safety review complete. | Evidence and scoring contracts independently approved before score activation."
PRACTICE-COMP-0916-MODELS-SIMULATIONS-AND-ABSTRACTION-LIMITS-01,RISK-LOW,draft,pending,Trained content reviewer; specialist review when the actual topic introduces a moderate or high-risk context.,active_if_separately_approved,SP-STRUCTURED-EVIDENCE-ELIGIBLE,true,Collect only the minimum private context needed to run the practice; do not request identifying details about other people.,"Using the Models, simulations, and abstraction limits protocol to rank worth, coerce participation, demand disclosure, override rest or care, certify competence, or justify decisions beyond the recorded context. | Treating a completed Models, simulations, and abstraction limits action, a polished artifact, agreement, confidence, speed, independence, or output as mastery or universal transfer.","Follow the material, equipment, consent and scope limits in the setup and each action. Use a calculator, accessible table or spoken arithmetic. The supplied synthetic data remove any need to time yourself or collect others’ performance. Keep models away from worth, disability judgments and decisions outside their validated purpose.","Pause Models, simulations, and abstraction limits when capacity, consent, authority, privacy, access, care duties, uncertainty, distress, fatigue, pain, resource scarcity, or changed circumstances make the next action unwise.","Stop the Models, simulations, and abstraction limits practice for harm, coercion, retaliation risk, emergency conditions, unsafe exposure, worsening symptoms, protected information, legal or policy conflict, or pressure to exceed the stated boundary.","Use qualified, local, or emergency support whenever the situation exceeds a voluntary low-stakes developmental practice.","Content, accessibility, privacy, and safety review complete. | Evidence and scoring contracts independently approved before score activation."
PRACTICE-COMP-0917-ADVERSARIAL-REASONING-AND-INFORMATION-OPERATIONS-01,RISK-LOW,draft,pending,Trained content reviewer; specialist review when the actual topic introduces a moderate or high-risk context.,active_if_separately_approved,SP-STRUCTURED-EVIDENCE-ELIGIBLE,true,Collect only the minimum private context needed to run the practice; do not request identifying details about other people.,"Using the Adversarial reasoning and information operations protocol to rank worth, coerce participation, demand disclosure, override rest or care, certify competence, or justify decisions beyond the recorded context. | Treating a completed Adversarial reasoning and information operations action, a polished artifact, agreement, confidence, speed, independence, or output as mastery or universal transfer.","Follow the material, equipment, consent and scope limits in the setup and each action. Use an accessible official channel, a librarian or a trusted support person without sharing credentials. The synthetic message permits full verification rehearsal without exposure to a live malicious link. Follow local organizational procedures for genuine security incidents.","Pause Adversarial reasoning and information operations when capacity, consent, authority, privacy, access, care duties, uncertainty, distress, fatigue, pain, resource scarcity, or changed circumstances make the next action unwise.","Stop the Adversarial reasoning and information operations practice for harm, coercion, retaliation risk, emergency conditions, unsafe exposure, worsening symptoms, protected information, legal or policy conflict, or pressure to exceed the stated boundary.","Use qualified, local, or emergency support whenever the situation exceeds a voluntary low-stakes developmental practice.","Content, accessibility, privacy, and safety review complete. | Evidence and scoring contracts independently approved before score activation."
PRACTICE-COMP-1001-THE-SCIENCE-OF-LEARNING-01,RISK-LOW,draft,pending,Trained content reviewer; specialist review when the actual topic introduces a moderate or high-risk context.,active_if_separately_approved,SP-STRUCTURED-EVIDENCE-ELIGIBLE,true,Collect only the minimum private context needed to run the practice; do not request identifying details about other people.,"Using the The science of learning protocol to rank worth, coerce participation, demand disclosure, override rest or care, certify competence, or justify decisions beyond the recorded context. | Treating a completed The science of learning action, a polished artifact, agreement, confidence, speed, independence, or output as mastery or universal transfer.","Follow the material, equipment, consent and scope limits in the setup and each action. Use audio cards, large print, tactile counters or supported recall. Adjust the spacing to available capacity and report the actual delay. A same-day repetition is useful practice but must not be labeled a week-delayed retention test.","Pause The science of learning when capacity, consent, authority, privacy, access, care duties, uncertainty, distress, fatigue, pain, resource scarcity, or changed circumstances make the next action unwise.","Stop the The science of learning practice for harm, coercion, retaliation risk, emergency conditions, unsafe exposure, worsening symptoms, protected information, legal or policy conflict, or pressure to exceed the stated boundary.","Use qualified, local, or emergency support whenever the situation exceeds a voluntary low-stakes developmental practice.","Content, accessibility, privacy, and safety review complete. | Evidence and scoring contracts independently approved before score activation."
PRACTICE-COMP-1003-CURIOSITY-AND-QUESTION-FORMATION-01,RISK-LOW,draft,pending,Trained content reviewer; specialist review when the actual topic introduces a moderate or high-risk context.,active_if_separately_approved,SP-STRUCTURED-EVIDENCE-ELIGIBLE,true,Collect only the minimum private context needed to run the practice; do not request identifying details about other people.,"Using the Curiosity and question formation protocol to rank worth, coerce participation, demand disclosure, override rest or care, certify competence, or justify decisions beyond the recorded context. | Treating a completed Curiosity and question formation action, a polished artifact, agreement, confidence, speed, independence, or output as mastery or universal transfer.","Follow the material, equipment, consent and scope limits in the setup and each action. Use spoken questions, sketches or a private synthetic example. Curiosity about people is not permission to investigate their private lives. When no live observation is accessible, the supplied notice-board case supports question formation but not a real-world finding.","Pause Curiosity and question formation when capacity, consent, authority, privacy, access, care duties, uncertainty, distress, fatigue, pain, resource scarcity, or changed circumstances make the next action unwise.","Stop the Curiosity and question formation practice for harm, coercion, retaliation risk, emergency conditions, unsafe exposure, worsening symptoms, protected information, legal or policy conflict, or pressure to exceed the stated boundary.","Use qualified, local, or emergency support whenever the situation exceeds a voluntary low-stakes developmental practice.","Content, accessibility, privacy, and safety review complete. | Evidence and scoring contracts independently approved before score activation."
PRACTICE-COMP-1004-RESEARCH-AND-INFORMATION-GATHERING-01,RISK-LOW,draft,pending,Trained content reviewer; specialist review when the actual topic introduces a moderate or high-risk context.,active_if_separately_approved,SP-STRUCTURED-EVIDENCE-ELIGIBLE,true,Collect only the minimum private context needed to run the practice; do not request identifying details about other people.,"Using the Research and information gathering protocol to rank worth, coerce participation, demand disclosure, override rest or care, certify competence, or justify decisions beyond the recorded context. | Treating a completed Research and information gathering action, a polished artifact, agreement, confidence, speed, independence, or output as mastery or universal transfer.","Follow the material, equipment, consent and scope limits in the setup and each action. Use a librarian, screen reader, printed policy or accessible official phone channel. Keep the same source-to-claim trace when using AI to summarize; generated citations must be checked directly. The offline case is research rehearsal, not advice about an actual service.","Pause Research and information gathering when capacity, consent, authority, privacy, access, care duties, uncertainty, distress, fatigue, pain, resource scarcity, or changed circumstances make the next action unwise.","Stop the Research and information gathering practice for harm, coercion, retaliation risk, emergency conditions, unsafe exposure, worsening symptoms, protected information, legal or policy conflict, or pressure to exceed the stated boundary.","Use qualified, local, or emergency support whenever the situation exceeds a voluntary low-stakes developmental practice.","Content, accessibility, privacy, and safety review complete. | Evidence and scoring contracts independently approved before score activation."
PRACTICE-COMP-1005-KNOWLEDGE-ORGANIZATION-AND-NOTES-01,RISK-LOW,draft,pending,Trained content reviewer; specialist review when the actual topic introduces a moderate or high-risk context.,active_if_separately_approved,SP-STRUCTURED-EVIDENCE-ELIGIBLE,true,Collect only the minimum private context needed to run the practice; do not request identifying details about other people.,"Using the Knowledge organization and notes protocol to rank worth, coerce participation, demand disclosure, override rest or care, certify competence, or justify decisions beyond the recorded context. | Treating a completed Knowledge organization and notes action, a polished artifact, agreement, confidence, speed, independence, or output as mastery or universal transfer.","Follow the material, equipment, consent and scope limits in the setup and each action. Use an audio note, large print, a tactile index or a single accessible document. External supports are legitimate; distinguish finding a note from unaided recall. Use non-sensitive examples and avoid automatically syncing confidential material.","Pause Knowledge organization and notes when capacity, consent, authority, privacy, access, care duties, uncertainty, distress, fatigue, pain, resource scarcity, or changed circumstances make the next action unwise.","Stop the Knowledge organization and notes practice for harm, coercion, retaliation risk, emergency conditions, unsafe exposure, worsening symptoms, protected information, legal or policy conflict, or pressure to exceed the stated boundary.","Use qualified, local, or emergency support whenever the situation exceeds a voluntary low-stakes developmental practice.","Content, accessibility, privacy, and safety review complete. | Evidence and scoring contracts independently approved before score activation."
PRACTICE-COMP-1006-MEMORY-AND-RECALL-01,RISK-LOW,draft,pending,Trained content reviewer; specialist review when the actual topic introduces a moderate or high-risk context.,active_if_separately_approved,SP-STRUCTURED-EVIDENCE-ELIGIBLE,true,Collect only the minimum private context needed to run the practice; do not request identifying details about other people.,"Using the Memory and recall protocol to rank worth, coerce participation, demand disclosure, override rest or care, certify competence, or justify decisions beyond the recorded context. | Treating a completed Memory and recall action, a polished artifact, agreement, confidence, speed, independence, or output as mastery or universal transfer.","Follow the material, equipment, consent and scope limits in the setup and each action. Use spoken, visual or tactile cues and fewer items per chunk. Never practice by withholding a necessary real-world safety aid or medication reminder. New or concerning memory changes warrant appropriate evaluation rather than self-testing through this exercise.","Pause Memory and recall when capacity, consent, authority, privacy, access, care duties, uncertainty, distress, fatigue, pain, resource scarcity, or changed circumstances make the next action unwise.","Stop the Memory and recall practice for harm, coercion, retaliation risk, emergency conditions, unsafe exposure, worsening symptoms, protected information, legal or policy conflict, or pressure to exceed the stated boundary.","Use qualified, local, or emergency support whenever the situation exceeds a voluntary low-stakes developmental practice.","Content, accessibility, privacy, and safety review complete. | Evidence and scoring contracts independently approved before score activation."
PRACTICE-COMP-1007-SKILL-DECOMPOSITION-AND-PROGRESSION-01,RISK-LOW,draft,pending,Trained content reviewer; specialist review when the actual topic introduces a moderate or high-risk context.,active_if_separately_approved,SP-STRUCTURED-EVIDENCE-ELIGIBLE,true,Collect only the minimum private context needed to run the practice; do not request identifying details about other people.,"Using the Skill decomposition and progression protocol to rank worth, coerce participation, demand disclosure, override rest or care, certify competence, or justify decisions beyond the recorded context. | Treating a completed Skill decomposition and progression action, a polished artifact, agreement, confidence, speed, independence, or output as mastery or universal transfer.","Follow the material, equipment, consent and scope limits in the setup and each action. Use written, signed, visual or AAC-supported explanation and an untimed version when timing is not part of the real skill. A willing reviewer is optional, but independent learner success must not be claimed from self-review.","Pause Skill decomposition and progression when capacity, consent, authority, privacy, access, care duties, uncertainty, distress, fatigue, pain, resource scarcity, or changed circumstances make the next action unwise.","Stop the Skill decomposition and progression practice for harm, coercion, retaliation risk, emergency conditions, unsafe exposure, worsening symptoms, protected information, legal or policy conflict, or pressure to exceed the stated boundary.","Use qualified, local, or emergency support whenever the situation exceeds a voluntary low-stakes developmental practice.","Content, accessibility, privacy, and safety review complete. | Evidence and scoring contracts independently approved before score activation."
PRACTICE-COMP-1008-FEEDBACK-AND-ERROR-CORRECTION-01,RISK-LOW,draft,pending,Trained content reviewer; specialist review when the actual topic introduces a moderate or high-risk context.,active_if_separately_approved,SP-STRUCTURED-EVIDENCE-ELIGIBLE,true,Collect only the minimum private context needed to run the practice; do not request identifying details about other people.,"Using the Feedback and error correction protocol to rank worth, coerce participation, demand disclosure, override rest or care, certify competence, or justify decisions beyond the recorded context. | Treating a completed Feedback and error correction action, a polished artifact, agreement, confidence, speed, independence, or output as mastery or universal transfer.","Follow the material, equipment, consent and scope limits in the setup and each action. Use pictures, tactile labels, accessible text or a spoken procedure. Self-review is legitimate but should not be described as independent user testing. Keep reviewers free to decline and avoid public criticism or protected workplace material.","Pause Feedback and error correction when capacity, consent, authority, privacy, access, care duties, uncertainty, distress, fatigue, pain, resource scarcity, or changed circumstances make the next action unwise.","Stop the Feedback and error correction practice for harm, coercion, retaliation risk, emergency conditions, unsafe exposure, worsening symptoms, protected information, legal or policy conflict, or pressure to exceed the stated boundary.","Use qualified, local, or emergency support whenever the situation exceeds a voluntary low-stakes developmental practice.","Content, accessibility, privacy, and safety review complete. | Evidence and scoring contracts independently approved before score activation."
PRACTICE-COMP-1009-INDEPENDENT-LEARNING-AND-RESOURCEFULNESS-01,RISK-LOW,draft,pending,Trained content reviewer; specialist review when the actual topic introduces a moderate or high-risk context.,active_if_separately_approved,SP-STRUCTURED-EVIDENCE-ELIGIBLE,true,Collect only the minimum private context needed to run the practice; do not request identifying details about other people.,"Using the Independent learning and resourcefulness protocol to rank worth, coerce participation, demand disclosure, override rest or care, certify competence, or justify decisions beyond the recorded context. | Treating a completed Independent learning and resourcefulness action, a polished artifact, agreement, confidence, speed, independence, or output as mastery or universal transfer.","Follow the material, equipment, consent and scope limits in the setup and each action. Use physical counters, large-print place values or audio explanation. An experienced learner may use the extension as the initial target and justify each unfamiliar row before checking it. Do not practice independent learning on hazardous or regulated tasks without required supervision.","Pause Independent learning and resourcefulness when capacity, consent, authority, privacy, access, care duties, uncertainty, distress, fatigue, pain, resource scarcity, or changed circumstances make the next action unwise.","Stop the Independent learning and resourcefulness practice for harm, coercion, retaliation risk, emergency conditions, unsafe exposure, worsening symptoms, protected information, legal or policy conflict, or pressure to exceed the stated boundary.","Use qualified, local, or emergency support whenever the situation exceeds a voluntary low-stakes developmental practice.","Content, accessibility, privacy, and safety review complete. | Evidence and scoring contracts independently approved before score activation."
PRACTICE-COMP-1010-TEACHING-AND-EXPLANATION-01,RISK-LOW,draft,pending,Trained content reviewer; specialist review when the actual topic introduces a moderate or high-risk context.,active_if_separately_approved,SP-STRUCTURED-EVIDENCE-ELIGIBLE,true,Collect only the minimum private context needed to run the practice; do not request identifying details about other people.,"Using the Teaching and explanation protocol to rank worth, coerce participation, demand disclosure, override rest or care, certify competence, or justify decisions beyond the recorded context. | Treating a completed Teaching and explanation action, a polished artifact, agreement, confidence, speed, independence, or output as mastery or universal transfer.","Follow the material, equipment, consent and scope limits in the setup and each action. Use speech, sign, AAC, tactile grids or enlarged text according to the learner’s preference. Remove unnecessary speed demands while keeping the coordinate task. Protect privacy and never record a learner without clear permission.","Pause Teaching and explanation when capacity, consent, authority, privacy, access, care duties, uncertainty, distress, fatigue, pain, resource scarcity, or changed circumstances make the next action unwise.","Stop the Teaching and explanation practice for harm, coercion, retaliation risk, emergency conditions, unsafe exposure, worsening symptoms, protected information, legal or policy conflict, or pressure to exceed the stated boundary.","Use qualified, local, or emergency support whenever the situation exceeds a voluntary low-stakes developmental practice.","Content, accessibility, privacy, and safety review complete. | Evidence and scoring contracts independently approved before score activation."
PRACTICE-COMP-1011-BREADTH-AND-INTERDISCIPLINARY-LITERACY-01,RISK-LOW,draft,pending,Trained content reviewer; specialist review when the actual topic introduces a moderate or high-risk context.,active_if_separately_approved,SP-STRUCTURED-EVIDENCE-ELIGIBLE,true,Collect only the minimum private context needed to run the practice; do not request identifying details about other people.,"Using the Breadth and interdisciplinary literacy protocol to rank worth, coerce participation, demand disclosure, override rest or care, certify competence, or justify decisions beyond the recorded context. | Treating a completed Breadth and interdisciplinary literacy action, a polished artifact, agreement, confidence, speed, independence, or output as mastery or universal transfer.","Follow the material, equipment, consent and scope limits in the setup and each action. Use a spoken mind map, cards or the fictional records. A library or accessible introductory resource can replace internet access. Do not photograph or profile public-space users without appropriate consent.","Pause Breadth and interdisciplinary literacy when capacity, consent, authority, privacy, access, care duties, uncertainty, distress, fatigue, pain, resource scarcity, or changed circumstances make the next action unwise.","Stop the Breadth and interdisciplinary literacy practice for harm, coercion, retaliation risk, emergency conditions, unsafe exposure, worsening symptoms, protected information, legal or policy conflict, or pressure to exceed the stated boundary.","Use qualified, local, or emergency support whenever the situation exceeds a voluntary low-stakes developmental practice.","Content, accessibility, privacy, and safety review complete. | Evidence and scoring contracts independently approved before score activation."
PRACTICE-COMP-1012-APPRENTICESHIP-AND-TACIT-KNOWLEDGE-01,RISK-LOW,draft,pending,Trained content reviewer; specialist review when the actual topic introduces a moderate or high-risk context.,active_if_separately_approved,SP-STRUCTURED-EVIDENCE-ELIGIBLE,true,Collect only the minimum private context needed to run the practice; do not request identifying details about other people.,"Using the Apprenticeship and tacit knowledge protocol to rank worth, coerce participation, demand disclosure, override rest or care, certify competence, or justify decisions beyond the recorded context. | Treating a completed Apprenticeship and tacit knowledge action, a polished artifact, agreement, confidence, speed, independence, or output as mastery or universal transfer.","Follow the material, equipment, consent and scope limits in the setup and each action. Choose an accessible low-risk skill with the teacher, allow assistive methods and shorten the session. Defer when no willing skilled person or suitable task is available. Never turn this exercise into rope restraint, climbing, rescue or load-bearing knot practice.","Pause Apprenticeship and tacit knowledge when capacity, consent, authority, privacy, access, care duties, uncertainty, distress, fatigue, pain, resource scarcity, or changed circumstances make the next action unwise.","Stop the Apprenticeship and tacit knowledge practice for harm, coercion, retaliation risk, emergency conditions, unsafe exposure, worsening symptoms, protected information, legal or policy conflict, or pressure to exceed the stated boundary.","Use qualified, local, or emergency support whenever the situation exceeds a voluntary low-stakes developmental practice.","Content, accessibility, privacy, and safety review complete. | Evidence and scoring contracts independently approved before score activation."
PRACTICE-COMP-1013-COMMUNAL-AND-INTERGENERATIONAL-KNOWLEDGE-TRANSMISSION-01,RISK-LOW,draft,pending,Trained content reviewer; specialist review when the actual topic introduces a moderate or high-risk context.,active_if_separately_approved,SP-STRUCTURED-EVIDENCE-ELIGIBLE,true,Collect only the minimum private context needed to run the practice; do not request identifying details about other people.,"Using the Communal and intergenerational knowledge transmission protocol to rank worth, coerce participation, demand disclosure, override rest or care, certify competence, or justify decisions beyond the recorded context. | Treating a completed Communal and intergenerational knowledge transmission action, a polished artifact, agreement, confidence, speed, independence, or output as mastery or universal transfer.","Follow the material, equipment, consent and scope limits in the setup and each action. Use audio only with permission, a large-print draft, an interpreter or a jointly drawn sequence. A public archive can support source study when no holder is available, but it does not supply personal permission or verification that did not occur.","Pause Communal and intergenerational knowledge transmission when capacity, consent, authority, privacy, access, care duties, uncertainty, distress, fatigue, pain, resource scarcity, or changed circumstances make the next action unwise.","Stop the Communal and intergenerational knowledge transmission practice for harm, coercion, retaliation risk, emergency conditions, unsafe exposure, worsening symptoms, protected information, legal or policy conflict, or pressure to exceed the stated boundary.","Use qualified, local, or emergency support whenever the situation exceeds a voluntary low-stakes developmental practice.","Content, accessibility, privacy, and safety review complete. | Evidence and scoring contracts independently approved before score activation."
PRACTICE-COMP-1014-ACCESSIBLE-AND-DIFFERENTIATED-LEARNING-01,RISK-LOW,draft,pending,Trained content reviewer; specialist review when the actual topic introduces a moderate or high-risk context.,active_if_separately_approved,SP-STRUCTURED-EVIDENCE-ELIGIBLE,true,Collect only the minimum private context needed to run the practice; do not request identifying details about other people.,"Using the Accessible and differentiated learning protocol to rank worth, coerce participation, demand disclosure, override rest or care, certify competence, or justify decisions beyond the recorded context. | Treating a completed Accessible and differentiated learning action, a polished artifact, agreement, confidence, speed, independence, or output as mastery or universal transfer.","Follow the material, equipment, consent and scope limits in the setup and each action. Use the learner’s chosen communication method and allow stopping without penalty. A self-test is valid for your own access barrier but not an independent test with another learner. Seek qualified educational or accessibility support for persistent or complex needs.","Pause Accessible and differentiated learning when capacity, consent, authority, privacy, access, care duties, uncertainty, distress, fatigue, pain, resource scarcity, or changed circumstances make the next action unwise.","Stop the Accessible and differentiated learning practice for harm, coercion, retaliation risk, emergency conditions, unsafe exposure, worsening symptoms, protected information, legal or policy conflict, or pressure to exceed the stated boundary.","Use qualified, local, or emergency support whenever the situation exceeds a voluntary low-stakes developmental practice.","Content, accessibility, privacy, and safety review complete. | Evidence and scoring contracts independently approved before score activation."
PRACTICE-COMP-1101-TIME-AND-ENERGY-AUDIT-01,RISK-LOW,draft,pending,Trained content reviewer; specialist review when the actual topic introduces a moderate or high-risk context.,active_if_separately_approved,SP-STRUCTURED-EVIDENCE-ELIGIBLE,true,Collect only the minimum private context needed to run the practice; do not request identifying details about other people.,"Using the Time and energy audit protocol to rank worth, coerce participation, demand disclosure, override rest or care, certify competence, or justify decisions beyond the recorded context. | Treating a completed Time and energy audit action, a polished artifact, agreement, confidence, speed, independence, or output as mastery or universal transfer.","Follow the material, equipment, consent and scope limits in the setup and each action. Use broad blocks, symbols, voice notes or a support person instead of minute-level logs. For highly variable capacity, compare similar-capacity days. If no discretionary block exists, document the constraint and a legitimate request for help rather than manufacture free time.","Pause Time and energy audit when capacity, consent, authority, privacy, access, care duties, uncertainty, distress, fatigue, pain, resource scarcity, or changed circumstances make the next action unwise.","Stop the Time and energy audit practice for harm, coercion, retaliation risk, emergency conditions, unsafe exposure, worsening symptoms, protected information, legal or policy conflict, or pressure to exceed the stated boundary.","Use qualified, local, or emergency support whenever the situation exceeds a voluntary low-stakes developmental practice.","Content, accessibility, privacy, and safety review complete. | Evidence and scoring contracts independently approved before score activation."
PRACTICE-COMP-1102-PRIORITY-HIERARCHY-01,RISK-LOW,draft,pending,Trained content reviewer; specialist review when the actual topic introduces a moderate or high-risk context.,active_if_separately_approved,SP-STRUCTURED-EVIDENCE-ELIGIBLE,true,Collect only the minimum private context needed to run the practice; do not request identifying details about other people.,"Using the Priority hierarchy protocol to rank worth, coerce participation, demand disclosure, override rest or care, certify competence, or justify decisions beyond the recorded context. | Treating a completed Priority hierarchy action, a polished artifact, agreement, confidence, speed, independence, or output as mastery or universal transfer.","Follow the material, equipment, consent and scope limits in the setup and each action. Use cards, a spoken comparison or a two-choice version when six items are overwhelming. Rank jointly where responsibilities are shared. In poverty or unsafe dependency, distinguish the constrained choice set from individual preference; do not create a refusal that risks essential support.","Pause Priority hierarchy when capacity, consent, authority, privacy, access, care duties, uncertainty, distress, fatigue, pain, resource scarcity, or changed circumstances make the next action unwise.","Stop the Priority hierarchy practice for harm, coercion, retaliation risk, emergency conditions, unsafe exposure, worsening symptoms, protected information, legal or policy conflict, or pressure to exceed the stated boundary.","Use qualified, local, or emergency support whenever the situation exceeds a voluntary low-stakes developmental practice.","Content, accessibility, privacy, and safety review complete. | Evidence and scoring contracts independently approved before score activation."
PRACTICE-COMP-1103-GOAL-DEFINITION-AND-SUCCESS-CRITERIA-01,RISK-LOW,draft,pending,Trained content reviewer; specialist review when the actual topic introduces a moderate or high-risk context.,active_if_separately_approved,SP-STRUCTURED-EVIDENCE-ELIGIBLE,true,Collect only the minimum private context needed to run the practice; do not request identifying details about other people.,"Using the Goal definition and success criteria protocol to rank worth, coerce participation, demand disclosure, override rest or care, certify competence, or justify decisions beyond the recorded context. | Treating a completed Goal definition and success criteria action, a polished artifact, agreement, confidence, speed, independence, or output as mastery or universal transfer.","Follow the material, equipment, consent and scope limits in the setup and each action. Use spoken, tactile or picture-based tests and preserve established accessibility layouts. A fictional shelf case can practice goal definition but not demonstrate household usability. Where other people are affected, obtain agreement before changing the shared environment.","Pause Goal definition and success criteria when capacity, consent, authority, privacy, access, care duties, uncertainty, distress, fatigue, pain, resource scarcity, or changed circumstances make the next action unwise.","Stop the Goal definition and success criteria practice for harm, coercion, retaliation risk, emergency conditions, unsafe exposure, worsening symptoms, protected information, legal or policy conflict, or pressure to exceed the stated boundary.","Use qualified, local, or emergency support whenever the situation exceeds a voluntary low-stakes developmental practice.","Content, accessibility, privacy, and safety review complete. | Evidence and scoring contracts independently approved before score activation."
PRACTICE-COMP-1104-MILESTONES-AND-TASK-DECOMPOSITION-01,RISK-LOW,draft,pending,Trained content reviewer; specialist review when the actual topic introduces a moderate or high-risk context.,active_if_separately_approved,SP-STRUCTURED-EVIDENCE-ELIGIBLE,true,Collect only the minimum private context needed to run the practice; do not request identifying details about other people.,"Using the Milestones and task decomposition protocol to rank worth, coerce participation, demand disclosure, override rest or care, certify competence, or justify decisions beyond the recorded context. | Treating a completed Milestones and task decomposition action, a polished artifact, agreement, confidence, speed, independence, or output as mastery or universal transfer.","Follow the material, equipment, consent and scope limits in the setup and each action. Use three cards instead of a detailed diagram, or have a trusted person read the next action aloud. A personal non-social project can replace the default when coordination is inaccessible. A simulated invitation map is preparation, not evidence of an event held.","Pause Milestones and task decomposition when capacity, consent, authority, privacy, access, care duties, uncertainty, distress, fatigue, pain, resource scarcity, or changed circumstances make the next action unwise.","Stop the Milestones and task decomposition practice for harm, coercion, retaliation risk, emergency conditions, unsafe exposure, worsening symptoms, protected information, legal or policy conflict, or pressure to exceed the stated boundary.","Use qualified, local, or emergency support whenever the situation exceeds a voluntary low-stakes developmental practice.","Content, accessibility, privacy, and safety review complete. | Evidence and scoring contracts independently approved before score activation."
PRACTICE-COMP-1105-SCHEDULING-AND-REALISTIC-CAPACITY-01,RISK-LOW,draft,pending,Trained content reviewer; specialist review when the actual topic introduces a moderate or high-risk context.,active_if_separately_approved,SP-STRUCTURED-EVIDENCE-ELIGIBLE,true,Collect only the minimum private context needed to run the practice; do not request identifying details about other people.,"Using the Scheduling and realistic capacity protocol to rank worth, coerce participation, demand disclosure, override rest or care, certify competence, or justify decisions beyond the recorded context. | Treating a completed Scheduling and realistic capacity action, a polished artifact, agreement, confidence, speed, independence, or output as mastery or universal transfer.","Follow the material, equipment, consent and scope limits in the setup and each action. Use flexible windows rather than clock times for variable care or disability-related capacity. A support person or accessible calendar may carry reminders. In externally imposed overload, record the infeasible sum and request scope or staffing changes instead of relying on unpaid extra hours.","Pause Scheduling and realistic capacity when capacity, consent, authority, privacy, access, care duties, uncertainty, distress, fatigue, pain, resource scarcity, or changed circumstances make the next action unwise.","Stop the Scheduling and realistic capacity practice for harm, coercion, retaliation risk, emergency conditions, unsafe exposure, worsening symptoms, protected information, legal or policy conflict, or pressure to exceed the stated boundary.","Use qualified, local, or emergency support whenever the situation exceeds a voluntary low-stakes developmental practice.","Content, accessibility, privacy, and safety review complete. | Evidence and scoring contracts independently approved before score activation."
PRACTICE-COMP-1106-PROJECT-AND-WORKFLOW-MANAGEMENT-01,RISK-LOW,draft,pending,Trained content reviewer; specialist review when the actual topic introduces a moderate or high-risk context.,active_if_separately_approved,SP-STRUCTURED-EVIDENCE-ELIGIBLE,true,Collect only the minimum private context needed to run the practice; do not request identifying details about other people.,"Using the Project and workflow management protocol to rank worth, coerce participation, demand disclosure, override rest or care, certify competence, or justify decisions beyond the recorded context. | Treating a completed Project and workflow management action, a polished artifact, agreement, confidence, speed, independence, or output as mastery or universal transfer.","Follow the material, equipment, consent and scope limits in the setup and each action. Use index cards, spoken status or a shared accessible document instead of an app. In solo work, distinguish ownership from dependence on another person’s consent. Rehearse on a fictional cupboard when shared access is unavailable; that does not prove team delivery.","Pause Project and workflow management when capacity, consent, authority, privacy, access, care duties, uncertainty, distress, fatigue, pain, resource scarcity, or changed circumstances make the next action unwise.","Stop the Project and workflow management practice for harm, coercion, retaliation risk, emergency conditions, unsafe exposure, worsening symptoms, protected information, legal or policy conflict, or pressure to exceed the stated boundary.","Use qualified, local, or emergency support whenever the situation exceeds a voluntary low-stakes developmental practice.","Content, accessibility, privacy, and safety review complete. | Evidence and scoring contracts independently approved before score activation."
PRACTICE-COMP-1107-PACING-AND-SUSTAINABLE-INTENSITY-01,RISK-LOW,draft,pending,Trained content reviewer; specialist review when the actual topic introduces a moderate or high-risk context.,active_if_separately_approved,SP-STRUCTURED-EVIDENCE-ELIGIBLE,true,Collect only the minimum private context needed to run the practice; do not request identifying details about other people.,"Using the Pacing and sustainable intensity protocol to rank worth, coerce participation, demand disclosure, override rest or care, certify competence, or justify decisions beyond the recorded context. | Treating a completed Pacing and sustainable intensity action, a polished artifact, agreement, confidence, speed, independence, or output as mastery or universal transfer.","Follow the material, equipment, consent and scope limits in the setup and each action. Use supported, seated, remote or shorter work where appropriate and treat rest as legitimate work planning. Variable or persistent fatigue may require qualified assessment and accommodation rather than a new productivity technique. No physical challenge or deprivation is part of this exercise.","Pause Pacing and sustainable intensity when capacity, consent, authority, privacy, access, care duties, uncertainty, distress, fatigue, pain, resource scarcity, or changed circumstances make the next action unwise.","Stop the Pacing and sustainable intensity practice for harm, coercion, retaliation risk, emergency conditions, unsafe exposure, worsening symptoms, protected information, legal or policy conflict, or pressure to exceed the stated boundary.","Use qualified, local, or emergency support whenever the situation exceeds a voluntary low-stakes developmental practice.","Content, accessibility, privacy, and safety review complete. | Evidence and scoring contracts independently approved before score activation."
PRACTICE-COMP-1108-FOLLOW-THROUGH-AND-ACCOUNTABILITY-01,RISK-LOW,draft,pending,Trained content reviewer; specialist review when the actual topic introduces a moderate or high-risk context.,active_if_separately_approved,SP-STRUCTURED-EVIDENCE-ELIGIBLE,true,Collect only the minimum private context needed to run the practice; do not request identifying details about other people.,"Using the Follow-through and accountability protocol to rank worth, coerce participation, demand disclosure, override rest or care, certify competence, or justify decisions beyond the recorded context. | Treating a completed Follow-through and accountability action, a polished artifact, agreement, confidence, speed, independence, or output as mastery or universal transfer.","Follow the material, equipment, consent and scope limits in the setup and each action. Use accessible reminders, supported transport or written communication; needing assistance does not invalidate reliability. Where contacting a person is unsafe, use an authorized intermediary or appropriate support. A fictional promise rehearsal demonstrates planning and wording only.","Pause Follow-through and accountability when capacity, consent, authority, privacy, access, care duties, uncertainty, distress, fatigue, pain, resource scarcity, or changed circumstances make the next action unwise.","Stop the Follow-through and accountability practice for harm, coercion, retaliation risk, emergency conditions, unsafe exposure, worsening symptoms, protected information, legal or policy conflict, or pressure to exceed the stated boundary.","Use qualified, local, or emergency support whenever the situation exceeds a voluntary low-stakes developmental practice.","Content, accessibility, privacy, and safety review complete. | Evidence and scoring contracts independently approved before score activation."
PRACTICE-COMP-1109-REVIEW-MEASUREMENT-AND-ADAPTATION-01,RISK-LOW,draft,pending,Trained content reviewer; specialist review when the actual topic introduces a moderate or high-risk context.,active_if_separately_approved,SP-STRUCTURED-EVIDENCE-ELIGIBLE,true,Collect only the minimum private context needed to run the practice; do not request identifying details about other people.,"Using the Review, measurement, and adaptation protocol to rank worth, coerce participation, demand disclosure, override rest or care, certify competence, or justify decisions beyond the recorded context. | Treating a completed Review, measurement, and adaptation action, a polished artifact, agreement, confidence, speed, independence, or output as mastery or universal transfer.","Follow the material, equipment, consent and scope limits in the setup and each action. Review one item rather than a whole week, use voice notes or a trusted planning aid, and omit private narratives from application evidence. A synthetic review is useful for learning the method but does not establish a changed personal routine.","Pause Review, measurement, and adaptation when capacity, consent, authority, privacy, access, care duties, uncertainty, distress, fatigue, pain, resource scarcity, or changed circumstances make the next action unwise.","Stop the Review, measurement, and adaptation practice for harm, coercion, retaliation risk, emergency conditions, unsafe exposure, worsening symptoms, protected information, legal or policy conflict, or pressure to exceed the stated boundary.","Use qualified, local, or emergency support whenever the situation exceeds a voluntary low-stakes developmental practice.","Content, accessibility, privacy, and safety review complete. | Evidence and scoring contracts independently approved before score activation."
PRACTICE-COMP-1201-HEALTH-LITERACY-AND-PREVENTIVE-CARE-01,RISK-HIGH,draft,pending_specialist_expansion_review,Licensed or otherwise appropriately qualified specialist for the jurisdiction and topic.,qualified_only,SP-STRUCTURED-EVIDENCE-ELIGIBLE,true,"Do not collect or retain sensitive case detail unless separately justified, consented, secured, and reviewed.","Using the Health literacy and preventive care protocol to rank worth, coerce participation, demand disclosure, override rest or care, certify competence, or justify decisions beyond the recorded context. | Treating a completed Health literacy and preventive care action, a polished artifact, agreement, confidence, speed, independence, or output as mastery or universal transfer.","Follow the material, equipment, consent and scope limits in the setup and each action. Use an interpreter, accessible portal, support person with consent or a community clinic. Keep diagnoses, sexual history and medicine names out of app check-ins. A fictional case practices navigation only; lack of affordable care is an access barrier, not a failed health behavior.","Pause Health literacy and preventive care when capacity, consent, authority, privacy, access, care duties, uncertainty, distress, fatigue, pain, resource scarcity, or changed circumstances make the next action unwise.","Stop the Health literacy and preventive care practice for harm, coercion, retaliation risk, emergency conditions, unsafe exposure, worsening symptoms, protected information, legal or policy conflict, or pressure to exceed the stated boundary.",Health and exercise content must be adapted to the person and does not replace licensed medical care.,"Qualified specialist approval recorded. | Jurisdictional, emergency, and vulnerable-person boundaries reviewed. | No unverified hotline, diagnosis, treatment, confrontation, or coercive exposure. | Evidence is qualified-only or non-scored unless separately approved."
PRACTICE-COMP-1202-SLEEP-AND-CIRCADIAN-HEALTH-01,RISK-HIGH,draft,pending_specialist_expansion_review,Licensed or otherwise appropriately qualified specialist for the jurisdiction and topic.,qualified_only,SP-STRUCTURED-EVIDENCE-ELIGIBLE,true,"Do not collect or retain sensitive case detail unless separately justified, consented, secured, and reviewed.","Using the Sleep and circadian health protocol to rank worth, coerce participation, demand disclosure, override rest or care, certify competence, or justify decisions beyond the recorded context. | Treating a completed Sleep and circadian health action, a polished artifact, agreement, confidence, speed, independence, or output as mastery or universal transfer.","Follow the material, equipment, consent and scope limits in the setup and each action. For shift work or caregiving, compare similar shifts and choose a light, noise or caffeine-timing change that fits the existing care plan. Audio relaxation, a dim night light or sensory supports may remain necessary. A sleep clinician’s individualized plan takes precedence over this habit trial.","Pause Sleep and circadian health when capacity, consent, authority, privacy, access, care duties, uncertainty, distress, fatigue, pain, resource scarcity, or changed circumstances make the next action unwise.","Stop the Sleep and circadian health practice for harm, coercion, retaliation risk, emergency conditions, unsafe exposure, worsening symptoms, protected information, legal or policy conflict, or pressure to exceed the stated boundary.",Health and exercise content must be adapted to the person and does not replace licensed medical care.,"Qualified specialist approval recorded. | Jurisdictional, emergency, and vulnerable-person boundaries reviewed. | No unverified hotline, diagnosis, treatment, confrontation, or coercive exposure. | Evidence is qualified-only or non-scored unless separately approved."
PRACTICE-COMP-1203-NUTRITION-FUNDAMENTALS-01,RISK-HIGH,draft,pending_specialist_expansion_review,Licensed or otherwise appropriately qualified specialist for the jurisdiction and topic.,qualified_only,SP-STRUCTURED-EVIDENCE-ELIGIBLE,true,"Do not collect or retain sensitive case detail unless separately justified, consented, secured, and reviewed.","Using the Nutrition fundamentals protocol to rank worth, coerce participation, demand disclosure, override rest or care, certify competence, or justify decisions beyond the recorded context. | Treating a completed Nutrition fundamentals action, a polished artifact, agreement, confidence, speed, independence, or output as mastery or universal transfer.","Follow the material, equipment, consent and scope limits in the setup and each action. Use frozen, canned, prepared, blended or culturally familiar foods when they meet individual safety needs. Food assistance and help with preparation are valid routes. Follow fluid restrictions or swallowing plans when prescribed; the exercise never requires drinking beyond those limits or testing a suspected allergen.","Pause Nutrition fundamentals when capacity, consent, authority, privacy, access, care duties, uncertainty, distress, fatigue, pain, resource scarcity, or changed circumstances make the next action unwise.","Stop the Nutrition fundamentals practice for harm, coercion, retaliation risk, emergency conditions, unsafe exposure, worsening symptoms, protected information, legal or policy conflict, or pressure to exceed the stated boundary.",Health and exercise content must be adapted to the person and does not replace licensed medical care.,"Qualified specialist approval recorded. | Jurisdictional, emergency, and vulnerable-person boundaries reviewed. | No unverified hotline, diagnosis, treatment, confrontation, or coercive exposure. | Evidence is qualified-only or non-scored unless separately approved."
PRACTICE-COMP-1204-FOOD-RELATIONSHIP-AND-BODY-IMAGE-01,RISK-HIGH,draft,pending_specialist_expansion_review,Licensed or otherwise appropriately qualified specialist for the jurisdiction and topic.,qualified_only,SP-STRUCTURED-EVIDENCE-ELIGIBLE,true,"Do not collect or retain sensitive case detail unless separately justified, consented, secured, and reviewed.","Using the Food relationship and body image protocol to rank worth, coerce participation, demand disclosure, override rest or care, certify competence, or justify decisions beyond the recorded context. | Treating a completed Food relationship and body image action, a polished artifact, agreement, confidence, speed, independence, or output as mastery or universal transfer.","Follow the material, equipment, consent and scope limits in the setup and each action. Use the fictional case when personal reflection is too activating. Skip mirrors, scales and photographs. Choose a familiar care action consistent with cultural practice, disability needs and any dietitian or clinician plan; not everyone needs or wants an appearance goal.","Pause Food relationship and body image when capacity, consent, authority, privacy, access, care duties, uncertainty, distress, fatigue, pain, resource scarcity, or changed circumstances make the next action unwise.","Stop the Food relationship and body image practice for harm, coercion, retaliation risk, emergency conditions, unsafe exposure, worsening symptoms, protected information, legal or policy conflict, or pressure to exceed the stated boundary.",Health and exercise content must be adapted to the person and does not replace licensed medical care.,"Qualified specialist approval recorded. | Jurisdictional, emergency, and vulnerable-person boundaries reviewed. | No unverified hotline, diagnosis, treatment, confrontation, or coercive exposure. | Evidence is qualified-only or non-scored unless separately approved."
PRACTICE-COMP-1205-STRENGTH-AND-MUSCULAR-CAPABILITY-01,RISK-HIGH,draft,pending_specialist_expansion_review,Licensed or otherwise appropriately qualified specialist for the jurisdiction and topic.,qualified_only,SP-STRUCTURED-EVIDENCE-ELIGIBLE,true,"Do not collect or retain sensitive case detail unless separately justified, consented, secured, and reviewed.","Using the Strength and muscular capability protocol to rank worth, coerce participation, demand disclosure, override rest or care, certify competence, or justify decisions beyond the recorded context. | Treating a completed Strength and muscular capability action, a polished artifact, agreement, confidence, speed, independence, or output as mastery or universal transfer.","Follow the material, equipment, consent and scope limits in the setup and each action. Use seated, assisted, isometric, band, machine, bodyweight or other familiar equivalents already appropriate to the person; support is a legitimate condition, not a failed version. Use the instruction-first route when safety, technique, equipment or progression is uncertain. Preserve a rehabilitation or clinician plan and do not practice through injury, remove fall support, reveal private health information or use exercise as a test of worth.","Pause Strength and muscular capability when capacity, consent, authority, privacy, access, care duties, uncertainty, distress, fatigue, pain, resource scarcity, or changed circumstances make the next action unwise.","Stop the Strength and muscular capability practice for harm, coercion, retaliation risk, emergency conditions, unsafe exposure, worsening symptoms, protected information, legal or policy conflict, or pressure to exceed the stated boundary.",Health and exercise content must be adapted to the person and does not replace licensed medical care.,"Qualified specialist approval recorded. | Jurisdictional, emergency, and vulnerable-person boundaries reviewed. | No unverified hotline, diagnosis, treatment, confrontation, or coercive exposure. | Evidence is qualified-only or non-scored unless separately approved."
PRACTICE-COMP-1206-CARDIOVASCULAR-ENDURANCE-01,RISK-HIGH,draft,pending_specialist_expansion_review,Licensed or otherwise appropriately qualified specialist for the jurisdiction and topic.,qualified_only,SP-STRUCTURED-EVIDENCE-ELIGIBLE,true,"Do not collect or retain sensitive case detail unless separately justified, consented, secured, and reviewed.","Using the Cardiovascular endurance protocol to rank worth, coerce participation, demand disclosure, override rest or care, certify competence, or justify decisions beyond the recorded context. | Treating a completed Cardiovascular endurance action, a polished artifact, agreement, confidence, speed, independence, or output as mastery or universal transfer.","Follow the material, equipment, consent and scope limits in the setup and each action. Use indoor, seated, supported or shorter activity under an existing plan when weather, disability or access requires it. For chronic illness with post-exertional worsening, do not use automatic graded increases; follow individualized clinical guidance. A route plan without movement is preparation only.","Pause Cardiovascular endurance when capacity, consent, authority, privacy, access, care duties, uncertainty, distress, fatigue, pain, resource scarcity, or changed circumstances make the next action unwise.","Stop the Cardiovascular endurance practice for harm, coercion, retaliation risk, emergency conditions, unsafe exposure, worsening symptoms, protected information, legal or policy conflict, or pressure to exceed the stated boundary.",Health and exercise content must be adapted to the person and does not replace licensed medical care.,"Qualified specialist approval recorded. | Jurisdictional, emergency, and vulnerable-person boundaries reviewed. | No unverified hotline, diagnosis, treatment, confrontation, or coercive exposure. | Evidence is qualified-only or non-scored unless separately approved."
PRACTICE-COMP-1207-MOBILITY-FLEXIBILITY-AND-JOINT-CAPACITY-01,RISK-HIGH,draft,pending_specialist_expansion_review,Licensed or otherwise appropriately qualified specialist for the jurisdiction and topic.,qualified_only,SP-STRUCTURED-EVIDENCE-ELIGIBLE,true,"Do not collect or retain sensitive case detail unless separately justified, consented, secured, and reviewed.","Using the Mobility, flexibility, and joint capacity protocol to rank worth, coerce participation, demand disclosure, override rest or care, certify competence, or justify decisions beyond the recorded context. | Treating a completed Mobility, flexibility, and joint capacity action, a polished artifact, agreement, confidence, speed, independence, or output as mastery or universal transfer.","Follow the material, equipment, consent and scope limits in the setup and each action. Use seated reach, assistive equipment, a support person or a different familiar task. A clinician-prescribed mobility exercise may replace the task only within its existing limits. No unsupported balance drill, floor transfer or end-range stretching is required.","Pause Mobility, flexibility, and joint capacity when capacity, consent, authority, privacy, access, care duties, uncertainty, distress, fatigue, pain, resource scarcity, or changed circumstances make the next action unwise.","Stop the Mobility, flexibility, and joint capacity practice for harm, coercion, retaliation risk, emergency conditions, unsafe exposure, worsening symptoms, protected information, legal or policy conflict, or pressure to exceed the stated boundary.",Health and exercise content must be adapted to the person and does not replace licensed medical care.,"Qualified specialist approval recorded. | Jurisdictional, emergency, and vulnerable-person boundaries reviewed. | No unverified hotline, diagnosis, treatment, confrontation, or coercive exposure. | Evidence is qualified-only or non-scored unless separately approved."
PRACTICE-COMP-1208-POWER-SPEED-COORDINATION-AND-AGILITY-01,RISK-HIGH,draft,pending_specialist_expansion_review,Licensed or otherwise appropriately qualified specialist for the jurisdiction and topic.,qualified_only,SP-STRUCTURED-EVIDENCE-ELIGIBLE,true,"Do not collect or retain sensitive case detail unless separately justified, consented, secured, and reviewed.","Using the Power, speed, coordination, and agility protocol to rank worth, coerce participation, demand disclosure, override rest or care, certify competence, or justify decisions beyond the recorded context. | Treating a completed Power, speed, coordination, and agility action, a polished artifact, agreement, confidence, speed, independence, or output as mastery or universal transfer.","Follow the material, equipment, consent and scope limits in the setup and each action. Use eye gaze, a switch, larger targets, verbal selection, slower cues or an existing therapist-approved movement for the coordination route. Use a seated or equipment-supported route when it preserves the selected component. A support changes conditions but does not reduce dignity. Never simulate disability, catch a falling person, improvise a sprint, jump, loaded explosive movement or rapid direction change. Existing clinical, rehabilitation and sport plans control physical progression.","Pause Power, speed, coordination, and agility when capacity, consent, authority, privacy, access, care duties, uncertainty, distress, fatigue, pain, resource scarcity, or changed circumstances make the next action unwise.","Stop the Power, speed, coordination, and agility practice for harm, coercion, retaliation risk, emergency conditions, unsafe exposure, worsening symptoms, protected information, legal or policy conflict, or pressure to exceed the stated boundary.",Health and exercise content must be adapted to the person and does not replace licensed medical care.,"Qualified specialist approval recorded. | Jurisdictional, emergency, and vulnerable-person boundaries reviewed. | No unverified hotline, diagnosis, treatment, confrontation, or coercive exposure. | Evidence is qualified-only or non-scored unless separately approved."
PRACTICE-COMP-1209-BODY-COMPOSITION-AND-METABOLIC-HEALTH-01,RISK-HIGH,draft,pending_specialist_expansion_review,Licensed or otherwise appropriately qualified specialist for the jurisdiction and topic.,qualified_only,SP-STRUCTURED-EVIDENCE-ELIGIBLE,true,"Do not collect or retain sensitive case detail unless separately justified, consented, secured, and reviewed.","Using the Body composition and metabolic health protocol to rank worth, coerce participation, demand disclosure, override rest or care, certify competence, or justify decisions beyond the recorded context. | Treating a completed Body composition and metabolic health action, a polished artifact, agreement, confidence, speed, independence, or output as mastery or universal transfer.","Follow the material, equipment, consent and scope limits in the setup and each action. Use the fictional case throughout when body metrics are distressing or medically inappropriate. Existing eating-disorder treatment, pregnancy care and condition-specific guidance take precedence. A qualified clinician can choose appropriate monitoring without the app storing personal values.","Pause Body composition and metabolic health when capacity, consent, authority, privacy, access, care duties, uncertainty, distress, fatigue, pain, resource scarcity, or changed circumstances make the next action unwise.","Stop the Body composition and metabolic health practice for harm, coercion, retaliation risk, emergency conditions, unsafe exposure, worsening symptoms, protected information, legal or policy conflict, or pressure to exceed the stated boundary.",Health and exercise content must be adapted to the person and does not replace licensed medical care.,"Qualified specialist approval recorded. | Jurisdictional, emergency, and vulnerable-person boundaries reviewed. | No unverified hotline, diagnosis, treatment, confrontation, or coercive exposure. | Evidence is qualified-only or non-scored unless separately approved."
PRACTICE-COMP-1210-RECOVERY-FATIGUE-AND-INJURY-PREVENTION-01,RISK-HIGH,draft,pending_specialist_expansion_review,Licensed or otherwise appropriately qualified specialist for the jurisdiction and topic.,qualified_only,SP-STRUCTURED-EVIDENCE-ELIGIBLE,true,"Do not collect or retain sensitive case detail unless separately justified, consented, secured, and reviewed.","Using the Recovery, fatigue, and injury prevention protocol to rank worth, coerce participation, demand disclosure, override rest or care, certify competence, or justify decisions beyond the recorded context. | Treating a completed Recovery, fatigue, and injury prevention action, a polished artifact, agreement, confidence, speed, independence, or output as mastery or universal transfer.","Follow the material, equipment, consent and scope limits in the setup and each action. Use voice notes or a support person to compare function without fitness tracking. For chronic illness or post-exertional symptom worsening, use individualized guidance rather than an automatic increase schedule. A fictional warning case exercises judgment but not actual recovery.","Pause Recovery, fatigue, and injury prevention when capacity, consent, authority, privacy, access, care duties, uncertainty, distress, fatigue, pain, resource scarcity, or changed circumstances make the next action unwise.","Stop the Recovery, fatigue, and injury prevention practice for harm, coercion, retaliation risk, emergency conditions, unsafe exposure, worsening symptoms, protected information, legal or policy conflict, or pressure to exceed the stated boundary.",Health and exercise content must be adapted to the person and does not replace licensed medical care.,"Qualified specialist approval recorded. | Jurisdictional, emergency, and vulnerable-person boundaries reviewed. | No unverified hotline, diagnosis, treatment, confrontation, or coercive exposure. | Evidence is qualified-only or non-scored unless separately approved."
PRACTICE-COMP-1211-SUBSTANCES-AND-ALTERED-STATES-01,RISK-HIGH,draft,pending_specialist_expansion_review,Licensed or otherwise appropriately qualified specialist for the jurisdiction and topic.,qualified_only,SP-STRUCTURED-EVIDENCE-ELIGIBLE,true,"Do not collect or retain sensitive case detail unless separately justified, consented, secured, and reviewed.","Using the Substances and altered states protocol to rank worth, coerce participation, demand disclosure, override rest or care, certify competence, or justify decisions beyond the recorded context. | Treating a completed Substances and altered states action, a polished artifact, agreement, confidence, speed, independence, or output as mastery or universal transfer.","Follow the material, equipment, consent and scope limits in the setup and each action. Abstainers can use the fictional interaction case without exposure. Use confidential, culturally appropriate or accessible services and a trusted support person with consent. The exercise never requires drug purchasing, intoxication, withdrawal testing, sharing medications or recording another person’s use.","Pause Substances and altered states when capacity, consent, authority, privacy, access, care duties, uncertainty, distress, fatigue, pain, resource scarcity, or changed circumstances make the next action unwise.","Stop the Substances and altered states practice for harm, coercion, retaliation risk, emergency conditions, unsafe exposure, worsening symptoms, protected information, legal or policy conflict, or pressure to exceed the stated boundary.",Health and exercise content must be adapted to the person and does not replace licensed medical care.,"Qualified specialist approval recorded. | Jurisdictional, emergency, and vulnerable-person boundaries reviewed. | No unverified hotline, diagnosis, treatment, confrontation, or coercive exposure. | Evidence is qualified-only or non-scored unless separately approved."
PRACTICE-COMP-1212-BODILY-AUTONOMY-AND-PERSONAL-BOUNDARIES-01,RISK-HIGH,draft,pending_specialist_expansion_review,Licensed or otherwise appropriately qualified specialist for the jurisdiction and topic.,qualified_only,SP-STRUCTURED-EVIDENCE-ELIGIBLE,true,"Do not collect or retain sensitive case detail unless separately justified, consented, secured, and reviewed.","Using the Bodily autonomy and personal boundaries protocol to rank worth, coerce participation, demand disclosure, override rest or care, certify competence, or justify decisions beyond the recorded context. | Treating a completed Bodily autonomy and personal boundaries action, a polished artifact, agreement, confidence, speed, independence, or output as mastery or universal transfer.","Follow the material, equipment, consent and scope limits in the setup and each action. Use AAC, signs, written choices, an interpreter or a support person chosen by the participant. Respect cultural greetings without requiring contact. In coercion, exploitation or unsafe dependency, prioritize a safety plan and qualified support rather than a boundary demonstration.","Pause Bodily autonomy and personal boundaries when capacity, consent, authority, privacy, access, care duties, uncertainty, distress, fatigue, pain, resource scarcity, or changed circumstances make the next action unwise.","Stop the Bodily autonomy and personal boundaries practice for harm, coercion, retaliation risk, emergency conditions, unsafe exposure, worsening symptoms, protected information, legal or policy conflict, or pressure to exceed the stated boundary.",Health and exercise content must be adapted to the person and does not replace licensed medical care.,"Qualified specialist approval recorded. | Jurisdictional, emergency, and vulnerable-person boundaries reviewed. | No unverified hotline, diagnosis, treatment, confrontation, or coercive exposure. | Evidence is qualified-only or non-scored unless separately approved."
PRACTICE-COMP-1213-GROOMING-DRESS-AND-PRESENTATION-01,RISK-HIGH,draft,pending_specialist_expansion_review,Licensed or otherwise appropriately qualified specialist for the jurisdiction and topic.,qualified_only,SP-STRUCTURED-EVIDENCE-ELIGIBLE,true,"Do not collect or retain sensitive case detail unless separately justified, consented, secured, and reviewed.","Using the Grooming, dress, and presentation protocol to rank worth, coerce participation, demand disclosure, override rest or care, certify competence, or justify decisions beyond the recorded context. | Treating a completed Grooming, dress, and presentation action, a polished artifact, agreement, confidence, speed, independence, or output as mastery or universal transfer.","Follow the material, equipment, consent and scope limits in the setup and each action. Use fragrance-free products, seated grooming, adaptive fasteners, a helper with consent or culturally appropriate dress. Limited laundry, money or housing access may require support, not a stricter standard. A person need not look conventional to be dignified or prepared.","Pause Grooming, dress, and presentation when capacity, consent, authority, privacy, access, care duties, uncertainty, distress, fatigue, pain, resource scarcity, or changed circumstances make the next action unwise.","Stop the Grooming, dress, and presentation practice for harm, coercion, retaliation risk, emergency conditions, unsafe exposure, worsening symptoms, protected information, legal or policy conflict, or pressure to exceed the stated boundary.",Health and exercise content must be adapted to the person and does not replace licensed medical care.,"Qualified specialist approval recorded. | Jurisdictional, emergency, and vulnerable-person boundaries reviewed. | No unverified hotline, diagnosis, treatment, confrontation, or coercive exposure. | Evidence is qualified-only or non-scored unless separately approved."
PRACTICE-COMP-1214-FUNCTIONAL-AGING-AND-LIFELONG-MOVEMENT-01,RISK-HIGH,draft,pending_specialist_expansion_review,Licensed or otherwise appropriately qualified specialist for the jurisdiction and topic.,qualified_only,SP-STRUCTURED-EVIDENCE-ELIGIBLE,true,"Do not collect or retain sensitive case detail unless separately justified, consented, secured, and reviewed.","Using the Functional aging and lifelong movement protocol to rank worth, coerce participation, demand disclosure, override rest or care, certify competence, or justify decisions beyond the recorded context. | Treating a completed Functional aging and lifelong movement action, a polished artifact, agreement, confidence, speed, independence, or output as mastery or universal transfer.","Follow the material, equipment, consent and scope limits in the setup and each action. Use wheeling, seated activity, assisted movement, transport or a different valued destination. Bone health, pregnancy, injury and chronic disease may need individualized advice. A functional map without a safe movement opportunity is planning evidence only.","Pause Functional aging and lifelong movement when capacity, consent, authority, privacy, access, care duties, uncertainty, distress, fatigue, pain, resource scarcity, or changed circumstances make the next action unwise.","Stop the Functional aging and lifelong movement practice for harm, coercion, retaliation risk, emergency conditions, unsafe exposure, worsening symptoms, protected information, legal or policy conflict, or pressure to exceed the stated boundary.",Health and exercise content must be adapted to the person and does not replace licensed medical care.,"Qualified specialist approval recorded. | Jurisdictional, emergency, and vulnerable-person boundaries reviewed. | No unverified hotline, diagnosis, treatment, confrontation, or coercive exposure. | Evidence is qualified-only or non-scored unless separately approved."
PRACTICE-COMP-1215-ADAPTIVE-MOVEMENT-AND-FITNESS-01,RISK-HIGH,draft,pending_specialist_expansion_review,Licensed or otherwise appropriately qualified specialist for the jurisdiction and topic.,qualified_only,SP-STRUCTURED-EVIDENCE-ELIGIBLE,true,"Do not collect or retain sensitive case detail unless separately justified, consented, secured, and reviewed.","Using the Adaptive movement and fitness protocol to rank worth, coerce participation, demand disclosure, override rest or care, certify competence, or justify decisions beyond the recorded context. | Treating a completed Adaptive movement and fitness action, a polished artifact, agreement, confidence, speed, independence, or output as mastery or universal transfer.","Follow the material, equipment, consent and scope limits in the setup and each action. Use a fictional planning case when physical participation is currently unsuitable. For post-exertional worsening, acute injury, pregnancy complications or other medical uncertainty, use the relevant professional plan and do not test limits. Assistance and adaptive equipment are not penalties.","Pause Adaptive movement and fitness when capacity, consent, authority, privacy, access, care duties, uncertainty, distress, fatigue, pain, resource scarcity, or changed circumstances make the next action unwise.","Stop the Adaptive movement and fitness practice for harm, coercion, retaliation risk, emergency conditions, unsafe exposure, worsening symptoms, protected information, legal or policy conflict, or pressure to exceed the stated boundary.",Health and exercise content must be adapted to the person and does not replace licensed medical care.,"Qualified specialist approval recorded. | Jurisdictional, emergency, and vulnerable-person boundaries reviewed. | No unverified hotline, diagnosis, treatment, confrontation, or coercive exposure. | Evidence is qualified-only or non-scored unless separately approved."
PRACTICE-COMP-1216-PAIN-LITERACY-AND-SAFE-RESPONSE-01,RISK-HIGH,draft,pending_specialist_expansion_review,Licensed or otherwise appropriately qualified specialist for the jurisdiction and topic.,qualified_only,SP-STRUCTURED-EVIDENCE-ELIGIBLE,true,"Do not collect or retain sensitive case detail unless separately justified, consented, secured, and reviewed.","Using the Pain literacy and safe response protocol to rank worth, coerce participation, demand disclosure, override rest or care, certify competence, or justify decisions beyond the recorded context. | Treating a completed Pain literacy and safe response action, a polished artifact, agreement, confidence, speed, independence, or output as mastery or universal transfer.","Follow the material, equipment, consent and scope limits in the setup and each action. Use body diagrams, descriptive words, an interpreter or a chosen support person. People with communication differences still deserve their pain to be taken seriously. Keep health details outside app evidence; case reasoning alone is not evidence of a personal recovery.","Pause Pain literacy and safe response when capacity, consent, authority, privacy, access, care duties, uncertainty, distress, fatigue, pain, resource scarcity, or changed circumstances make the next action unwise.","Stop the Pain literacy and safe response practice for harm, coercion, retaliation risk, emergency conditions, unsafe exposure, worsening symptoms, protected information, legal or policy conflict, or pressure to exceed the stated boundary.",Health and exercise content must be adapted to the person and does not replace licensed medical care.,"Qualified specialist approval recorded. | Jurisdictional, emergency, and vulnerable-person boundaries reviewed. | No unverified hotline, diagnosis, treatment, confrontation, or coercive exposure. | Evidence is qualified-only or non-scored unless separately approved."
PRACTICE-COMP-1301-INDEPENDENT-LIVING-ADMINISTRATION-01,RISK-MODERATE,draft,pending,Relevant specialist or domain-qualified human reviewer before expansion release or score activation.,shadow_only,SP-STRUCTURED-EVIDENCE-ELIGIBLE,true,"Store no diagnoses, allegations, third-party secrets, or unnecessary sensitive narrative; prefer category-level signals.","Using the Independent-living administration protocol to rank worth, coerce participation, demand disclosure, override rest or care, certify competence, or justify decisions beyond the recorded context. | Treating a completed Independent-living administration action, a polished artifact, agreement, confidence, speed, independence, or output as mastery or universal transfer.","Follow the material, equipment, consent and scope limits in the setup and each action. Use a single envelope and paper calendar, dictation, translated labels or a trusted supporter. If documents are inaccessible, work with fictional appointment and renewal notices; this tests the system rather than resolving the real obligation.","Pause Independent-living administration when capacity, consent, authority, privacy, access, care duties, uncertainty, distress, fatigue, pain, resource scarcity, or changed circumstances make the next action unwise.","Stop the Independent-living administration practice for harm, coercion, retaliation risk, emergency conditions, unsafe exposure, worsening symptoms, protected information, legal or policy conflict, or pressure to exceed the stated boundary.","Use qualified, local, or emergency support whenever the situation exceeds a voluntary low-stakes developmental practice.","Specialist safety review complete. | Misuse, exclusion, stop, and escalation paths tested in content and UI. | Scoring remains shadow-only until a separate activation decision."
PRACTICE-COMP-1303-CLEANING-SANITATION-AND-WASTE-01,RISK-MODERATE,draft,pending,Relevant specialist or domain-qualified human reviewer before expansion release or score activation.,shadow_only,SP-STRUCTURED-EVIDENCE-ELIGIBLE,true,"Store no diagnoses, allegations, third-party secrets, or unnecessary sensitive narrative; prefer category-level signals.","Using the Cleaning, sanitation, and waste protocol to rank worth, coerce participation, demand disclosure, override rest or care, certify competence, or justify decisions beyond the recorded context. | Treating a completed Cleaning, sanitation, and waste action, a polished artifact, agreement, confidence, speed, independence, or output as mastery or universal transfer.","Follow the material, equipment, consent and scope limits in the setup and each action. Use a small reachable patch, fragrance-free compatible product or a helper for handling. If suitable equipment or ventilation is unavailable, compare labels and rehearse the sequence without applying anything.","Pause Cleaning, sanitation, and waste when capacity, consent, authority, privacy, access, care duties, uncertainty, distress, fatigue, pain, resource scarcity, or changed circumstances make the next action unwise.","Stop the Cleaning, sanitation, and waste practice for harm, coercion, retaliation risk, emergency conditions, unsafe exposure, worsening symptoms, protected information, legal or policy conflict, or pressure to exceed the stated boundary.","Use qualified, local, or emergency support whenever the situation exceeds a voluntary low-stakes developmental practice.","Specialist safety review complete. | Misuse, exclusion, stop, and escalation paths tested in content and UI. | Scoring remains shadow-only until a separate activation decision."
PRACTICE-COMP-1304-LAUNDRY-AND-CLOTHING-CARE-01,RISK-MODERATE,draft,pending,Relevant specialist or domain-qualified human reviewer before expansion release or score activation.,shadow_only,SP-STRUCTURED-EVIDENCE-ELIGIBLE,true,"Store no diagnoses, allegations, third-party secrets, or unnecessary sensitive narrative; prefer category-level signals.","Using the Laundry and clothing care protocol to rank worth, coerce participation, demand disclosure, override rest or care, certify competence, or justify decisions beyond the recorded context. | Treating a completed Laundry and clothing care action, a polished artifact, agreement, confidence, speed, independence, or output as mastery or universal transfer.","Follow the material, equipment, consent and scope limits in the setup and each action. Use accessible laundry controls, a smaller load, line drying or an agreed helper. If laundry access is absent, make the label-based plan and identify an available service; practical laundering remains untested.","Pause Laundry and clothing care when capacity, consent, authority, privacy, access, care duties, uncertainty, distress, fatigue, pain, resource scarcity, or changed circumstances make the next action unwise.","Stop the Laundry and clothing care practice for harm, coercion, retaliation risk, emergency conditions, unsafe exposure, worsening symptoms, protected information, legal or policy conflict, or pressure to exceed the stated boundary.","Use qualified, local, or emergency support whenever the situation exceeds a voluntary low-stakes developmental practice.","Specialist safety review complete. | Misuse, exclusion, stop, and escalation paths tested in content and UI. | Scoring remains shadow-only until a separate activation decision."
PRACTICE-COMP-1305-COOKING-FUNDAMENTALS-01,RISK-MODERATE,draft,pending,Relevant specialist or domain-qualified human reviewer before expansion release or score activation.,shadow_only,SP-STRUCTURED-EVIDENCE-ELIGIBLE,true,"Store no diagnoses, allegations, third-party secrets, or unnecessary sensitive narrative; prefer category-level signals.","Using the Cooking fundamentals protocol to rank worth, coerce participation, demand disclosure, override rest or care, certify competence, or justify decisions beyond the recorded context. | Treating a completed Cooking fundamentals action, a polished artifact, agreement, confidence, speed, independence, or output as mastery or universal transfer.","Follow the material, equipment, consent and scope limits in the setup and each action. Use a microwave-safe covered vessel according to the appliance instructions, pre-cut ingredients or an agreed helper. With no safe heating access, assemble suitable labelled ready-to-eat ingredients and record that heat management was not practiced.","Pause Cooking fundamentals when capacity, consent, authority, privacy, access, care duties, uncertainty, distress, fatigue, pain, resource scarcity, or changed circumstances make the next action unwise.","Stop the Cooking fundamentals practice for harm, coercion, retaliation risk, emergency conditions, unsafe exposure, worsening symptoms, protected information, legal or policy conflict, or pressure to exceed the stated boundary.","Use qualified, local, or emergency support whenever the situation exceeds a voluntary low-stakes developmental practice.","Specialist safety review complete. | Misuse, exclusion, stop, and escalation paths tested in content and UI. | Scoring remains shadow-only until a separate activation decision."
PRACTICE-COMP-1306-BAKING-AND-FOOD-CHEMISTRY-01,RISK-MODERATE,draft,pending,Relevant specialist or domain-qualified human reviewer before expansion release or score activation.,shadow_only,SP-STRUCTURED-EVIDENCE-ELIGIBLE,true,"Store no diagnoses, allegations, third-party secrets, or unnecessary sensitive narrative; prefer category-level signals.","Using the Baking and food chemistry protocol to rank worth, coerce participation, demand disclosure, override rest or care, certify competence, or justify decisions beyond the recorded context. | Treating a completed Baking and food chemistry action, a polished artifact, agreement, confidence, speed, independence, or output as mastery or universal transfer.","Follow the material, equipment, consent and scope limits in the setup and each action. Use an existing compatible recipe and halve it, or compare the ingredient functions in two labelled baked products when cooking is inaccessible. Product comparison does not demonstrate execution of baking techniques.","Pause Baking and food chemistry when capacity, consent, authority, privacy, access, care duties, uncertainty, distress, fatigue, pain, resource scarcity, or changed circumstances make the next action unwise.","Stop the Baking and food chemistry practice for harm, coercion, retaliation risk, emergency conditions, unsafe exposure, worsening symptoms, protected information, legal or policy conflict, or pressure to exceed the stated boundary.","Use qualified, local, or emergency support whenever the situation exceeds a voluntary low-stakes developmental practice.","Specialist safety review complete. | Misuse, exclusion, stop, and escalation paths tested in content and UI. | Scoring remains shadow-only until a separate activation decision."
PRACTICE-COMP-1307-MEAL-PLANNING-SHOPPING-AND-FOOD-STORAGE-01,RISK-MODERATE,draft,pending,Relevant specialist or domain-qualified human reviewer before expansion release or score activation.,shadow_only,SP-STRUCTURED-EVIDENCE-ELIGIBLE,true,"Store no diagnoses, allegations, third-party secrets, or unnecessary sensitive narrative; prefer category-level signals.","Using the Meal planning, shopping, and food storage protocol to rank worth, coerce participation, demand disclosure, override rest or care, certify competence, or justify decisions beyond the recorded context. | Treating a completed Meal planning, shopping, and food storage action, a polished artifact, agreement, confidence, speed, independence, or output as mastery or universal transfer.","Follow the material, equipment, consent and scope limits in the setup and each action. Use shelf-stable single-meal ingredients when refrigeration is unreliable, no-cook suitable foods when cooking is unavailable, and community food resources where appropriate. Planning with a sample list tests coordination but does not establish actual food access.","Pause Meal planning, shopping, and food storage when capacity, consent, authority, privacy, access, care duties, uncertainty, distress, fatigue, pain, resource scarcity, or changed circumstances make the next action unwise.","Stop the Meal planning, shopping, and food storage practice for harm, coercion, retaliation risk, emergency conditions, unsafe exposure, worsening symptoms, protected information, legal or policy conflict, or pressure to exceed the stated boundary.","Use qualified, local, or emergency support whenever the situation exceeds a voluntary low-stakes developmental practice.","Specialist safety review complete. | Misuse, exclusion, stop, and escalation paths tested in content and UI. | Scoring remains shadow-only until a separate activation decision."
PRACTICE-COMP-1308-BASIC-TOOLS-AND-HOUSEHOLD-REPAIR-01,RISK-MODERATE,draft,pending,Relevant specialist or domain-qualified human reviewer before expansion release or score activation.,shadow_only,SP-STRUCTURED-EVIDENCE-ELIGIBLE,true,"Store no diagnoses, allegations, third-party secrets, or unnecessary sensitive narrative; prefer category-level signals.","Using the Basic tools and household repair protocol to rank worth, coerce participation, demand disclosure, override rest or care, certify competence, or justify decisions beyond the recorded context. | Treating a completed Basic tools and household repair action, a polished artifact, agreement, confidence, speed, independence, or output as mastery or universal transfer.","Follow the material, equipment, consent and scope limits in the setup and each action. Use a tabletop assembly or demonstrate tool fit with an unpowered practice fastener if no suitable fixture or hand control is available. A helper may supply force while the person directs diagnosis and checks; note that supported role.","Pause Basic tools and household repair when capacity, consent, authority, privacy, access, care duties, uncertainty, distress, fatigue, pain, resource scarcity, or changed circumstances make the next action unwise.","Stop the Basic tools and household repair practice for harm, coercion, retaliation risk, emergency conditions, unsafe exposure, worsening symptoms, protected information, legal or policy conflict, or pressure to exceed the stated boundary.","Use qualified, local, or emergency support whenever the situation exceeds a voluntary low-stakes developmental practice.","Specialist safety review complete. | Misuse, exclusion, stop, and escalation paths tested in content and UI. | Scoring remains shadow-only until a separate activation decision."
PRACTICE-COMP-1309-MECHANICAL-AND-VEHICLE-LITERACY-01,RISK-MODERATE,draft,pending,Relevant specialist or domain-qualified human reviewer before expansion release or score activation.,shadow_only,SP-STRUCTURED-EVIDENCE-ELIGIBLE,true,"Store no diagnoses, allegations, third-party secrets, or unnecessary sensitive narrative; prefer category-level signals.","Using the Mechanical and vehicle literacy protocol to rank worth, coerce participation, demand disclosure, override rest or care, certify competence, or justify decisions beyond the recorded context. | Treating a completed Mechanical and vehicle literacy action, a polished artifact, agreement, confidence, speed, independence, or output as mastery or universal transfer.","Follow the material, equipment, consent and scope limits in the setup and each action. Use a publicly available manual for a familiar bicycle or appliance and a fictional service record. This practices maintenance literacy and communication, not mechanical repair competence.","Pause Mechanical and vehicle literacy when capacity, consent, authority, privacy, access, care duties, uncertainty, distress, fatigue, pain, resource scarcity, or changed circumstances make the next action unwise.","Stop the Mechanical and vehicle literacy practice for harm, coercion, retaliation risk, emergency conditions, unsafe exposure, worsening symptoms, protected information, legal or policy conflict, or pressure to exceed the stated boundary.","Use qualified, local, or emergency support whenever the situation exceeds a voluntary low-stakes developmental practice.","Specialist safety review complete. | Misuse, exclusion, stop, and escalation paths tested in content and UI. | Scoring remains shadow-only until a separate activation decision."
PRACTICE-COMP-1310-UTILITIES-AND-HOUSEHOLD-SYSTEMS-01,RISK-MODERATE,draft,pending,Relevant specialist or domain-qualified human reviewer before expansion release or score activation.,shadow_only,SP-STRUCTURED-EVIDENCE-ELIGIBLE,true,"Store no diagnoses, allegations, third-party secrets, or unnecessary sensitive narrative; prefer category-level signals.","Using the Utilities and household systems protocol to rank worth, coerce participation, demand disclosure, override rest or care, certify competence, or justify decisions beyond the recorded context. | Treating a completed Utilities and household systems action, a polished artifact, agreement, confidence, speed, independence, or output as mastery or universal transfer.","Follow the material, equipment, consent and scope limits in the setup and each action. Use a provider's accessible guide or a sample internet setup where property access is restricted. The card can direct a landlord or support person to act; the participant need not operate utility controls.","Pause Utilities and household systems when capacity, consent, authority, privacy, access, care duties, uncertainty, distress, fatigue, pain, resource scarcity, or changed circumstances make the next action unwise.","Stop the Utilities and household systems practice for harm, coercion, retaliation risk, emergency conditions, unsafe exposure, worsening symptoms, protected information, legal or policy conflict, or pressure to exceed the stated boundary.","Use qualified, local, or emergency support whenever the situation exceeds a voluntary low-stakes developmental practice.","Specialist safety review complete. | Misuse, exclusion, stop, and escalation paths tested in content and UI. | Scoring remains shadow-only until a separate activation decision."
PRACTICE-COMP-1311-GARDENING-AND-PLANT-CARE-01,RISK-MODERATE,draft,pending,Relevant specialist or domain-qualified human reviewer before expansion release or score activation.,shadow_only,SP-STRUCTURED-EVIDENCE-ELIGIBLE,true,"Store no diagnoses, allegations, third-party secrets, or unnecessary sensitive narrative; prefer category-level signals.","Using the Gardening and plant care protocol to rank worth, coerce participation, demand disclosure, override rest or care, certify competence, or justify decisions beyond the recorded context. | Treating a completed Gardening and plant care action, a polished artifact, agreement, confidence, speed, independence, or output as mastery or universal transfer.","Follow the material, equipment, consent and scope limits in the setup and each action. Observe an existing shared plant with permission, use accessible raised placement, or build a species-specific care plan without buying anything. Planning alone does not show that a plant was sustained.","Pause Gardening and plant care when capacity, consent, authority, privacy, access, care duties, uncertainty, distress, fatigue, pain, resource scarcity, or changed circumstances make the next action unwise.","Stop the Gardening and plant care practice for harm, coercion, retaliation risk, emergency conditions, unsafe exposure, worsening symptoms, protected information, legal or policy conflict, or pressure to exceed the stated boundary.","Use qualified, local, or emergency support whenever the situation exceeds a voluntary low-stakes developmental practice.","Specialist safety review complete. | Misuse, exclusion, stop, and escalation paths tested in content and UI. | Scoring remains shadow-only until a separate activation decision."
PRACTICE-COMP-1312-RESOURCE-MAINTENANCE-AND-REPAIR-CULTURE-01,RISK-MODERATE,draft,pending,Relevant specialist or domain-qualified human reviewer before expansion release or score activation.,shadow_only,SP-STRUCTURED-EVIDENCE-ELIGIBLE,true,"Store no diagnoses, allegations, third-party secrets, or unnecessary sensitive narrative; prefer category-level signals.","Using the Resource maintenance and repair culture protocol to rank worth, coerce participation, demand disclosure, override rest or care, certify competence, or justify decisions beyond the recorded context. | Treating a completed Resource maintenance and repair culture action, a polished artifact, agreement, confidence, speed, independence, or output as mastery or universal transfer.","Follow the material, equipment, consent and scope limits in the setup and each action. Use a hypothetical damaged bag and local published repair prices if you cannot authorize work. Borrowing or continuing to use a safe imperfect item may be the best available option.","Pause Resource maintenance and repair culture when capacity, consent, authority, privacy, access, care duties, uncertainty, distress, fatigue, pain, resource scarcity, or changed circumstances make the next action unwise.","Stop the Resource maintenance and repair culture practice for harm, coercion, retaliation risk, emergency conditions, unsafe exposure, worsening symptoms, protected information, legal or policy conflict, or pressure to exceed the stated boundary.","Use qualified, local, or emergency support whenever the situation exceeds a voluntary low-stakes developmental practice.","Specialist safety review complete. | Misuse, exclusion, stop, and escalation paths tested in content and UI. | Scoring remains shadow-only until a separate activation decision."
PRACTICE-COMP-1313-HOSPITALITY-AND-A-FUNCTIONAL-LIVING-ENVIRONMENT-01,RISK-MODERATE,draft,pending,Relevant specialist or domain-qualified human reviewer before expansion release or score activation.,shadow_only,SP-STRUCTURED-EVIDENCE-ELIGIBLE,true,"Store no diagnoses, allegations, third-party secrets, or unnecessary sensitive narrative; prefer category-level signals.","Using the Hospitality and a functional living environment protocol to rank worth, coerce participation, demand disclosure, override rest or care, certify competence, or justify decisions beyond the recorded context. | Treating a completed Hospitality and a functional living environment action, a polished artifact, agreement, confidence, speed, independence, or output as mastery or universal transfer.","Follow the material, equipment, consent and scope limits in the setup and each action. Welcome someone in an accessible shared or public place, use a remote visit, or offer a brief doorstep exchange. Record which home functions the alternative does not test.","Pause Hospitality and a functional living environment when capacity, consent, authority, privacy, access, care duties, uncertainty, distress, fatigue, pain, resource scarcity, or changed circumstances make the next action unwise.","Stop the Hospitality and a functional living environment practice for harm, coercion, retaliation risk, emergency conditions, unsafe exposure, worsening symptoms, protected information, legal or policy conflict, or pressure to exceed the stated boundary.","Use qualified, local, or emergency support whenever the situation exceeds a voluntary low-stakes developmental practice.","Specialist safety review complete. | Misuse, exclusion, stop, and escalation paths tested in content and UI. | Scoring remains shadow-only until a separate activation decision."
PRACTICE-COMP-1314-HOUSING-TENANCY-AND-BASIC-PROPERTY-LITERACY-01,RISK-MODERATE,draft,pending,Relevant specialist or domain-qualified human reviewer before expansion release or score activation.,shadow_only,SP-STRUCTURED-EVIDENCE-ELIGIBLE,true,"Store no diagnoses, allegations, third-party secrets, or unnecessary sensitive narrative; prefer category-level signals.","Using the Housing, tenancy, and basic property literacy protocol to rank worth, coerce participation, demand disclosure, override rest or care, certify competence, or justify decisions beyond the recorded context. | Treating a completed Housing, tenancy, and basic property literacy action, a polished artifact, agreement, confidence, speed, independence, or output as mastery or universal transfer.","Follow the material, equipment, consent and scope limits in the setup and each action. Use a public sample lease or an accessible translated explanation with a trusted adviser. Do not upload agreements, addresses, account numbers, landlord identities or evidence about a dispute.","Pause Housing, tenancy, and basic property literacy when capacity, consent, authority, privacy, access, care duties, uncertainty, distress, fatigue, pain, resource scarcity, or changed circumstances make the next action unwise.","Stop the Housing, tenancy, and basic property literacy practice for harm, coercion, retaliation risk, emergency conditions, unsafe exposure, worsening symptoms, protected information, legal or policy conflict, or pressure to exceed the stated boundary.","Use qualified, local, or emergency support whenever the situation exceeds a voluntary low-stakes developmental practice.","Specialist safety review complete. | Misuse, exclusion, stop, and escalation paths tested in content and UI. | Scoring remains shadow-only until a separate activation decision."
PRACTICE-COMP-1315-DOMESTIC-LIFE-UNDER-SCARCITY-OR-INSTABILITY-01,RISK-MODERATE,draft,pending,Relevant specialist or domain-qualified human reviewer before expansion release or score activation.,shadow_only,SP-STRUCTURED-EVIDENCE-ELIGIBLE,true,"Store no diagnoses, allegations, third-party secrets, or unnecessary sensitive narrative; prefer category-level signals.","Using the Domestic life under scarcity or instability protocol to rank worth, coerce participation, demand disclosure, override rest or care, certify competence, or justify decisions beyond the recorded context. | Treating a completed Domestic life under scarcity or instability action, a polished artifact, agreement, confidence, speed, independence, or output as mastery or universal transfer.","Follow the material, equipment, consent and scope limits in the setup and each action. Use a fictional case if current hardship makes planning burdensome. A supporter can help make calls or organize information with consent; the plan may appropriately depend on other people and institutions.","Pause Domestic life under scarcity or instability when capacity, consent, authority, privacy, access, care duties, uncertainty, distress, fatigue, pain, resource scarcity, or changed circumstances make the next action unwise.","Stop the Domestic life under scarcity or instability practice for harm, coercion, retaliation risk, emergency conditions, unsafe exposure, worsening symptoms, protected information, legal or policy conflict, or pressure to exceed the stated boundary.","Use qualified, local, or emergency support whenever the situation exceeds a voluntary low-stakes developmental practice.","Specialist safety review complete. | Misuse, exclusion, stop, and escalation paths tested in content and UI. | Scoring remains shadow-only until a separate activation decision."
PRACTICE-COMP-1316-ACCESSIBILITY-AND-ADAPTABLE-HOME-DESIGN-01,RISK-MODERATE,draft,pending,Relevant specialist or domain-qualified human reviewer before expansion release or score activation.,shadow_only,SP-STRUCTURED-EVIDENCE-ELIGIBLE,true,"Store no diagnoses, allegations, third-party secrets, or unnecessary sensitive narrative; prefer category-level signals.","Using the Accessibility and adaptable home design protocol to rank worth, coerce participation, demand disclosure, override rest or care, certify competence, or justify decisions beyond the recorded context. | Treating a completed Accessibility and adaptable home design action, a polished artifact, agreement, confidence, speed, independence, or output as mastery or universal transfer.","Follow the material, equipment, consent and scope limits in the setup and each action. Use photographs or a paper layout only with permission when physical rearrangement is unavailable. A planning exercise may identify options, but it does not establish that a real barrier was reduced.","Pause Accessibility and adaptable home design when capacity, consent, authority, privacy, access, care duties, uncertainty, distress, fatigue, pain, resource scarcity, or changed circumstances make the next action unwise.","Stop the Accessibility and adaptable home design practice for harm, coercion, retaliation risk, emergency conditions, unsafe exposure, worsening symptoms, protected information, legal or policy conflict, or pressure to exceed the stated boundary.","Use qualified, local, or emergency support whenever the situation exceeds a voluntary low-stakes developmental practice.","Specialist safety review complete. | Misuse, exclusion, stop, and escalation paths tested in content and UI. | Scoring remains shadow-only until a separate activation decision."
PRACTICE-COMP-1401-DIGITAL-AND-MEDIA-SELF-GOVERNANCE-01,RISK-MODERATE,draft,pending,Relevant specialist or domain-qualified human reviewer before expansion release or score activation.,shadow_only,SP-STRUCTURED-EVIDENCE-ELIGIBLE,true,"Store no diagnoses, allegations, third-party secrets, or unnecessary sensitive narrative; prefer category-level signals.","Using the Digital and media self-governance protocol to rank worth, coerce participation, demand disclosure, override rest or care, certify competence, or justify decisions beyond the recorded context. | Treating a completed Digital and media self-governance action, a polished artifact, agreement, confidence, speed, independence, or output as mastery or universal transfer.","Follow the material, equipment, consent and scope limits in the setup and each action. Use device accessibility controls, an external cue or a paper reminder when settings are confusing. Rehearse with a harmless feed category if the original material is triggering. Shared devices and dependent access require agreement; do not disable another person’s communication.","Pause Digital and media self-governance when capacity, consent, authority, privacy, access, care duties, uncertainty, distress, fatigue, pain, resource scarcity, or changed circumstances make the next action unwise.","Stop the Digital and media self-governance practice for harm, coercion, retaliation risk, emergency conditions, unsafe exposure, worsening symptoms, protected information, legal or policy conflict, or pressure to exceed the stated boundary.","Use qualified, local, or emergency support whenever the situation exceeds a voluntary low-stakes developmental practice.","Specialist safety review complete. | Misuse, exclusion, stop, and escalation paths tested in content and UI. | Scoring remains shadow-only until a separate activation decision."
PRACTICE-COMP-1402-DIGITAL-COMPETENCE-AND-DATA-HYGIENE-01,RISK-MODERATE,draft,pending,Relevant specialist or domain-qualified human reviewer before expansion release or score activation.,shadow_only,SP-STRUCTURED-EVIDENCE-ELIGIBLE,true,"Store no diagnoses, allegations, third-party secrets, or unnecessary sensitive narrative; prefer category-level signals.","Using the Digital competence and data hygiene protocol to rank worth, coerce participation, demand disclosure, override rest or care, certify competence, or justify decisions beyond the recorded context. | Treating a completed Digital competence and data hygiene action, a polished artifact, agreement, confidence, speed, independence, or output as mastery or universal transfer.","Follow the material, equipment, consent and scope limits in the setup and each action. Use a plain-text, audio or accessible document and a trusted helper who does not receive passwords. On managed equipment, follow organizational policy and use a training area. Without a second destination, label the exercise a file-copy rehearsal and leave disaster recovery untested.","Pause Digital competence and data hygiene when capacity, consent, authority, privacy, access, care duties, uncertainty, distress, fatigue, pain, resource scarcity, or changed circumstances make the next action unwise.","Stop the Digital competence and data hygiene practice for harm, coercion, retaliation risk, emergency conditions, unsafe exposure, worsening symptoms, protected information, legal or policy conflict, or pressure to exceed the stated boundary.","Use qualified, local, or emergency support whenever the situation exceeds a voluntary low-stakes developmental practice.","Specialist safety review complete. | Misuse, exclusion, stop, and escalation paths tested in content and UI. | Scoring remains shadow-only until a separate activation decision."
PRACTICE-COMP-1403-DIGITAL-IDENTITY-PRIVACY-AND-DATA-RIGHTS-01,RISK-HIGH,draft,pending_specialist_expansion_review,Licensed or otherwise appropriately qualified specialist for the jurisdiction and topic.,qualified_only,SP-STRUCTURED-EVIDENCE-ELIGIBLE,true,"Do not collect or retain sensitive case detail unless separately justified, consented, secured, and reviewed.","Using the Digital identity, privacy, and data rights protocol to rank worth, coerce participation, demand disclosure, override rest or care, certify competence, or justify decisions beyond the recorded context. | Treating a completed Digital identity, privacy, and data rights action, a polished artifact, agreement, confidence, speed, independence, or output as mastery or universal transfer.","Follow the material, equipment, consent and scope limits in the setup and each action. Use one setting at a time, an accessible privacy dashboard or a trusted helper without sharing credentials. In stalking or abuse concerns, changing settings can have safety implications; use a safe device and appropriate specialist support rather than a public confrontation or surprise account change.","Pause Digital identity, privacy, and data rights when capacity, consent, authority, privacy, access, care duties, uncertainty, distress, fatigue, pain, resource scarcity, or changed circumstances make the next action unwise.","Stop the Digital identity, privacy, and data rights practice for harm, coercion, retaliation risk, emergency conditions, unsafe exposure, worsening symptoms, protected information, legal or policy conflict, or pressure to exceed the stated boundary.","Use qualified, local, or emergency support whenever the situation exceeds a voluntary low-stakes developmental practice.","Qualified specialist approval recorded. | Jurisdictional, emergency, and vulnerable-person boundaries reviewed. | No unverified hotline, diagnosis, treatment, confrontation, or coercive exposure. | Evidence is qualified-only or non-scored unless separately approved."
PRACTICE-COMP-1404-CYBERSECURITY-AND-ACCOUNT-RESILIENCE-01,RISK-MODERATE,draft,pending,Relevant specialist or domain-qualified human reviewer before expansion release or score activation.,shadow_only,SP-STRUCTURED-EVIDENCE-ELIGIBLE,true,"Store no diagnoses, allegations, third-party secrets, or unnecessary sensitive narrative; prefer category-level signals.","Using the Cybersecurity and account resilience protocol to rank worth, coerce participation, demand disclosure, override rest or care, certify competence, or justify decisions beyond the recorded context. | Treating a completed Cybersecurity and account resilience action, a polished artifact, agreement, confidence, speed, independence, or output as mastery or universal transfer.","Follow the material, equipment, consent and scope limits in the setup and each action. Use hardware, passkey, authenticator or other methods supported by the service and suitable for access needs; not every method fits every person. A trusted helper may explain controls without receiving secrets. Suspected abuse or managed-account restrictions require appropriate specialist or organizational guidance.","Pause Cybersecurity and account resilience when capacity, consent, authority, privacy, access, care duties, uncertainty, distress, fatigue, pain, resource scarcity, or changed circumstances make the next action unwise.","Stop the Cybersecurity and account resilience practice for harm, coercion, retaliation risk, emergency conditions, unsafe exposure, worsening symptoms, protected information, legal or policy conflict, or pressure to exceed the stated boundary.","Use qualified, local, or emergency support whenever the situation exceeds a voluntary low-stakes developmental practice.","Specialist safety review complete. | Misuse, exclusion, stop, and escalation paths tested in content and UI. | Scoring remains shadow-only until a separate activation decision."
PRACTICE-COMP-1405-ONLINE-FRAUD-SCAMS-AND-SOCIAL-ENGINEERING-01,RISK-MODERATE,draft,pending,Relevant specialist or domain-qualified human reviewer before expansion release or score activation.,shadow_only,SP-STRUCTURED-EVIDENCE-ELIGIBLE,true,"Store no diagnoses, allegations, third-party secrets, or unnecessary sensitive narrative; prefer category-level signals.","Using the Online fraud, scams, and social engineering protocol to rank worth, coerce participation, demand disclosure, override rest or care, certify competence, or justify decisions beyond the recorded context. | Treating a completed Online fraud, scams, and social engineering action, a polished artifact, agreement, confidence, speed, independence, or output as mastery or universal transfer.","Follow the material, equipment, consent and scope limits in the setup and each action. Use printed sample messages, an interpreter or a trusted support person who does not ask for codes. People of any experience level can be targeted. Extortion involving intimate material or safety threats may require specialist support; do not redistribute the material as evidence to friends.","Pause Online fraud, scams, and social engineering when capacity, consent, authority, privacy, access, care duties, uncertainty, distress, fatigue, pain, resource scarcity, or changed circumstances make the next action unwise.","Stop the Online fraud, scams, and social engineering practice for harm, coercion, retaliation risk, emergency conditions, unsafe exposure, worsening symptoms, protected information, legal or policy conflict, or pressure to exceed the stated boundary.","Use qualified, local, or emergency support whenever the situation exceeds a voluntary low-stakes developmental practice.","Specialist safety review complete. | Misuse, exclusion, stop, and escalation paths tested in content and UI. | Scoring remains shadow-only until a separate activation decision."
PRACTICE-COMP-1406-ALGORITHMIC-FEEDS-AND-PERSUASIVE-DESIGN-01,RISK-MODERATE,draft,pending,Relevant specialist or domain-qualified human reviewer before expansion release or score activation.,shadow_only,SP-STRUCTURED-EVIDENCE-ELIGIBLE,true,"Store no diagnoses, allegations, third-party secrets, or unnecessary sensitive narrative; prefer category-level signals.","Using the Algorithmic feeds and persuasive design protocol to rank worth, coerce participation, demand disclosure, override rest or care, certify competence, or justify decisions beyond the recorded context. | Treating a completed Algorithmic feeds and persuasive design action, a polished artifact, agreement, confidence, speed, independence, or output as mastery or universal transfer.","Follow the material, equipment, consent and scope limits in the setup and each action. Use a fictional ten-card feed or a browser without a signed-in profile when personal observation is unsuitable. Avoid recording other people’s handles or private posts. A paper simulation practices classification and choice, not the behavior of an actual recommender.","Pause Algorithmic feeds and persuasive design when capacity, consent, authority, privacy, access, care duties, uncertainty, distress, fatigue, pain, resource scarcity, or changed circumstances make the next action unwise.","Stop the Algorithmic feeds and persuasive design practice for harm, coercion, retaliation risk, emergency conditions, unsafe exposure, worsening symptoms, protected information, legal or policy conflict, or pressure to exceed the stated boundary.","Use qualified, local, or emergency support whenever the situation exceeds a voluntary low-stakes developmental practice.","Specialist safety review complete. | Misuse, exclusion, stop, and escalation paths tested in content and UI. | Scoring remains shadow-only until a separate activation decision."
PRACTICE-COMP-1407-AI-LITERACY-AND-APPROPRIATE-USE-01,RISK-MODERATE,draft,pending,Relevant specialist or domain-qualified human reviewer before expansion release or score activation.,shadow_only,SP-STRUCTURED-EVIDENCE-ELIGIBLE,true,"Store no diagnoses, allegations, third-party secrets, or unnecessary sensitive narrative; prefer category-level signals.","Using the AI literacy and appropriate use protocol to rank worth, coerce participation, demand disclosure, override rest or care, certify competence, or justify decisions beyond the recorded context. | Treating a completed AI literacy and appropriate use action, a polished artifact, agreement, confidence, speed, independence, or output as mastery or universal transfer.","Follow the material, equipment, consent and scope limits in the setup and each action. Use the supplied fictional draft entirely offline, an accessible editor or a trusted reader. This demonstrates output auditing even without an AI account. Do not upload classmates’, clients’ or employers’ information or test bias by generating degrading content.","Pause AI literacy and appropriate use when capacity, consent, authority, privacy, access, care duties, uncertainty, distress, fatigue, pain, resource scarcity, or changed circumstances make the next action unwise.","Stop the AI literacy and appropriate use practice for harm, coercion, retaliation risk, emergency conditions, unsafe exposure, worsening symptoms, protected information, legal or policy conflict, or pressure to exceed the stated boundary.","Use qualified, local, or emergency support whenever the situation exceeds a voluntary low-stakes developmental practice.","Specialist safety review complete. | Misuse, exclusion, stop, and escalation paths tested in content and UI. | Scoring remains shadow-only until a separate activation decision."
PRACTICE-COMP-1408-SYNTHETIC-MEDIA-DEEPFAKES-AND-PROVENANCE-01,RISK-MODERATE,draft,pending,Relevant specialist or domain-qualified human reviewer before expansion release or score activation.,shadow_only,SP-STRUCTURED-EVIDENCE-ELIGIBLE,true,"Store no diagnoses, allegations, third-party secrets, or unnecessary sensitive narrative; prefer category-level signals.","Using the Synthetic media, deepfakes, and provenance protocol to rank worth, coerce participation, demand disclosure, override rest or care, certify competence, or justify decisions beyond the recorded context. | Treating a completed Synthetic media, deepfakes, and provenance action, a polished artifact, agreement, confidence, speed, independence, or output as mastery or universal transfer.","Follow the material, equipment, consent and scope limits in the setup and each action. Use text transcripts, captions or a fully written scenario when audio or visual media is inaccessible. A consented practice clip can be analyzed without identifying a real person. Threatening or intimate material requires appropriate specialist reporting and must not be redistributed.","Pause Synthetic media, deepfakes, and provenance when capacity, consent, authority, privacy, access, care duties, uncertainty, distress, fatigue, pain, resource scarcity, or changed circumstances make the next action unwise.","Stop the Synthetic media, deepfakes, and provenance practice for harm, coercion, retaliation risk, emergency conditions, unsafe exposure, worsening symptoms, protected information, legal or policy conflict, or pressure to exceed the stated boundary.","Use qualified, local, or emergency support whenever the situation exceeds a voluntary low-stakes developmental practice.","Specialist safety review complete. | Misuse, exclusion, stop, and escalation paths tested in content and UI. | Scoring remains shadow-only until a separate activation decision."
PRACTICE-COMP-1409-DIGITAL-INFORMATION-VERIFICATION-01,RISK-MODERATE,draft,pending,Relevant specialist or domain-qualified human reviewer before expansion release or score activation.,shadow_only,SP-STRUCTURED-EVIDENCE-ELIGIBLE,true,"Store no diagnoses, allegations, third-party secrets, or unnecessary sensitive narrative; prefer category-level signals.","Using the Digital information verification protocol to rank worth, coerce participation, demand disclosure, override rest or care, certify competence, or justify decisions beyond the recorded context. | Treating a completed Digital information verification action, a polished artifact, agreement, confidence, speed, independence, or output as mastery or universal transfer.","Follow the material, equipment, consent and scope limits in the setup and each action. Use accessible text versions or the fictional set entirely offline. A trusted reader can help trace links without receiving private account access. Do not investigate private people, bypass paywalls or access controls, or treat a lack of search results as proof of absence.","Pause Digital information verification when capacity, consent, authority, privacy, access, care duties, uncertainty, distress, fatigue, pain, resource scarcity, or changed circumstances make the next action unwise.","Stop the Digital information verification practice for harm, coercion, retaliation risk, emergency conditions, unsafe exposure, worsening symptoms, protected information, legal or policy conflict, or pressure to exceed the stated boundary.","Use qualified, local, or emergency support whenever the situation exceeds a voluntary low-stakes developmental practice.","Specialist safety review complete. | Misuse, exclusion, stop, and escalation paths tested in content and UI. | Scoring remains shadow-only until a separate activation decision."
PRACTICE-COMP-1410-ONLINE-COMMUNICATION-AND-COMMUNITY-CONDUCT-01,RISK-HIGH,draft,pending_specialist_expansion_review,Licensed or otherwise appropriately qualified specialist for the jurisdiction and topic.,qualified_only,SP-STRUCTURED-EVIDENCE-ELIGIBLE,true,"Do not collect or retain sensitive case detail unless separately justified, consented, secured, and reviewed.","Using the Online communication and community conduct protocol to rank worth, coerce participation, demand disclosure, override rest or care, certify competence, or justify decisions beyond the recorded context. | Treating a completed Online communication and community conduct action, a polished artifact, agreement, confidence, speed, independence, or output as mastery or universal transfer.","Follow the material, equipment, consent and scope limits in the setup and each action. Use asynchronous text, accessible formatting, translation with care or a trusted moderator. Do not require disclosure of identity or personal vulnerability to participate. Threats, stalking or intimate-image abuse need the relevant platform and specialist safety routes rather than ordinary debate techniques.","Pause Online communication and community conduct when capacity, consent, authority, privacy, access, care duties, uncertainty, distress, fatigue, pain, resource scarcity, or changed circumstances make the next action unwise.","Stop the Online communication and community conduct practice for harm, coercion, retaliation risk, emergency conditions, unsafe exposure, worsening symptoms, protected information, legal or policy conflict, or pressure to exceed the stated boundary.","Use qualified, local, or emergency support whenever the situation exceeds a voluntary low-stakes developmental practice.","Qualified specialist approval recorded. | Jurisdictional, emergency, and vulnerable-person boundaries reviewed. | No unverified hotline, diagnosis, treatment, confrontation, or coercive exposure. | Evidence is qualified-only or non-scored unless separately approved."
PRACTICE-COMP-1411-DIGITAL-CREATION-OWNERSHIP-AND-ATTRIBUTION-01,RISK-MODERATE,draft,pending,Relevant specialist or domain-qualified human reviewer before expansion release or score activation.,shadow_only,SP-STRUCTURED-EVIDENCE-ELIGIBLE,true,"Store no diagnoses, allegations, third-party secrets, or unnecessary sensitive narrative; prefer category-level signals.","Using the Digital creation, ownership, and attribution protocol to rank worth, coerce participation, demand disclosure, override rest or care, certify competence, or justify decisions beyond the recorded context. | Treating a completed Digital creation, ownership, and attribution action, a polished artifact, agreement, confidence, speed, independence, or output as mastery or universal transfer.","Follow the material, equipment, consent and scope limits in the setup and each action. Use entirely self-created text and shapes when rights are unclear, and accessible alt text where appropriate. Ask a qualified legal or institutional adviser for consequential uncertainty. No purchase or public upload is required, and collaborators’ work is not yours to license without authority.","Pause Digital creation, ownership, and attribution when capacity, consent, authority, privacy, access, care duties, uncertainty, distress, fatigue, pain, resource scarcity, or changed circumstances make the next action unwise.","Stop the Digital creation, ownership, and attribution practice for harm, coercion, retaliation risk, emergency conditions, unsafe exposure, worsening symptoms, protected information, legal or policy conflict, or pressure to exceed the stated boundary.","Use qualified, local, or emergency support whenever the situation exceeds a voluntary low-stakes developmental practice.","Specialist safety review complete. | Misuse, exclusion, stop, and escalation paths tested in content and UI. | Scoring remains shadow-only until a separate activation decision."
PRACTICE-COMP-1412-AUTOMATION-DEPENDENCE-AND-OPERATIONAL-RESILIENCE-01,RISK-MODERATE,draft,pending,Relevant specialist or domain-qualified human reviewer before expansion release or score activation.,shadow_only,SP-STRUCTURED-EVIDENCE-ELIGIBLE,true,"Store no diagnoses, allegations, third-party secrets, or unnecessary sensitive narrative; prefer category-level signals.","Using the Automation dependence and operational resilience protocol to rank worth, coerce participation, demand disclosure, override rest or care, certify competence, or justify decisions beyond the recorded context. | Treating a completed Automation dependence and operational resilience action, a polished artifact, agreement, confidence, speed, independence, or output as mastery or universal transfer.","Follow the material, equipment, consent and scope limits in the setup and each action. Use paper, large print, an accessible local file or a chosen helper. For medical, financial or safety-critical dependencies, follow the provider’s approved continuity plan and test only a harmless representation. No real outage, account deletion or device reset is required.","Pause Automation dependence and operational resilience when capacity, consent, authority, privacy, access, care duties, uncertainty, distress, fatigue, pain, resource scarcity, or changed circumstances make the next action unwise.","Stop the Automation dependence and operational resilience practice for harm, coercion, retaliation risk, emergency conditions, unsafe exposure, worsening symptoms, protected information, legal or policy conflict, or pressure to exceed the stated boundary.","Use qualified, local, or emergency support whenever the situation exceeds a voluntary low-stakes developmental practice.","Specialist safety review complete. | Misuse, exclusion, stop, and escalation paths tested in content and UI. | Scoring remains shadow-only until a separate activation decision."
PRACTICE-COMP-1413-DIGITAL-CITIZENSHIP-AND-PLATFORM-GOVERNANCE-01,RISK-MODERATE,draft,pending,Relevant specialist or domain-qualified human reviewer before expansion release or score activation.,shadow_only,SP-STRUCTURED-EVIDENCE-ELIGIBLE,true,"Store no diagnoses, allegations, third-party secrets, or unnecessary sensitive narrative; prefer category-level signals.","Using the Digital citizenship and platform governance protocol to rank worth, coerce participation, demand disclosure, override rest or care, certify competence, or justify decisions beyond the recorded context. | Treating a completed Digital citizenship and platform governance action, a polished artifact, agreement, confidence, speed, independence, or output as mastery or universal transfer.","Follow the material, equipment, consent and scope limits in the setup and each action. Use a small club forum rather than a commercial platform, and discuss cases through text or voice. Avoid reproducing slurs, threats or private abuse reports. For actual policy adoption, consult affected users and applicable legal or institutional guidance before implementation.","Pause Digital citizenship and platform governance when capacity, consent, authority, privacy, access, care duties, uncertainty, distress, fatigue, pain, resource scarcity, or changed circumstances make the next action unwise.","Stop the Digital citizenship and platform governance practice for harm, coercion, retaliation risk, emergency conditions, unsafe exposure, worsening symptoms, protected information, legal or policy conflict, or pressure to exceed the stated boundary.","Use qualified, local, or emergency support whenever the situation exceeds a voluntary low-stakes developmental practice.","Specialist safety review complete. | Misuse, exclusion, stop, and escalation paths tested in content and UI. | Scoring remains shadow-only until a separate activation decision."
PRACTICE-COMP-1501-FIRST-AID-CPR-AND-EMERGENCY-RESPONSE-01,RISK-HIGH,draft,pending_specialist_expansion_review,Licensed or otherwise appropriately qualified specialist for the jurisdiction and topic.,qualified_only,SP-STRUCTURED-EVIDENCE-ELIGIBLE,true,"Do not collect or retain sensitive case detail unless separately justified, consented, secured, and reviewed.","Using the First aid, CPR, and emergency response protocol to rank worth, coerce participation, demand disclosure, override rest or care, certify competence, or justify decisions beyond the recorded context. | Treating a completed First aid, CPR, and emergency response action, a polished artifact, agreement, confidence, speed, independence, or output as mastery or universal transfer.","Follow the material, equipment, consent and scope limits in the setup and each action. Use an accessible course, interpreter, communication card or emergency text service only where that service is verified locally. Physical limitations may change the safe role you can perform; accurate calling and delegation remain useful but do not substitute for an unperformed skill assessment. In an actual emergency, use local emergency services and dispatcher guidance immediately.","Pause First aid, CPR, and emergency response when capacity, consent, authority, privacy, access, care duties, uncertainty, distress, fatigue, pain, resource scarcity, or changed circumstances make the next action unwise.","Stop the First aid, CPR, and emergency response practice for harm, coercion, retaliation risk, emergency conditions, unsafe exposure, worsening symptoms, protected information, legal or policy conflict, or pressure to exceed the stated boundary.","Hands-on safety, medical, aquatic, survival, and defensive skills require qualified instruction and compliance with local law.","Qualified specialist approval recorded. | Jurisdictional, emergency, and vulnerable-person boundaries reviewed. | No unverified hotline, diagnosis, treatment, confrontation, or coercive exposure. | Evidence is qualified-only or non-scored unless separately approved."
PRACTICE-COMP-1502-HOUSEHOLD-EMERGENCY-PLANNING-01,RISK-HIGH,draft,pending_specialist_expansion_review,Licensed or otherwise appropriately qualified specialist for the jurisdiction and topic.,qualified_only,SP-STRUCTURED-EVIDENCE-ELIGIBLE,true,"Do not collect or retain sensitive case detail unless separately justified, consented, secured, and reviewed.","Using the Household emergency planning protocol to rank worth, coerce participation, demand disclosure, override rest or care, certify competence, or justify decisions beyond the recorded context. | Treating a completed Household emergency planning action, a polished artifact, agreement, confidence, speed, independence, or output as mastery or universal transfer.","Follow the material, equipment, consent and scope limits in the setup and each action. A person living alone can use an agreed contact and verified building assistance plan; do not assume a neighbor has consented to help. Use accessible print, audio, symbols and duplicate paper copies. Required medical-device continuity and evacuation assistance need the relevant professional or building plan, not improvised workarounds.","Pause Household emergency planning when capacity, consent, authority, privacy, access, care duties, uncertainty, distress, fatigue, pain, resource scarcity, or changed circumstances make the next action unwise.","Stop the Household emergency planning practice for harm, coercion, retaliation risk, emergency conditions, unsafe exposure, worsening symptoms, protected information, legal or policy conflict, or pressure to exceed the stated boundary.","Hands-on safety, medical, aquatic, survival, and defensive skills require qualified instruction and compliance with local law.","Qualified specialist approval recorded. | Jurisdictional, emergency, and vulnerable-person boundaries reviewed. | No unverified hotline, diagnosis, treatment, confrontation, or coercive exposure. | Evidence is qualified-only or non-scored unless separately approved."
PRACTICE-COMP-1503-SITUATIONAL-AWARENESS-01,RISK-HIGH,draft,pending_specialist_expansion_review,Licensed or otherwise appropriately qualified specialist for the jurisdiction and topic.,qualified_only,SP-STRUCTURED-EVIDENCE-ELIGIBLE,true,"Do not collect or retain sensitive case detail unless separately justified, consented, secured, and reviewed.","Using the Situational awareness protocol to rank worth, coerce participation, demand disclosure, override rest or care, certify competence, or justify decisions beyond the recorded context. | Treating a completed Situational awareness action, a polished artifact, agreement, confidence, speed, independence, or output as mastery or universal transfer.","Follow the material, equipment, consent and scope limits in the setup and each action. Use a companion, building accessibility information, audio directions or a quieter familiar setting. A person affected by hypervigilance may prefer a single planned orientation rather than repeated scans; stop when the exercise increases distress or interferes with ordinary functioning.","Pause Situational awareness when capacity, consent, authority, privacy, access, care duties, uncertainty, distress, fatigue, pain, resource scarcity, or changed circumstances make the next action unwise.","Stop the Situational awareness practice for harm, coercion, retaliation risk, emergency conditions, unsafe exposure, worsening symptoms, protected information, legal or policy conflict, or pressure to exceed the stated boundary.","Hands-on safety, medical, aquatic, survival, and defensive skills require qualified instruction and compliance with local law.","Qualified specialist approval recorded. | Jurisdictional, emergency, and vulnerable-person boundaries reviewed. | No unverified hotline, diagnosis, treatment, confrontation, or coercive exposure. | Evidence is qualified-only or non-scored unless separately approved."
PRACTICE-COMP-1504-PERSONAL-SAFETY-AND-DE-ESCALATION-01,RISK-HIGH,draft,pending_specialist_expansion_review,Licensed or otherwise appropriately qualified specialist for the jurisdiction and topic.,qualified_only,SP-STRUCTURED-EVIDENCE-ELIGIBLE,true,"Do not collect or retain sensitive case detail unless separately justified, consented, secured, and reviewed.","Using the Personal safety and de-escalation protocol to rank worth, coerce participation, demand disclosure, override rest or care, certify competence, or justify decisions beyond the recorded context. | Treating a completed Personal safety and de-escalation action, a polished artifact, agreement, confidence, speed, independence, or output as mastery or universal transfer.","Follow the material, equipment, consent and scope limits in the setup and each action. Use written communication, a speech device, a seated route or a support person. People facing stalking, domestic abuse, retaliation or dependency should use specialist safety planning rather than practice direct boundary-setting with the unsafe person. Immediate danger warrants local emergency help.","Pause Personal safety and de-escalation when capacity, consent, authority, privacy, access, care duties, uncertainty, distress, fatigue, pain, resource scarcity, or changed circumstances make the next action unwise.","Stop the Personal safety and de-escalation practice for harm, coercion, retaliation risk, emergency conditions, unsafe exposure, worsening symptoms, protected information, legal or policy conflict, or pressure to exceed the stated boundary.","Hands-on safety, medical, aquatic, survival, and defensive skills require qualified instruction and compliance with local law.","Qualified specialist approval recorded. | Jurisdictional, emergency, and vulnerable-person boundaries reviewed. | No unverified hotline, diagnosis, treatment, confrontation, or coercive exposure. | Evidence is qualified-only or non-scored unless separately approved."
PRACTICE-COMP-1505-SELF-PROTECTION-AND-LAWFUL-FORCE-01,RISK-HIGH,draft,pending_specialist_expansion_review,Licensed or otherwise appropriately qualified specialist for the jurisdiction and topic.,qualified_only,SP-STRUCTURED-EVIDENCE-ELIGIBLE,true,"Do not collect or retain sensitive case detail unless separately justified, consented, secured, and reviewed.","Using the Self-protection and lawful force protocol to rank worth, coerce participation, demand disclosure, override rest or care, certify competence, or justify decisions beyond the recorded context. | Treating a completed Self-protection and lawful force action, a polished artifact, agreement, confidence, speed, independence, or output as mastery or universal transfer.","Follow the material, equipment, consent and scope limits in the setup and each action. Non-contact awareness, accessible escape planning and calling for assistance can be legitimate goals when contact training is unsuitable. There is no obligation to train in violence or acquire a weapon. Do not rehearse with an abusive person or expose yourself to danger to obtain evidence.","Pause Self-protection and lawful force when capacity, consent, authority, privacy, access, care duties, uncertainty, distress, fatigue, pain, resource scarcity, or changed circumstances make the next action unwise.","Stop the Self-protection and lawful force practice for harm, coercion, retaliation risk, emergency conditions, unsafe exposure, worsening symptoms, protected information, legal or policy conflict, or pressure to exceed the stated boundary.","Hands-on safety, medical, aquatic, survival, and defensive skills require qualified instruction and compliance with local law.","Qualified specialist approval recorded. | Jurisdictional, emergency, and vulnerable-person boundaries reviewed. | No unverified hotline, diagnosis, treatment, confrontation, or coercive exposure. | Evidence is qualified-only or non-scored unless separately approved."
PRACTICE-COMP-1506-OUTDOOR-SURVIVAL-FUNDAMENTALS-01,RISK-HIGH,draft,pending_specialist_expansion_review,Licensed or otherwise appropriately qualified specialist for the jurisdiction and topic.,qualified_only,SP-STRUCTURED-EVIDENCE-ELIGIBLE,true,"Do not collect or retain sensitive case detail unless separately justified, consented, secured, and reviewed.","Using the Outdoor survival fundamentals protocol to rank worth, coerce participation, demand disclosure, override rest or care, certify competence, or justify decisions beyond the recorded context. | Treating a completed Outdoor survival fundamentals action, a polished artifact, agreement, confidence, speed, independence, or output as mastery or universal transfer.","Follow the material, equipment, consent and scope limits in the setup and each action. Use an accessible outdoor route or indoor instructor-led equipment session when terrain, weather, disability or cost makes the default unsuitable. An indoor session can establish equipment familiarity but not outdoor performance. Cancel rather than create cold, heat, thirst, exhaustion or isolation for realism.","Pause Outdoor survival fundamentals when capacity, consent, authority, privacy, access, care duties, uncertainty, distress, fatigue, pain, resource scarcity, or changed circumstances make the next action unwise.","Stop the Outdoor survival fundamentals practice for harm, coercion, retaliation risk, emergency conditions, unsafe exposure, worsening symptoms, protected information, legal or policy conflict, or pressure to exceed the stated boundary.","Hands-on safety, medical, aquatic, survival, and defensive skills require qualified instruction and compliance with local law.","Qualified specialist approval recorded. | Jurisdictional, emergency, and vulnerable-person boundaries reviewed. | No unverified hotline, diagnosis, treatment, confrontation, or coercive exposure. | Evidence is qualified-only or non-scored unless separately approved."
PRACTICE-COMP-1507-WATER-COMPETENCE-AND-RESCUE-AWARENESS-01,RISK-HIGH,draft,pending_specialist_expansion_review,Licensed or otherwise appropriately qualified specialist for the jurisdiction and topic.,qualified_only,SP-STRUCTURED-EVIDENCE-ELIGIBLE,true,"Do not collect or retain sensitive case detail unless separately justified, consented, secured, and reviewed.","Using the Water competence and rescue awareness protocol to rank worth, coerce participation, demand disclosure, override rest or care, certify competence, or justify decisions beyond the recorded context. | Treating a completed Water competence and rescue awareness action, a polished artifact, agreement, confidence, speed, independence, or output as mastery or universal transfer.","Follow the material, equipment, consent and scope limits in the setup and each action. Use an accessible pool, adaptive swimming instruction, assistance with transfers and communication supports. A dry-land lesson remains worthwhile when water entry is unsuitable, but it does not count as swimming or floating evidence. Do not use another learner as a rescue victim or a person’s consent as a substitute for rescue qualifications.","Pause Water competence and rescue awareness when capacity, consent, authority, privacy, access, care duties, uncertainty, distress, fatigue, pain, resource scarcity, or changed circumstances make the next action unwise.","Stop the Water competence and rescue awareness practice for harm, coercion, retaliation risk, emergency conditions, unsafe exposure, worsening symptoms, protected information, legal or policy conflict, or pressure to exceed the stated boundary.","Hands-on safety, medical, aquatic, survival, and defensive skills require qualified instruction and compliance with local law.","Qualified specialist approval recorded. | Jurisdictional, emergency, and vulnerable-person boundaries reviewed. | No unverified hotline, diagnosis, treatment, confrontation, or coercive exposure. | Evidence is qualified-only or non-scored unless separately approved."
PRACTICE-COMP-1508-TRAVEL-AND-UNFAMILIAR-ENVIRONMENT-SAFETY-01,RISK-HIGH,draft,pending_specialist_expansion_review,Licensed or otherwise appropriately qualified specialist for the jurisdiction and topic.,qualified_only,SP-STRUCTURED-EVIDENCE-ELIGIBLE,true,"Do not collect or retain sensitive case detail unless separately justified, consented, secured, and reviewed.","Using the Travel and unfamiliar-environment safety protocol to rank worth, coerce participation, demand disclosure, override rest or care, certify competence, or justify decisions beyond the recorded context. | Treating a completed Travel and unfamiliar-environment safety action, a polished artifact, agreement, confidence, speed, independence, or output as mastery or universal transfer.","Follow the material, equipment, consent and scope limits in the setup and each action. Use accessible formats, a translated address, verified assistance booking or a trusted travel companion. A low-cost local unfamiliar-place exercise can practice navigation and fallback decisions, but it does not establish international entry or medical readiness. Never intentionally lose documents or strand yourself.","Pause Travel and unfamiliar-environment safety when capacity, consent, authority, privacy, access, care duties, uncertainty, distress, fatigue, pain, resource scarcity, or changed circumstances make the next action unwise.","Stop the Travel and unfamiliar-environment safety practice for harm, coercion, retaliation risk, emergency conditions, unsafe exposure, worsening symptoms, protected information, legal or policy conflict, or pressure to exceed the stated boundary.","Hands-on safety, medical, aquatic, survival, and defensive skills require qualified instruction and compliance with local law.","Qualified specialist approval recorded. | Jurisdictional, emergency, and vulnerable-person boundaries reviewed. | No unverified hotline, diagnosis, treatment, confrontation, or coercive exposure. | Evidence is qualified-only or non-scored unless separately approved."
PRACTICE-COMP-1509-CYBERSECURITY-FRAUD-AND-IDENTITY-PROTECTION-01,RISK-HIGH,draft,pending_specialist_expansion_review,Licensed or otherwise appropriately qualified specialist for the jurisdiction and topic.,qualified_only,SP-STRUCTURED-EVIDENCE-ELIGIBLE,true,"Do not collect or retain sensitive case detail unless separately justified, consented, secured, and reviewed.","Using the Cybersecurity, fraud, and identity protection protocol to rank worth, coerce participation, demand disclosure, override rest or care, certify competence, or justify decisions beyond the recorded context. | Treating a completed Cybersecurity, fraud, and identity protection action, a polished artifact, agreement, confidence, speed, independence, or output as mastery or universal transfer.","Follow the material, equipment, consent and scope limits in the setup and each action. Use an accessible authenticator or provider-supported recovery method, and involve a trusted helper only with limited explicit permission. For work accounts, use the organization’s incident channel and do not alter controls outside your authority. A real fraud event should not wait for completion of this practice.","Pause Cybersecurity, fraud, and identity protection when capacity, consent, authority, privacy, access, care duties, uncertainty, distress, fatigue, pain, resource scarcity, or changed circumstances make the next action unwise.","Stop the Cybersecurity, fraud, and identity protection practice for harm, coercion, retaliation risk, emergency conditions, unsafe exposure, worsening symptoms, protected information, legal or policy conflict, or pressure to exceed the stated boundary.","Hands-on safety, medical, aquatic, survival, and defensive skills require qualified instruction and compliance with local law.","Qualified specialist approval recorded. | Jurisdictional, emergency, and vulnerable-person boundaries reviewed. | No unverified hotline, diagnosis, treatment, confrontation, or coercive exposure. | Evidence is qualified-only or non-scored unless separately approved."
PRACTICE-COMP-1510-RISK-OWNERSHIP-AND-CONTINGENCY-THINKING-01,RISK-HIGH,draft,pending_specialist_expansion_review,Licensed or otherwise appropriately qualified specialist for the jurisdiction and topic.,qualified_only,SP-STRUCTURED-EVIDENCE-ELIGIBLE,true,"Do not collect or retain sensitive case detail unless separately justified, consented, secured, and reviewed.","Using the Risk ownership and contingency thinking protocol to rank worth, coerce participation, demand disclosure, override rest or care, certify competence, or justify decisions beyond the recorded context. | Treating a completed Risk ownership and contingency thinking action, a polished artifact, agreement, confidence, speed, independence, or output as mastery or universal transfer.","Follow the material, equipment, consent and scope limits in the setup and each action. Use paper, audio, a trusted deputy or a simpler cancellation rule when resources are limited. A person working alone can test a process against an unavailable device rather than appoint an unwilling helper. Avoid storing sensitive rosters or credentials in backup copies.","Pause Risk ownership and contingency thinking when capacity, consent, authority, privacy, access, care duties, uncertainty, distress, fatigue, pain, resource scarcity, or changed circumstances make the next action unwise.","Stop the Risk ownership and contingency thinking practice for harm, coercion, retaliation risk, emergency conditions, unsafe exposure, worsening symptoms, protected information, legal or policy conflict, or pressure to exceed the stated boundary.","Hands-on safety, medical, aquatic, survival, and defensive skills require qualified instruction and compliance with local law.","Qualified specialist approval recorded. | Jurisdictional, emergency, and vulnerable-person boundaries reviewed. | No unverified hotline, diagnosis, treatment, confrontation, or coercive exposure. | Evidence is qualified-only or non-scored unless separately approved."
PRACTICE-COMP-1511-COMMUNITY-DISASTER-READINESS-AND-MUTUAL-AID-01,RISK-HIGH,draft,pending_specialist_expansion_review,Licensed or otherwise appropriately qualified specialist for the jurisdiction and topic.,qualified_only,SP-STRUCTURED-EVIDENCE-ELIGIBLE,true,"Do not collect or retain sensitive case detail unless separately justified, consented, secured, and reviewed.","Using the Community disaster readiness and mutual aid protocol to rank worth, coerce participation, demand disclosure, override rest or care, certify competence, or justify decisions beyond the recorded context. | Treating a completed Community disaster readiness and mutual aid action, a polished artifact, agreement, confidence, speed, independence, or output as mastery or universal transfer.","Follow the material, equipment, consent and scope limits in the setup and each action. A remote message-checking, translation or accessibility-review role can be as legitimate as physical supply work. Never promise transport or care beyond your competence. Use official emergency services for immediate danger and the group’s safeguarding route for concerns requiring more than informal support.","Pause Community disaster readiness and mutual aid when capacity, consent, authority, privacy, access, care duties, uncertainty, distress, fatigue, pain, resource scarcity, or changed circumstances make the next action unwise.","Stop the Community disaster readiness and mutual aid practice for harm, coercion, retaliation risk, emergency conditions, unsafe exposure, worsening symptoms, protected information, legal or policy conflict, or pressure to exceed the stated boundary.","Hands-on safety, medical, aquatic, survival, and defensive skills require qualified instruction and compliance with local law.","Qualified specialist approval recorded. | Jurisdictional, emergency, and vulnerable-person boundaries reviewed. | No unverified hotline, diagnosis, treatment, confrontation, or coercive exposure. | Evidence is qualified-only or non-scored unless separately approved."
PRACTICE-COMP-1512-PUBLIC-HEALTH-EMERGENCY-COMPETENCE-01,RISK-HIGH,draft,pending_specialist_expansion_review,Licensed or otherwise appropriately qualified specialist for the jurisdiction and topic.,qualified_only,SP-STRUCTURED-EVIDENCE-ELIGIBLE,true,"Do not collect or retain sensitive case detail unless separately justified, consented, secured, and reviewed.","Using the Public-health emergency competence protocol to rank worth, coerce participation, demand disclosure, override rest or care, certify competence, or justify decisions beyond the recorded context. | Treating a completed Public-health emergency competence action, a polished artifact, agreement, confidence, speed, independence, or output as mastery or universal transfer.","Follow the material, equipment, consent and scope limits in the setup and each action. Use plain language, translation, accessible remote participation and trusted community channels. Lack of paid leave, space or resources may limit a person’s options; route those constraints to support rather than blame. Immediate medical danger takes priority over finishing a communication exercise.","Pause Public-health emergency competence when capacity, consent, authority, privacy, access, care duties, uncertainty, distress, fatigue, pain, resource scarcity, or changed circumstances make the next action unwise.","Stop the Public-health emergency competence practice for harm, coercion, retaliation risk, emergency conditions, unsafe exposure, worsening symptoms, protected information, legal or policy conflict, or pressure to exceed the stated boundary.","Hands-on safety, medical, aquatic, survival, and defensive skills require qualified instruction and compliance with local law.","Qualified specialist approval recorded. | Jurisdictional, emergency, and vulnerable-person boundaries reviewed. | No unverified hotline, diagnosis, treatment, confrontation, or coercive exposure. | Evidence is qualified-only or non-scored unless separately approved."
PRACTICE-COMP-1513-BYSTANDER-INTERVENTION-AND-VIOLENCE-PREVENTION-01,RISK-HIGH,draft,pending_specialist_expansion_review,Licensed or otherwise appropriately qualified specialist for the jurisdiction and topic.,qualified_only,SP-STRUCTURED-EVIDENCE-ELIGIBLE,true,"Do not collect or retain sensitive case detail unless separately justified, consented, secured, and reviewed.","Using the Bystander intervention and violence prevention protocol to rank worth, coerce participation, demand disclosure, override rest or care, certify competence, or justify decisions beyond the recorded context. | Treating a completed Bystander intervention and violence prevention action, a polished artifact, agreement, confidence, speed, independence, or output as mastery or universal transfer.","Follow the material, equipment, consent and scope limits in the setup and each action. Remote delegation, written reporting, translation or staying with someone after an event may be appropriate alternatives. Do not assume police contact is always the person’s preferred non-emergency route; immediate danger and applicable safeguarding duties require context-sensitive appropriate help. Avoid promises of secrecy you cannot lawfully or safely keep.","Pause Bystander intervention and violence prevention when capacity, consent, authority, privacy, access, care duties, uncertainty, distress, fatigue, pain, resource scarcity, or changed circumstances make the next action unwise.","Stop the Bystander intervention and violence prevention practice for harm, coercion, retaliation risk, emergency conditions, unsafe exposure, worsening symptoms, protected information, legal or policy conflict, or pressure to exceed the stated boundary.","Hands-on safety, medical, aquatic, survival, and defensive skills require qualified instruction and compliance with local law.","Qualified specialist approval recorded. | Jurisdictional, emergency, and vulnerable-person boundaries reviewed. | No unverified hotline, diagnosis, treatment, confrontation, or coercive exposure. | Evidence is qualified-only or non-scored unless separately approved."
PRACTICE-COMP-1514-WORKPLACE-AND-ACTIVITY-SPECIFIC-SAFETY-01,RISK-HIGH,draft,pending_specialist_expansion_review,Licensed or otherwise appropriately qualified specialist for the jurisdiction and topic.,qualified_only,SP-STRUCTURED-EVIDENCE-ELIGIBLE,true,"Do not collect or retain sensitive case detail unless separately justified, consented, secured, and reviewed.","Using the Workplace and activity-specific safety protocol to rank worth, coerce participation, demand disclosure, override rest or care, certify competence, or justify decisions beyond the recorded context. | Treating a completed Workplace and activity-specific safety action, a polished artifact, agreement, confidence, speed, independence, or output as mastery or universal transfer.","Follow the material, equipment, consent and scope limits in the setup and each action. Use seated work, assistance or a smaller task. At work, follow the employer’s safety program, training, reporting and applicable legal protections; this guide does not determine a jurisdiction-specific right or procedure. Do not improvise PPE selection or hazardous-energy control from a general hierarchy.","Pause Workplace and activity-specific safety when capacity, consent, authority, privacy, access, care duties, uncertainty, distress, fatigue, pain, resource scarcity, or changed circumstances make the next action unwise.","Stop the Workplace and activity-specific safety practice for harm, coercion, retaliation risk, emergency conditions, unsafe exposure, worsening symptoms, protected information, legal or policy conflict, or pressure to exceed the stated boundary.","Hands-on safety, medical, aquatic, survival, and defensive skills require qualified instruction and compliance with local law.","Qualified specialist approval recorded. | Jurisdictional, emergency, and vulnerable-person boundaries reviewed. | No unverified hotline, diagnosis, treatment, confrontation, or coercive exposure. | Evidence is qualified-only or non-scored unless separately approved."
PRACTICE-COMP-1601-ATTENTIVE-LISTENING-01,RISK-MODERATE,draft,pending,Relevant specialist or domain-qualified human reviewer before expansion release or score activation.,shadow_only,SP-STRUCTURED-EVIDENCE-ELIGIBLE,true,"Store no diagnoses, allegations, third-party secrets, or unnecessary sensitive narrative; prefer category-level signals.","Using the Attentive listening protocol to rank worth, coerce participation, demand disclosure, override rest or care, certify competence, or justify decisions beyond the recorded context. | Treating a completed Attentive listening action, a polished artifact, agreement, confidence, speed, independence, or output as mastery or universal transfer.","Follow the material, equipment, consent and scope limits in the setup and each action. Use text, signing, speech-to-text, an interpreter or more processing time. A partner may decline the exercise or feedback without penalty. Choose a different context when power, conflict or privacy makes genuine correction unsafe.","Pause Attentive listening when capacity, consent, authority, privacy, access, care duties, uncertainty, distress, fatigue, pain, resource scarcity, or changed circumstances make the next action unwise.","Stop the Attentive listening practice for harm, coercion, retaliation risk, emergency conditions, unsafe exposure, worsening symptoms, protected information, legal or policy conflict, or pressure to exceed the stated boundary.","Use qualified, local, or emergency support whenever the situation exceeds a voluntary low-stakes developmental practice.","Specialist safety review complete. | Misuse, exclusion, stop, and escalation paths tested in content and UI. | Scoring remains shadow-only until a separate activation decision."
PRACTICE-COMP-1602-CLEAR-AND-DIRECT-EXPRESSION-01,RISK-MODERATE,draft,pending,Relevant specialist or domain-qualified human reviewer before expansion release or score activation.,shadow_only,SP-STRUCTURED-EVIDENCE-ELIGIBLE,true,"Store no diagnoses, allegations, third-party secrets, or unnecessary sensitive narrative; prefer category-level signals.","Using the Clear and direct expression protocol to rank worth, coerce participation, demand disclosure, override rest or care, certify competence, or justify decisions beyond the recorded context. | Treating a completed Clear and direct expression action, a polished artifact, agreement, confidence, speed, independence, or output as mastery or universal transfer.","Follow the material, equipment, consent and scope limits in the setup and each action. Use a shorter text, supported communication, translation or an intermediary agreed by both parties. Directness can be respectful without being abrupt; adapt formality while preserving the concrete request. Use appropriate support instead of this exercise where retaliation or abuse is plausible.","Pause Clear and direct expression when capacity, consent, authority, privacy, access, care duties, uncertainty, distress, fatigue, pain, resource scarcity, or changed circumstances make the next action unwise.","Stop the Clear and direct expression practice for harm, coercion, retaliation risk, emergency conditions, unsafe exposure, worsening symptoms, protected information, legal or policy conflict, or pressure to exceed the stated boundary.","Use qualified, local, or emergency support whenever the situation exceeds a voluntary low-stakes developmental practice.","Specialist safety review complete. | Misuse, exclusion, stop, and escalation paths tested in content and UI. | Scoring remains shadow-only until a separate activation decision."
PRACTICE-COMP-1604-ONE-TO-ONE-AND-GROUP-CONVERSATION-01,RISK-MODERATE,draft,pending,Relevant specialist or domain-qualified human reviewer before expansion release or score activation.,shadow_only,SP-STRUCTURED-EVIDENCE-ELIGIBLE,true,"Store no diagnoses, allegations, third-party secrets, or unnecessary sensitive narrative; prefer category-level signals.","Using the One-to-one and group conversation protocol to rank worth, coerce participation, demand disclosure, override rest or care, certify competence, or justify decisions beyond the recorded context. | Treating a completed One-to-one and group conversation action, a polished artifact, agreement, confidence, speed, independence, or output as mastery or universal transfer.","Follow the material, equipment, consent and scope limits in the setup and each action. Use text groups, a smaller gathering, a quiet environment or prepared opening phrases. Different cultures and neurotypes have different turn-taking rhythms; ask or observe respectfully rather than enforcing a single style. Rest and opting out are legitimate.","Pause One-to-one and group conversation when capacity, consent, authority, privacy, access, care duties, uncertainty, distress, fatigue, pain, resource scarcity, or changed circumstances make the next action unwise.","Stop the One-to-one and group conversation practice for harm, coercion, retaliation risk, emergency conditions, unsafe exposure, worsening symptoms, protected information, legal or policy conflict, or pressure to exceed the stated boundary.","Use qualified, local, or emergency support whenever the situation exceeds a voluntary low-stakes developmental practice.","Specialist safety review complete. | Misuse, exclusion, stop, and escalation paths tested in content and UI. | Scoring remains shadow-only until a separate activation decision."
PRACTICE-COMP-1605-PERSPECTIVE-TAKING-AND-EMPATHIC-ACCURACY-01,RISK-MODERATE,draft,pending,Relevant specialist or domain-qualified human reviewer before expansion release or score activation.,shadow_only,SP-STRUCTURED-EVIDENCE-ELIGIBLE,true,"Store no diagnoses, allegations, third-party secrets, or unnecessary sensitive narrative; prefer category-level signals.","Using the Perspective taking and empathic accuracy protocol to rank worth, coerce participation, demand disclosure, override rest or care, certify competence, or justify decisions beyond the recorded context. | Treating a completed Perspective taking and empathic accuracy action, a polished artifact, agreement, confidence, speed, independence, or output as mastery or universal transfer.","Follow the material, equipment, consent and scope limits in the setup and each action. Use writing, more time or a neutral facilitator for a safe low-stakes disagreement. Do not apply this exercise to assess dangerous intent or override evidence of harm; those situations require appropriate safety and professional support.","Pause Perspective taking and empathic accuracy when capacity, consent, authority, privacy, access, care duties, uncertainty, distress, fatigue, pain, resource scarcity, or changed circumstances make the next action unwise.","Stop the Perspective taking and empathic accuracy practice for harm, coercion, retaliation risk, emergency conditions, unsafe exposure, worsening symptoms, protected information, legal or policy conflict, or pressure to exceed the stated boundary.","Use qualified, local, or emergency support whenever the situation exceeds a voluntary low-stakes developmental practice.","Specialist safety review complete. | Misuse, exclusion, stop, and escalation paths tested in content and UI. | Scoring remains shadow-only until a separate activation decision."
PRACTICE-COMP-1606-AUDIENCE-AND-CONTEXT-ADAPTATION-01,RISK-MODERATE,draft,pending,Relevant specialist or domain-qualified human reviewer before expansion release or score activation.,shadow_only,SP-STRUCTURED-EVIDENCE-ELIGIBLE,true,"Store no diagnoses, allegations, third-party secrets, or unnecessary sensitive narrative; prefer category-level signals.","Using the Audience and context adaptation protocol to rank worth, coerce participation, demand disclosure, override rest or care, certify competence, or justify decisions beyond the recorded context. | Treating a completed Audience and context adaptation action, a polished artifact, agreement, confidence, speed, independence, or output as mastery or universal transfer.","Follow the material, equipment, consent and scope limits in the setup and each action. Use translation, captions, audio, plain text or a supported reader. For real notices, verify access details with the responsible organizer and recipients. A fictional two-audience test demonstrates message design, not live organizational communication.","Pause Audience and context adaptation when capacity, consent, authority, privacy, access, care duties, uncertainty, distress, fatigue, pain, resource scarcity, or changed circumstances make the next action unwise.","Stop the Audience and context adaptation practice for harm, coercion, retaliation risk, emergency conditions, unsafe exposure, worsening symptoms, protected information, legal or policy conflict, or pressure to exceed the stated boundary.","Use qualified, local, or emergency support whenever the situation exceeds a voluntary low-stakes developmental practice.","Specialist safety review complete. | Misuse, exclusion, stop, and escalation paths tested in content and UI. | Scoring remains shadow-only until a separate activation decision."
PRACTICE-COMP-1607-FEEDBACK-AND-DEVELOPMENTAL-CONVERSATION-01,RISK-MODERATE,draft,pending,Relevant specialist or domain-qualified human reviewer before expansion release or score activation.,shadow_only,SP-STRUCTURED-EVIDENCE-ELIGIBLE,true,"Store no diagnoses, allegations, third-party secrets, or unnecessary sensitive narrative; prefer category-level signals.","Using the Feedback and developmental conversation protocol to rank worth, coerce participation, demand disclosure, override rest or care, certify competence, or justify decisions beyond the recorded context. | Treating a completed Feedback and developmental conversation action, a polished artifact, agreement, confidence, speed, independence, or output as mastery or universal transfer.","Follow the material, equipment, consent and scope limits in the setup and each action. Use asynchronous text, a model comparison or self-review when a partner is unavailable; self-review cannot be reported as received interpersonal feedback. In evaluative or power-imbalanced settings, follow the formal process and seek appropriate support instead of staging a supposedly voluntary exchange.","Pause Feedback and developmental conversation when capacity, consent, authority, privacy, access, care duties, uncertainty, distress, fatigue, pain, resource scarcity, or changed circumstances make the next action unwise.","Stop the Feedback and developmental conversation practice for harm, coercion, retaliation risk, emergency conditions, unsafe exposure, worsening symptoms, protected information, legal or policy conflict, or pressure to exceed the stated boundary.","Use qualified, local, or emergency support whenever the situation exceeds a voluntary low-stakes developmental practice.","Specialist safety review complete. | Misuse, exclusion, stop, and escalation paths tested in content and UI. | Scoring remains shadow-only until a separate activation decision."
PRACTICE-COMP-1608-CLASSICAL-AND-MODERN-RHETORIC-01,RISK-MODERATE,draft,pending,Relevant specialist or domain-qualified human reviewer before expansion release or score activation.,shadow_only,SP-STRUCTURED-EVIDENCE-ELIGIBLE,true,"Store no diagnoses, allegations, third-party secrets, or unnecessary sensitive narrative; prefer category-level signals.","Using the Classical and modern rhetoric protocol to rank worth, coerce participation, demand disclosure, override rest or care, certify competence, or justify decisions beyond the recorded context. | Treating a completed Classical and modern rhetoric action, a polished artifact, agreement, confidence, speed, independence, or output as mastery or universal transfer.","Follow the material, equipment, consent and scope limits in the setup and each action. Use a written paragraph, audio or accessible presentation. Analyze a public low-stakes message rather than manipulating a real audience. Political, commercial or professional communications may carry additional rules; this exercise does not determine compliance.","Pause Classical and modern rhetoric when capacity, consent, authority, privacy, access, care duties, uncertainty, distress, fatigue, pain, resource scarcity, or changed circumstances make the next action unwise.","Stop the Classical and modern rhetoric practice for harm, coercion, retaliation risk, emergency conditions, unsafe exposure, worsening symptoms, protected information, legal or policy conflict, or pressure to exceed the stated boundary.","Use qualified, local, or emergency support whenever the situation exceeds a voluntary low-stakes developmental practice.","Specialist safety review complete. | Misuse, exclusion, stop, and escalation paths tested in content and UI. | Scoring remains shadow-only until a separate activation decision."
PRACTICE-COMP-1609-PUBLIC-SPEAKING-AND-PRESENTATION-01,RISK-MODERATE,draft,pending,Relevant specialist or domain-qualified human reviewer before expansion release or score activation.,shadow_only,SP-STRUCTURED-EVIDENCE-ELIGIBLE,true,"Store no diagnoses, allegations, third-party secrets, or unnecessary sensitive narrative; prefer category-level signals.","Using the Public speaking and presentation protocol to rank worth, coerce participation, demand disclosure, override rest or care, certify competence, or justify decisions beyond the recorded context. | Treating a completed Public speaking and presentation action, a polished artifact, agreement, confidence, speed, independence, or output as mastery or universal transfer.","Follow the material, equipment, consent and scope limits in the setup and each action. Use seated delivery, captions, AAC, a recorded or asynchronous talk and additional processing time. No eye-contact quota or memorization requirement applies. A solo rehearsal remains preparation when no audience is available.","Pause Public speaking and presentation when capacity, consent, authority, privacy, access, care duties, uncertainty, distress, fatigue, pain, resource scarcity, or changed circumstances make the next action unwise.","Stop the Public speaking and presentation practice for harm, coercion, retaliation risk, emergency conditions, unsafe exposure, worsening symptoms, protected information, legal or policy conflict, or pressure to exceed the stated boundary.","Use qualified, local, or emergency support whenever the situation exceeds a voluntary low-stakes developmental practice.","Specialist safety review complete. | Misuse, exclusion, stop, and escalation paths tested in content and UI. | Scoring remains shadow-only until a separate activation decision."
PRACTICE-COMP-1610-STORYTELLING-AND-EXPLANATION-01,RISK-MODERATE,draft,pending,Relevant specialist or domain-qualified human reviewer before expansion release or score activation.,shadow_only,SP-STRUCTURED-EVIDENCE-ELIGIBLE,true,"Store no diagnoses, allegations, third-party secrets, or unnecessary sensitive narrative; prefer category-level signals.","Using the Storytelling and explanation protocol to rank worth, coerce participation, demand disclosure, override rest or care, certify competence, or justify decisions beyond the recorded context. | Treating a completed Storytelling and explanation action, a polished artifact, agreement, confidence, speed, independence, or output as mastery or universal transfer.","Follow the material, equipment, consent and scope limits in the setup and each action. Use pictures, text, signed storytelling or audio. A short factual sequence may be more suitable than a dramatic narrative in some contexts. Do not use trauma, confidential work or another person’s identity to make the story more compelling.","Pause Storytelling and explanation when capacity, consent, authority, privacy, access, care duties, uncertainty, distress, fatigue, pain, resource scarcity, or changed circumstances make the next action unwise.","Stop the Storytelling and explanation practice for harm, coercion, retaliation risk, emergency conditions, unsafe exposure, worsening symptoms, protected information, legal or policy conflict, or pressure to exceed the stated boundary.","Use qualified, local, or emergency support whenever the situation exceeds a voluntary low-stakes developmental practice.","Specialist safety review complete. | Misuse, exclusion, stop, and escalation paths tested in content and UI. | Scoring remains shadow-only until a separate activation decision."
PRACTICE-COMP-1611-NEGOTIATION-01,RISK-MODERATE,draft,pending,Relevant specialist or domain-qualified human reviewer before expansion release or score activation.,shadow_only,SP-STRUCTURED-EVIDENCE-ELIGIBLE,true,"Store no diagnoses, allegations, third-party secrets, or unnecessary sensitive narrative; prefer category-level signals.","Using the Negotiation protocol to rank worth, coerce participation, demand disclosure, override rest or care, certify competence, or justify decisions beyond the recorded context. | Treating a completed Negotiation action, a polished artifact, agreement, confidence, speed, independence, or output as mastery or universal transfer.","Follow the material, equipment, consent and scope limits in the setup and each action. Use written proposals, more processing time or a neutral facilitator for a safe voluntary case. Where rights, livelihood, legal obligations or coercion are involved, use qualified advice and the appropriate formal process instead of this exercise.","Pause Negotiation when capacity, consent, authority, privacy, access, care duties, uncertainty, distress, fatigue, pain, resource scarcity, or changed circumstances make the next action unwise.","Stop the Negotiation practice for harm, coercion, retaliation risk, emergency conditions, unsafe exposure, worsening symptoms, protected information, legal or policy conflict, or pressure to exceed the stated boundary.","Use qualified, local, or emergency support whenever the situation exceeds a voluntary low-stakes developmental practice.","Specialist safety review complete. | Misuse, exclusion, stop, and escalation paths tested in content and UI. | Scoring remains shadow-only until a separate activation decision."
PRACTICE-COMP-1612-CONFLICT-AND-DE-ESCALATION-01,RISK-MODERATE,draft,pending,Relevant specialist or domain-qualified human reviewer before expansion release or score activation.,shadow_only,SP-STRUCTURED-EVIDENCE-ELIGIBLE,true,"Store no diagnoses, allegations, third-party secrets, or unnecessary sensitive narrative; prefer category-level signals.","Using the Conflict and de-escalation protocol to rank worth, coerce participation, demand disclosure, override rest or care, certify competence, or justify decisions beyond the recorded context. | Treating a completed Conflict and de-escalation action, a polished artifact, agreement, confidence, speed, independence, or output as mastery or universal transfer.","Follow the material, equipment, consent and scope limits in the setup and each action. Use writing, accessible communication, a smaller issue or an agreed neutral mediator. Do not require direct confrontation with an unsafe person or use a pause as silent punishment. Formal workplace, legal or safeguarding processes may take priority.","Pause Conflict and de-escalation when capacity, consent, authority, privacy, access, care duties, uncertainty, distress, fatigue, pain, resource scarcity, or changed circumstances make the next action unwise.","Stop the Conflict and de-escalation practice for harm, coercion, retaliation risk, emergency conditions, unsafe exposure, worsening symptoms, protected information, legal or policy conflict, or pressure to exceed the stated boundary.","Use qualified, local, or emergency support whenever the situation exceeds a voluntary low-stakes developmental practice.","Specialist safety review complete. | Misuse, exclusion, stop, and escalation paths tested in content and UI. | Scoring remains shadow-only until a separate activation decision."
PRACTICE-COMP-1613-HUMOR-WARMTH-AND-SOCIAL-EASE-01,RISK-MODERATE,draft,pending,Relevant specialist or domain-qualified human reviewer before expansion release or score activation.,shadow_only,SP-STRUCTURED-EVIDENCE-ELIGIBLE,true,"Store no diagnoses, allegations, third-party secrets, or unnecessary sensitive narrative; prefer category-level signals.","Using the Humor, warmth, and social ease protocol to rank worth, coerce participation, demand disclosure, override rest or care, certify competence, or justify decisions beyond the recorded context. | Treating a completed Humor, warmth, and social ease action, a polished artifact, agreement, confidence, speed, independence, or output as mastery or universal transfer.","Follow the material, equipment, consent and scope limits in the setup and each action. Warmth can be quiet, written, practical or nonverbal; no quick wit or extroversion is required. Avoid humor as a test of cultural belonging, emotional resilience or willingness to accept disrespect.","Pause Humor, warmth, and social ease when capacity, consent, authority, privacy, access, care duties, uncertainty, distress, fatigue, pain, resource scarcity, or changed circumstances make the next action unwise.","Stop the Humor, warmth, and social ease practice for harm, coercion, retaliation risk, emergency conditions, unsafe exposure, worsening symptoms, protected information, legal or policy conflict, or pressure to exceed the stated boundary.","Use qualified, local, or emergency support whenever the situation exceeds a voluntary low-stakes developmental practice.","Specialist safety review complete. | Misuse, exclusion, stop, and escalation paths tested in content and UI. | Scoring remains shadow-only until a separate activation decision."
PRACTICE-COMP-1614-ETIQUETTE-COURTESY-AND-FIRST-IMPRESSIONS-01,RISK-MODERATE,draft,pending,Relevant specialist or domain-qualified human reviewer before expansion release or score activation.,shadow_only,SP-STRUCTURED-EVIDENCE-ELIGIBLE,true,"Store no diagnoses, allegations, third-party secrets, or unnecessary sensitive narrative; prefer category-level signals.","Using the Etiquette, courtesy, and first impressions protocol to rank worth, coerce participation, demand disclosure, override rest or care, certify competence, or justify decisions beyond the recorded context. | Treating a completed Etiquette, courtesy, and first impressions action, a polished artifact, agreement, confidence, speed, independence, or output as mastery or universal transfer.","Follow the material, equipment, consent and scope limits in the setup and each action. Use a written introduction, interpreter, support person, sensory accommodations or advance access request. Courtesy includes receiving accommodations without shame and respecting another person’s limits. A fictional visit plan is preparation, not evidence of a considerate actual interaction.","Pause Etiquette, courtesy, and first impressions when capacity, consent, authority, privacy, access, care duties, uncertainty, distress, fatigue, pain, resource scarcity, or changed circumstances make the next action unwise.","Stop the Etiquette, courtesy, and first impressions practice for harm, coercion, retaliation risk, emergency conditions, unsafe exposure, worsening symptoms, protected information, legal or policy conflict, or pressure to exceed the stated boundary.","Use qualified, local, or emergency support whenever the situation exceeds a voluntary low-stakes developmental practice.","Specialist safety review complete. | Misuse, exclusion, stop, and escalation paths tested in content and UI. | Scoring remains shadow-only until a separate activation decision."
PRACTICE-COMP-1615-MANIPULATION-AND-COERCION-LITERACY-01,RISK-MODERATE,draft,pending,Relevant specialist or domain-qualified human reviewer before expansion release or score activation.,shadow_only,SP-STRUCTURED-EVIDENCE-ELIGIBLE,true,"Store no diagnoses, allegations, third-party secrets, or unnecessary sensitive narrative; prefer category-level signals.","Using the Manipulation and coercion literacy protocol to rank worth, coerce participation, demand disclosure, override rest or care, certify competence, or justify decisions beyond the recorded context. | Treating a completed Manipulation and coercion literacy action, a polished artifact, agreement, confidence, speed, independence, or output as mastery or universal transfer.","Follow the material, equipment, consent and scope limits in the setup and each action. Use fictional cases only when real relationship material would be unsafe or overwhelming. A specialist advocate can help with individualized safety planning; do not surprise an unsafe person with a confrontation, threaten exposure or promise that a boundary will end coercion.","Pause Manipulation and coercion literacy when capacity, consent, authority, privacy, access, care duties, uncertainty, distress, fatigue, pain, resource scarcity, or changed circumstances make the next action unwise.","Stop the Manipulation and coercion literacy practice for harm, coercion, retaliation risk, emergency conditions, unsafe exposure, worsening symptoms, protected information, legal or policy conflict, or pressure to exceed the stated boundary.","Use qualified, local, or emergency support whenever the situation exceeds a voluntary low-stakes developmental practice.","Specialist safety review complete. | Misuse, exclusion, stop, and escalation paths tested in content and UI. | Scoring remains shadow-only until a separate activation decision."
PRACTICE-COMP-1616-HIGH-CONTEXT-INDIRECT-AND-FACE-SENSITIVE-COMMUNICATION-01,RISK-MODERATE,draft,pending,Relevant specialist or domain-qualified human reviewer before expansion release or score activation.,shadow_only,SP-STRUCTURED-EVIDENCE-ELIGIBLE,true,"Store no diagnoses, allegations, third-party secrets, or unnecessary sensitive narrative; prefer category-level signals.","Using the High-context, indirect, and face-sensitive communication protocol to rank worth, coerce participation, demand disclosure, override rest or care, certify competence, or justify decisions beyond the recorded context. | Treating a completed High-context, indirect, and face-sensitive communication action, a polished artifact, agreement, confidence, speed, independence, or output as mastery or universal transfer.","Follow the material, equipment, consent and scope limits in the setup and each action. Use written options, translation, a trusted mutually agreed intermediary or more processing time. In legal, medical, sexual or other consent-sensitive situations, required explicit consent and qualified communication processes take priority over interpreting indirect signals.","Pause High-context, indirect, and face-sensitive communication when capacity, consent, authority, privacy, access, care duties, uncertainty, distress, fatigue, pain, resource scarcity, or changed circumstances make the next action unwise.","Stop the High-context, indirect, and face-sensitive communication practice for harm, coercion, retaliation risk, emergency conditions, unsafe exposure, worsening symptoms, protected information, legal or policy conflict, or pressure to exceed the stated boundary.","Use qualified, local, or emergency support whenever the situation exceeds a voluntary low-stakes developmental practice.","Specialist safety review complete. | Misuse, exclusion, stop, and escalation paths tested in content and UI. | Scoring remains shadow-only until a separate activation decision."
PRACTICE-COMP-1617-INTERCULTURAL-COMMUNICATION-AND-CODE-SWITCHING-01,RISK-MODERATE,draft,pending,Relevant specialist or domain-qualified human reviewer before expansion release or score activation.,shadow_only,SP-STRUCTURED-EVIDENCE-ELIGIBLE,true,"Store no diagnoses, allegations, third-party secrets, or unnecessary sensitive narrative; prefer category-level signals.","Using the Intercultural communication and code-switching protocol to rank worth, coerce participation, demand disclosure, override rest or care, certify competence, or justify decisions beyond the recorded context. | Treating a completed Intercultural communication and code-switching action, a polished artifact, agreement, confidence, speed, independence, or output as mastery or universal transfer.","Follow the material, equipment, consent and scope limits in the setup and each action. Use interpreters, written follow-up or a mutually acceptable facilitator. Code-switching may be burdensome and is not an obligation to hide identity or tolerate discrimination. If the setting demands harmful concealment or coercion, seek support or another route rather than perfecting the performance.","Pause Intercultural communication and code-switching when capacity, consent, authority, privacy, access, care duties, uncertainty, distress, fatigue, pain, resource scarcity, or changed circumstances make the next action unwise.","Stop the Intercultural communication and code-switching practice for harm, coercion, retaliation risk, emergency conditions, unsafe exposure, worsening symptoms, protected information, legal or policy conflict, or pressure to exceed the stated boundary.","Use qualified, local, or emergency support whenever the situation exceeds a voluntary low-stakes developmental practice.","Specialist safety review complete. | Misuse, exclusion, stop, and escalation paths tested in content and UI. | Scoring remains shadow-only until a separate activation decision."
PRACTICE-COMP-1618-LANGUAGE-ACCESS-AND-COMMUNICATION-ACCOMMODATION-01,RISK-MODERATE,draft,pending,Relevant specialist or domain-qualified human reviewer before expansion release or score activation.,shadow_only,SP-STRUCTURED-EVIDENCE-ELIGIBLE,true,"Store no diagnoses, allegations, third-party secrets, or unnecessary sensitive narrative; prefer category-level signals.","Using the Language access and communication accommodation protocol to rank worth, coerce participation, demand disclosure, override rest or care, certify competence, or justify decisions beyond the recorded context. | Treating a completed Language access and communication accommodation action, a polished artifact, agreement, confidence, speed, independence, or output as mastery or universal transfer.","Follow the material, equipment, consent and scope limits in the setup and each action. A self-audit using accessibility guidance can identify likely issues when no participant is available, but it cannot establish that another person participated meaningfully. Use qualified interpreters and required services for medical, legal or other high-stakes communication; do not substitute unverified machine translation for those obligations.","Pause Language access and communication accommodation when capacity, consent, authority, privacy, access, care duties, uncertainty, distress, fatigue, pain, resource scarcity, or changed circumstances make the next action unwise.","Stop the Language access and communication accommodation practice for harm, coercion, retaliation risk, emergency conditions, unsafe exposure, worsening symptoms, protected information, legal or policy conflict, or pressure to exceed the stated boundary.","Use qualified, local, or emergency support whenever the situation exceeds a voluntary low-stakes developmental practice.","Specialist safety review complete. | Misuse, exclusion, stop, and escalation paths tested in content and UI. | Scoring remains shadow-only until a separate activation decision."
PRACTICE-COMP-1701-INITIATING-CONNECTION-01,RISK-MODERATE,draft,pending,Relevant specialist or domain-qualified human reviewer before expansion release or score activation.,shadow_only,SP-STRUCTURED-EVIDENCE-ELIGIBLE,true,"Store no diagnoses, allegations, third-party secrets, or unnecessary sensitive narrative; prefer category-level signals.","Using the Initiating connection protocol to rank worth, coerce participation, demand disclosure, override rest or care, certify competence, or justify decisions beyond the recorded context. | Treating a completed Initiating connection action, a polished artifact, agreement, confidence, speed, independence, or output as mastery or universal transfer.","Follow the material, equipment, consent and scope limits in the setup and each action. Use an online community with clear norms, text, a mutual introduction or an accessible quieter setting. A scripted rehearsal can reduce uncertainty but is not an actual connection. There is no obligation to disclose, exchange contact information or continue an unwelcome interaction.","Pause Initiating connection when capacity, consent, authority, privacy, access, care duties, uncertainty, distress, fatigue, pain, resource scarcity, or changed circumstances make the next action unwise.","Stop the Initiating connection practice for harm, coercion, retaliation risk, emergency conditions, unsafe exposure, worsening symptoms, protected information, legal or policy conflict, or pressure to exceed the stated boundary.","Use qualified, local, or emergency support whenever the situation exceeds a voluntary low-stakes developmental practice.","Specialist safety review complete. | Misuse, exclusion, stop, and escalation paths tested in content and UI. | Scoring remains shadow-only until a separate activation decision."
PRACTICE-COMP-1702-FRIENDSHIP-FORMATION-AND-SELECTION-01,RISK-MODERATE,draft,pending,Relevant specialist or domain-qualified human reviewer before expansion release or score activation.,shadow_only,SP-STRUCTURED-EVIDENCE-ELIGIBLE,true,"Store no diagnoses, allegations, third-party secrets, or unnecessary sensitive narrative; prefer category-level signals.","Using the Friendship formation and selection protocol to rank worth, coerce participation, demand disclosure, override rest or care, certify competence, or justify decisions beyond the recorded context. | Treating a completed Friendship formation and selection action, a polished artifact, agreement, confidence, speed, independence, or output as mastery or universal transfer.","Follow the material, equipment, consent and scope limits in the setup and each action. Long-distance, low-frequency and disability-adapted friendships can be meaningful; frequency alone is not the criterion. Use specialist support rather than this ordinary review for abuse, stalking or coercive control. Keep private relationship notes outside the application.","Pause Friendship formation and selection when capacity, consent, authority, privacy, access, care duties, uncertainty, distress, fatigue, pain, resource scarcity, or changed circumstances make the next action unwise.","Stop the Friendship formation and selection practice for harm, coercion, retaliation risk, emergency conditions, unsafe exposure, worsening symptoms, protected information, legal or policy conflict, or pressure to exceed the stated boundary.","Use qualified, local, or emergency support whenever the situation exceeds a voluntary low-stakes developmental practice.","Specialist safety review complete. | Misuse, exclusion, stop, and escalation paths tested in content and UI. | Scoring remains shadow-only until a separate activation decision."
PRACTICE-COMP-1704-RELIABLE-SUPPORT-01,RISK-MODERATE,draft,pending,Relevant specialist or domain-qualified human reviewer before expansion release or score activation.,shadow_only,SP-STRUCTURED-EVIDENCE-ELIGIBLE,true,"Store no diagnoses, allegations, third-party secrets, or unnecessary sensitive narrative; prefer category-level signals.","Using the Reliable support protocol to rank worth, coerce participation, demand disclosure, override rest or care, certify competence, or justify decisions beyond the recorded context. | Treating a completed Reliable support action, a polished artifact, agreement, confidence, speed, independence, or output as mastery or universal transfer.","Follow the material, equipment, consent and scope limits in the setup and each action. Support may be asynchronous, remote, translated or practical rather than verbally expressive. The recipient can decline feedback or further help. An unavailable friend is not a practice target; use a fictional rehearsal until a welcome opportunity arises.","Pause Reliable support when capacity, consent, authority, privacy, access, care duties, uncertainty, distress, fatigue, pain, resource scarcity, or changed circumstances make the next action unwise.","Stop the Reliable support practice for harm, coercion, retaliation risk, emergency conditions, unsafe exposure, worsening symptoms, protected information, legal or policy conflict, or pressure to exceed the stated boundary.","Use qualified, local, or emergency support whenever the situation exceeds a voluntary low-stakes developmental practice.","Specialist safety review complete. | Misuse, exclusion, stop, and escalation paths tested in content and UI. | Scoring remains shadow-only until a separate activation decision."
PRACTICE-COMP-1705-RECIPROCITY-AND-HEALTHY-DEPENDENCE-01,RISK-MODERATE,draft,pending,Relevant specialist or domain-qualified human reviewer before expansion release or score activation.,shadow_only,SP-STRUCTURED-EVIDENCE-ELIGIBLE,true,"Store no diagnoses, allegations, third-party secrets, or unnecessary sensitive narrative; prefer category-level signals.","Using the Reciprocity and healthy dependence protocol to rank worth, coerce participation, demand disclosure, override rest or care, certify competence, or justify decisions beyond the recorded context. | Treating a completed Reciprocity and healthy dependence action, a polished artifact, agreement, confidence, speed, independence, or output as mastery or universal transfer.","Follow the material, equipment, consent and scope limits in the setup and each action. Requests can be written, mediated or limited to information. Receiving care may be a legitimate long-term condition and does not require equivalent output to preserve dignity. Declined help is not a failed relationship; a fictional rehearsal remains rehearsal.","Pause Reciprocity and healthy dependence when capacity, consent, authority, privacy, access, care duties, uncertainty, distress, fatigue, pain, resource scarcity, or changed circumstances make the next action unwise.","Stop the Reciprocity and healthy dependence practice for harm, coercion, retaliation risk, emergency conditions, unsafe exposure, worsening symptoms, protected information, legal or policy conflict, or pressure to exceed the stated boundary.","Use qualified, local, or emergency support whenever the situation exceeds a voluntary low-stakes developmental practice.","Specialist safety review complete. | Misuse, exclusion, stop, and escalation paths tested in content and UI. | Scoring remains shadow-only until a separate activation decision."
PRACTICE-COMP-1706-BOUNDARIES-AND-HARMFUL-RELATIONSHIPS-01,RISK-HIGH,draft,pending_specialist_expansion_review,Licensed or otherwise appropriately qualified specialist for the jurisdiction and topic.,qualified_only,SP-STRUCTURED-EVIDENCE-ELIGIBLE,true,"Do not collect or retain sensitive case detail unless separately justified, consented, secured, and reviewed.","Using the Boundaries and harmful relationships protocol to rank worth, coerce participation, demand disclosure, override rest or care, certify competence, or justify decisions beyond the recorded context. | Treating a completed Boundaries and harmful relationships action, a polished artifact, agreement, confidence, speed, independence, or output as mastery or universal transfer.","Follow the material, equipment, consent and scope limits in the setup and each action. Use fictional material or a safe device when privacy is uncertain. Housing, caregiving, employment and legal duties can complicate distance or exit; obtain appropriate advice. Immediate danger warrants local emergency help, and a person is not responsible for another person’s abusive choices.","Pause Boundaries and harmful relationships when capacity, consent, authority, privacy, access, care duties, uncertainty, distress, fatigue, pain, resource scarcity, or changed circumstances make the next action unwise.","Stop the Boundaries and harmful relationships practice for harm, coercion, retaliation risk, emergency conditions, unsafe exposure, worsening symptoms, protected information, legal or policy conflict, or pressure to exceed the stated boundary.","Use qualified, local, or emergency support whenever the situation exceeds a voluntary low-stakes developmental practice.","Qualified specialist approval recorded. | Jurisdictional, emergency, and vulnerable-person boundaries reviewed. | No unverified hotline, diagnosis, treatment, confrontation, or coercive exposure. | Evidence is qualified-only or non-scored unless separately approved."
PRACTICE-COMP-1707-HOSPITALITY-AND-INCLUSION-01,RISK-MODERATE,draft,pending,Relevant specialist or domain-qualified human reviewer before expansion release or score activation.,shadow_only,SP-STRUCTURED-EVIDENCE-ELIGIBLE,true,"Store no diagnoses, allegations, third-party secrets, or unnecessary sensitive narrative; prefer category-level signals.","Using the Hospitality and inclusion protocol to rank worth, coerce participation, demand disclosure, override rest or care, certify competence, or justify decisions beyond the recorded context. | Treating a completed Hospitality and inclusion action, a polished artifact, agreement, confidence, speed, independence, or output as mastery or universal transfer.","Follow the material, equipment, consent and scope limits in the setup and each action. A remote, no-cost, shorter or quieter gathering may fit better than an elaborate event. People can help by improving an existing group’s welcome rather than hosting at home. A planning rehearsal without guests does not establish actual inclusion.","Pause Hospitality and inclusion when capacity, consent, authority, privacy, access, care duties, uncertainty, distress, fatigue, pain, resource scarcity, or changed circumstances make the next action unwise.","Stop the Hospitality and inclusion practice for harm, coercion, retaliation risk, emergency conditions, unsafe exposure, worsening symptoms, protected information, legal or policy conflict, or pressure to exceed the stated boundary.","Use qualified, local, or emergency support whenever the situation exceeds a voluntary low-stakes developmental practice.","Specialist safety review complete. | Misuse, exclusion, stop, and escalation paths tested in content and UI. | Scoring remains shadow-only until a separate activation decision."
PRACTICE-COMP-1708-COLLABORATION-AND-COMPLEMENTARY-STRENGTHS-01,RISK-MODERATE,draft,pending,Relevant specialist or domain-qualified human reviewer before expansion release or score activation.,shadow_only,SP-STRUCTURED-EVIDENCE-ELIGIBLE,true,"Store no diagnoses, allegations, third-party secrets, or unnecessary sensitive narrative; prefer category-level signals.","Using the Collaboration and complementary strengths protocol to rank worth, coerce participation, demand disclosure, override rest or care, certify competence, or justify decisions beyond the recorded context. | Treating a completed Collaboration and complementary strengths action, a polished artifact, agreement, confidence, speed, independence, or output as mastery or universal transfer.","Follow the material, equipment, consent and scope limits in the setup and each action. Collaborate asynchronously, use accessible formats or choose a smaller task. A solo plan can prepare for collaboration but cannot prove complementary teamwork. Do not use confidential work or unpaid coercive labor to make the task consequential.","Pause Collaboration and complementary strengths when capacity, consent, authority, privacy, access, care duties, uncertainty, distress, fatigue, pain, resource scarcity, or changed circumstances make the next action unwise.","Stop the Collaboration and complementary strengths practice for harm, coercion, retaliation risk, emergency conditions, unsafe exposure, worsening symptoms, protected information, legal or policy conflict, or pressure to exceed the stated boundary.","Use qualified, local, or emergency support whenever the situation exceeds a voluntary low-stakes developmental practice.","Specialist safety review complete. | Misuse, exclusion, stop, and escalation paths tested in content and UI. | Scoring remains shadow-only until a separate activation decision."
PRACTICE-COMP-1709-BELONGING-LONELINESS-AND-SOCIAL-ECOLOGY-01,RISK-MODERATE,draft,pending,Relevant specialist or domain-qualified human reviewer before expansion release or score activation.,shadow_only,SP-STRUCTURED-EVIDENCE-ELIGIBLE,true,"Store no diagnoses, allegations, third-party secrets, or unnecessary sensitive narrative; prefer category-level signals.","Using the Belonging, loneliness, and social ecology protocol to rank worth, coerce participation, demand disclosure, override rest or care, certify competence, or justify decisions beyond the recorded context. | Treating a completed Belonging, loneliness, and social ecology action, a polished artifact, agreement, confidence, speed, independence, or output as mastery or universal transfer.","Follow the material, equipment, consent and scope limits in the setup and each action. Use a remote group, accessible community service, mutual-interest exchange or a smaller familiar setting. Financial, geographic, care and health barriers may be structural rather than motivational; choose a feasible route and seek support rather than blaming yourself for unavailable opportunities.","Pause Belonging, loneliness, and social ecology when capacity, consent, authority, privacy, access, care duties, uncertainty, distress, fatigue, pain, resource scarcity, or changed circumstances make the next action unwise.","Stop the Belonging, loneliness, and social ecology practice for harm, coercion, retaliation risk, emergency conditions, unsafe exposure, worsening symptoms, protected information, legal or policy conflict, or pressure to exceed the stated boundary.","Use qualified, local, or emergency support whenever the situation exceeds a voluntary low-stakes developmental practice.","Specialist safety review complete. | Misuse, exclusion, stop, and escalation paths tested in content and UI. | Scoring remains shadow-only until a separate activation decision."
PRACTICE-COMP-1710-NETWORKS-AND-SOCIAL-CAPITAL-01,RISK-MODERATE,draft,pending,Relevant specialist or domain-qualified human reviewer before expansion release or score activation.,shadow_only,SP-STRUCTURED-EVIDENCE-ELIGIBLE,true,"Store no diagnoses, allegations, third-party secrets, or unnecessary sensitive narrative; prefer category-level signals.","Using the Networks and social capital protocol to rank worth, coerce participation, demand disclosure, override rest or care, certify competence, or justify decisions beyond the recorded context. | Treating a completed Networks and social capital action, a polished artifact, agreement, confidence, speed, independence, or output as mastery or universal transfer.","Follow the material, equipment, consent and scope limits in the setup and each action. A useful public resource, a small knowledge contribution or a consented written introduction can fit when live meetings are difficult. Work and institutional contexts may have confidentiality and conflict-of-interest rules; follow them rather than using personal access to bypass process.","Pause Networks and social capital when capacity, consent, authority, privacy, access, care duties, uncertainty, distress, fatigue, pain, resource scarcity, or changed circumstances make the next action unwise.","Stop the Networks and social capital practice for harm, coercion, retaliation risk, emergency conditions, unsafe exposure, worsening symptoms, protected information, legal or policy conflict, or pressure to exceed the stated boundary.","Use qualified, local, or emergency support whenever the situation exceeds a voluntary low-stakes developmental practice.","Specialist safety review complete. | Misuse, exclusion, stop, and escalation paths tested in content and UI. | Scoring remains shadow-only until a separate activation decision."
PRACTICE-COMP-1711-INTERGENERATIONAL-FRIENDSHIP-AND-MENTORSHIP-01,RISK-MODERATE,draft,pending,Relevant specialist or domain-qualified human reviewer before expansion release or score activation.,shadow_only,SP-STRUCTURED-EVIDENCE-ELIGIBLE,true,"Store no diagnoses, allegations, third-party secrets, or unnecessary sensitive narrative; prefer category-level signals.","Using the Intergenerational friendship and mentorship protocol to rank worth, coerce participation, demand disclosure, override rest or care, certify competence, or justify decisions beyond the recorded context. | Treating a completed Intergenerational friendship and mentorship action, a polished artifact, agreement, confidence, speed, independence, or output as mastery or universal transfer.","Follow the material, equipment, consent and scope limits in the setup and each action. Use letters, audio, translation, remote calls or a community program with suitable safeguarding. For minors or dependent adults, use the authorized program and appropriate protections rather than arranging private unsupervised contact through this exercise.","Pause Intergenerational friendship and mentorship when capacity, consent, authority, privacy, access, care duties, uncertainty, distress, fatigue, pain, resource scarcity, or changed circumstances make the next action unwise.","Stop the Intergenerational friendship and mentorship practice for harm, coercion, retaliation risk, emergency conditions, unsafe exposure, worsening symptoms, protected information, legal or policy conflict, or pressure to exceed the stated boundary.","Use qualified, local, or emergency support whenever the situation exceeds a voluntary low-stakes developmental practice.","Specialist safety review complete. | Misuse, exclusion, stop, and escalation paths tested in content and UI. | Scoring remains shadow-only until a separate activation decision."
PRACTICE-COMP-1712-KIN-CLAN-NEIGHBORHOOD-AND-COMMUNAL-OBLIGATION-01,RISK-MODERATE,draft,pending,Relevant specialist or domain-qualified human reviewer before expansion release or score activation.,shadow_only,SP-STRUCTURED-EVIDENCE-ELIGIBLE,true,"Store no diagnoses, allegations, third-party secrets, or unnecessary sensitive narrative; prefer category-level signals.","Using the Kin, clan, neighborhood, and communal obligation protocol to rank worth, coerce participation, demand disclosure, override rest or care, certify competence, or justify decisions beyond the recorded context. | Treating a completed Kin, clan, neighborhood, and communal obligation action, a polished artifact, agreement, confidence, speed, independence, or output as mastery or universal transfer.","Follow the material, equipment, consent and scope limits in the setup and each action. A remote, administrative, financial-within-means or occasional contribution may fit better than physical presence, but it must be genuinely agreed. For care, housing, immigration, inheritance or legal obligations, obtain qualified advice rather than relying on this general exercise.","Pause Kin, clan, neighborhood, and communal obligation when capacity, consent, authority, privacy, access, care duties, uncertainty, distress, fatigue, pain, resource scarcity, or changed circumstances make the next action unwise.","Stop the Kin, clan, neighborhood, and communal obligation practice for harm, coercion, retaliation risk, emergency conditions, unsafe exposure, worsening symptoms, protected information, legal or policy conflict, or pressure to exceed the stated boundary.","Use qualified, local, or emergency support whenever the situation exceeds a voluntary low-stakes developmental practice.","Specialist safety review complete. | Misuse, exclusion, stop, and escalation paths tested in content and UI. | Scoring remains shadow-only until a separate activation decision."
PRACTICE-COMP-1713-FRIENDSHIP-ACROSS-DEEP-DIFFERENCE-01,RISK-MODERATE,draft,pending,Relevant specialist or domain-qualified human reviewer before expansion release or score activation.,shadow_only,SP-STRUCTURED-EVIDENCE-ELIGIBLE,true,"Store no diagnoses, allegations, third-party secrets, or unnecessary sensitive narrative; prefer category-level signals.","Using the Friendship across deep difference protocol to rank worth, coerce participation, demand disclosure, override rest or care, certify competence, or justify decisions beyond the recorded context. | Treating a completed Friendship across deep difference action, a polished artifact, agreement, confidence, speed, independence, or output as mastery or universal transfer.","Follow the material, equipment, consent and scope limits in the setup and each action. Use writing, a narrower topic or a fictional comparison when live discussion is not welcome. Deep differences can limit a relationship’s scope; preserving conscience may sometimes require distance. This practice does not obligate friendship across every disagreement.","Pause Friendship across deep difference when capacity, consent, authority, privacy, access, care duties, uncertainty, distress, fatigue, pain, resource scarcity, or changed circumstances make the next action unwise.","Stop the Friendship across deep difference practice for harm, coercion, retaliation risk, emergency conditions, unsafe exposure, worsening symptoms, protected information, legal or policy conflict, or pressure to exceed the stated boundary.","Use qualified, local, or emergency support whenever the situation exceeds a voluntary low-stakes developmental practice.","Specialist safety review complete. | Misuse, exclusion, stop, and escalation paths tested in content and UI. | Scoring remains shadow-only until a separate activation decision."
PRACTICE-COMP-1714-COLLECTIVE-BELONGING-WITHOUT-CONFORMITY-01,RISK-MODERATE,draft,pending,Relevant specialist or domain-qualified human reviewer before expansion release or score activation.,shadow_only,SP-STRUCTURED-EVIDENCE-ELIGIBLE,true,"Store no diagnoses, allegations, third-party secrets, or unnecessary sensitive narrative; prefer category-level signals.","Using the Collective belonging without conformity protocol to rank worth, coerce participation, demand disclosure, override rest or care, certify competence, or justify decisions beyond the recorded context. | Treating a completed Collective belonging without conformity action, a polished artifact, agreement, confidence, speed, independence, or output as mastery or universal transfer.","Follow the material, equipment, consent and scope limits in the setup and each action. Use private written feedback, a representative or an anonymous channel only when its limits are understood. Some groups have legitimate role requirements; not every disagreement requires changing them. A fictional exercise cannot prove that a real community tolerates dissent.","Pause Collective belonging without conformity when capacity, consent, authority, privacy, access, care duties, uncertainty, distress, fatigue, pain, resource scarcity, or changed circumstances make the next action unwise.","Stop the Collective belonging without conformity practice for harm, coercion, retaliation risk, emergency conditions, unsafe exposure, worsening symptoms, protected information, legal or policy conflict, or pressure to exceed the stated boundary.","Use qualified, local, or emergency support whenever the situation exceeds a voluntary low-stakes developmental practice.","Specialist safety review complete. | Misuse, exclusion, stop, and escalation paths tested in content and UI. | Scoring remains shadow-only until a separate activation decision."
PRACTICE-COMP-1801-THE-NATURE-AND-PRACTICE-OF-LOVE-01,RISK-HIGH,draft,pending_specialist_expansion_review,Licensed or otherwise appropriately qualified specialist for the jurisdiction and topic.,qualified_only,SP-STRUCTURED-EVIDENCE-ELIGIBLE,true,"Do not collect or retain sensitive case detail unless separately justified, consented, secured, and reviewed.","Using the The nature and practice of love protocol to rank worth, coerce participation, demand disclosure, override rest or care, certify competence, or justify decisions beyond the recorded context. | Treating a completed The nature and practice of love action, a polished artifact, agreement, confidence, speed, independence, or output as mastery or universal transfer.","Follow the material, equipment, consent and scope limits in the setup and each action. Use writing, a smaller practical action or a fictional case when the relationship is unavailable or unsafe. Love does not require tolerating coercion, abandoning essential care for yourself or denying facts about harm. Appropriate support may be the caring next step.","Pause The nature and practice of love when capacity, consent, authority, privacy, access, care duties, uncertainty, distress, fatigue, pain, resource scarcity, or changed circumstances make the next action unwise.","Stop the The nature and practice of love practice for harm, coercion, retaliation risk, emergency conditions, unsafe exposure, worsening symptoms, protected information, legal or policy conflict, or pressure to exceed the stated boundary.","Consent, health, abuse, and legal concerns require appropriate medical, legal, or safeguarding resources.","Qualified specialist approval recorded. | Jurisdictional, emergency, and vulnerable-person boundaries reviewed. | No unverified hotline, diagnosis, treatment, confrontation, or coercive exposure. | Evidence is qualified-only or non-scored unless separately approved."
PRACTICE-COMP-1802-ATTRACTION-AND-RESPECTFUL-COURTSHIP-01,RISK-HIGH,draft,pending_specialist_expansion_review,Licensed or otherwise appropriately qualified specialist for the jurisdiction and topic.,qualified_only,SP-STRUCTURED-EVIDENCE-ELIGIBLE,true,"Do not collect or retain sensitive case detail unless separately justified, consented, secured, and reviewed.","Using the Attraction and respectful courtship protocol to rank worth, coerce participation, demand disclosure, override rest or care, certify competence, or justify decisions beyond the recorded context. | Treating a completed Attraction and respectful courtship action, a polished artifact, agreement, confidence, speed, independence, or output as mastery or universal transfer.","Follow the material, equipment, consent and scope limits in the setup and each action. Use accessible text or an appropriate mutually familiar setting. Singles may complete a boundaries-and-decline rehearsal without seeking romance. Stop when contact becomes unwelcome, and use appropriate support for stalking, harassment or coercion rather than treating it as courtship.","Pause Attraction and respectful courtship when capacity, consent, authority, privacy, access, care duties, uncertainty, distress, fatigue, pain, resource scarcity, or changed circumstances make the next action unwise.","Stop the Attraction and respectful courtship practice for harm, coercion, retaliation risk, emergency conditions, unsafe exposure, worsening symptoms, protected information, legal or policy conflict, or pressure to exceed the stated boundary.","Consent, health, abuse, and legal concerns require appropriate medical, legal, or safeguarding resources.","Qualified specialist approval recorded. | Jurisdictional, emergency, and vulnerable-person boundaries reviewed. | No unverified hotline, diagnosis, treatment, confrontation, or coercive exposure. | Evidence is qualified-only or non-scored unless separately approved."
PRACTICE-COMP-1803-PARTNER-SELECTION-AND-COMPATIBILITY-01,RISK-HIGH,draft,pending_specialist_expansion_review,Licensed or otherwise appropriately qualified specialist for the jurisdiction and topic.,qualified_only,SP-STRUCTURED-EVIDENCE-ELIGIBLE,true,"Do not collect or retain sensitive case detail unless separately justified, consented, secured, and reviewed.","Using the Partner selection and compatibility protocol to rank worth, coerce participation, demand disclosure, override rest or care, certify competence, or justify decisions beyond the recorded context. | Treating a completed Partner selection and compatibility action, a polished artifact, agreement, confidence, speed, independence, or output as mastery or universal transfer.","Follow the material, equipment, consent and scope limits in the setup and each action. Use writing, separate reflection or a qualified relationship professional when appropriate and safe. Abuse, coercion and retaliation require specialist safety support rather than a mutual compatibility discussion. Single life is a legitimate outcome, not a failure to find a match.","Pause Partner selection and compatibility when capacity, consent, authority, privacy, access, care duties, uncertainty, distress, fatigue, pain, resource scarcity, or changed circumstances make the next action unwise.","Stop the Partner selection and compatibility practice for harm, coercion, retaliation risk, emergency conditions, unsafe exposure, worsening symptoms, protected information, legal or policy conflict, or pressure to exceed the stated boundary.","Consent, health, abuse, and legal concerns require appropriate medical, legal, or safeguarding resources.","Qualified specialist approval recorded. | Jurisdictional, emergency, and vulnerable-person boundaries reviewed. | No unverified hotline, diagnosis, treatment, confrontation, or coercive exposure. | Evidence is qualified-only or non-scored unless separately approved."
PRACTICE-COMP-1804-ATTACHMENT-AND-RELATIONAL-SECURITY-01,RISK-HIGH,draft,pending_specialist_expansion_review,Licensed or otherwise appropriately qualified specialist for the jurisdiction and topic.,qualified_only,SP-STRUCTURED-EVIDENCE-ELIGIBLE,true,"Do not collect or retain sensitive case detail unless separately justified, consented, secured, and reviewed.","Using the Attachment and relational security protocol to rank worth, coerce participation, demand disclosure, override rest or care, certify competence, or justify decisions beyond the recorded context. | Treating a completed Attachment and relational security action, a polished artifact, agreement, confidence, speed, independence, or output as mastery or universal transfer.","Follow the material, equipment, consent and scope limits in the setup and each action. Use text, scheduled contact, a smaller request or individual support when emotional activation makes discussion difficult. Repeated threats, coercion or abuse require appropriate help, not better reassurance rituals. A fictional rehearsal remains a communication exercise only.","Pause Attachment and relational security when capacity, consent, authority, privacy, access, care duties, uncertainty, distress, fatigue, pain, resource scarcity, or changed circumstances make the next action unwise.","Stop the Attachment and relational security practice for harm, coercion, retaliation risk, emergency conditions, unsafe exposure, worsening symptoms, protected information, legal or policy conflict, or pressure to exceed the stated boundary.","Consent, health, abuse, and legal concerns require appropriate medical, legal, or safeguarding resources.","Qualified specialist approval recorded. | Jurisdictional, emergency, and vulnerable-person boundaries reviewed. | No unverified hotline, diagnosis, treatment, confrontation, or coercive exposure. | Evidence is qualified-only or non-scored unless separately approved."
PRACTICE-COMP-1805-VULNERABILITY-AND-EMOTIONAL-INTIMACY-01,RISK-HIGH,draft,pending_specialist_expansion_review,Licensed or otherwise appropriately qualified specialist for the jurisdiction and topic.,qualified_only,SP-STRUCTURED-EVIDENCE-ELIGIBLE,true,"Do not collect or retain sensitive case detail unless separately justified, consented, secured, and reviewed.","Using the Vulnerability and emotional intimacy protocol to rank worth, coerce participation, demand disclosure, override rest or care, certify competence, or justify decisions beyond the recorded context. | Treating a completed Vulnerability and emotional intimacy action, a polished artifact, agreement, confidence, speed, independence, or output as mastery or universal transfer.","Follow the material, equipment, consent and scope limits in the setup and each action. Use writing, a slower conversation, a qualified support setting or a smaller topic. Do not disclose to someone who uses vulnerability to threaten, ridicule or control you. A safe decision not to share may be appropriate, but it is not counted as a completed disclosure.","Pause Vulnerability and emotional intimacy when capacity, consent, authority, privacy, access, care duties, uncertainty, distress, fatigue, pain, resource scarcity, or changed circumstances make the next action unwise.","Stop the Vulnerability and emotional intimacy practice for harm, coercion, retaliation risk, emergency conditions, unsafe exposure, worsening symptoms, protected information, legal or policy conflict, or pressure to exceed the stated boundary.","Consent, health, abuse, and legal concerns require appropriate medical, legal, or safeguarding resources.","Qualified specialist approval recorded. | Jurisdictional, emergency, and vulnerable-person boundaries reviewed. | No unverified hotline, diagnosis, treatment, confrontation, or coercive exposure. | Evidence is qualified-only or non-scored unless separately approved."
PRACTICE-COMP-1806-RELATIONSHIP-STAGES-AND-CHANGING-NEEDS-01,RISK-HIGH,draft,pending_specialist_expansion_review,Licensed or otherwise appropriately qualified specialist for the jurisdiction and topic.,qualified_only,SP-STRUCTURED-EVIDENCE-ELIGIBLE,true,"Do not collect or retain sensitive case detail unless separately justified, consented, secured, and reviewed.","Using the Relationship stages and changing needs protocol to rank worth, coerce participation, demand disclosure, override rest or care, certify competence, or justify decisions beyond the recorded context. | Treating a completed Relationship stages and changing needs action, a polished artifact, agreement, confidence, speed, independence, or output as mastery or universal transfer.","Follow the material, equipment, consent and scope limits in the setup and each action. Use asynchronous communication, separate reflection or suitable professional support. Do not conduct a mutual-stage exercise where coercion or abuse makes negotiation unsafe. A fictional trial plan is not evidence of a relationship adapting in practice.","Pause Relationship stages and changing needs when capacity, consent, authority, privacy, access, care duties, uncertainty, distress, fatigue, pain, resource scarcity, or changed circumstances make the next action unwise.","Stop the Relationship stages and changing needs practice for harm, coercion, retaliation risk, emergency conditions, unsafe exposure, worsening symptoms, protected information, legal or policy conflict, or pressure to exceed the stated boundary.","Consent, health, abuse, and legal concerns require appropriate medical, legal, or safeguarding resources.","Qualified specialist approval recorded. | Jurisdictional, emergency, and vulnerable-person boundaries reviewed. | No unverified hotline, diagnosis, treatment, confrontation, or coercive exposure. | Evidence is qualified-only or non-scored unless separately approved."
PRACTICE-COMP-1807-SHARED-EXPECTATIONS-ROLES-AND-LABOR-01,RISK-HIGH,draft,pending_specialist_expansion_review,Licensed or otherwise appropriately qualified specialist for the jurisdiction and topic.,qualified_only,SP-STRUCTURED-EVIDENCE-ELIGIBLE,true,"Do not collect or retain sensitive case detail unless separately justified, consented, secured, and reviewed.","Using the Shared expectations, roles, and labor protocol to rank worth, coerce participation, demand disclosure, override rest or care, certify competence, or justify decisions beyond the recorded context. | Treating a completed Shared expectations, roles, and labor action, a polished artifact, agreement, confidence, speed, independence, or output as mastery or universal transfer.","Follow the material, equipment, consent and scope limits in the setup and each action. Use writing, a smaller task or external support when illness, disability or care demands constrain contribution. People with unequal capacity retain equal dignity. Formal financial, legal or care obligations should be clarified through appropriate qualified advice.","Pause Shared expectations, roles, and labor when capacity, consent, authority, privacy, access, care duties, uncertainty, distress, fatigue, pain, resource scarcity, or changed circumstances make the next action unwise.","Stop the Shared expectations, roles, and labor practice for harm, coercion, retaliation risk, emergency conditions, unsafe exposure, worsening symptoms, protected information, legal or policy conflict, or pressure to exceed the stated boundary.","Consent, health, abuse, and legal concerns require appropriate medical, legal, or safeguarding resources.","Qualified specialist approval recorded. | Jurisdictional, emergency, and vulnerable-person boundaries reviewed. | No unverified hotline, diagnosis, treatment, confrontation, or coercive exposure. | Evidence is qualified-only or non-scored unless separately approved."
PRACTICE-COMP-1808-PARTNERSHIP-CONFLICT-AND-REPAIR-01,RISK-HIGH,draft,pending_specialist_expansion_review,Licensed or otherwise appropriately qualified specialist for the jurisdiction and topic.,qualified_only,SP-STRUCTURED-EVIDENCE-ELIGIBLE,true,"Do not collect or retain sensitive case detail unless separately justified, consented, secured, and reviewed.","Using the Partnership conflict and repair protocol to rank worth, coerce participation, demand disclosure, override rest or care, certify competence, or justify decisions beyond the recorded context. | Treating a completed Partnership conflict and repair action, a polished artifact, agreement, confidence, speed, independence, or output as mastery or universal transfer.","Follow the material, equipment, consent and scope limits in the setup and each action. Use writing or an appropriate qualified professional when both people freely agree and the setting is safe. Do not pursue a joint repair session with an abusive person as a requirement for leaving or seeking help. A fictional case tests repair reasoning only.","Pause Partnership conflict and repair when capacity, consent, authority, privacy, access, care duties, uncertainty, distress, fatigue, pain, resource scarcity, or changed circumstances make the next action unwise.","Stop the Partnership conflict and repair practice for harm, coercion, retaliation risk, emergency conditions, unsafe exposure, worsening symptoms, protected information, legal or policy conflict, or pressure to exceed the stated boundary.","Consent, health, abuse, and legal concerns require appropriate medical, legal, or safeguarding resources.","Qualified specialist approval recorded. | Jurisdictional, emergency, and vulnerable-person boundaries reviewed. | No unverified hotline, diagnosis, treatment, confrontation, or coercive exposure. | Evidence is qualified-only or non-scored unless separately approved."
PRACTICE-COMP-1809-SEXUAL-ETHICS-AND-CONSENT-01,RISK-HIGH,draft,pending_specialist_expansion_review,Licensed or otherwise appropriately qualified specialist for the jurisdiction and topic.,qualified_only,SP-STRUCTURED-EVIDENCE-ELIGIBLE,true,"Do not collect or retain sensitive case detail unless separately justified, consented, secured, and reviewed.","Using the Sexual ethics and consent protocol to rank worth, coerce participation, demand disclosure, override rest or care, certify competence, or justify decisions beyond the recorded context. | Treating a completed Sexual ethics and consent action, a polished artifact, agreement, confidence, speed, independence, or output as mastery or universal transfer.","Follow the material, equipment, consent and scope limits in the setup and each action. Use clear accessible communication, interpretation or AAC suitable to the situation; do not infer consent from a communication disability. Uncertainty means pause, not pressure. Survivors or anyone facing coercion may use specialist support and skip personal scenarios entirely.","Pause Sexual ethics and consent when capacity, consent, authority, privacy, access, care duties, uncertainty, distress, fatigue, pain, resource scarcity, or changed circumstances make the next action unwise.","Stop the Sexual ethics and consent practice for harm, coercion, retaliation risk, emergency conditions, unsafe exposure, worsening symptoms, protected information, legal or policy conflict, or pressure to exceed the stated boundary.","Consent, health, abuse, and legal concerns require appropriate medical, legal, or safeguarding resources.","Qualified specialist approval recorded. | Jurisdictional, emergency, and vulnerable-person boundaries reviewed. | No unverified hotline, diagnosis, treatment, confrontation, or coercive exposure. | Evidence is qualified-only or non-scored unless separately approved."
PRACTICE-COMP-1810-SEXUAL-COMMUNICATION-PLEASURE-AND-HEALTH-01,RISK-HIGH,draft,pending_specialist_expansion_review,Licensed or otherwise appropriately qualified specialist for the jurisdiction and topic.,qualified_only,SP-STRUCTURED-EVIDENCE-ELIGIBLE,true,"Do not collect or retain sensitive case detail unless separately justified, consented, secured, and reviewed.","Using the Sexual communication, pleasure, and health protocol to rank worth, coerce participation, demand disclosure, override rest or care, certify competence, or justify decisions beyond the recorded context. | Treating a completed Sexual communication, pleasure, and health action, a polished artifact, agreement, confidence, speed, independence, or output as mastery or universal transfer.","Follow the material, equipment, consent and scope limits in the setup and each action. Use writing, accessible communication, a qualified sexual-health professional or a fictional scenario. No partner is owed private history beyond what is needed for informed and safe choices, and no one must disclose in an unsafe context. Keep all substantive intimate details outside the application.","Pause Sexual communication, pleasure, and health when capacity, consent, authority, privacy, access, care duties, uncertainty, distress, fatigue, pain, resource scarcity, or changed circumstances make the next action unwise.","Stop the Sexual communication, pleasure, and health practice for harm, coercion, retaliation risk, emergency conditions, unsafe exposure, worsening symptoms, protected information, legal or policy conflict, or pressure to exceed the stated boundary.","Consent, health, abuse, and legal concerns require appropriate medical, legal, or safeguarding resources.","Qualified specialist approval recorded. | Jurisdictional, emergency, and vulnerable-person boundaries reviewed. | No unverified hotline, diagnosis, treatment, confrontation, or coercive exposure. | Evidence is qualified-only or non-scored unless separately approved."
PRACTICE-COMP-1811-COMMITMENT-FIDELITY-AND-TRUST-01,RISK-HIGH,draft,pending_specialist_expansion_review,Licensed or otherwise appropriately qualified specialist for the jurisdiction and topic.,qualified_only,SP-STRUCTURED-EVIDENCE-ELIGIBLE,true,"Do not collect or retain sensitive case detail unless separately justified, consented, secured, and reviewed.","Using the Commitment, fidelity, and trust protocol to rank worth, coerce participation, demand disclosure, override rest or care, certify competence, or justify decisions beyond the recorded context. | Treating a completed Commitment, fidelity, and trust action, a polished artifact, agreement, confidence, speed, independence, or output as mastery or universal transfer.","Follow the material, equipment, consent and scope limits in the setup and each action. Use written agreements in plain language or suitable professional support when both people freely choose it. Do not use this exercise to negotiate under threats or coercion. Legal, health and safety consequences may require separate qualified guidance.","Pause Commitment, fidelity, and trust when capacity, consent, authority, privacy, access, care duties, uncertainty, distress, fatigue, pain, resource scarcity, or changed circumstances make the next action unwise.","Stop the Commitment, fidelity, and trust practice for harm, coercion, retaliation risk, emergency conditions, unsafe exposure, worsening symptoms, protected information, legal or policy conflict, or pressure to exceed the stated boundary.","Consent, health, abuse, and legal concerns require appropriate medical, legal, or safeguarding resources.","Qualified specialist approval recorded. | Jurisdictional, emergency, and vulnerable-person boundaries reviewed. | No unverified hotline, diagnosis, treatment, confrontation, or coercive exposure. | Evidence is qualified-only or non-scored unless separately approved."
PRACTICE-COMP-1812-SEPARATION-DIVORCE-ESTRANGEMENT-AND-ENDINGS-01,RISK-HIGH,draft,pending_specialist_expansion_review,Licensed or otherwise appropriately qualified specialist for the jurisdiction and topic.,qualified_only,SP-STRUCTURED-EVIDENCE-ELIGIBLE,true,"Do not collect or retain sensitive case detail unless separately justified, consented, secured, and reviewed.","Using the Separation, divorce, estrangement, and endings protocol to rank worth, coerce participation, demand disclosure, override rest or care, certify competence, or justify decisions beyond the recorded context. | Treating a completed Separation, divorce, estrangement, and endings action, a polished artifact, agreement, confidence, speed, independence, or output as mastery or universal transfer.","Follow the material, equipment, consent and scope limits in the setup and each action. Use a qualified mediator only where appropriate and safe, legal representation, accessible communication or specialist safety planning. Do not contact an unsafe person or change a court-ordered arrangement based on this exercise. Immediate danger requires appropriate emergency help.","Pause Separation, divorce, estrangement, and endings when capacity, consent, authority, privacy, access, care duties, uncertainty, distress, fatigue, pain, resource scarcity, or changed circumstances make the next action unwise.","Stop the Separation, divorce, estrangement, and endings practice for harm, coercion, retaliation risk, emergency conditions, unsafe exposure, worsening symptoms, protected information, legal or policy conflict, or pressure to exceed the stated boundary.","Consent, health, abuse, and legal concerns require appropriate medical, legal, or safeguarding resources.","Qualified specialist approval recorded. | Jurisdictional, emergency, and vulnerable-person boundaries reviewed. | No unverified hotline, diagnosis, treatment, confrontation, or coercive exposure. | Evidence is qualified-only or non-scored unless separately approved."
PRACTICE-COMP-1813-RELATIONSHIP-DIVERSITY-AND-CHOSEN-FORM-01,RISK-HIGH,draft,pending_specialist_expansion_review,Licensed or otherwise appropriately qualified specialist for the jurisdiction and topic.,qualified_only,SP-STRUCTURED-EVIDENCE-ELIGIBLE,true,"Do not collect or retain sensitive case detail unless separately justified, consented, secured, and reviewed.","Using the Relationship diversity and chosen form protocol to rank worth, coerce participation, demand disclosure, override rest or care, certify competence, or justify decisions beyond the recorded context. | Treating a completed Relationship diversity and chosen form action, a polished artifact, agreement, confidence, speed, independence, or output as mastery or universal transfer.","Follow the material, equipment, consent and scope limits in the setup and each action. Use a fictional comparison only, especially where disclosure of orientation or relationship status could create danger. No public statement or coming-out action is required. Where coercion, exploitation or unlawful conduct is involved, do not hide it behind a diversity label.","Pause Relationship diversity and chosen form when capacity, consent, authority, privacy, access, care duties, uncertainty, distress, fatigue, pain, resource scarcity, or changed circumstances make the next action unwise.","Stop the Relationship diversity and chosen form practice for harm, coercion, retaliation risk, emergency conditions, unsafe exposure, worsening symptoms, protected information, legal or policy conflict, or pressure to exceed the stated boundary.","Consent, health, abuse, and legal concerns require appropriate medical, legal, or safeguarding resources.","Qualified specialist approval recorded. | Jurisdictional, emergency, and vulnerable-person boundaries reviewed. | No unverified hotline, diagnosis, treatment, confrontation, or coercive exposure. | Evidence is qualified-only or non-scored unless separately approved."
PRACTICE-COMP-1814-REPRODUCTIVE-INTENTIONS-AND-PARTNERSHIP-COMMUNICATION-01,RISK-HIGH,draft,pending_specialist_expansion_review,Licensed or otherwise appropriately qualified specialist for the jurisdiction and topic.,qualified_only,SP-STRUCTURED-EVIDENCE-ELIGIBLE,true,"Do not collect or retain sensitive case detail unless separately justified, consented, secured, and reviewed.","Using the Reproductive intentions and partnership communication protocol to rank worth, coerce participation, demand disclosure, override rest or care, certify competence, or justify decisions beyond the recorded context. | Treating a completed Reproductive intentions and partnership communication action, a polished artifact, agreement, confidence, speed, independence, or output as mastery or universal transfer.","Follow the material, equipment, consent and scope limits in the setup and each action. Use separate reflection, accessible communication or qualified counseling when appropriate and freely chosen. People may choose single life, no children, adoption or other lawful routes; none removes the need for honest expectations and relevant medical or legal guidance. Coercion requires safety support, not another negotiation.","Pause Reproductive intentions and partnership communication when capacity, consent, authority, privacy, access, care duties, uncertainty, distress, fatigue, pain, resource scarcity, or changed circumstances make the next action unwise.","Stop the Reproductive intentions and partnership communication practice for harm, coercion, retaliation risk, emergency conditions, unsafe exposure, worsening symptoms, protected information, legal or policy conflict, or pressure to exceed the stated boundary.","Consent, health, abuse, and legal concerns require appropriate medical, legal, or safeguarding resources.","Qualified specialist approval recorded. | Jurisdictional, emergency, and vulnerable-person boundaries reviewed. | No unverified hotline, diagnosis, treatment, confrontation, or coercive exposure. | Evidence is qualified-only or non-scored unless separately approved."
PRACTICE-COMP-1901-FAMILY-SYSTEMS-AND-INTERGENERATIONAL-PATTERNS-01,RISK-HIGH,draft,pending_specialist_expansion_review,Licensed or otherwise appropriately qualified specialist for the jurisdiction and topic.,qualified_only,SP-STRUCTURED-EVIDENCE-ELIGIBLE,true,"Do not collect or retain sensitive case detail unless separately justified, consented, secured, and reviewed.","Using the Family systems and intergenerational patterns protocol to rank worth, coerce participation, demand disclosure, override rest or care, certify competence, or justify decisions beyond the recorded context. | Treating a completed Family systems and intergenerational patterns action, a polished artifact, agreement, confidence, speed, independence, or output as mastery or universal transfer.","Follow the material, equipment, consent and scope limits in the setup and each action. Use a diagram, oral reflection or a fictional family when personal mapping would expose sensitive history. Do not contact an estranged or unsafe relative for this exercise. Qualified family, trauma, legal or safeguarding support takes precedence over an attempted repair.","Pause Family systems and intergenerational patterns when capacity, consent, authority, privacy, access, care duties, uncertainty, distress, fatigue, pain, resource scarcity, or changed circumstances make the next action unwise.","Stop the Family systems and intergenerational patterns practice for harm, coercion, retaliation risk, emergency conditions, unsafe exposure, worsening symptoms, protected information, legal or policy conflict, or pressure to exceed the stated boundary.","Medical, reproductive, child-safety, guardianship, and elder-care decisions require qualified local guidance.","Qualified specialist approval recorded. | Jurisdictional, emergency, and vulnerable-person boundaries reviewed. | No unverified hotline, diagnosis, treatment, confrontation, or coercive exposure. | Evidence is qualified-only or non-scored unless separately approved."
PRACTICE-COMP-1902-PARENTING-AND-CHILD-DEVELOPMENT-01,RISK-HIGH,draft,pending_specialist_expansion_review,Licensed or otherwise appropriately qualified specialist for the jurisdiction and topic.,qualified_only,SP-STRUCTURED-EVIDENCE-ELIGIBLE,true,"Do not collect or retain sensitive case detail unless separately justified, consented, secured, and reviewed.","Using the Parenting and child development protocol to rank worth, coerce participation, demand disclosure, override rest or care, certify competence, or justify decisions beyond the recorded context. | Treating a completed Parenting and child development action, a polished artifact, agreement, confidence, speed, independence, or output as mastery or universal transfer.","Follow the material, equipment, consent and scope limits in the setup and each action. Use gestures, pictures, AAC, sensory-friendly materials or a shorter task. A person without a caregiving role may rehearse with the written case only; that is not live parenting evidence. Follow professional guidance for disability, distress, safety or developmental concerns.","Pause Parenting and child development when capacity, consent, authority, privacy, access, care duties, uncertainty, distress, fatigue, pain, resource scarcity, or changed circumstances make the next action unwise.","Stop the Parenting and child development practice for harm, coercion, retaliation risk, emergency conditions, unsafe exposure, worsening symptoms, protected information, legal or policy conflict, or pressure to exceed the stated boundary.","Medical, reproductive, child-safety, guardianship, and elder-care decisions require qualified local guidance.","Qualified specialist approval recorded. | Jurisdictional, emergency, and vulnerable-person boundaries reviewed. | No unverified hotline, diagnosis, treatment, confrontation, or coercive exposure. | Evidence is qualified-only or non-scored unless separately approved."
PRACTICE-COMP-1903-CAREGIVING-FOR-ELDERS-ILLNESS-AND-DISABILITY-01,RISK-HIGH,draft,pending_specialist_expansion_review,Licensed or otherwise appropriately qualified specialist for the jurisdiction and topic.,qualified_only,SP-STRUCTURED-EVIDENCE-ELIGIBLE,true,"Do not collect or retain sensitive case detail unless separately justified, consented, secured, and reviewed.","Using the Caregiving for elders, illness, and disability protocol to rank worth, coerce participation, demand disclosure, override rest or care, certify competence, or justify decisions beyond the recorded context. | Treating a completed Caregiving for elders, illness, and disability action, a polished artifact, agreement, confidence, speed, independence, or output as mastery or universal transfer.","Follow the material, equipment, consent and scope limits in the setup and each action. Use a phone call, written preferences, an interpreter or trusted decision supporter with permission. Without an appropriate care role, use the supplied transport scenario and label the handoff untested. Urgent deterioration or unsafe care requires appropriate medical, safeguarding or emergency help, not this exercise.","Pause Caregiving for elders, illness, and disability when capacity, consent, authority, privacy, access, care duties, uncertainty, distress, fatigue, pain, resource scarcity, or changed circumstances make the next action unwise.","Stop the Caregiving for elders, illness, and disability practice for harm, coercion, retaliation risk, emergency conditions, unsafe exposure, worsening symptoms, protected information, legal or policy conflict, or pressure to exceed the stated boundary.","Medical, reproductive, child-safety, guardianship, and elder-care decisions require qualified local guidance.","Qualified specialist approval recorded. | Jurisdictional, emergency, and vulnerable-person boundaries reviewed. | No unverified hotline, diagnosis, treatment, confrontation, or coercive exposure. | Evidence is qualified-only or non-scored unless separately approved."
PRACTICE-COMP-1904-FERTILITY-AND-REPRODUCTIVE-HEALTH-LITERACY-01,RISK-HIGH,draft,pending_specialist_expansion_review,Licensed or otherwise appropriately qualified specialist for the jurisdiction and topic.,qualified_only,SP-STRUCTURED-EVIDENCE-ELIGIBLE,true,"Do not collect or retain sensitive case detail unless separately justified, consented, secured, and reviewed.","Using the Fertility and reproductive health literacy protocol to rank worth, coerce participation, demand disclosure, override rest or care, certify competence, or justify decisions beyond the recorded context. | Treating a completed Fertility and reproductive health literacy action, a polished artifact, agreement, confidence, speed, independence, or output as mastery or universal transfer.","Follow the material, equipment, consent and scope limits in the setup and each action. Use publicly available cases, translated clinical material or a supported consultation instead of disclosing personal history. Follow local law and professional guidance. A current safety concern, coercion, pregnancy complication or urgent symptom requires appropriate immediate support rather than completing the study sequence.","Pause Fertility and reproductive health literacy when capacity, consent, authority, privacy, access, care duties, uncertainty, distress, fatigue, pain, resource scarcity, or changed circumstances make the next action unwise.","Stop the Fertility and reproductive health literacy practice for harm, coercion, retaliation risk, emergency conditions, unsafe exposure, worsening symptoms, protected information, legal or policy conflict, or pressure to exceed the stated boundary.","Medical, reproductive, child-safety, guardianship, and elder-care decisions require qualified local guidance.","Qualified specialist approval recorded. | Jurisdictional, emergency, and vulnerable-person boundaries reviewed. | No unverified hotline, diagnosis, treatment, confrontation, or coercive exposure. | Evidence is qualified-only or non-scored unless separately approved."
PRACTICE-COMP-1905-PREGNANCY-BIRTH-AND-POSTPARTUM-RESPONSIBILITY-01,RISK-HIGH,draft,pending_specialist_expansion_review,Licensed or otherwise appropriately qualified specialist for the jurisdiction and topic.,qualified_only,SP-STRUCTURED-EVIDENCE-ELIGIBLE,true,"Do not collect or retain sensitive case detail unless separately justified, consented, secured, and reviewed.","Using the Pregnancy, birth, and postpartum responsibility protocol to rank worth, coerce participation, demand disclosure, override rest or care, certify competence, or justify decisions beyond the recorded context. | Treating a completed Pregnancy, birth, and postpartum responsibility action, a polished artifact, agreement, confidence, speed, independence, or output as mastery or universal transfer.","Follow the material, equipment, consent and scope limits in the setup and each action. Use an accessible written plan, interpreter or trusted supporter chosen by the person. A fictional plan is useful preparation but not evidence of live perinatal support. Clinical instructions and local emergency services remain authoritative; no one must disclose birth experiences or mental-health history to complete a rehearsal.","Pause Pregnancy, birth, and postpartum responsibility when capacity, consent, authority, privacy, access, care duties, uncertainty, distress, fatigue, pain, resource scarcity, or changed circumstances make the next action unwise.","Stop the Pregnancy, birth, and postpartum responsibility practice for harm, coercion, retaliation risk, emergency conditions, unsafe exposure, worsening symptoms, protected information, legal or policy conflict, or pressure to exceed the stated boundary.","Medical, reproductive, child-safety, guardianship, and elder-care decisions require qualified local guidance.","Qualified specialist approval recorded. | Jurisdictional, emergency, and vulnerable-person boundaries reviewed. | No unverified hotline, diagnosis, treatment, confrontation, or coercive exposure. | Evidence is qualified-only or non-scored unless separately approved."
PRACTICE-COMP-1906-MISCARRIAGE-INFERTILITY-AND-REPRODUCTIVE-GRIEF-01,RISK-HIGH,draft,pending_specialist_expansion_review,Licensed or otherwise appropriately qualified specialist for the jurisdiction and topic.,qualified_only,SP-STRUCTURED-EVIDENCE-ELIGIBLE,true,"Do not collect or retain sensitive case detail unless separately justified, consented, secured, and reviewed.","Using the Miscarriage, infertility, and reproductive grief protocol to rank worth, coerce participation, demand disclosure, override rest or care, certify competence, or justify decisions beyond the recorded context. | Treating a completed Miscarriage, infertility, and reproductive grief action, a polished artifact, agreement, confidence, speed, independence, or output as mastery or universal transfer.","Follow the material, equipment, consent and scope limits in the setup and each action. Use a note, practical errand or quiet presence instead of conversation. A supporter without a live opportunity can rehearse the supplied case; no fabricated loss or emotional disclosure is needed. Use qualified reproductive-health, grief or crisis support when the situation exceeds ordinary friendship care.","Pause Miscarriage, infertility, and reproductive grief when capacity, consent, authority, privacy, access, care duties, uncertainty, distress, fatigue, pain, resource scarcity, or changed circumstances make the next action unwise.","Stop the Miscarriage, infertility, and reproductive grief practice for harm, coercion, retaliation risk, emergency conditions, unsafe exposure, worsening symptoms, protected information, legal or policy conflict, or pressure to exceed the stated boundary.","Medical, reproductive, child-safety, guardianship, and elder-care decisions require qualified local guidance.","Qualified specialist approval recorded. | Jurisdictional, emergency, and vulnerable-person boundaries reviewed. | No unverified hotline, diagnosis, treatment, confrontation, or coercive exposure. | Evidence is qualified-only or non-scored unless separately approved."
PRACTICE-COMP-1907-ADOPTION-FOSTERING-STEPFAMILIES-AND-CHOSEN-FAMILY-01,RISK-HIGH,draft,pending_specialist_expansion_review,Licensed or otherwise appropriately qualified specialist for the jurisdiction and topic.,qualified_only,SP-STRUCTURED-EVIDENCE-ELIGIBLE,true,"Do not collect or retain sensitive case detail unless separately justified, consented, secured, and reviewed.","Using the Adoption, fostering, stepfamilies, and chosen family protocol to rank worth, coerce participation, demand disclosure, override rest or care, certify competence, or justify decisions beyond the recorded context. | Treating a completed Adoption, fostering, stepfamilies, and chosen family action, a polished artifact, agreement, confidence, speed, independence, or output as mastery or universal transfer.","Follow the material, equipment, consent and scope limits in the setup and each action. Use a story, language choice, meal or private object rather than photographs. People without an actual role use the fictional case only. Follow placement, custody, guardianship and child-safety requirements; chosen-family belonging does not itself confer legal authority.","Pause Adoption, fostering, stepfamilies, and chosen family when capacity, consent, authority, privacy, access, care duties, uncertainty, distress, fatigue, pain, resource scarcity, or changed circumstances make the next action unwise.","Stop the Adoption, fostering, stepfamilies, and chosen family practice for harm, coercion, retaliation risk, emergency conditions, unsafe exposure, worsening symptoms, protected information, legal or policy conflict, or pressure to exceed the stated boundary.","Medical, reproductive, child-safety, guardianship, and elder-care decisions require qualified local guidance.","Qualified specialist approval recorded. | Jurisdictional, emergency, and vulnerable-person boundaries reviewed. | No unverified hotline, diagnosis, treatment, confrontation, or coercive exposure. | Evidence is qualified-only or non-scored unless separately approved."
PRACTICE-COMP-1908-CHILD-PROTECTION-AND-SAFEGUARDING-01,RISK-HIGH,draft,pending_specialist_expansion_review,Licensed or otherwise appropriately qualified specialist for the jurisdiction and topic.,qualified_only,SP-STRUCTURED-EVIDENCE-ELIGIBLE,true,"Do not collect or retain sensitive case detail unless separately justified, consented, secured, and reviewed.","Using the Child protection and safeguarding protocol to rank worth, coerce participation, demand disclosure, override rest or care, certify competence, or justify decisions beyond the recorded context. | Treating a completed Child protection and safeguarding action, a polished artifact, agreement, confidence, speed, independence, or output as mastery or universal transfer.","Follow the material, equipment, consent and scope limits in the setup and each action. Use translated official guidance, an interpreter or your organization’s safeguarding lead without allowing an internal discussion to replace an externally required report. Keep any real record only in the authorized secure system. Requirements differ by location; professional or legal advice resolves uncertainty, not an invented universal rule.","Pause Child protection and safeguarding when capacity, consent, authority, privacy, access, care duties, uncertainty, distress, fatigue, pain, resource scarcity, or changed circumstances make the next action unwise.","Stop the Child protection and safeguarding practice for harm, coercion, retaliation risk, emergency conditions, unsafe exposure, worsening symptoms, protected information, legal or policy conflict, or pressure to exceed the stated boundary.","Medical, reproductive, child-safety, guardianship, and elder-care decisions require qualified local guidance.","Qualified specialist approval recorded. | Jurisdictional, emergency, and vulnerable-person boundaries reviewed. | No unverified hotline, diagnosis, treatment, confrontation, or coercive exposure. | Evidence is qualified-only or non-scored unless separately approved."
PRACTICE-COMP-1909-DEVELOPMENTALLY-APPROPRIATE-AUTONOMY-AND-DISCIPLINE-01,RISK-HIGH,draft,pending_specialist_expansion_review,Licensed or otherwise appropriately qualified specialist for the jurisdiction and topic.,qualified_only,SP-STRUCTURED-EVIDENCE-ELIGIBLE,true,"Do not collect or retain sensitive case detail unless separately justified, consented, secured, and reviewed.","Using the Developmentally appropriate autonomy and discipline protocol to rank worth, coerce participation, demand disclosure, override rest or care, certify competence, or justify decisions beyond the recorded context. | Treating a completed Developmentally appropriate autonomy and discipline action, a polished artifact, agreement, confidence, speed, independence, or output as mastery or universal transfer.","Follow the material, equipment, consent and scope limits in the setup and each action. Use pictures, AAC, tactile markers, a seated task or a shorter sequence. A person without authority can compare the two fictional task versions and rehearse the explanation. Respect professional care plans and seek guidance for significant behavioral, developmental or safety concerns.","Pause Developmentally appropriate autonomy and discipline when capacity, consent, authority, privacy, access, care duties, uncertainty, distress, fatigue, pain, resource scarcity, or changed circumstances make the next action unwise.","Stop the Developmentally appropriate autonomy and discipline practice for harm, coercion, retaliation risk, emergency conditions, unsafe exposure, worsening symptoms, protected information, legal or policy conflict, or pressure to exceed the stated boundary.","Medical, reproductive, child-safety, guardianship, and elder-care decisions require qualified local guidance.","Qualified specialist approval recorded. | Jurisdictional, emergency, and vulnerable-person boundaries reviewed. | No unverified hotline, diagnosis, treatment, confrontation, or coercive exposure. | Evidence is qualified-only or non-scored unless separately approved."
PRACTICE-COMP-1910-EDUCATION-FORMATION-AND-MODELING-IN-FAMILY-LIFE-01,RISK-HIGH,draft,pending_specialist_expansion_review,Licensed or otherwise appropriately qualified specialist for the jurisdiction and topic.,qualified_only,SP-STRUCTURED-EVIDENCE-ELIGIBLE,true,"Do not collect or retain sensitive case detail unless separately justified, consented, secured, and reviewed.","Using the Education, formation, and modeling in family life protocol to rank worth, coerce participation, demand disclosure, override rest or care, certify competence, or justify decisions beyond the recorded context. | Treating a completed Education, formation, and modeling in family life action, a polished artifact, agreement, confidence, speed, independence, or output as mastery or universal transfer.","Follow the material, equipment, consent and scope limits in the setup and each action. Use drawing, oral storytelling, signed or supported communication, and a different safe household skill. Without a willing learner, rehearse both teacher and learner responses on the case and label teaching transfer untested. Do not use indoctrination, humiliation, unsafe tools or unauthorized online access.","Pause Education, formation, and modeling in family life when capacity, consent, authority, privacy, access, care duties, uncertainty, distress, fatigue, pain, resource scarcity, or changed circumstances make the next action unwise.","Stop the Education, formation, and modeling in family life practice for harm, coercion, retaliation risk, emergency conditions, unsafe exposure, worsening symptoms, protected information, legal or policy conflict, or pressure to exceed the stated boundary.","Medical, reproductive, child-safety, guardianship, and elder-care decisions require qualified local guidance.","Qualified specialist approval recorded. | Jurisdictional, emergency, and vulnerable-person boundaries reviewed. | No unverified hotline, diagnosis, treatment, confrontation, or coercive exposure. | Evidence is qualified-only or non-scored unless separately approved."
PRACTICE-COMP-1911-ELDER-CARE-DEMENTIA-AND-LATER-LIFE-DECISION-MAKING-01,RISK-HIGH,draft,pending_specialist_expansion_review,Licensed or otherwise appropriately qualified specialist for the jurisdiction and topic.,qualified_only,SP-STRUCTURED-EVIDENCE-ELIGIBLE,true,"Do not collect or retain sensitive case detail unless separately justified, consented, secured, and reviewed.","Using the Elder care, dementia, and later-life decision-making protocol to rank worth, coerce participation, demand disclosure, override rest or care, certify competence, or justify decisions beyond the recorded context. | Treating a completed Elder care, dementia, and later-life decision-making action, a polished artifact, agreement, confidence, speed, independence, or output as mastery or universal transfer.","Follow the material, equipment, consent and scope limits in the setup and each action. Use accessible communication, supported decision-making, a trusted person selected by the individual and more time. Keep clinical, financial and legal records in their proper secure systems. Urgent confusion, unsafe care or other current medical concerns require qualified assessment rather than a planning exercise.","Pause Elder care, dementia, and later-life decision-making when capacity, consent, authority, privacy, access, care duties, uncertainty, distress, fatigue, pain, resource scarcity, or changed circumstances make the next action unwise.","Stop the Elder care, dementia, and later-life decision-making practice for harm, coercion, retaliation risk, emergency conditions, unsafe exposure, worsening symptoms, protected information, legal or policy conflict, or pressure to exceed the stated boundary.","Medical, reproductive, child-safety, guardianship, and elder-care decisions require qualified local guidance.","Qualified specialist approval recorded. | Jurisdictional, emergency, and vulnerable-person boundaries reviewed. | No unverified hotline, diagnosis, treatment, confrontation, or coercive exposure. | Evidence is qualified-only or non-scored unless separately approved."
PRACTICE-COMP-1912-FAMILY-LABOR-PROVISION-AND-INVISIBLE-WORK-01,RISK-HIGH,draft,pending_specialist_expansion_review,Licensed or otherwise appropriately qualified specialist for the jurisdiction and topic.,qualified_only,SP-STRUCTURED-EVIDENCE-ELIGIBLE,true,"Do not collect or retain sensitive case detail unless separately justified, consented, secured, and reviewed.","Using the Family labor, provision, and invisible work protocol to rank worth, coerce participation, demand disclosure, override rest or care, certify competence, or justify decisions beyond the recorded context. | Treating a completed Family labor, provision, and invisible work action, a polished artifact, agreement, confidence, speed, independence, or output as mastery or universal transfer.","Follow the material, equipment, consent and scope limits in the setup and each action. Use a visual map, short voice notes or a facilitated discussion. Solo caregivers may map a task with an external support provider; a fictional case tests negotiation only. Do not withdraw essential care, expose private finances or conduct a confrontation where coercion or retaliation is likely.","Pause Family labor, provision, and invisible work when capacity, consent, authority, privacy, access, care duties, uncertainty, distress, fatigue, pain, resource scarcity, or changed circumstances make the next action unwise.","Stop the Family labor, provision, and invisible work practice for harm, coercion, retaliation risk, emergency conditions, unsafe exposure, worsening symptoms, protected information, legal or policy conflict, or pressure to exceed the stated boundary.","Medical, reproductive, child-safety, guardianship, and elder-care decisions require qualified local guidance.","Qualified specialist approval recorded. | Jurisdictional, emergency, and vulnerable-person boundaries reviewed. | No unverified hotline, diagnosis, treatment, confrontation, or coercive exposure. | Evidence is qualified-only or non-scored unless separately approved."
PRACTICE-COMP-1913-CO-PARENTING-SEPARATION-AND-FAMILY-RESTRUCTURING-01,RISK-HIGH,draft,pending_specialist_expansion_review,Licensed or otherwise appropriately qualified specialist for the jurisdiction and topic.,qualified_only,SP-STRUCTURED-EVIDENCE-ELIGIBLE,true,"Do not collect or retain sensitive case detail unless separately justified, consented, secured, and reviewed.","Using the Co-parenting, separation, and family restructuring protocol to rank worth, coerce participation, demand disclosure, override rest or care, certify competence, or justify decisions beyond the recorded context. | Treating a completed Co-parenting, separation, and family restructuring action, a polished artifact, agreement, confidence, speed, independence, or output as mastery or universal transfer.","Follow the material, equipment, consent and scope limits in the setup and each action. Use an accessible shared schedule, approved co-parenting system, interpreter or authorized intermediary. People without such a role use the fictional case. In coercive or abusive situations, follow specialist safety and legal guidance rather than ordinary collaborative co-parenting advice.","Pause Co-parenting, separation, and family restructuring when capacity, consent, authority, privacy, access, care duties, uncertainty, distress, fatigue, pain, resource scarcity, or changed circumstances make the next action unwise.","Stop the Co-parenting, separation, and family restructuring practice for harm, coercion, retaliation risk, emergency conditions, unsafe exposure, worsening symptoms, protected information, legal or policy conflict, or pressure to exceed the stated boundary.","Medical, reproductive, child-safety, guardianship, and elder-care decisions require qualified local guidance.","Qualified specialist approval recorded. | Jurisdictional, emergency, and vulnerable-person boundaries reviewed. | No unverified hotline, diagnosis, treatment, confrontation, or coercive exposure. | Evidence is qualified-only or non-scored unless separately approved."
PRACTICE-COMP-1914-FAMILY-RITUAL-HERITAGE-AND-INTERGENERATIONAL-CONTINUITY-01,RISK-HIGH,draft,pending_specialist_expansion_review,Licensed or otherwise appropriately qualified specialist for the jurisdiction and topic.,qualified_only,SP-STRUCTURED-EVIDENCE-ELIGIBLE,true,"Do not collect or retain sensitive case detail unless separately justified, consented, secured, and reviewed.","Using the Family ritual, heritage, and intergenerational continuity protocol to rank worth, coerce participation, demand disclosure, override rest or care, certify competence, or justify decisions beyond the recorded context. | Treating a completed Family ritual, heritage, and intergenerational continuity action, a polished artifact, agreement, confidence, speed, independence, or output as mastery or universal transfer.","Follow the material, equipment, consent and scope limits in the setup and each action. Use oral, tactile, visual or signed forms and no-cost materials. Chosen family or a solo reflection on inherited practices can be used, but solo work does not establish communal transmission. Mourning rituals remain optional and should not force grief disclosure or replace needed support.","Pause Family ritual, heritage, and intergenerational continuity when capacity, consent, authority, privacy, access, care duties, uncertainty, distress, fatigue, pain, resource scarcity, or changed circumstances make the next action unwise.","Stop the Family ritual, heritage, and intergenerational continuity practice for harm, coercion, retaliation risk, emergency conditions, unsafe exposure, worsening symptoms, protected information, legal or policy conflict, or pressure to exceed the stated boundary.","Medical, reproductive, child-safety, guardianship, and elder-care decisions require qualified local guidance.","Qualified specialist approval recorded. | Jurisdictional, emergency, and vulnerable-person boundaries reviewed. | No unverified hotline, diagnosis, treatment, confrontation, or coercive exposure. | Evidence is qualified-only or non-scored unless separately approved."
PRACTICE-COMP-1915-CAREGIVER-LIMITS-RESPITE-AND-SHARED-RESPONSIBILITY-01,RISK-HIGH,draft,pending_specialist_expansion_review,Licensed or otherwise appropriately qualified specialist for the jurisdiction and topic.,qualified_only,SP-STRUCTURED-EVIDENCE-ELIGIBLE,true,"Do not collect or retain sensitive case detail unless separately justified, consented, secured, and reviewed.","Using the Caregiver limits, respite, and shared responsibility protocol to rank worth, coerce participation, demand disclosure, override rest or care, certify competence, or justify decisions beyond the recorded context. | Treating a completed Caregiver limits, respite, and shared responsibility action, a polished artifact, agreement, confidence, speed, independence, or output as mastery or universal transfer.","Follow the material, equipment, consent and scope limits in the setup and each action. Start with a smaller task, remote administrative support or a qualified service when hands-on coverage is not available. A fictional rehearsal is preparation only. Imminent unsafe care, medical deterioration, abuse or a caregiver unable to maintain safety requires immediate appropriate help rather than waiting for routine respite.","Pause Caregiver limits, respite, and shared responsibility when capacity, consent, authority, privacy, access, care duties, uncertainty, distress, fatigue, pain, resource scarcity, or changed circumstances make the next action unwise.","Stop the Caregiver limits, respite, and shared responsibility practice for harm, coercion, retaliation risk, emergency conditions, unsafe exposure, worsening symptoms, protected information, legal or policy conflict, or pressure to exceed the stated boundary.","Medical, reproductive, child-safety, guardianship, and elder-care decisions require qualified local guidance.","Qualified specialist approval recorded. | Jurisdictional, emergency, and vulnerable-person boundaries reviewed. | No unverified hotline, diagnosis, treatment, confrontation, or coercive exposure. | Evidence is qualified-only or non-scored unless separately approved."
PRACTICE-COMP-2001-SOCIAL-INTERDEPENDENCE-01,RISK-MODERATE,draft,pending,Relevant specialist or domain-qualified human reviewer before expansion release or score activation.,shadow_only,SP-STRUCTURED-EVIDENCE-ELIGIBLE,true,"Store no diagnoses, allegations, third-party secrets, or unnecessary sensitive narrative; prefer category-level signals.","Using the Social interdependence protocol to rank worth, coerce participation, demand disclosure, override rest or care, certify competence, or justify decisions beyond the recorded context. | Treating a completed Social interdependence action, a polished artifact, agreement, confidence, speed, independence, or output as mastery or universal transfer.","Follow the material, equipment, consent and scope limits in the setup and each action. Trace a shared online knowledge resource, transit service or household utility when a library is inaccessible. A fictional trace practices analysis but does not establish a real contribution. No spending, unpaid work or disclosure beyond your capacity is required.","Pause Social interdependence when capacity, consent, authority, privacy, access, care duties, uncertainty, distress, fatigue, pain, resource scarcity, or changed circumstances make the next action unwise.","Stop the Social interdependence practice for harm, coercion, retaliation risk, emergency conditions, unsafe exposure, worsening symptoms, protected information, legal or policy conflict, or pressure to exceed the stated boundary.","Political and civic education only; protest, civil disobedience, and legal rights are jurisdiction-specific and can involve serious risk.","Specialist safety review complete. | Misuse, exclusion, stop, and escalation paths tested in content and UI. | Scoring remains shadow-only until a separate activation decision."
PRACTICE-COMP-2002-CIVIC-AND-GOVERNMENTAL-LITERACY-01,RISK-MODERATE,draft,pending,Relevant specialist or domain-qualified human reviewer before expansion release or score activation.,shadow_only,SP-STRUCTURED-EVIDENCE-ELIGIBLE,true,"Store no diagnoses, allegations, third-party secrets, or unnecessary sensitive narrative; prefer category-level signals.","Using the Civic and governmental literacy protocol to rank worth, coerce participation, demand disclosure, override rest or care, certify competence, or justify decisions beyond the recorded context. | Treating a completed Civic and governmental literacy action, a polished artifact, agreement, confidence, speed, independence, or output as mastery or universal transfer.","Follow the material, equipment, consent and scope limits in the setup and each action. Use accessible official contact channels, a library reference service or an authorized civic-information service. USAGov is a U.S. directory example, not a global authority map. Use the appropriate official sources for your location and do not contact officials under a false identity.","Pause Civic and governmental literacy when capacity, consent, authority, privacy, access, care duties, uncertainty, distress, fatigue, pain, resource scarcity, or changed circumstances make the next action unwise.","Stop the Civic and governmental literacy practice for harm, coercion, retaliation risk, emergency conditions, unsafe exposure, worsening symptoms, protected information, legal or policy conflict, or pressure to exceed the stated boundary.","Political and civic education only; protest, civil disobedience, and legal rights are jurisdiction-specific and can involve serious risk.","Specialist safety review complete. | Misuse, exclusion, stop, and escalation paths tested in content and UI. | Scoring remains shadow-only until a separate activation decision."
PRACTICE-COMP-2003-RIGHTS-DUTIES-LAW-AND-CIVIL-LIBERTY-01,RISK-MODERATE,draft,pending,Relevant specialist or domain-qualified human reviewer before expansion release or score activation.,shadow_only,SP-STRUCTURED-EVIDENCE-ELIGIBLE,true,"Store no diagnoses, allegations, third-party secrets, or unnecessary sensitive narrative; prefer category-level signals.","Using the Rights, duties, law, and civil liberty protocol to rank worth, coerce participation, demand disclosure, override rest or care, certify competence, or justify decisions beyond the recorded context. | Treating a completed Rights, duties, law, and civil liberty action, a polished artifact, agreement, confidence, speed, independence, or output as mastery or universal transfer.","Follow the material, equipment, consent and scope limits in the setup and each action. Choose a low-stakes fictional association rather than a traumatic or personally threatening example. No one must debate their own dignity or meet an unsafe group. For actual discrimination, legal jeopardy or safety concerns, use appropriate qualified support.","Pause Rights, duties, law, and civil liberty when capacity, consent, authority, privacy, access, care duties, uncertainty, distress, fatigue, pain, resource scarcity, or changed circumstances make the next action unwise.","Stop the Rights, duties, law, and civil liberty practice for harm, coercion, retaliation risk, emergency conditions, unsafe exposure, worsening symptoms, protected information, legal or policy conflict, or pressure to exceed the stated boundary.","Political and civic education only; protest, civil disobedience, and legal rights are jurisdiction-specific and can involve serious risk.","Specialist safety review complete. | Misuse, exclusion, stop, and escalation paths tested in content and UI. | Scoring remains shadow-only until a separate activation decision."
PRACTICE-COMP-2004-JUSTICE-INEQUALITY-AND-SOCIAL-STRUCTURE-01,RISK-MODERATE,draft,pending,Relevant specialist or domain-qualified human reviewer before expansion release or score activation.,shadow_only,SP-STRUCTURED-EVIDENCE-ELIGIBLE,true,"Store no diagnoses, allegations, third-party secrets, or unnecessary sensitive narrative; prefer category-level signals.","Using the Justice, inequality, and social structure protocol to rank worth, coerce participation, demand disclosure, override rest or care, certify competence, or justify decisions beyond the recorded context. | Treating a completed Justice, inequality, and social structure action, a polished artifact, agreement, confidence, speed, independence, or output as mastery or universal transfer.","Follow the material, equipment, consent and scope limits in the setup and each action. Use the fictional case only, or work with an authorized organization and consented minimal data. Do not label individuals by race, class, disability or other identity from appearance. Serious discrimination or rights concerns require appropriate institutional or legal processes.","Pause Justice, inequality, and social structure when capacity, consent, authority, privacy, access, care duties, uncertainty, distress, fatigue, pain, resource scarcity, or changed circumstances make the next action unwise.","Stop the Justice, inequality, and social structure practice for harm, coercion, retaliation risk, emergency conditions, unsafe exposure, worsening symptoms, protected information, legal or policy conflict, or pressure to exceed the stated boundary.","Political and civic education only; protest, civil disobedience, and legal rights are jurisdiction-specific and can involve serious risk.","Specialist safety review complete. | Misuse, exclusion, stop, and escalation paths tested in content and UI. | Scoring remains shadow-only until a separate activation decision."
PRACTICE-COMP-2005-ENGAGEMENT-ACROSS-DIFFERENCE-01,RISK-MODERATE,draft,pending,Relevant specialist or domain-qualified human reviewer before expansion release or score activation.,shadow_only,SP-STRUCTURED-EVIDENCE-ELIGIBLE,true,"Store no diagnoses, allegations, third-party secrets, or unnecessary sensitive narrative; prefer category-level signals.","Using the Engagement across difference protocol to rank worth, coerce participation, demand disclosure, override rest or care, certify competence, or justify decisions beyond the recorded context. | Treating a completed Engagement across difference action, a polished artifact, agreement, confidence, speed, independence, or output as mastery or universal transfer.","Follow the material, equipment, consent and scope limits in the setup and each action. Use asynchronous writing, an interpreter or a facilitated low-stakes conversation. A fictional exchange is appropriate when no willing safe partner exists. No one must disclose political affiliation, faith, income or identity to provide evidence.","Pause Engagement across difference when capacity, consent, authority, privacy, access, care duties, uncertainty, distress, fatigue, pain, resource scarcity, or changed circumstances make the next action unwise.","Stop the Engagement across difference practice for harm, coercion, retaliation risk, emergency conditions, unsafe exposure, worsening symptoms, protected information, legal or policy conflict, or pressure to exceed the stated boundary.","Political and civic education only; protest, civil disobedience, and legal rights are jurisdiction-specific and can involve serious risk.","Specialist safety review complete. | Misuse, exclusion, stop, and escalation paths tested in content and UI. | Scoring remains shadow-only until a separate activation decision."
PRACTICE-COMP-2006-SERVICE-AND-VOLUNTEERING-01,RISK-MODERATE,draft,pending,Relevant specialist or domain-qualified human reviewer before expansion release or score activation.,shadow_only,SP-STRUCTURED-EVIDENCE-ELIGIBLE,true,"Store no diagnoses, allegations, third-party secrets, or unnecessary sensitive narrative; prefer category-level signals.","Using the Service and volunteering protocol to rank worth, coerce participation, demand disclosure, override rest or care, certify competence, or justify decisions beyond the recorded context. | Treating a completed Service and volunteering action, a polished artifact, agreement, confidence, speed, independence, or output as mastery or universal transfer.","Follow the material, equipment, consent and scope limits in the setup and each action. Use remote, accessible, low-cost tasks or a smaller role. Without an organization and an actual request, complete role research and a labeled inquiry rehearsal only; do not claim community benefit. Follow safeguarding, training and background-check requirements where applicable.","Pause Service and volunteering when capacity, consent, authority, privacy, access, care duties, uncertainty, distress, fatigue, pain, resource scarcity, or changed circumstances make the next action unwise.","Stop the Service and volunteering practice for harm, coercion, retaliation risk, emergency conditions, unsafe exposure, worsening symptoms, protected information, legal or policy conflict, or pressure to exceed the stated boundary.","Political and civic education only; protest, civil disobedience, and legal rights are jurisdiction-specific and can involve serious risk.","Specialist safety review complete. | Misuse, exclusion, stop, and escalation paths tested in content and UI. | Scoring remains shadow-only until a separate activation decision."
PRACTICE-COMP-2007-HELPING-WITHOUT-PATERNALISM-01,RISK-MODERATE,draft,pending,Relevant specialist or domain-qualified human reviewer before expansion release or score activation.,shadow_only,SP-STRUCTURED-EVIDENCE-ELIGIBLE,true,"Store no diagnoses, allegations, third-party secrets, or unnecessary sensitive narrative; prefer category-level signals.","Using the Helping without paternalism protocol to rank worth, coerce participation, demand disclosure, override rest or care, certify competence, or justify decisions beyond the recorded context. | Treating a completed Helping without paternalism action, a polished artifact, agreement, confidence, speed, independence, or output as mastery or universal transfer.","Follow the material, equipment, consent and scope limits in the setup and each action. Use accessible communication, a qualified interpreter or an authorized service. A fictional form can be used for rehearsal when no real request exists. Do not collect sensitive data, submit applications or assume legal authority merely because assistance was welcomed.","Pause Helping without paternalism when capacity, consent, authority, privacy, access, care duties, uncertainty, distress, fatigue, pain, resource scarcity, or changed circumstances make the next action unwise.","Stop the Helping without paternalism practice for harm, coercion, retaliation risk, emergency conditions, unsafe exposure, worsening symptoms, protected information, legal or policy conflict, or pressure to exceed the stated boundary.","Political and civic education only; protest, civil disobedience, and legal rights are jurisdiction-specific and can involve serious risk.","Specialist safety review complete. | Misuse, exclusion, stop, and escalation paths tested in content and UI. | Scoring remains shadow-only until a separate activation decision."
PRACTICE-COMP-2008-COLLECTIVE-ACTION-AND-ORGANIZING-01,RISK-MODERATE,draft,pending,Relevant specialist or domain-qualified human reviewer before expansion release or score activation.,shadow_only,SP-STRUCTURED-EVIDENCE-ELIGIBLE,true,"Store no diagnoses, allegations, third-party secrets, or unnecessary sensitive narrative; prefer category-level signals.","Using the Collective action and organizing protocol to rank worth, coerce participation, demand disclosure, override rest or care, certify competence, or justify decisions beyond the recorded context. | Treating a completed Collective action and organizing action, a polished artifact, agreement, confidence, speed, independence, or output as mastery or universal transfer.","Follow the material, equipment, consent and scope limits in the setup and each action. Use an accessible digital noticeboard with permission, a smaller two-person project or a complete fictional tabletop plan. A tabletop plan does not establish recruitment, collaboration or community impact. No public posting, fundraising or political mobilization is required.","Pause Collective action and organizing when capacity, consent, authority, privacy, access, care duties, uncertainty, distress, fatigue, pain, resource scarcity, or changed circumstances make the next action unwise.","Stop the Collective action and organizing practice for harm, coercion, retaliation risk, emergency conditions, unsafe exposure, worsening symptoms, protected information, legal or policy conflict, or pressure to exceed the stated boundary.","Political and civic education only; protest, civil disobedience, and legal rights are jurisdiction-specific and can involve serious risk.","Specialist safety review complete. | Misuse, exclusion, stop, and escalation paths tested in content and UI. | Scoring remains shadow-only until a separate activation decision."
PRACTICE-COMP-2009-PUBLIC-DISCOURSE-AND-INFORMATION-RESPONSIBILITY-01,RISK-MODERATE,draft,pending,Relevant specialist or domain-qualified human reviewer before expansion release or score activation.,shadow_only,SP-STRUCTURED-EVIDENCE-ELIGIBLE,true,"Store no diagnoses, allegations, third-party secrets, or unnecessary sensitive narrative; prefer category-level signals.","Using the Public discourse and information responsibility protocol to rank worth, coerce participation, demand disclosure, override rest or care, certify competence, or justify decisions beyond the recorded context. | Treating a completed Public discourse and information responsibility action, a polished artifact, agreement, confidence, speed, independence, or output as mastery or universal transfer.","Follow the material, equipment, consent and scope limits in the setup and each action. Use text, audio or an accessible original source, and avoid graphic or personally distressing material. For urgent safety information, rely on the relevant official emergency channel rather than delaying necessary action for this exercise. No political affiliation or browsing history needs to be recorded.","Pause Public discourse and information responsibility when capacity, consent, authority, privacy, access, care duties, uncertainty, distress, fatigue, pain, resource scarcity, or changed circumstances make the next action unwise.","Stop the Public discourse and information responsibility practice for harm, coercion, retaliation risk, emergency conditions, unsafe exposure, worsening symptoms, protected information, legal or policy conflict, or pressure to exceed the stated boundary.","Political and civic education only; protest, civil disobedience, and legal rights are jurisdiction-specific and can involve serious risk.","Specialist safety review complete. | Misuse, exclusion, stop, and escalation paths tested in content and UI. | Scoring remains shadow-only until a separate activation decision."
PRACTICE-COMP-2010-STEWARDSHIP-OF-COMMONS-AND-ENVIRONMENT-01,RISK-MODERATE,draft,pending,Relevant specialist or domain-qualified human reviewer before expansion release or score activation.,shadow_only,SP-STRUCTURED-EVIDENCE-ELIGIBLE,true,"Store no diagnoses, allegations, third-party secrets, or unnecessary sensitive narrative; prefer category-level signals.","Using the Stewardship of commons and environment protocol to rank worth, coerce participation, demand disclosure, override rest or care, certify competence, or justify decisions beyond the recorded context. | Treating a completed Stewardship of commons and environment action, a polished artifact, agreement, confidence, speed, independence, or output as mastery or universal transfer.","Follow the material, equipment, consent and scope limits in the setup and each action. Use a digital commons, accessible shared guide or fictional maintenance case. Do not publish private information, bypass permissions or undertake hazardous cleanup. Environmental or infrastructure work beyond ordinary competence belongs with the relevant qualified steward.","Pause Stewardship of commons and environment when capacity, consent, authority, privacy, access, care duties, uncertainty, distress, fatigue, pain, resource scarcity, or changed circumstances make the next action unwise.","Stop the Stewardship of commons and environment practice for harm, coercion, retaliation risk, emergency conditions, unsafe exposure, worsening symptoms, protected information, legal or policy conflict, or pressure to exceed the stated boundary.","Political and civic education only; protest, civil disobedience, and legal rights are jurisdiction-specific and can involve serious risk.","Specialist safety review complete. | Misuse, exclusion, stop, and escalation paths tested in content and UI. | Scoring remains shadow-only until a separate activation decision."
PRACTICE-COMP-2011-PLURALISM-AND-PEACEFUL-COEXISTENCE-01,RISK-MODERATE,draft,pending,Relevant specialist or domain-qualified human reviewer before expansion release or score activation.,shadow_only,SP-STRUCTURED-EVIDENCE-ELIGIBLE,true,"Store no diagnoses, allegations, third-party secrets, or unnecessary sensitive narrative; prefer category-level signals.","Using the Pluralism and peaceful coexistence protocol to rank worth, coerce participation, demand disclosure, override rest or care, certify competence, or justify decisions beyond the recorded context. | Treating a completed Pluralism and peaceful coexistence action, a polished artifact, agreement, confidence, speed, independence, or output as mastery or universal transfer.","Follow the material, equipment, consent and scope limits in the setup and each action. Use accessible formats and a facilitator when needed. People may decline discussion without penalty. Real discrimination, legal rights or safety disputes require appropriate qualified processes rather than this small-group norm exercise.","Pause Pluralism and peaceful coexistence when capacity, consent, authority, privacy, access, care duties, uncertainty, distress, fatigue, pain, resource scarcity, or changed circumstances make the next action unwise.","Stop the Pluralism and peaceful coexistence practice for harm, coercion, retaliation risk, emergency conditions, unsafe exposure, worsening symptoms, protected information, legal or policy conflict, or pressure to exceed the stated boundary.","Political and civic education only; protest, civil disobedience, and legal rights are jurisdiction-specific and can involve serious risk.","Specialist safety review complete. | Misuse, exclusion, stop, and escalation paths tested in content and UI. | Scoring remains shadow-only until a separate activation decision."
PRACTICE-COMP-2012-INSTITUTIONAL-AND-MEDIA-SYSTEM-LITERACY-01,RISK-MODERATE,draft,pending,Relevant specialist or domain-qualified human reviewer before expansion release or score activation.,shadow_only,SP-STRUCTURED-EVIDENCE-ELIGIBLE,true,"Store no diagnoses, allegations, third-party secrets, or unnecessary sensitive narrative; prefer category-level signals.","Using the Institutional and media-system literacy protocol to rank worth, coerce participation, demand disclosure, override rest or care, certify competence, or justify decisions beyond the recorded context. | Treating a completed Institutional and media-system literacy action, a polished artifact, agreement, confidence, speed, independence, or output as mastery or universal transfer.","Follow the material, equipment, consent and scope limits in the setup and each action. Use accessible public documents or a fully fictional chain. Do not bypass paywalls, access confidential records or infer private funding relationships. Missing evidence is an honest conclusion, not a reason to fill the gap with speculation.","Pause Institutional and media-system literacy when capacity, consent, authority, privacy, access, care duties, uncertainty, distress, fatigue, pain, resource scarcity, or changed circumstances make the next action unwise.","Stop the Institutional and media-system literacy practice for harm, coercion, retaliation risk, emergency conditions, unsafe exposure, worsening symptoms, protected information, legal or policy conflict, or pressure to exceed the stated boundary.","Political and civic education only; protest, civil disobedience, and legal rights are jurisdiction-specific and can involve serious risk.","Specialist safety review complete. | Misuse, exclusion, stop, and escalation paths tested in content and UI. | Scoring remains shadow-only until a separate activation decision."
PRACTICE-COMP-2013-PROPAGANDA-POLARIZATION-AND-DEMOCRATIC-RESILIENCE-01,RISK-MODERATE,draft,pending,Relevant specialist or domain-qualified human reviewer before expansion release or score activation.,shadow_only,SP-STRUCTURED-EVIDENCE-ELIGIBLE,true,"Store no diagnoses, allegations, third-party secrets, or unnecessary sensitive narrative; prefer category-level signals.","Using the Propaganda, polarization, and democratic resilience protocol to rank worth, coerce participation, demand disclosure, override rest or care, certify competence, or justify decisions beyond the recorded context. | Treating a completed Propaganda, polarization, and democratic resilience action, a polished artifact, agreement, confidence, speed, independence, or output as mastery or universal transfer.","Follow the material, equipment, consent and scope limits in the setup and each action. Use the fictional set when real material is distressing or unsafe. No one must expose themselves to hate content, disclose political beliefs or engage with harassment. Threats or safety concerns belong with appropriate support and reporting channels.","Pause Propaganda, polarization, and democratic resilience when capacity, consent, authority, privacy, access, care duties, uncertainty, distress, fatigue, pain, resource scarcity, or changed circumstances make the next action unwise.","Stop the Propaganda, polarization, and democratic resilience practice for harm, coercion, retaliation risk, emergency conditions, unsafe exposure, worsening symptoms, protected information, legal or policy conflict, or pressure to exceed the stated boundary.","Political and civic education only; protest, civil disobedience, and legal rights are jurisdiction-specific and can involve serious risk.","Specialist safety review complete. | Misuse, exclusion, stop, and escalation paths tested in content and UI. | Scoring remains shadow-only until a separate activation decision."
PRACTICE-COMP-2014-NONVIOLENT-ACTION-AND-CONFLICT-TRANSFORMATION-01,RISK-MODERATE,draft,pending,Relevant specialist or domain-qualified human reviewer before expansion release or score activation.,shadow_only,SP-STRUCTURED-EVIDENCE-ELIGIBLE,true,"Store no diagnoses, allegations, third-party secrets, or unnecessary sensitive narrative; prefer category-level signals.","Using the Nonviolent action and conflict transformation protocol to rank worth, coerce participation, demand disclosure, override rest or care, certify competence, or justify decisions beyond the recorded context. | Treating a completed Nonviolent action and conflict transformation action, a polished artifact, agreement, confidence, speed, independence, or output as mastery or universal transfer.","Follow the material, equipment, consent and scope limits in the setup and each action. Use a classroom or private fictional case. Actual affected people should shape any real effort and can decline participation. Abuse, violence, labor disputes, legal jeopardy or high-risk protest require qualified support beyond this exercise.","Pause Nonviolent action and conflict transformation when capacity, consent, authority, privacy, access, care duties, uncertainty, distress, fatigue, pain, resource scarcity, or changed circumstances make the next action unwise.","Stop the Nonviolent action and conflict transformation practice for harm, coercion, retaliation risk, emergency conditions, unsafe exposure, worsening symptoms, protected information, legal or policy conflict, or pressure to exceed the stated boundary.","Political and civic education only; protest, civil disobedience, and legal rights are jurisdiction-specific and can involve serious risk.","Specialist safety review complete. | Misuse, exclusion, stop, and escalation paths tested in content and UI. | Scoring remains shadow-only until a separate activation decision."
PRACTICE-COMP-2015-CIVIL-DISOBEDIENCE-AND-PRINCIPLED-LAWBREAKING-01,RISK-HIGH,draft,pending_specialist_expansion_review,Licensed or otherwise appropriately qualified specialist for the jurisdiction and topic.,qualified_only,SP-STRUCTURED-EVIDENCE-ELIGIBLE,true,"Do not collect or retain sensitive case detail unless separately justified, consented, secured, and reviewed.","Using the Civil disobedience and principled lawbreaking protocol to rank worth, coerce participation, demand disclosure, override rest or care, certify competence, or justify decisions beyond the recorded context. | Treating a completed Civil disobedience and principled lawbreaking action, a polished artifact, agreement, confidence, speed, independence, or output as mastery or universal transfer.","Follow the material, equipment, consent and scope limits in the setup and each action. Use less personally charged fictional rules and oral comparison when writing is difficult. No participant must engage in civil disobedience, risk arrest or publicize a political position. Real decisions require current jurisdiction-specific advice and attention to safety and affected people.","Pause Civil disobedience and principled lawbreaking when capacity, consent, authority, privacy, access, care duties, uncertainty, distress, fatigue, pain, resource scarcity, or changed circumstances make the next action unwise.","Stop the Civil disobedience and principled lawbreaking practice for harm, coercion, retaliation risk, emergency conditions, unsafe exposure, worsening symptoms, protected information, legal or policy conflict, or pressure to exceed the stated boundary.","Political and civic education only; protest, civil disobedience, and legal rights are jurisdiction-specific and can involve serious risk.","Qualified specialist approval recorded. | Jurisdictional, emergency, and vulnerable-person boundaries reviewed. | No unverified hotline, diagnosis, treatment, confrontation, or coercive exposure. | Evidence is qualified-only or non-scored unless separately approved."
PRACTICE-COMP-2016-MUTUAL-AID-AND-COMMUNITY-RESILIENCE-01,RISK-HIGH,draft,pending_specialist_expansion_review,Licensed or otherwise appropriately qualified specialist for the jurisdiction and topic.,qualified_only,SP-STRUCTURED-EVIDENCE-ELIGIBLE,true,"Do not collect or retain sensitive case detail unless separately justified, consented, secured, and reviewed.","Using the Mutual aid and community resilience protocol to rank worth, coerce participation, demand disclosure, override rest or care, certify competence, or justify decisions beyond the recorded context. | Treating a completed Mutual aid and community resilience action, a polished artifact, agreement, confidence, speed, independence, or output as mastery or universal transfer.","Follow the material, equipment, consent and scope limits in the setup and each action. Use remote information support, accessible communication or a fictional exchange. People with little current capacity can receive help without penalty. Urgent safety, child protection or medical concerns must use the appropriate real service rather than wait for an informal group response.","Pause Mutual aid and community resilience when capacity, consent, authority, privacy, access, care duties, uncertainty, distress, fatigue, pain, resource scarcity, or changed circumstances make the next action unwise.","Stop the Mutual aid and community resilience practice for harm, coercion, retaliation risk, emergency conditions, unsafe exposure, worsening symptoms, protected information, legal or policy conflict, or pressure to exceed the stated boundary.","Political and civic education only; protest, civil disobedience, and legal rights are jurisdiction-specific and can involve serious risk.","Qualified specialist approval recorded. | Jurisdictional, emergency, and vulnerable-person boundaries reviewed. | No unverified hotline, diagnosis, treatment, confrontation, or coercive exposure. | Evidence is qualified-only or non-scored unless separately approved."
PRACTICE-COMP-2017-SOCIAL-INSURANCE-AND-SHARED-RISK-01,RISK-MODERATE,draft,pending,Relevant specialist or domain-qualified human reviewer before expansion release or score activation.,shadow_only,SP-STRUCTURED-EVIDENCE-ELIGIBLE,true,"Store no diagnoses, allegations, third-party secrets, or unnecessary sensitive narrative; prefer category-level signals.","Using the Social insurance and shared risk protocol to rank worth, coerce participation, demand disclosure, override rest or care, certify competence, or justify decisions beyond the recorded context. | Treating a completed Social insurance and shared risk action, a polished artifact, agreement, confidence, speed, independence, or output as mastery or universal transfer.","Follow the material, equipment, consent and scope limits in the setup and each action. Use counters or a calculator and discuss the cases orally. No personal income, health, benefit or account data are needed. For actual eligibility, contributions or appeals, consult current official local guidance and qualified advice.","Pause Social insurance and shared risk when capacity, consent, authority, privacy, access, care duties, uncertainty, distress, fatigue, pain, resource scarcity, or changed circumstances make the next action unwise.","Stop the Social insurance and shared risk practice for harm, coercion, retaliation risk, emergency conditions, unsafe exposure, worsening symptoms, protected information, legal or policy conflict, or pressure to exceed the stated boundary.","Political and civic education only; protest, civil disobedience, and legal rights are jurisdiction-specific and can involve serious risk.","Specialist safety review complete. | Misuse, exclusion, stop, and escalation paths tested in content and UI. | Scoring remains shadow-only until a separate activation decision."
PRACTICE-COMP-2018-PEACEBUILDING-AND-RECONCILIATION-AFTER-COLLECTIVE-HARM-01,RISK-HIGH,draft,pending_specialist_expansion_review,Licensed or otherwise appropriately qualified specialist for the jurisdiction and topic.,qualified_only,SP-STRUCTURED-EVIDENCE-ELIGIBLE,true,"Do not collect or retain sensitive case detail unless separately justified, consented, secured, and reviewed.","Using the Peacebuilding and reconciliation after collective harm protocol to rank worth, coerce participation, demand disclosure, override rest or care, certify competence, or justify decisions beyond the recorded context. | Treating a completed Peacebuilding and reconciliation after collective harm action, a polished artifact, agreement, confidence, speed, independence, or output as mastery or universal transfer.","Follow the material, equipment, consent and scope limits in the setup and each action. Use non-graphic fictional cases, accessible summaries or a facilitated educational setting. Do not approach survivors or perpetrators to complete the exercise. Real post-violence work requires qualified, locally legitimate processes and protection for affected people.","Pause Peacebuilding and reconciliation after collective harm when capacity, consent, authority, privacy, access, care duties, uncertainty, distress, fatigue, pain, resource scarcity, or changed circumstances make the next action unwise.","Stop the Peacebuilding and reconciliation after collective harm practice for harm, coercion, retaliation risk, emergency conditions, unsafe exposure, worsening symptoms, protected information, legal or policy conflict, or pressure to exceed the stated boundary.","Political and civic education only; protest, civil disobedience, and legal rights are jurisdiction-specific and can involve serious risk.","Qualified specialist approval recorded. | Jurisdictional, emergency, and vulnerable-person boundaries reviewed. | No unverified hotline, diagnosis, treatment, confrontation, or coercive exposure. | Evidence is qualified-only or non-scored unless separately approved."
PRACTICE-COMP-2101-WORK-WORTH-DOING-01,RISK-MODERATE,draft,pending,Relevant specialist or domain-qualified human reviewer before expansion release or score activation.,shadow_only,SP-STRUCTURED-EVIDENCE-ELIGIBLE,true,"Store no diagnoses, allegations, third-party secrets, or unnecessary sensitive narrative; prefer category-level signals.","Using the Work worth doing protocol to rank worth, coerce participation, demand disclosure, override rest or care, certify competence, or justify decisions beyond the recorded context. | Treating a completed Work worth doing action, a polished artifact, agreement, confidence, speed, independence, or output as mastery or universal transfer.","Follow the material, equipment, consent and scope limits in the setup and each action. Use fictional roles, public role descriptions or a smaller task redesign when access or income constraints limit exploration. Keep employer-confidential information and personal financial details out of application evidence. Qualified employment, financial or professional advice may be needed for real commitments.","Pause Work worth doing when capacity, consent, authority, privacy, access, care duties, uncertainty, distress, fatigue, pain, resource scarcity, or changed circumstances make the next action unwise.","Stop the Work worth doing practice for harm, coercion, retaliation risk, emergency conditions, unsafe exposure, worsening symptoms, protected information, legal or policy conflict, or pressure to exceed the stated boundary.","Use qualified, local, or emergency support whenever the situation exceeds a voluntary low-stakes developmental practice.","Specialist safety review complete. | Misuse, exclusion, stop, and escalation paths tested in content and UI. | Scoring remains shadow-only until a separate activation decision."
PRACTICE-COMP-2102-PROFESSIONAL-RELIABILITY-01,RISK-MODERATE,draft,pending,Relevant specialist or domain-qualified human reviewer before expansion release or score activation.,shadow_only,SP-STRUCTURED-EVIDENCE-ELIGIBLE,true,"Store no diagnoses, allegations, third-party secrets, or unnecessary sensitive narrative; prefer category-level signals.","Using the Professional reliability protocol to rank worth, coerce participation, demand disclosure, override rest or care, certify competence, or justify decisions beyond the recorded context. | Treating a completed Professional reliability action, a polished artifact, agreement, confidence, speed, independence, or output as mastery or universal transfer.","Follow the material, equipment, consent and scope limits in the setup and each action. Use a written, spoken or accessible agenda and a volunteer or personal collaboration when employment material is sensitive. A fictional recipient rehearsal can test status wording but not actual trust or delivery. Preserve rest, safety and contractual boundaries.","Pause Professional reliability when capacity, consent, authority, privacy, access, care duties, uncertainty, distress, fatigue, pain, resource scarcity, or changed circumstances make the next action unwise.","Stop the Professional reliability practice for harm, coercion, retaliation risk, emergency conditions, unsafe exposure, worsening symptoms, protected information, legal or policy conflict, or pressure to exceed the stated boundary.","Use qualified, local, or emergency support whenever the situation exceeds a voluntary low-stakes developmental practice.","Specialist safety review complete. | Misuse, exclusion, stop, and escalation paths tested in content and UI. | Scoring remains shadow-only until a separate activation decision."
PRACTICE-COMP-2103-FOUNDATIONAL-CRAFT-COMPETENCE-01,RISK-MODERATE,draft,pending,Relevant specialist or domain-qualified human reviewer before expansion release or score activation.,shadow_only,SP-STRUCTURED-EVIDENCE-ELIGIBLE,true,"Store no diagnoses, allegations, third-party secrets, or unnecessary sensitive narrative; prefer category-level signals.","Using the Foundational craft competence protocol to rank worth, coerce participation, demand disclosure, override rest or care, certify competence, or justify decisions beyond the recorded context. | Treating a completed Foundational craft competence action, a polished artifact, agreement, confidence, speed, independence, or output as mastery or universal transfer.","Follow the material, equipment, consent and scope limits in the setup and each action. Use speech, large print, accessible digital text or another safe foundational task with a real standard. Necessary supports are legitimate work conditions. Tasks involving clinical care, driving, weapons, hazardous tools or licensed work require appropriate supervision and are not default practice material.","Pause Foundational craft competence when capacity, consent, authority, privacy, access, care duties, uncertainty, distress, fatigue, pain, resource scarcity, or changed circumstances make the next action unwise.","Stop the Foundational craft competence practice for harm, coercion, retaliation risk, emergency conditions, unsafe exposure, worsening symptoms, protected information, legal or policy conflict, or pressure to exceed the stated boundary.","Use qualified, local, or emergency support whenever the situation exceeds a voluntary low-stakes developmental practice.","Specialist safety review complete. | Misuse, exclusion, stop, and escalation paths tested in content and UI. | Scoring remains shadow-only until a separate activation decision."
PRACTICE-COMP-2104-DELIBERATE-MASTERY-AND-EXPERTISE-01,RISK-MODERATE,draft,pending,Relevant specialist or domain-qualified human reviewer before expansion release or score activation.,shadow_only,SP-STRUCTURED-EVIDENCE-ELIGIBLE,true,"Store no diagnoses, allegations, third-party secrets, or unnecessary sensitive narrative; prefer category-level signals.","Using the Deliberate mastery and expertise protocol to rank worth, coerce participation, demand disclosure, override rest or care, certify competence, or justify decisions beyond the recorded context. | Treating a completed Deliberate mastery and expertise action, a polished artifact, agreement, confidence, speed, independence, or output as mastery or universal transfer.","Follow the material, equipment, consent and scope limits in the setup and each action. Use a public answer key, accessible task simulation or a qualified mentor when a live reviewer is unavailable. Mark self-comparison and external critique separately. Do not expose protected work, pressure a subordinate to review you or escalate into unsafe difficulty.","Pause Deliberate mastery and expertise when capacity, consent, authority, privacy, access, care duties, uncertainty, distress, fatigue, pain, resource scarcity, or changed circumstances make the next action unwise.","Stop the Deliberate mastery and expertise practice for harm, coercion, retaliation risk, emergency conditions, unsafe exposure, worsening symptoms, protected information, legal or policy conflict, or pressure to exceed the stated boundary.","Use qualified, local, or emergency support whenever the situation exceeds a voluntary low-stakes developmental practice.","Specialist safety review complete. | Misuse, exclusion, stop, and escalation paths tested in content and UI. | Scoring remains shadow-only until a separate activation decision."
PRACTICE-COMP-2105-QUALITY-CRAFTSMANSHIP-AND-REPUTATION-01,RISK-MODERATE,draft,pending,Relevant specialist or domain-qualified human reviewer before expansion release or score activation.,shadow_only,SP-STRUCTURED-EVIDENCE-ELIGIBLE,true,"Store no diagnoses, allegations, third-party secrets, or unnecessary sensitive narrative; prefer category-level signals.","Using the Quality, craftsmanship, and reputation protocol to rank worth, coerce participation, demand disclosure, override rest or care, certify competence, or justify decisions beyond the recorded context. | Treating a completed Quality, craftsmanship, and reputation action, a polished artifact, agreement, confidence, speed, independence, or output as mastery or universal transfer.","Follow the material, equipment, consent and scope limits in the setup and each action. Use an accessible written, spoken or diagrammed instruction and a fictional room. Real safety, building, accessibility or equipment requirements remain with the responsible qualified owner. Do not move heavy objects or alter emergency access for a test.","Pause Quality, craftsmanship, and reputation when capacity, consent, authority, privacy, access, care duties, uncertainty, distress, fatigue, pain, resource scarcity, or changed circumstances make the next action unwise.","Stop the Quality, craftsmanship, and reputation practice for harm, coercion, retaliation risk, emergency conditions, unsafe exposure, worsening symptoms, protected information, legal or policy conflict, or pressure to exceed the stated boundary.","Use qualified, local, or emergency support whenever the situation exceeds a voluntary low-stakes developmental practice.","Specialist safety review complete. | Misuse, exclusion, stop, and escalation paths tested in content and UI. | Scoring remains shadow-only until a separate activation decision."
PRACTICE-COMP-2106-CUSTOMER-STAKEHOLDER-AND-USER-UNDERSTANDING-01,RISK-MODERATE,draft,pending,Relevant specialist or domain-qualified human reviewer before expansion release or score activation.,shadow_only,SP-STRUCTURED-EVIDENCE-ELIGIBLE,true,"Store no diagnoses, allegations, third-party secrets, or unnecessary sensitive narrative; prefer category-level signals.","Using the Customer, stakeholder, and user understanding protocol to rank worth, coerce participation, demand disclosure, override rest or care, certify competence, or justify decisions beyond the recorded context. | Treating a completed Customer, stakeholder, and user understanding action, a polished artifact, agreement, confidence, speed, independence, or output as mastery or universal transfer.","Follow the material, equipment, consent and scope limits in the setup and each action. Use accessible formats, an interpreter or a fictional task with a trusted peer. People may decline without affecting employment or service. Keep protected workplace, client and personal data outside the exercise and follow organizational research permissions.","Pause Customer, stakeholder, and user understanding when capacity, consent, authority, privacy, access, care duties, uncertainty, distress, fatigue, pain, resource scarcity, or changed circumstances make the next action unwise.","Stop the Customer, stakeholder, and user understanding practice for harm, coercion, retaliation risk, emergency conditions, unsafe exposure, worsening symptoms, protected information, legal or policy conflict, or pressure to exceed the stated boundary.","Use qualified, local, or emergency support whenever the situation exceeds a voluntary low-stakes developmental practice.","Specialist safety review complete. | Misuse, exclusion, stop, and escalation paths tested in content and UI. | Scoring remains shadow-only until a separate activation decision."
PRACTICE-COMP-2107-SYSTEMS-AND-ORGANIZATIONAL-AWARENESS-01,RISK-MODERATE,draft,pending,Relevant specialist or domain-qualified human reviewer before expansion release or score activation.,shadow_only,SP-STRUCTURED-EVIDENCE-ELIGIBLE,true,"Store no diagnoses, allegations, third-party secrets, or unnecessary sensitive narrative; prefer category-level signals.","Using the Systems and organizational awareness protocol to rank worth, coerce participation, demand disclosure, override rest or care, certify competence, or justify decisions beyond the recorded context. | Treating a completed Systems and organizational awareness action, a polished artifact, agreement, confidence, speed, independence, or output as mastery or universal transfer.","Follow the material, equipment, consent and scope limits in the setup and each action. Use a paper workflow, accessible diagram or written exchange. Do not expose internal organization charts, client information, credentials or protected work details. High-consequence systems require formal engineering, safety or change-control processes.","Pause Systems and organizational awareness when capacity, consent, authority, privacy, access, care duties, uncertainty, distress, fatigue, pain, resource scarcity, or changed circumstances make the next action unwise.","Stop the Systems and organizational awareness practice for harm, coercion, retaliation risk, emergency conditions, unsafe exposure, worsening symptoms, protected information, legal or policy conflict, or pressure to exceed the stated boundary.","Use qualified, local, or emergency support whenever the situation exceeds a voluntary low-stakes developmental practice.","Specialist safety review complete. | Misuse, exclusion, stop, and escalation paths tested in content and UI. | Scoring remains shadow-only until a separate activation decision."
PRACTICE-COMP-2108-PROJECT-DELIVERY-01,RISK-MODERATE,draft,pending,Relevant specialist or domain-qualified human reviewer before expansion release or score activation.,shadow_only,SP-STRUCTURED-EVIDENCE-ELIGIBLE,true,"Store no diagnoses, allegations, third-party secrets, or unnecessary sensitive narrative; prefer category-level signals.","Using the Project delivery protocol to rank worth, coerce participation, demand disclosure, override rest or care, certify competence, or justify decisions beyond the recorded context. | Treating a completed Project delivery action, a polished artifact, agreement, confidence, speed, independence, or output as mastery or universal transfer.","Follow the material, equipment, consent and scope limits in the setup and each action. Use an accessible paper guide, audio guide or fictional project simulation. Actual confidential, licensed or safety-critical projects must follow their governing process. No public release or purchase is required to practice the delivery sequence.","Pause Project delivery when capacity, consent, authority, privacy, access, care duties, uncertainty, distress, fatigue, pain, resource scarcity, or changed circumstances make the next action unwise.","Stop the Project delivery practice for harm, coercion, retaliation risk, emergency conditions, unsafe exposure, worsening symptoms, protected information, legal or policy conflict, or pressure to exceed the stated boundary.","Use qualified, local, or emergency support whenever the situation exceeds a voluntary low-stakes developmental practice.","Specialist safety review complete. | Misuse, exclusion, stop, and escalation paths tested in content and UI. | Scoring remains shadow-only until a separate activation decision."
PRACTICE-COMP-2109-COLLABORATION-AND-TEAM-CONTRIBUTION-01,RISK-MODERATE,draft,pending,Relevant specialist or domain-qualified human reviewer before expansion release or score activation.,shadow_only,SP-STRUCTURED-EVIDENCE-ELIGIBLE,true,"Store no diagnoses, allegations, third-party secrets, or unnecessary sensitive narrative; prefer category-level signals.","Using the Collaboration and team contribution protocol to rank worth, coerce participation, demand disclosure, override rest or care, certify competence, or justify decisions beyond the recorded context. | Treating a completed Collaboration and team contribution action, a polished artifact, agreement, confidence, speed, independence, or output as mastery or universal transfer.","Follow the material, equipment, consent and scope limits in the setup and each action. Use asynchronous collaboration, accessible shared notes or a fictional two-role rehearsal. Do not pressure subordinates to praise you, expose protected information or use the exercise to conduct an unofficial performance review. Unsafe power dynamics call for appropriate support.","Pause Collaboration and team contribution when capacity, consent, authority, privacy, access, care duties, uncertainty, distress, fatigue, pain, resource scarcity, or changed circumstances make the next action unwise.","Stop the Collaboration and team contribution practice for harm, coercion, retaliation risk, emergency conditions, unsafe exposure, worsening symptoms, protected information, legal or policy conflict, or pressure to exceed the stated boundary.","Use qualified, local, or emergency support whenever the situation exceeds a voluntary low-stakes developmental practice.","Specialist safety review complete. | Misuse, exclusion, stop, and escalation paths tested in content and UI. | Scoring remains shadow-only until a separate activation decision."
PRACTICE-COMP-2110-INNOVATION-AND-IMPROVEMENT-01,RISK-MODERATE,draft,pending,Relevant specialist or domain-qualified human reviewer before expansion release or score activation.,shadow_only,SP-STRUCTURED-EVIDENCE-ELIGIBLE,true,"Store no diagnoses, allegations, third-party secrets, or unnecessary sensitive narrative; prefer category-level signals.","Using the Innovation and improvement protocol to rank worth, coerce participation, demand disclosure, override rest or care, certify competence, or justify decisions beyond the recorded context. | Treating a completed Innovation and improvement action, a polished artifact, agreement, confidence, speed, independence, or output as mastery or universal transfer.","Follow the material, equipment, consent and scope limits in the setup and each action. Use paper cards, accessible filenames or another low-risk reversible process. Follow change-control and privacy rules for any real work. A simulation demonstrates a design comparison, not a production improvement or general causal effect.","Pause Innovation and improvement when capacity, consent, authority, privacy, access, care duties, uncertainty, distress, fatigue, pain, resource scarcity, or changed circumstances make the next action unwise.","Stop the Innovation and improvement practice for harm, coercion, retaliation risk, emergency conditions, unsafe exposure, worsening symptoms, protected information, legal or policy conflict, or pressure to exceed the stated boundary.","Use qualified, local, or emergency support whenever the situation exceeds a voluntary low-stakes developmental practice.","Specialist safety review complete. | Misuse, exclusion, stop, and escalation paths tested in content and UI. | Scoring remains shadow-only until a separate activation decision."
PRACTICE-COMP-2111-CAREER-ADAPTABILITY-AND-MARKETABLE-CAPABILITY-01,RISK-MODERATE,draft,pending,Relevant specialist or domain-qualified human reviewer before expansion release or score activation.,shadow_only,SP-STRUCTURED-EVIDENCE-ELIGIBLE,true,"Store no diagnoses, allegations, third-party secrets, or unnecessary sensitive narrative; prefer category-level signals.","Using the Career adaptability and marketable capability protocol to rank worth, coerce participation, demand disclosure, override rest or care, certify competence, or justify decisions beyond the recorded context. | Treating a completed Career adaptability and marketable capability action, a polished artifact, agreement, confidence, speed, independence, or output as mastery or universal transfer.","Follow the material, equipment, consent and scope limits in the setup and each action. Use the supplied fictional role, public-domain material and accessible tools when real work samples are restricted. Career constraints, care duties and limited time are legitimate planning inputs. Obtain qualified advice for contractual, licensing or high-consequence career decisions.","Pause Career adaptability and marketable capability when capacity, consent, authority, privacy, access, care duties, uncertainty, distress, fatigue, pain, resource scarcity, or changed circumstances make the next action unwise.","Stop the Career adaptability and marketable capability practice for harm, coercion, retaliation risk, emergency conditions, unsafe exposure, worsening symptoms, protected information, legal or policy conflict, or pressure to exceed the stated boundary.","Use qualified, local, or emergency support whenever the situation exceeds a voluntary low-stakes developmental practice.","Specialist safety review complete. | Misuse, exclusion, stop, and escalation paths tested in content and UI. | Scoring remains shadow-only until a separate activation decision."
PRACTICE-COMP-2112-MEANINGFUL-CONTRIBUTION-AND-SERVICE-THROUGH-WORK-01,RISK-MODERATE,draft,pending,Relevant specialist or domain-qualified human reviewer before expansion release or score activation.,shadow_only,SP-STRUCTURED-EVIDENCE-ELIGIBLE,true,"Store no diagnoses, allegations, third-party secrets, or unnecessary sensitive narrative; prefer category-level signals.","Using the Meaningful contribution and service through work protocol to rank worth, coerce participation, demand disclosure, override rest or care, certify competence, or justify decisions beyond the recorded context. | Treating a completed Meaningful contribution and service through work action, a polished artifact, agreement, confidence, speed, independence, or output as mastery or universal transfer.","Follow the material, equipment, consent and scope limits in the setup and each action. Use volunteer, domestic, study or fictional work when employment content is sensitive. Not every contribution must be public-facing or measurable in money. No one must perform extra unpaid work or accept exploitation to make a role feel meaningful.","Pause Meaningful contribution and service through work when capacity, consent, authority, privacy, access, care duties, uncertainty, distress, fatigue, pain, resource scarcity, or changed circumstances make the next action unwise.","Stop the Meaningful contribution and service through work practice for harm, coercion, retaliation risk, emergency conditions, unsafe exposure, worsening symptoms, protected information, legal or policy conflict, or pressure to exceed the stated boundary.","Use qualified, local, or emergency support whenever the situation exceeds a voluntary low-stakes developmental practice.","Specialist safety review complete. | Misuse, exclusion, stop, and escalation paths tested in content and UI. | Scoring remains shadow-only until a separate activation decision."
PRACTICE-COMP-2113-DOCUMENTATION-MAINTAINABILITY-AND-PROFESSIONAL-LEGACY-01,RISK-MODERATE,draft,pending,Relevant specialist or domain-qualified human reviewer before expansion release or score activation.,shadow_only,SP-STRUCTURED-EVIDENCE-ELIGIBLE,true,"Store no diagnoses, allegations, third-party secrets, or unnecessary sensitive narrative; prefer category-level signals.","Using the Documentation, maintainability, and professional legacy protocol to rank worth, coerce participation, demand disclosure, override rest or care, certify competence, or justify decisions beyond the recorded context. | Treating a completed Documentation, maintainability, and professional legacy action, a polished artifact, agreement, confidence, speed, independence, or output as mastery or universal transfer.","Follow the material, equipment, consent and scope limits in the setup and each action. Use an accessible written, audio or diagrammed guide and a private tabletop successor. Do not share employer-confidential material or grant access beyond your authority. Formal safety, operational and security documentation remains subject to its governing review.","Pause Documentation, maintainability, and professional legacy when capacity, consent, authority, privacy, access, care duties, uncertainty, distress, fatigue, pain, resource scarcity, or changed circumstances make the next action unwise.","Stop the Documentation, maintainability, and professional legacy practice for harm, coercion, retaliation risk, emergency conditions, unsafe exposure, worsening symptoms, protected information, legal or policy conflict, or pressure to exceed the stated boundary.","Use qualified, local, or emergency support whenever the situation exceeds a voluntary low-stakes developmental practice.","Specialist safety review complete. | Misuse, exclusion, stop, and escalation paths tested in content and UI. | Scoring remains shadow-only until a separate activation decision."
PRACTICE-COMP-2114-EFFICIENCY-THOROUGHNESS-AND-QUALITY-TRADEOFFS-01,RISK-MODERATE,draft,pending,Relevant specialist or domain-qualified human reviewer before expansion release or score activation.,shadow_only,SP-STRUCTURED-EVIDENCE-ELIGIBLE,true,"Store no diagnoses, allegations, third-party secrets, or unnecessary sensitive narrative; prefer category-level signals.","Using the Efficiency, thoroughness, and quality tradeoffs protocol to rank worth, coerce participation, demand disclosure, override rest or care, certify competence, or justify decisions beyond the recorded context. | Treating a completed Efficiency, thoroughness, and quality tradeoffs action, a polished artifact, agreement, confidence, speed, independence, or output as mastery or universal transfer.","Follow the material, equipment, consent and scope limits in the setup and each action. Use paper, audio or accessible digital work and shorter sessions. Organizational quality standards and professional duties take precedence over the exercise’s time limit. Stop rather than improvise when a task’s consequences exceed the safe scope.","Pause Efficiency, thoroughness, and quality tradeoffs when capacity, consent, authority, privacy, access, care duties, uncertainty, distress, fatigue, pain, resource scarcity, or changed circumstances make the next action unwise.","Stop the Efficiency, thoroughness, and quality tradeoffs practice for harm, coercion, retaliation risk, emergency conditions, unsafe exposure, worsening symptoms, protected information, legal or policy conflict, or pressure to exceed the stated boundary.","Use qualified, local, or emergency support whenever the situation exceeds a voluntary low-stakes developmental practice.","Specialist safety review complete. | Misuse, exclusion, stop, and escalation paths tested in content and UI. | Scoring remains shadow-only until a separate activation decision."
PRACTICE-COMP-2115-WORKER-RIGHTS-AND-EMPLOYMENT-LAW-LITERACY-01,RISK-MODERATE,draft,pending,Relevant specialist or domain-qualified human reviewer before expansion release or score activation.,shadow_only,SP-STRUCTURED-EVIDENCE-ELIGIBLE,true,"Store no diagnoses, allegations, third-party secrets, or unnecessary sensitive narrative; prefer category-level signals.","Using the Worker rights and employment law literacy protocol to rank worth, coerce participation, demand disclosure, override rest or care, certify competence, or justify decisions beyond the recorded context. | Treating a completed Worker rights and employment law literacy action, a polished artifact, agreement, confidence, speed, independence, or output as mastery or universal transfer.","Follow the material, equipment, consent and scope limits in the setup and each action. Use accessible agency channels, an interpreter, a union representative or qualified employment adviser as appropriate. Official sources may differ by location and worker category. The exercise does not guarantee confidentiality, coverage, remedy or protection from practical retaliation.","Pause Worker rights and employment law literacy when capacity, consent, authority, privacy, access, care duties, uncertainty, distress, fatigue, pain, resource scarcity, or changed circumstances make the next action unwise.","Stop the Worker rights and employment law literacy practice for harm, coercion, retaliation risk, emergency conditions, unsafe exposure, worsening symptoms, protected information, legal or policy conflict, or pressure to exceed the stated boundary.","Use qualified, local, or emergency support whenever the situation exceeds a voluntary low-stakes developmental practice.","Specialist safety review complete. | Misuse, exclusion, stop, and escalation paths tested in content and UI. | Scoring remains shadow-only until a separate activation decision."
PRACTICE-COMP-2116-POWER-ASYMMETRY-EXPLOITATION-AND-PRECARITY-01,RISK-MODERATE,draft,pending,Relevant specialist or domain-qualified human reviewer before expansion release or score activation.,shadow_only,SP-STRUCTURED-EVIDENCE-ELIGIBLE,true,"Store no diagnoses, allegations, third-party secrets, or unnecessary sensitive narrative; prefer category-level signals.","Using the Power asymmetry, exploitation, and precarity protocol to rank worth, coerce participation, demand disclosure, override rest or care, certify competence, or justify decisions beyond the recorded context. | Treating a completed Power asymmetry, exploitation, and precarity action, a polished artifact, agreement, confidence, speed, independence, or output as mastery or universal transfer.","Follow the material, equipment, consent and scope limits in the setup and each action. Use fictional cases when personal reflection or device access is unsafe. Seek appropriate legal, labor, safeguarding or emergency support for actual coercion, trafficking, threats or unsafe work. No one is scored as deficient for needing income or being unable to refuse immediately.","Pause Power asymmetry, exploitation, and precarity when capacity, consent, authority, privacy, access, care duties, uncertainty, distress, fatigue, pain, resource scarcity, or changed circumstances make the next action unwise.","Stop the Power asymmetry, exploitation, and precarity practice for harm, coercion, retaliation risk, emergency conditions, unsafe exposure, worsening symptoms, protected information, legal or policy conflict, or pressure to exceed the stated boundary.","Use qualified, local, or emergency support whenever the situation exceeds a voluntary low-stakes developmental practice.","Specialist safety review complete. | Misuse, exclusion, stop, and escalation paths tested in content and UI. | Scoring remains shadow-only until a separate activation decision."
PRACTICE-COMP-2117-COLLECTIVE-BARGAINING-UNIONS-AND-WORKER-VOICE-01,RISK-MODERATE,draft,pending,Relevant specialist or domain-qualified human reviewer before expansion release or score activation.,shadow_only,SP-STRUCTURED-EVIDENCE-ELIGIBLE,true,"Store no diagnoses, allegations, third-party secrets, or unnecessary sensitive narrative; prefer category-level signals.","Using the Collective bargaining, unions, and worker voice protocol to rank worth, coerce participation, demand disclosure, override rest or care, certify competence, or justify decisions beyond the recorded context. | Treating a completed Collective bargaining, unions, and worker voice action, a polished artifact, agreement, confidence, speed, independence, or output as mastery or universal transfer.","Follow the material, equipment, consent and scope limits in the setup and each action. Use accessible official summaries, a qualified labor adviser or a union’s own governance documents while distinguishing each source’s role. Workers may legitimately choose different forms of voice. Actual action requires current local advice and attention to safety and authority.","Pause Collective bargaining, unions, and worker voice when capacity, consent, authority, privacy, access, care duties, uncertainty, distress, fatigue, pain, resource scarcity, or changed circumstances make the next action unwise.","Stop the Collective bargaining, unions, and worker voice practice for harm, coercion, retaliation risk, emergency conditions, unsafe exposure, worsening symptoms, protected information, legal or policy conflict, or pressure to exceed the stated boundary.","Use qualified, local, or emergency support whenever the situation exceeds a voluntary low-stakes developmental practice.","Specialist safety review complete. | Misuse, exclusion, stop, and escalation paths tested in content and UI. | Scoring remains shadow-only until a separate activation decision."
PRACTICE-COMP-2118-INCLUSIVE-AND-ACCESSIBLE-WORK-01,RISK-MODERATE,draft,pending,Relevant specialist or domain-qualified human reviewer before expansion release or score activation.,shadow_only,SP-STRUCTURED-EVIDENCE-ELIGIBLE,true,"Store no diagnoses, allegations, third-party secrets, or unnecessary sensitive narrative; prefer category-level signals.","Using the Inclusive and accessible work protocol to rank worth, coerce participation, demand disclosure, override rest or care, certify competence, or justify decisions beyond the recorded context. | Treating a completed Inclusive and accessible work action, a polished artifact, agreement, confidence, speed, independence, or output as mastery or universal transfer.","Follow the material, equipment, consent and scope limits in the setup and each action. Use accessible task material and allow participants to choose supports without identifying a diagnosis. In a real workplace, consult the responsible accommodation, accessibility or employment professional. U.S. EEOC examples are not universal legal requirements for every jurisdiction.","Pause Inclusive and accessible work when capacity, consent, authority, privacy, access, care duties, uncertainty, distress, fatigue, pain, resource scarcity, or changed circumstances make the next action unwise.","Stop the Inclusive and accessible work practice for harm, coercion, retaliation risk, emergency conditions, unsafe exposure, worsening symptoms, protected information, legal or policy conflict, or pressure to exceed the stated boundary.","Use qualified, local, or emergency support whenever the situation exceeds a voluntary low-stakes developmental practice.","Specialist safety review complete. | Misuse, exclusion, stop, and escalation paths tested in content and UI. | Scoring remains shadow-only until a separate activation decision."
PRACTICE-COMP-2119-WORK-BOUNDARIES-REST-AND-FREEDOM-FROM-TOTAL-IDENTITY-01,RISK-MODERATE,draft,pending,Relevant specialist or domain-qualified human reviewer before expansion release or score activation.,shadow_only,SP-STRUCTURED-EVIDENCE-ELIGIBLE,true,"Store no diagnoses, allegations, third-party secrets, or unnecessary sensitive narrative; prefer category-level signals.","Using the Work boundaries, rest, and freedom from total identity protocol to rank worth, coerce participation, demand disclosure, override rest or care, certify competence, or justify decisions beyond the recorded context. | Treating a completed Work boundaries, rest, and freedom from total identity action, a polished artifact, agreement, confidence, speed, independence, or output as mastery or universal transfer.","Follow the material, equipment, consent and scope limits in the setup and each action. Use a shorter interval, an accessible leisure activity or a supported prioritization discussion. People with urgent care, shift or on-call duties should follow their real coverage arrangements. Retaliation, labor-rights or health concerns warrant appropriate qualified support.","Pause Work boundaries, rest, and freedom from total identity when capacity, consent, authority, privacy, access, care duties, uncertainty, distress, fatigue, pain, resource scarcity, or changed circumstances make the next action unwise.","Stop the Work boundaries, rest, and freedom from total identity practice for harm, coercion, retaliation risk, emergency conditions, unsafe exposure, worsening symptoms, protected information, legal or policy conflict, or pressure to exceed the stated boundary.","Use qualified, local, or emergency support whenever the situation exceeds a voluntary low-stakes developmental practice.","Specialist safety review complete. | Misuse, exclusion, stop, and escalation paths tested in content and UI. | Scoring remains shadow-only until a separate activation decision."
PRACTICE-COMP-2201-SELF-LEADERSHIP-AND-CREDIBILITY-01,RISK-MODERATE,draft,pending,Relevant specialist or domain-qualified human reviewer before expansion release or score activation.,shadow_only,SP-STRUCTURED-EVIDENCE-ELIGIBLE,true,"Store no diagnoses, allegations, third-party secrets, or unnecessary sensitive narrative; prefer category-level signals.","Using the Self-leadership and credibility protocol to rank worth, coerce participation, demand disclosure, override rest or care, certify competence, or justify decisions beyond the recorded context. | Treating a completed Self-leadership and credibility action, a polished artifact, agreement, confidence, speed, independence, or output as mastery or universal transfer.","Follow the material, equipment, consent and scope limits in the setup and each action. Use a peer-led volunteer task, accessible written meeting or private fictional rehearsal when no leadership role exists. Do not pressure a subordinate to evaluate you or disclose private organizational material. Emotional regulation means accountable conduct, not suppression or accepting abuse.","Pause Self-leadership and credibility when capacity, consent, authority, privacy, access, care duties, uncertainty, distress, fatigue, pain, resource scarcity, or changed circumstances make the next action unwise.","Stop the Self-leadership and credibility practice for harm, coercion, retaliation risk, emergency conditions, unsafe exposure, worsening symptoms, protected information, legal or policy conflict, or pressure to exceed the stated boundary.","Use qualified, local, or emergency support whenever the situation exceeds a voluntary low-stakes developmental practice.","Specialist safety review complete. | Misuse, exclusion, stop, and escalation paths tested in content and UI. | Scoring remains shadow-only until a separate activation decision."
PRACTICE-COMP-2202-DIRECTION-VISION-AND-PRIORITIES-01,RISK-MODERATE,draft,pending,Relevant specialist or domain-qualified human reviewer before expansion release or score activation.,shadow_only,SP-STRUCTURED-EVIDENCE-ELIGIBLE,true,"Store no diagnoses, allegations, third-party secrets, or unnecessary sensitive narrative; prefer category-level signals.","Using the Direction, vision, and priorities protocol to rank worth, coerce participation, demand disclosure, override rest or care, certify competence, or justify decisions beyond the recorded context. | Treating a completed Direction, vision, and priorities action, a polished artifact, agreement, confidence, speed, independence, or output as mastery or universal transfer.","Follow the material, equipment, consent and scope limits in the setup and each action. Use a one-page, spoken, signed or visual brief. A fictional group rehearsal tests clarity but not actual shared commitment. Do not use the exercise to collect political preferences or override organizational authority.","Pause Direction, vision, and priorities when capacity, consent, authority, privacy, access, care duties, uncertainty, distress, fatigue, pain, resource scarcity, or changed circumstances make the next action unwise.","Stop the Direction, vision, and priorities practice for harm, coercion, retaliation risk, emergency conditions, unsafe exposure, worsening symptoms, protected information, legal or policy conflict, or pressure to exceed the stated boundary.","Use qualified, local, or emergency support whenever the situation exceeds a voluntary low-stakes developmental practice.","Specialist safety review complete. | Misuse, exclusion, stop, and escalation paths tested in content and UI. | Scoring remains shadow-only until a separate activation decision."
PRACTICE-COMP-2203-AUTHORITY-AND-ETHICAL-USE-OF-POWER-01,RISK-MODERATE,draft,pending,Relevant specialist or domain-qualified human reviewer before expansion release or score activation.,shadow_only,SP-STRUCTURED-EVIDENCE-ELIGIBLE,true,"Store no diagnoses, allegations, third-party secrets, or unnecessary sensitive narrative; prefer category-level signals.","Using the Authority and ethical use of power protocol to rank worth, coerce participation, demand disclosure, override rest or care, certify competence, or justify decisions beyond the recorded context. | Treating a completed Authority and ethical use of power action, a polished artifact, agreement, confidence, speed, independence, or output as mastery or universal transfer.","Follow the material, equipment, consent and scope limits in the setup and each action. Use a fictional case, peer rotation or accessible private response channel. Actual hiring, promotion, procurement and protected opportunities require their governing policies and qualified review. Do not test consent by making people refuse someone who controls essential resources.","Pause Authority and ethical use of power when capacity, consent, authority, privacy, access, care duties, uncertainty, distress, fatigue, pain, resource scarcity, or changed circumstances make the next action unwise.","Stop the Authority and ethical use of power practice for harm, coercion, retaliation risk, emergency conditions, unsafe exposure, worsening symptoms, protected information, legal or policy conflict, or pressure to exceed the stated boundary.","Use qualified, local, or emergency support whenever the situation exceeds a voluntary low-stakes developmental practice.","Specialist safety review complete. | Misuse, exclusion, stop, and escalation paths tested in content and UI. | Scoring remains shadow-only until a separate activation decision."
PRACTICE-COMP-2204-DECISION-MAKING-UNDER-RESPONSIBILITY-01,RISK-MODERATE,draft,pending,Relevant specialist or domain-qualified human reviewer before expansion release or score activation.,shadow_only,SP-STRUCTURED-EVIDENCE-ELIGIBLE,true,"Store no diagnoses, allegations, third-party secrets, or unnecessary sensitive narrative; prefer category-level signals.","Using the Decision-making under responsibility protocol to rank worth, coerce participation, demand disclosure, override rest or care, certify competence, or justify decisions beyond the recorded context. | Treating a completed Decision-making under responsibility action, a polished artifact, agreement, confidence, speed, independence, or output as mastery or universal transfer.","Follow the material, equipment, consent and scope limits in the setup and each action. Use a paper tabletop case or accessible asynchronous input. If a required safety, legal or professional fact is unresolved, defer that option and use the appropriate qualified route. Do not stage a risky real event to test decisiveness.","Pause Decision-making under responsibility when capacity, consent, authority, privacy, access, care duties, uncertainty, distress, fatigue, pain, resource scarcity, or changed circumstances make the next action unwise.","Stop the Decision-making under responsibility practice for harm, coercion, retaliation risk, emergency conditions, unsafe exposure, worsening symptoms, protected information, legal or policy conflict, or pressure to exceed the stated boundary.","Use qualified, local, or emergency support whenever the situation exceeds a voluntary low-stakes developmental practice.","Specialist safety review complete. | Misuse, exclusion, stop, and escalation paths tested in content and UI. | Scoring remains shadow-only until a separate activation decision."
PRACTICE-COMP-2205-DELEGATION-AND-EMPOWERMENT-01,RISK-MODERATE,draft,pending,Relevant specialist or domain-qualified human reviewer before expansion release or score activation.,shadow_only,SP-STRUCTURED-EVIDENCE-ELIGIBLE,true,"Store no diagnoses, allegations, third-party secrets, or unnecessary sensitive narrative; prefer category-level signals.","Using the Delegation and empowerment protocol to rank worth, coerce participation, demand disclosure, override rest or care, certify competence, or justify decisions beyond the recorded context. | Treating a completed Delegation and empowerment action, a polished artifact, agreement, confidence, speed, independence, or output as mastery or universal transfer.","Follow the material, equipment, consent and scope limits in the setup and each action. Use accessible instructions, a smaller task, paired work or a fictional delegation rehearsal. Preserve employment, safeguarding, professional and safety requirements. A person may need ongoing support while still exercising meaningful responsibility.","Pause Delegation and empowerment when capacity, consent, authority, privacy, access, care duties, uncertainty, distress, fatigue, pain, resource scarcity, or changed circumstances make the next action unwise.","Stop the Delegation and empowerment practice for harm, coercion, retaliation risk, emergency conditions, unsafe exposure, worsening symptoms, protected information, legal or policy conflict, or pressure to exceed the stated boundary.","Use qualified, local, or emergency support whenever the situation exceeds a voluntary low-stakes developmental practice.","Specialist safety review complete. | Misuse, exclusion, stop, and escalation paths tested in content and UI. | Scoring remains shadow-only until a separate activation decision."
PRACTICE-COMP-2206-COACHING-MENTORSHIP-AND-DEVELOPMENT-01,RISK-MODERATE,draft,pending,Relevant specialist or domain-qualified human reviewer before expansion release or score activation.,shadow_only,SP-STRUCTURED-EVIDENCE-ELIGIBLE,true,"Store no diagnoses, allegations, third-party secrets, or unnecessary sensitive narrative; prefer category-level signals.","Using the Coaching, mentorship, and development protocol to rank worth, coerce participation, demand disclosure, override rest or care, certify competence, or justify decisions beyond the recorded context. | Treating a completed Coaching, mentorship, and development action, a polished artifact, agreement, confidence, speed, independence, or output as mastery or universal transfer.","Follow the material, equipment, consent and scope limits in the setup and each action. Use oral, signed, visual or accessible text tasks and a smaller step. A fictional two-role rehearsal tests coaching preparation but not another person’s development. Feedback must be voluntary and must not expose private student, employee or client information.","Pause Coaching, mentorship, and development when capacity, consent, authority, privacy, access, care duties, uncertainty, distress, fatigue, pain, resource scarcity, or changed circumstances make the next action unwise.","Stop the Coaching, mentorship, and development practice for harm, coercion, retaliation risk, emergency conditions, unsafe exposure, worsening symptoms, protected information, legal or policy conflict, or pressure to exceed the stated boundary.","Use qualified, local, or emergency support whenever the situation exceeds a voluntary low-stakes developmental practice.","Specialist safety review complete. | Misuse, exclusion, stop, and escalation paths tested in content and UI. | Scoring remains shadow-only until a separate activation decision."
PRACTICE-COMP-2207-ACCOUNTABILITY-AND-STANDARDS-01,RISK-MODERATE,draft,pending,Relevant specialist or domain-qualified human reviewer before expansion release or score activation.,shadow_only,SP-STRUCTURED-EVIDENCE-ELIGIBLE,true,"Store no diagnoses, allegations, third-party secrets, or unnecessary sensitive narrative; prefer category-level signals.","Using the Accountability and standards protocol to rank worth, coerce participation, demand disclosure, override rest or care, certify competence, or justify decisions beyond the recorded context. | Treating a completed Accountability and standards action, a polished artifact, agreement, confidence, speed, independence, or output as mastery or universal transfer.","Follow the material, equipment, consent and scope limits in the setup and each action. Use an accessible written exchange, a facilitated peer review or a fictional rehearsal. Employment, disability, safety and disciplinary matters may require qualified organizational guidance. Humane accountability does not mean ignoring harm, and firmness does not justify humiliation.","Pause Accountability and standards when capacity, consent, authority, privacy, access, care duties, uncertainty, distress, fatigue, pain, resource scarcity, or changed circumstances make the next action unwise.","Stop the Accountability and standards practice for harm, coercion, retaliation risk, emergency conditions, unsafe exposure, worsening symptoms, protected information, legal or policy conflict, or pressure to exceed the stated boundary.","Use qualified, local, or emergency support whenever the situation exceeds a voluntary low-stakes developmental practice.","Specialist safety review complete. | Misuse, exclusion, stop, and escalation paths tested in content and UI. | Scoring remains shadow-only until a separate activation decision."
PRACTICE-COMP-2208-CONFLICT-DISSENT-AND-PSYCHOLOGICAL-SAFETY-01,RISK-MODERATE,draft,pending,Relevant specialist or domain-qualified human reviewer before expansion release or score activation.,shadow_only,SP-STRUCTURED-EVIDENCE-ELIGIBLE,true,"Store no diagnoses, allegations, third-party secrets, or unnecessary sensitive narrative; prefer category-level signals.","Using the Conflict, dissent, and psychological safety protocol to rank worth, coerce participation, demand disclosure, override rest or care, certify competence, or justify decisions beyond the recorded context. | Treating a completed Conflict, dissent, and psychological safety action, a polished artifact, agreement, confidence, speed, independence, or output as mastery or universal transfer.","Follow the material, equipment, consent and scope limits in the setup and each action. Use fictional cases, anonymous aggregate process feedback where genuinely appropriate or a qualified facilitator. Actual abuse, retaliation or legal concerns require the proper independent support route. Do not promise anonymity or protection beyond your authority.","Pause Conflict, dissent, and psychological safety when capacity, consent, authority, privacy, access, care duties, uncertainty, distress, fatigue, pain, resource scarcity, or changed circumstances make the next action unwise.","Stop the Conflict, dissent, and psychological safety practice for harm, coercion, retaliation risk, emergency conditions, unsafe exposure, worsening symptoms, protected information, legal or policy conflict, or pressure to exceed the stated boundary.","Use qualified, local, or emergency support whenever the situation exceeds a voluntary low-stakes developmental practice.","Specialist safety review complete. | Misuse, exclusion, stop, and escalation paths tested in content and UI. | Scoring remains shadow-only until a separate activation decision."
PRACTICE-COMP-2209-CULTURE-AND-INSTITUTIONAL-DESIGN-01,RISK-MODERATE,draft,pending,Relevant specialist or domain-qualified human reviewer before expansion release or score activation.,shadow_only,SP-STRUCTURED-EVIDENCE-ELIGIBLE,true,"Store no diagnoses, allegations, third-party secrets, or unnecessary sensitive narrative; prefer category-level signals.","Using the Culture and institutional design protocol to rank worth, coerce participation, demand disclosure, override rest or care, certify competence, or justify decisions beyond the recorded context. | Treating a completed Culture and institutional design action, a polished artifact, agreement, confidence, speed, independence, or output as mastery or universal transfer.","Follow the material, equipment, consent and scope limits in the setup and each action. Use accessible asynchronous status, a small peer group or fictional organization. Avoid employee surveillance, individual rankings or collection of sensitive personnel information. Actual incentive, hiring and promotion systems require appropriate governance and legal review.","Pause Culture and institutional design when capacity, consent, authority, privacy, access, care duties, uncertainty, distress, fatigue, pain, resource scarcity, or changed circumstances make the next action unwise.","Stop the Culture and institutional design practice for harm, coercion, retaliation risk, emergency conditions, unsafe exposure, worsening symptoms, protected information, legal or policy conflict, or pressure to exceed the stated boundary.","Use qualified, local, or emergency support whenever the situation exceeds a voluntary low-stakes developmental practice.","Specialist safety review complete. | Misuse, exclusion, stop, and escalation paths tested in content and UI. | Scoring remains shadow-only until a separate activation decision."
PRACTICE-COMP-2210-ORGANIZATIONAL-POLITICS-AND-STAKEHOLDER-NAVIGATION-01,RISK-MODERATE,draft,pending,Relevant specialist or domain-qualified human reviewer before expansion release or score activation.,shadow_only,SP-STRUCTURED-EVIDENCE-ELIGIBLE,true,"Store no diagnoses, allegations, third-party secrets, or unnecessary sensitive narrative; prefer category-level signals.","Using the Organizational politics and stakeholder navigation protocol to rank worth, coerce participation, demand disclosure, override rest or care, certify competence, or justify decisions beyond the recorded context. | Treating a completed Organizational politics and stakeholder navigation action, a polished artifact, agreement, confidence, speed, independence, or output as mastery or universal transfer.","Follow the material, equipment, consent and scope limits in the setup and each action. Use accessible written consultation, a facilitator or the fictional case. Do not treat coworkers as targets to manipulate or disclose their private interests. Formal procurement, employment, political and legal decisions require their own governing processes.","Pause Organizational politics and stakeholder navigation when capacity, consent, authority, privacy, access, care duties, uncertainty, distress, fatigue, pain, resource scarcity, or changed circumstances make the next action unwise.","Stop the Organizational politics and stakeholder navigation practice for harm, coercion, retaliation risk, emergency conditions, unsafe exposure, worsening symptoms, protected information, legal or policy conflict, or pressure to exceed the stated boundary.","Use qualified, local, or emergency support whenever the situation exceeds a voluntary low-stakes developmental practice.","Specialist safety review complete. | Misuse, exclusion, stop, and escalation paths tested in content and UI. | Scoring remains shadow-only until a separate activation decision."
PRACTICE-COMP-2211-CRISIS-LEADERSHIP-01,RISK-MODERATE,draft,pending,Relevant specialist or domain-qualified human reviewer before expansion release or score activation.,shadow_only,SP-STRUCTURED-EVIDENCE-ELIGIBLE,true,"Store no diagnoses, allegations, third-party secrets, or unnecessary sensitive narrative; prefer category-level signals.","Using the Crisis leadership protocol to rank worth, coerce participation, demand disclosure, override rest or care, certify competence, or justify decisions beyond the recorded context. | Treating a completed Crisis leadership action, a polished artifact, agreement, confidence, speed, independence, or output as mastery or universal transfer.","Follow the material, equipment, consent and scope limits in the setup and each action. Use an accessible written scenario, a small peer group or solo role cards. Do not disrupt actual services, call emergency lines for practice or simulate frightening events without consent. Follow the appropriate real emergency plan whenever a real incident occurs.","Pause Crisis leadership when capacity, consent, authority, privacy, access, care duties, uncertainty, distress, fatigue, pain, resource scarcity, or changed circumstances make the next action unwise.","Stop the Crisis leadership practice for harm, coercion, retaliation risk, emergency conditions, unsafe exposure, worsening symptoms, protected information, legal or policy conflict, or pressure to exceed the stated boundary.","Use qualified, local, or emergency support whenever the situation exceeds a voluntary low-stakes developmental practice.","Specialist safety review complete. | Misuse, exclusion, stop, and escalation paths tested in content and UI. | Scoring remains shadow-only until a separate activation decision."
PRACTICE-COMP-2212-SUCCESSION-AND-INSTITUTIONAL-STEWARDSHIP-01,RISK-MODERATE,draft,pending,Relevant specialist or domain-qualified human reviewer before expansion release or score activation.,shadow_only,SP-STRUCTURED-EVIDENCE-ELIGIBLE,true,"Store no diagnoses, allegations, third-party secrets, or unnecessary sensitive narrative; prefer category-level signals.","Using the Succession and institutional stewardship protocol to rank worth, coerce participation, demand disclosure, override rest or care, certify competence, or justify decisions beyond the recorded context. | Treating a completed Succession and institutional stewardship action, a polished artifact, agreement, confidence, speed, independence, or output as mastery or universal transfer.","Follow the material, equipment, consent and scope limits in the setup and each action. Use a peer rotation, accessible written handover or fictional successor case. Maintain required training, legal appointments, financial approvals and access controls. A successor should not be selected merely for personal loyalty or similarity to the current leader.","Pause Succession and institutional stewardship when capacity, consent, authority, privacy, access, care duties, uncertainty, distress, fatigue, pain, resource scarcity, or changed circumstances make the next action unwise.","Stop the Succession and institutional stewardship practice for harm, coercion, retaliation risk, emergency conditions, unsafe exposure, worsening symptoms, protected information, legal or policy conflict, or pressure to exceed the stated boundary.","Use qualified, local, or emergency support whenever the situation exceeds a voluntary low-stakes developmental practice.","Specialist safety review complete. | Misuse, exclusion, stop, and escalation paths tested in content and UI. | Scoring remains shadow-only until a separate activation decision."
PRACTICE-COMP-2213-ANTI-CORRUPTION-AND-CONFLICTS-OF-INTEREST-01,RISK-HIGH,draft,pending_specialist_expansion_review,Licensed or otherwise appropriately qualified specialist for the jurisdiction and topic.,qualified_only,SP-STRUCTURED-EVIDENCE-ELIGIBLE,true,"Do not collect or retain sensitive case detail unless separately justified, consented, secured, and reviewed.","Using the Anti-corruption and conflicts of interest protocol to rank worth, coerce participation, demand disclosure, override rest or care, certify competence, or justify decisions beyond the recorded context. | Treating a completed Anti-corruption and conflicts of interest action, a polished artifact, agreement, confidence, speed, independence, or output as mastery or universal transfer.","Follow the material, equipment, consent and scope limits in the setup and each action. Use a fictional purchase with no money exchanged. Actual public procurement, employment, nonprofit and commercial rules differ; obtain qualified guidance. Do not upload private interests, bids or allegations into application evidence.","Pause Anti-corruption and conflicts of interest when capacity, consent, authority, privacy, access, care duties, uncertainty, distress, fatigue, pain, resource scarcity, or changed circumstances make the next action unwise.","Stop the Anti-corruption and conflicts of interest practice for harm, coercion, retaliation risk, emergency conditions, unsafe exposure, worsening symptoms, protected information, legal or policy conflict, or pressure to exceed the stated boundary.","Use qualified, local, or emergency support whenever the situation exceeds a voluntary low-stakes developmental practice.","Qualified specialist approval recorded. | Jurisdictional, emergency, and vulnerable-person boundaries reviewed. | No unverified hotline, diagnosis, treatment, confrontation, or coercive exposure. | Evidence is qualified-only or non-scored unless separately approved."
PRACTICE-COMP-2214-INSTITUTIONAL-CAPTURE-AND-CONCENTRATED-POWER-01,RISK-MODERATE,draft,pending,Relevant specialist or domain-qualified human reviewer before expansion release or score activation.,shadow_only,SP-STRUCTURED-EVIDENCE-ELIGIBLE,true,"Store no diagnoses, allegations, third-party secrets, or unnecessary sensitive narrative; prefer category-level signals.","Using the Institutional capture and concentrated power protocol to rank worth, coerce participation, demand disclosure, override rest or care, certify competence, or justify decisions beyond the recorded context. | Treating a completed Institutional capture and concentrated power action, a polished artifact, agreement, confidence, speed, independence, or output as mastery or universal transfer.","Follow the material, equipment, consent and scope limits in the setup and each action. Use fictional cases when real politics or organizational records are sensitive. Public-record analysis must respect privacy and avoid unsupported allegations. Actual legal, regulatory or corruption concerns belong with qualified independent channels.","Pause Institutional capture and concentrated power when capacity, consent, authority, privacy, access, care duties, uncertainty, distress, fatigue, pain, resource scarcity, or changed circumstances make the next action unwise.","Stop the Institutional capture and concentrated power practice for harm, coercion, retaliation risk, emergency conditions, unsafe exposure, worsening symptoms, protected information, legal or policy conflict, or pressure to exceed the stated boundary.","Use qualified, local, or emergency support whenever the situation exceeds a voluntary low-stakes developmental practice.","Specialist safety review complete. | Misuse, exclusion, stop, and escalation paths tested in content and UI. | Scoring remains shadow-only until a separate activation decision."
PRACTICE-COMP-2215-WHISTLEBLOWING-AND-PROTECTED-DISSENT-01,RISK-MODERATE,draft,pending,Relevant specialist or domain-qualified human reviewer before expansion release or score activation.,shadow_only,SP-STRUCTURED-EVIDENCE-ELIGIBLE,true,"Store no diagnoses, allegations, third-party secrets, or unnecessary sensitive narrative; prefer category-level signals.","Using the Whistleblowing and protected dissent protocol to rank worth, coerce participation, demand disclosure, override rest or care, certify competence, or justify decisions beyond the recorded context. | Treating a completed Whistleblowing and protected dissent action, a polished artifact, agreement, confidence, speed, independence, or output as mastery or universal transfer.","Follow the material, equipment, consent and scope limits in the setup and each action. Use the fictional case and accessible official guidance. Actual concerns may need an attorney, inspector general, regulator, safety authority or other specifically authorized route; availability and protection vary. Current danger or a legal deadline should not wait for this practice to finish.","Pause Whistleblowing and protected dissent when capacity, consent, authority, privacy, access, care duties, uncertainty, distress, fatigue, pain, resource scarcity, or changed circumstances make the next action unwise.","Stop the Whistleblowing and protected dissent practice for harm, coercion, retaliation risk, emergency conditions, unsafe exposure, worsening symptoms, protected information, legal or policy conflict, or pressure to exceed the stated boundary.","Use qualified, local, or emergency support whenever the situation exceeds a voluntary low-stakes developmental practice.","Specialist safety review complete. | Misuse, exclusion, stop, and escalation paths tested in content and UI. | Scoring remains shadow-only until a separate activation decision."
PRACTICE-COMP-2216-GOVERNANCE-CHECKS-AND-ACCOUNTABLE-AUTHORITY-01,RISK-MODERATE,draft,pending,Relevant specialist or domain-qualified human reviewer before expansion release or score activation.,shadow_only,SP-STRUCTURED-EVIDENCE-ELIGIBLE,true,"Store no diagnoses, allegations, third-party secrets, or unnecessary sensitive narrative; prefer category-level signals.","Using the Governance, checks, and accountable authority protocol to rank worth, coerce participation, demand disclosure, override rest or care, certify competence, or justify decisions beyond the recorded context. | Treating a completed Governance, checks, and accountable authority action, a polished artifact, agreement, confidence, speed, independence, or output as mastery or universal transfer.","Follow the material, equipment, consent and scope limits in the setup and each action. Use an accessible diagram, peer group or fictional tabletop. Real legal entities must follow their governing documents and qualified advice for changes. Oversight should not expose private personal or case information beyond legitimate need.","Pause Governance, checks, and accountable authority when capacity, consent, authority, privacy, access, care duties, uncertainty, distress, fatigue, pain, resource scarcity, or changed circumstances make the next action unwise.","Stop the Governance, checks, and accountable authority practice for harm, coercion, retaliation risk, emergency conditions, unsafe exposure, worsening symptoms, protected information, legal or policy conflict, or pressure to exceed the stated boundary.","Use qualified, local, or emergency support whenever the situation exceeds a voluntary low-stakes developmental practice.","Specialist safety review complete. | Misuse, exclusion, stop, and escalation paths tested in content and UI. | Scoring remains shadow-only until a separate activation decision."
PRACTICE-COMP-2217-ABUSE-RESPONSE-AND-INSTITUTIONAL-REPAIR-01,RISK-HIGH,draft,pending_specialist_expansion_review,Licensed or otherwise appropriately qualified specialist for the jurisdiction and topic.,qualified_only,SP-STRUCTURED-EVIDENCE-ELIGIBLE,true,"Do not collect or retain sensitive case detail unless separately justified, consented, secured, and reviewed.","Using the Abuse response and institutional repair protocol to rank worth, coerce participation, demand disclosure, override rest or care, certify competence, or justify decisions beyond the recorded context. | Treating a completed Abuse response and institutional repair action, a polished artifact, agreement, confidence, speed, independence, or output as mastery or universal transfer.","Follow the material, equipment, consent and scope limits in the setup and each action. Use non-graphic fictional cases and accessible process maps. Real child-safety, violence, discrimination, fraud or retaliation concerns require prompt appropriate professional, legal, safeguarding or emergency channels. Do not collect real victim, witness or personnel data in this application.","Pause Abuse response and institutional repair when capacity, consent, authority, privacy, access, care duties, uncertainty, distress, fatigue, pain, resource scarcity, or changed circumstances make the next action unwise.","Stop the Abuse response and institutional repair practice for harm, coercion, retaliation risk, emergency conditions, unsafe exposure, worsening symptoms, protected information, legal or policy conflict, or pressure to exceed the stated boundary.","Use qualified, local, or emergency support whenever the situation exceeds a voluntary low-stakes developmental practice.","Qualified specialist approval recorded. | Jurisdictional, emergency, and vulnerable-person boundaries reviewed. | No unverified hotline, diagnosis, treatment, confrontation, or coercive exposure. | Evidence is qualified-only or non-scored unless separately approved."
PRACTICE-COMP-2301-PERSONAL-FINANCIAL-LITERACY-01,RISK-HIGH,draft,pending_specialist_expansion_review,Licensed or otherwise appropriately qualified specialist for the jurisdiction and topic.,qualified_only,SP-STRUCTURED-EVIDENCE-ELIGIBLE,true,"Do not collect or retain sensitive case detail unless separately justified, consented, secured, and reviewed.","Using the Personal financial literacy protocol to rank worth, coerce participation, demand disclosure, override rest or care, certify competence, or justify decisions beyond the recorded context. | Treating a completed Personal financial literacy action, a polished artifact, agreement, confidence, speed, independence, or output as mastery or universal transfer.","Follow the material, equipment, consent and scope limits in the setup and each action. Use tokens, large print, spoken arithmetic or a trusted independent educator. Keep real account numbers, tax identifiers and login details outside the exercise. Personal tax, debt, benefits or investment decisions require current jurisdiction-specific information and suitable qualified advice; use the fictional case when privacy or distress makes personal review unsuitable.","Pause Personal financial literacy when capacity, consent, authority, privacy, access, care duties, uncertainty, distress, fatigue, pain, resource scarcity, or changed circumstances make the next action unwise.","Stop the Personal financial literacy practice for harm, coercion, retaliation risk, emergency conditions, unsafe exposure, worsening symptoms, protected information, legal or policy conflict, or pressure to exceed the stated boundary.","Financial education only; tax, investment, insurance, estate, and benefits decisions may require licensed or jurisdiction-specific advice.","Qualified specialist approval recorded. | Jurisdictional, emergency, and vulnerable-person boundaries reviewed. | No unverified hotline, diagnosis, treatment, confrontation, or coercive exposure. | Evidence is qualified-only or non-scored unless separately approved."
PRACTICE-COMP-2302-BUDGETING-AND-CASH-FLOW-CONTROL-01,RISK-HIGH,draft,pending_specialist_expansion_review,Licensed or otherwise appropriately qualified specialist for the jurisdiction and topic.,qualified_only,SP-STRUCTURED-EVIDENCE-ELIGIBLE,true,"Do not collect or retain sensitive case detail unless separately justified, consented, secured, and reviewed.","Using the Budgeting and cash-flow control protocol to rank worth, coerce participation, demand disclosure, override rest or care, certify competence, or justify decisions beyond the recorded context. | Treating a completed Budgeting and cash-flow control action, a polished artifact, agreement, confidence, speed, independence, or output as mastery or universal transfer.","Follow the material, equipment, consent and scope limits in the setup and each action. Use a tactile calendar, voice notes or an accessible budgeting tool with no linked-account requirement. Keep the fictional case for training. When essential costs exceed income, move to assistance, negotiation and stabilization rather than forcing a balanced-looking sheet or treating access constraints as a discipline failure.","Pause Budgeting and cash-flow control when capacity, consent, authority, privacy, access, care duties, uncertainty, distress, fatigue, pain, resource scarcity, or changed circumstances make the next action unwise.","Stop the Budgeting and cash-flow control practice for harm, coercion, retaliation risk, emergency conditions, unsafe exposure, worsening symptoms, protected information, legal or policy conflict, or pressure to exceed the stated boundary.","Financial education only; tax, investment, insurance, estate, and benefits decisions may require licensed or jurisdiction-specific advice.","Qualified specialist approval recorded. | Jurisdictional, emergency, and vulnerable-person boundaries reviewed. | No unverified hotline, diagnosis, treatment, confrontation, or coercive exposure. | Evidence is qualified-only or non-scored unless separately approved."
PRACTICE-COMP-2303-EMERGENCY-RESERVES-AND-LIQUIDITY-01,RISK-HIGH,draft,pending_specialist_expansion_review,Licensed or otherwise appropriately qualified specialist for the jurisdiction and topic.,qualified_only,SP-STRUCTURED-EVIDENCE-ELIGIBLE,true,"Do not collect or retain sensitive case detail unless separately justified, consented, secured, and reviewed.","Using the Emergency reserves and liquidity protocol to rank worth, coerce participation, demand disclosure, override rest or care, certify competence, or justify decisions beyond the recorded context. | Treating a completed Emergency reserves and liquidity action, a polished artifact, agreement, confidence, speed, independence, or output as mastery or universal transfer.","Follow the material, equipment, consent and scope limits in the setup and each action. Use a smaller first target, accessible banking support or a qualified benefits counselor when asset limits matter. Lack of surplus is a material constraint, not failure. Do not recommend risky investments for money needed immediately, incur fees to complete the task or share banking credentials with a helper.","Pause Emergency reserves and liquidity when capacity, consent, authority, privacy, access, care duties, uncertainty, distress, fatigue, pain, resource scarcity, or changed circumstances make the next action unwise.","Stop the Emergency reserves and liquidity practice for harm, coercion, retaliation risk, emergency conditions, unsafe exposure, worsening symptoms, protected information, legal or policy conflict, or pressure to exceed the stated boundary.","Financial education only; tax, investment, insurance, estate, and benefits decisions may require licensed or jurisdiction-specific advice.","Qualified specialist approval recorded. | Jurisdictional, emergency, and vulnerable-person boundaries reviewed. | No unverified hotline, diagnosis, treatment, confrontation, or coercive exposure. | Evidence is qualified-only or non-scored unless separately approved."
PRACTICE-COMP-2304-DEBT-AND-CREDIT-01,RISK-HIGH,draft,pending_specialist_expansion_review,Licensed or otherwise appropriately qualified specialist for the jurisdiction and topic.,qualified_only,SP-STRUCTURED-EVIDENCE-ELIGIBLE,true,"Do not collect or retain sensitive case detail unless separately justified, consented, secured, and reviewed.","Using the Debt and credit protocol to rank worth, coerce participation, demand disclosure, override rest or care, certify competence, or justify decisions beyond the recorded context. | Treating a completed Debt and credit action, a polished artifact, agreement, confidence, speed, independence, or output as mastery or universal transfer.","Follow the material, equipment, consent and scope limits in the setup and each action. Use counters or an educator’s calculator and retain all assumptions with the numbers. Real hardship may require independent debt, legal or benefits support; verify fees and credentials and be cautious about promises to erase debt. Declining an unaffordable obligation is a valid outcome, not a failed exercise.","Pause Debt and credit when capacity, consent, authority, privacy, access, care duties, uncertainty, distress, fatigue, pain, resource scarcity, or changed circumstances make the next action unwise.","Stop the Debt and credit practice for harm, coercion, retaliation risk, emergency conditions, unsafe exposure, worsening symptoms, protected information, legal or policy conflict, or pressure to exceed the stated boundary.","Financial education only; tax, investment, insurance, estate, and benefits decisions may require licensed or jurisdiction-specific advice.","Qualified specialist approval recorded. | Jurisdictional, emergency, and vulnerable-person boundaries reviewed. | No unverified hotline, diagnosis, treatment, confrontation, or coercive exposure. | Evidence is qualified-only or non-scored unless separately approved."
PRACTICE-COMP-2305-SAVING-INVESTING-AND-RETIREMENT-01,RISK-HIGH,draft,pending_specialist_expansion_review,Licensed or otherwise appropriately qualified specialist for the jurisdiction and topic.,qualified_only,SP-STRUCTURED-EVIDENCE-ELIGIBLE,true,"Do not collect or retain sensitive case detail unless separately justified, consented, secured, and reviewed.","Using the Saving, investing, and retirement protocol to rank worth, coerce participation, demand disclosure, override rest or care, certify competence, or justify decisions beyond the recorded context. | Treating a completed Saving, investing, and retirement action, a polished artifact, agreement, confidence, speed, independence, or output as mastery or universal transfer.","Follow the material, equipment, consent and scope limits in the setup and each action. Use a simple written or spoken policy and public educational material without sharing holdings or account numbers. A person with no current investable surplus can use the fictional case. Favor comprehension over adding products; disability, benefits, debt, dependents and local rules can materially change an actual plan.","Pause Saving, investing, and retirement when capacity, consent, authority, privacy, access, care duties, uncertainty, distress, fatigue, pain, resource scarcity, or changed circumstances make the next action unwise.","Stop the Saving, investing, and retirement practice for harm, coercion, retaliation risk, emergency conditions, unsafe exposure, worsening symptoms, protected information, legal or policy conflict, or pressure to exceed the stated boundary.","Financial education only; tax, investment, insurance, estate, and benefits decisions may require licensed or jurisdiction-specific advice.","Qualified specialist approval recorded. | Jurisdictional, emergency, and vulnerable-person boundaries reviewed. | No unverified hotline, diagnosis, treatment, confrontation, or coercive exposure. | Evidence is qualified-only or non-scored unless separately approved."
PRACTICE-COMP-2306-INSURANCE-ESTATE-AND-DEPENDENT-PROTECTION-01,RISK-HIGH,draft,pending_specialist_expansion_review,Licensed or otherwise appropriately qualified specialist for the jurisdiction and topic.,qualified_only,SP-STRUCTURED-EVIDENCE-ELIGIBLE,true,"Do not collect or retain sensitive case detail unless separately justified, consented, secured, and reviewed.","Using the Insurance, estate, and dependent protection protocol to rank worth, coerce participation, demand disclosure, override rest or care, certify competence, or justify decisions beyond the recorded context. | Treating a completed Insurance, estate, and dependent protection action, a polished artifact, agreement, confidence, speed, independence, or output as mastery or universal transfer.","Follow the material, equipment, consent and scope limits in the setup and each action. Use accessible document-location cards, an interpreter or independent legal assistance. A dependent or caregiver may need separate advocacy. Keep private documents in an appropriate secure place and never provide passwords to prove access. Coercion, suspected exploitation or disputed capacity requires qualified support rather than a family worksheet.","Pause Insurance, estate, and dependent protection when capacity, consent, authority, privacy, access, care duties, uncertainty, distress, fatigue, pain, resource scarcity, or changed circumstances make the next action unwise.","Stop the Insurance, estate, and dependent protection practice for harm, coercion, retaliation risk, emergency conditions, unsafe exposure, worsening symptoms, protected information, legal or policy conflict, or pressure to exceed the stated boundary.","Financial education only; tax, investment, insurance, estate, and benefits decisions may require licensed or jurisdiction-specific advice.","Qualified specialist approval recorded. | Jurisdictional, emergency, and vulnerable-person boundaries reviewed. | No unverified hotline, diagnosis, treatment, confrontation, or coercive exposure. | Evidence is qualified-only or non-scored unless separately approved."
PRACTICE-COMP-2307-CONSUMPTION-STATUS-AND-ENOUGHNESS-01,RISK-HIGH,draft,pending_specialist_expansion_review,Licensed or otherwise appropriately qualified specialist for the jurisdiction and topic.,qualified_only,SP-STRUCTURED-EVIDENCE-ELIGIBLE,true,"Do not collect or retain sensitive case detail unless separately justified, consented, secured, and reviewed.","Using the Consumption, status, and enoughness protocol to rank worth, coerce participation, demand disclosure, override rest or care, certify competence, or justify decisions beyond the recorded context. | Treating a completed Consumption, status, and enoughness action, a polished artifact, agreement, confidence, speed, independence, or output as mastery or universal transfer.","Follow the material, equipment, consent and scope limits in the setup and each action. Use any safe ordinary possession already available and no actual purchase when money or access is limited. A support person can compare disclosures without steering the decision. Do not equate scarcity with virtue or shame a person for accessibility, comfort, cultural expression or an essential replacement.","Pause Consumption, status, and enoughness when capacity, consent, authority, privacy, access, care duties, uncertainty, distress, fatigue, pain, resource scarcity, or changed circumstances make the next action unwise.","Stop the Consumption, status, and enoughness practice for harm, coercion, retaliation risk, emergency conditions, unsafe exposure, worsening symptoms, protected information, legal or policy conflict, or pressure to exceed the stated boundary.","Financial education only; tax, investment, insurance, estate, and benefits decisions may require licensed or jurisdiction-specific advice.","Qualified specialist approval recorded. | Jurisdictional, emergency, and vulnerable-person boundaries reviewed. | No unverified hotline, diagnosis, treatment, confrontation, or coercive exposure. | Evidence is qualified-only or non-scored unless separately approved."
PRACTICE-COMP-2308-GENEROSITY-AND-RESPONSIBLE-PROVISION-01,RISK-HIGH,draft,pending_specialist_expansion_review,Licensed or otherwise appropriately qualified specialist for the jurisdiction and topic.,qualified_only,SP-STRUCTURED-EVIDENCE-ELIGIBLE,true,"Do not collect or retain sensitive case detail unless separately justified, consented, secured, and reviewed.","Using the Generosity and responsible provision protocol to rank worth, coerce participation, demand disclosure, override rest or care, certify competence, or justify decisions beyond the recorded context. | Treating a completed Generosity and responsible provision action, a polished artifact, agreement, confidence, speed, independence, or output as mastery or universal transfer.","Follow the material, equipment, consent and scope limits in the setup and each action. Share verified knowledge, a permitted introduction, accessible materials or a small task when money is unavailable. Respect professional, fiduciary, workplace and privacy restrictions on what can be given. Ongoing dependence or essential care requires appropriate planning and qualified support, not abrupt withdrawal to demonstrate boundaries.","Pause Generosity and responsible provision when capacity, consent, authority, privacy, access, care duties, uncertainty, distress, fatigue, pain, resource scarcity, or changed circumstances make the next action unwise.","Stop the Generosity and responsible provision practice for harm, coercion, retaliation risk, emergency conditions, unsafe exposure, worsening symptoms, protected information, legal or policy conflict, or pressure to exceed the stated boundary.","Financial education only; tax, investment, insurance, estate, and benefits decisions may require licensed or jurisdiction-specific advice.","Qualified specialist approval recorded. | Jurisdictional, emergency, and vulnerable-person boundaries reviewed. | No unverified hotline, diagnosis, treatment, confrontation, or coercive exposure. | Evidence is qualified-only or non-scored unless separately approved."
PRACTICE-COMP-2309-FAMILY-AND-INTERGENERATIONAL-STEWARDSHIP-01,RISK-HIGH,draft,pending_specialist_expansion_review,Licensed or otherwise appropriately qualified specialist for the jurisdiction and topic.,qualified_only,SP-STRUCTURED-EVIDENCE-ELIGIBLE,true,"Do not collect or retain sensitive case detail unless separately justified, consented, secured, and reviewed.","Using the Family and intergenerational stewardship protocol to rank worth, coerce participation, demand disclosure, override rest or care, certify competence, or justify decisions beyond the recorded context. | Treating a completed Family and intergenerational stewardship action, a polished artifact, agreement, confidence, speed, independence, or output as mastery or universal transfer.","Follow the material, equipment, consent and scope limits in the setup and each action. Use fictional counters, a family history example or an independent educator when real money discussion is unsafe. Children need age-appropriate participation and elders retain dignity and lawful decision rights. Do not demand financial disclosure, infer incapacity from age or disability, or create informal legal documents in place of qualified advice.","Pause Family and intergenerational stewardship when capacity, consent, authority, privacy, access, care duties, uncertainty, distress, fatigue, pain, resource scarcity, or changed circumstances make the next action unwise.","Stop the Family and intergenerational stewardship practice for harm, coercion, retaliation risk, emergency conditions, unsafe exposure, worsening symptoms, protected information, legal or policy conflict, or pressure to exceed the stated boundary.","Financial education only; tax, investment, insurance, estate, and benefits decisions may require licensed or jurisdiction-specific advice.","Qualified specialist approval recorded. | Jurisdictional, emergency, and vulnerable-person boundaries reviewed. | No unverified hotline, diagnosis, treatment, confrontation, or coercive exposure. | Evidence is qualified-only or non-scored unless separately approved."
PRACTICE-COMP-2310-MATERIAL-AND-ECOLOGICAL-STEWARDSHIP-01,RISK-HIGH,draft,pending_specialist_expansion_review,Licensed or otherwise appropriately qualified specialist for the jurisdiction and topic.,qualified_only,SP-STRUCTURED-EVIDENCE-ELIGIBLE,true,"Do not collect or retain sensitive case detail unless separately justified, consented, secured, and reviewed.","Using the Material and ecological stewardship protocol to rank worth, coerce participation, demand disclosure, override rest or care, certify competence, or justify decisions beyond the recorded context. | Treating a completed Material and ecological stewardship action, a polished artifact, agreement, confidence, speed, independence, or output as mastery or universal transfer.","Follow the material, equipment, consent and scope limits in the setup and each action. Choose a small item and a care action within available energy, space and money. An accessible replacement can be reasonable when repair or reuse shifts excessive burden onto a person. Use an observation-only case when safe care cannot be done; label the practical action untested rather than claiming stewardship from intention.","Pause Material and ecological stewardship when capacity, consent, authority, privacy, access, care duties, uncertainty, distress, fatigue, pain, resource scarcity, or changed circumstances make the next action unwise.","Stop the Material and ecological stewardship practice for harm, coercion, retaliation risk, emergency conditions, unsafe exposure, worsening symptoms, protected information, legal or policy conflict, or pressure to exceed the stated boundary.","Financial education only; tax, investment, insurance, estate, and benefits decisions may require licensed or jurisdiction-specific advice.","Qualified specialist approval recorded. | Jurisdictional, emergency, and vulnerable-person boundaries reviewed. | No unverified hotline, diagnosis, treatment, confrontation, or coercive exposure. | Evidence is qualified-only or non-scored unless separately approved."
PRACTICE-COMP-2311-FINANCIAL-HARDSHIP-POVERTY-AND-CONSTRAINED-CHOICE-01,RISK-HIGH,draft,pending_specialist_expansion_review,Licensed or otherwise appropriately qualified specialist for the jurisdiction and topic.,qualified_only,SP-STRUCTURED-EVIDENCE-ELIGIBLE,true,"Do not collect or retain sensitive case detail unless separately justified, consented, secured, and reviewed.","Using the Financial hardship, poverty, and constrained choice protocol to rank worth, coerce participation, demand disclosure, override rest or care, certify competence, or justify decisions beyond the recorded context. | Treating a completed Financial hardship, poverty, and constrained choice action, a polished artifact, agreement, confidence, speed, independence, or output as mastery or universal transfer.","Follow the material, equipment, consent and scope limits in the setup and each action. Use an independent trusted helper, language access, disability support or a local legal-aid or benefits professional. Keep private case details outside the app. When circumstances involve coercive financial control, unsafe housing or immediate loss of essential care, prioritize suitable confidential and urgent support rather than a shared worksheet.","Pause Financial hardship, poverty, and constrained choice when capacity, consent, authority, privacy, access, care duties, uncertainty, distress, fatigue, pain, resource scarcity, or changed circumstances make the next action unwise.","Stop the Financial hardship, poverty, and constrained choice practice for harm, coercion, retaliation risk, emergency conditions, unsafe exposure, worsening symptoms, protected information, legal or policy conflict, or pressure to exceed the stated boundary.","Financial education only; tax, investment, insurance, estate, and benefits decisions may require licensed or jurisdiction-specific advice.","Qualified specialist approval recorded. | Jurisdictional, emergency, and vulnerable-person boundaries reviewed. | No unverified hotline, diagnosis, treatment, confrontation, or coercive exposure. | Evidence is qualified-only or non-scored unless separately approved."
PRACTICE-COMP-2312-FINANCIAL-RELATIONSHIPS-AND-SHARED-MONEY-01,RISK-HIGH,draft,pending_specialist_expansion_review,Licensed or otherwise appropriately qualified specialist for the jurisdiction and topic.,qualified_only,SP-STRUCTURED-EVIDENCE-ELIGIBLE,true,"Do not collect or retain sensitive case detail unless separately justified, consented, secured, and reviewed.","Using the Financial relationships and shared money protocol to rank worth, coerce participation, demand disclosure, override rest or care, certify competence, or justify decisions beyond the recorded context. | Treating a completed Financial relationships and shared money action, a polished artifact, agreement, confidence, speed, independence, or output as mastery or universal transfer.","Follow the material, equipment, consent and scope limits in the setup and each action. Use a neutral fictional case, separate preparation, an accessible communication method or a qualified mediator only when participation is safe and voluntary. Suspected financial abuse, retaliation, stalking or coercion calls for appropriate independent support; do not use joint disclosure or mediation to make an unsafe person more powerful.","Pause Financial relationships and shared money when capacity, consent, authority, privacy, access, care duties, uncertainty, distress, fatigue, pain, resource scarcity, or changed circumstances make the next action unwise.","Stop the Financial relationships and shared money practice for harm, coercion, retaliation risk, emergency conditions, unsafe exposure, worsening symptoms, protected information, legal or policy conflict, or pressure to exceed the stated boundary.","Financial education only; tax, investment, insurance, estate, and benefits decisions may require licensed or jurisdiction-specific advice.","Qualified specialist approval recorded. | Jurisdictional, emergency, and vulnerable-person boundaries reviewed. | No unverified hotline, diagnosis, treatment, confrontation, or coercive exposure. | Evidence is qualified-only or non-scored unless separately approved."
PRACTICE-COMP-2401-INCOME-NEGOTIATION-AND-CAREER-ECONOMICS-01,RISK-HIGH,draft,pending_specialist_expansion_review,Licensed or otherwise appropriately qualified specialist for the jurisdiction and topic.,qualified_only,SP-STRUCTURED-EVIDENCE-ELIGIBLE,true,"Do not collect or retain sensitive case detail unless separately justified, consented, secured, and reviewed.","Using the Income, negotiation, and career economics protocol to rank worth, coerce participation, demand disclosure, override rest or care, certify competence, or justify decisions beyond the recorded context. | Treating a completed Income, negotiation, and career economics action, a polished artifact, agreement, confidence, speed, independence, or output as mastery or universal transfer.","Follow the material, equipment, consent and scope limits in the setup and each action. Use an accessible written request, independent career adviser, union representative or trusted mentor within applicable rules. The fictional case is adequate when a real discussion could trigger retaliation or reveal protected information. Resolve legal, immigration, contract or benefits consequences through appropriate qualified support before acting.","Pause Income, negotiation, and career economics when capacity, consent, authority, privacy, access, care duties, uncertainty, distress, fatigue, pain, resource scarcity, or changed circumstances make the next action unwise.","Stop the Income, negotiation, and career economics practice for harm, coercion, retaliation risk, emergency conditions, unsafe exposure, worsening symptoms, protected information, legal or policy conflict, or pressure to exceed the stated boundary.","Business and economic education only; legal, tax, securities, employment, and regulatory questions require qualified advice.","Qualified specialist approval recorded. | Jurisdictional, emergency, and vulnerable-person boundaries reviewed. | No unverified hotline, diagnosis, treatment, confrontation, or coercive exposure. | Evidence is qualified-only or non-scored unless separately approved."
PRACTICE-COMP-2402-ENTREPRENEURSHIP-AND-VALUE-CREATION-01,RISK-HIGH,draft,pending_specialist_expansion_review,Licensed or otherwise appropriately qualified specialist for the jurisdiction and topic.,qualified_only,SP-STRUCTURED-EVIDENCE-ELIGIBLE,true,"Do not collect or retain sensitive case detail unless separately justified, consented, secured, and reviewed.","Using the Entrepreneurship and value creation protocol to rank worth, coerce participation, demand disclosure, override rest or care, certify competence, or justify decisions beyond the recorded context. | Treating a completed Entrepreneurship and value creation action, a polished artifact, agreement, confidence, speed, independence, or output as mastery or universal transfer.","Follow the material, equipment, consent and scope limits in the setup and each action. Use a fictional organizer and a clearly labeled usability rehearsal when access to a willing stakeholder is unavailable; actual customer value then remains untested. Use a spoken or accessible digital guide. Avoid sensitive information, regulated advice, spam, deceptive sales pressure or spending beyond a preselected small limit.","Pause Entrepreneurship and value creation when capacity, consent, authority, privacy, access, care duties, uncertainty, distress, fatigue, pain, resource scarcity, or changed circumstances make the next action unwise.","Stop the Entrepreneurship and value creation practice for harm, coercion, retaliation risk, emergency conditions, unsafe exposure, worsening symptoms, protected information, legal or policy conflict, or pressure to exceed the stated boundary.","Business and economic education only; legal, tax, securities, employment, and regulatory questions require qualified advice.","Qualified specialist approval recorded. | Jurisdictional, emergency, and vulnerable-person boundaries reviewed. | No unverified hotline, diagnosis, treatment, confrontation, or coercive exposure. | Evidence is qualified-only or non-scored unless separately approved."
PRACTICE-COMP-2403-BUSINESS-MARKETS-AND-ECONOMICS-01,RISK-HIGH,draft,pending_specialist_expansion_review,Licensed or otherwise appropriately qualified specialist for the jurisdiction and topic.,qualified_only,SP-STRUCTURED-EVIDENCE-ELIGIBLE,true,"Do not collect or retain sensitive case detail unless separately justified, consented, secured, and reviewed.","Using the Business, markets, and economics protocol to rank worth, coerce participation, demand disclosure, override rest or care, certify competence, or justify decisions beyond the recorded context. | Treating a completed Business, markets, and economics action, a polished artifact, agreement, confidence, speed, independence, or output as mastery or universal transfer.","Follow the material, equipment, consent and scope limits in the setup and each action. Use tokens or a diagram and keep all transactions fictional. An actual enterprise requires its own accounting, worker, privacy, consumer and tax obligations. Do not enter customer identifiers or perform a real regulated service to complete the case.","Pause Business, markets, and economics when capacity, consent, authority, privacy, access, care duties, uncertainty, distress, fatigue, pain, resource scarcity, or changed circumstances make the next action unwise.","Stop the Business, markets, and economics practice for harm, coercion, retaliation risk, emergency conditions, unsafe exposure, worsening symptoms, protected information, legal or policy conflict, or pressure to exceed the stated boundary.","Business and economic education only; legal, tax, securities, employment, and regulatory questions require qualified advice.","Qualified specialist approval recorded. | Jurisdictional, emergency, and vulnerable-person boundaries reviewed. | No unverified hotline, diagnosis, treatment, confrontation, or coercive exposure. | Evidence is qualified-only or non-scored unless separately approved."
PRACTICE-COMP-2404-CUSTOMER-DISCOVERY-AND-PROBLEM-VALIDATION-01,RISK-HIGH,draft,pending_specialist_expansion_review,Licensed or otherwise appropriately qualified specialist for the jurisdiction and topic.,qualified_only,SP-STRUCTURED-EVIDENCE-ELIGIBLE,true,"Do not collect or retain sensitive case detail unless separately justified, consented, secured, and reviewed.","Using the Customer discovery and problem validation protocol to rank worth, coerce participation, demand disclosure, override rest or care, certify competence, or justify decisions beyond the recorded context. | Treating a completed Customer discovery and problem validation action, a polished artifact, agreement, confidence, speed, independence, or output as mastery or universal transfer.","Follow the material, equipment, consent and scope limits in the setup and each action. Use accessible written or asynchronous interviews with the same neutral questions. A supplied fictional three-person case can rehearse analysis but does not substitute for actual discovery. Avoid minors, vulnerable groups, employer-confidential problems or regulated settings without proper permission and safeguards.","Pause Customer discovery and problem validation when capacity, consent, authority, privacy, access, care duties, uncertainty, distress, fatigue, pain, resource scarcity, or changed circumstances make the next action unwise.","Stop the Customer discovery and problem validation practice for harm, coercion, retaliation risk, emergency conditions, unsafe exposure, worsening symptoms, protected information, legal or policy conflict, or pressure to exceed the stated boundary.","Business and economic education only; legal, tax, securities, employment, and regulatory questions require qualified advice.","Qualified specialist approval recorded. | Jurisdictional, emergency, and vulnerable-person boundaries reviewed. | No unverified hotline, diagnosis, treatment, confrontation, or coercive exposure. | Evidence is qualified-only or non-scored unless separately approved."
PRACTICE-COMP-2405-BUSINESS-MODELS-PRICING-AND-UNIT-ECONOMICS-01,RISK-HIGH,draft,pending_specialist_expansion_review,Licensed or otherwise appropriately qualified specialist for the jurisdiction and topic.,qualified_only,SP-STRUCTURED-EVIDENCE-ELIGIBLE,true,"Do not collect or retain sensitive case detail unless separately justified, consented, secured, and reviewed.","Using the Business models, pricing, and unit economics protocol to rank worth, coerce participation, demand disclosure, override rest or care, certify competence, or justify decisions beyond the recorded context. | Treating a completed Business models, pricing, and unit economics action, a polished artifact, agreement, confidence, speed, independence, or output as mastery or universal transfer.","Follow the material, equipment, consent and scope limits in the setup and each action. Use a calculator, counters or a simple handwritten table. Keep all inputs fictional unless authorized to use non-sensitive business records. Actual pricing, tax, employment and financing decisions may require qualified advice; no sale, loan or securities offer is required.","Pause Business models, pricing, and unit economics when capacity, consent, authority, privacy, access, care duties, uncertainty, distress, fatigue, pain, resource scarcity, or changed circumstances make the next action unwise.","Stop the Business models, pricing, and unit economics practice for harm, coercion, retaliation risk, emergency conditions, unsafe exposure, worsening symptoms, protected information, legal or policy conflict, or pressure to exceed the stated boundary.","Business and economic education only; legal, tax, securities, employment, and regulatory questions require qualified advice.","Qualified specialist approval recorded. | Jurisdictional, emergency, and vulnerable-person boundaries reviewed. | No unverified hotline, diagnosis, treatment, confrontation, or coercive exposure. | Evidence is qualified-only or non-scored unless separately approved."
PRACTICE-COMP-2406-OPERATIONS-ACCOUNTING-AND-COMPLIANCE-01,RISK-HIGH,draft,pending_specialist_expansion_review,Licensed or otherwise appropriately qualified specialist for the jurisdiction and topic.,qualified_only,SP-STRUCTURED-EVIDENCE-ELIGIBLE,true,"Do not collect or retain sensitive case detail unless separately justified, consented, secured, and reviewed.","Using the Operations, accounting, and compliance protocol to rank worth, coerce participation, demand disclosure, override rest or care, certify competence, or justify decisions beyond the recorded context. | Treating a completed Operations, accounting, and compliance action, a polished artifact, agreement, confidence, speed, independence, or output as mastery or universal transfer.","Follow the material, equipment, consent and scope limits in the setup and each action. Use accessible forms, voice records or a paper folder with the same minimal fields. A sole operator can use delayed self-review but should label independence limits. Do not process actual payments, sign terms, collect sensitive customer data or perform licensed work as a test.","Pause Operations, accounting, and compliance when capacity, consent, authority, privacy, access, care duties, uncertainty, distress, fatigue, pain, resource scarcity, or changed circumstances make the next action unwise.","Stop the Operations, accounting, and compliance practice for harm, coercion, retaliation risk, emergency conditions, unsafe exposure, worsening symptoms, protected information, legal or policy conflict, or pressure to exceed the stated boundary.","Business and economic education only; legal, tax, securities, employment, and regulatory questions require qualified advice.","Qualified specialist approval recorded. | Jurisdictional, emergency, and vulnerable-person boundaries reviewed. | No unverified hotline, diagnosis, treatment, confrontation, or coercive exposure. | Evidence is qualified-only or non-scored unless separately approved."
PRACTICE-COMP-2407-COMPETITION-MONOPOLY-AND-MARKET-POWER-01,RISK-HIGH,draft,pending_specialist_expansion_review,Licensed or otherwise appropriately qualified specialist for the jurisdiction and topic.,qualified_only,SP-STRUCTURED-EVIDENCE-ELIGIBLE,true,"Do not collect or retain sensitive case detail unless separately justified, consented, secured, and reviewed.","Using the Competition, monopoly, and market power protocol to rank worth, coerce participation, demand disclosure, override rest or care, certify competence, or justify decisions beyond the recorded context. | Treating a completed Competition, monopoly, and market power action, a polished artifact, agreement, confidence, speed, independence, or output as mastery or universal transfer.","Follow the material, equipment, consent and scope limits in the setup and each action. Use a familiar non-sensitive service category and public educational material. Avoid accusations about a real business without adequate evidence. Current competition law and remedies vary by jurisdiction; use a qualified authority for actual conduct, merger or contract decisions.","Pause Competition, monopoly, and market power when capacity, consent, authority, privacy, access, care duties, uncertainty, distress, fatigue, pain, resource scarcity, or changed circumstances make the next action unwise.","Stop the Competition, monopoly, and market power practice for harm, coercion, retaliation risk, emergency conditions, unsafe exposure, worsening symptoms, protected information, legal or policy conflict, or pressure to exceed the stated boundary.","Business and economic education only; legal, tax, securities, employment, and regulatory questions require qualified advice.","Qualified specialist approval recorded. | Jurisdictional, emergency, and vulnerable-person boundaries reviewed. | No unverified hotline, diagnosis, treatment, confrontation, or coercive exposure. | Evidence is qualified-only or non-scored unless separately approved."
PRACTICE-COMP-2408-EXTERNALITIES-AND-FULL-COST-ACCOUNTING-01,RISK-HIGH,draft,pending_specialist_expansion_review,Licensed or otherwise appropriately qualified specialist for the jurisdiction and topic.,qualified_only,SP-STRUCTURED-EVIDENCE-ELIGIBLE,true,"Do not collect or retain sensitive case detail unless separately justified, consented, secured, and reviewed.","Using the Externalities and full-cost accounting protocol to rank worth, coerce participation, demand disclosure, override rest or care, certify competence, or justify decisions beyond the recorded context. | Treating a completed Externalities and full-cost accounting action, a polished artifact, agreement, confidence, speed, independence, or output as mastery or universal transfer.","Follow the material, equipment, consent and scope limits in the setup and each action. Use a tabletop when no real event or authority exists; label the actual mitigation untested. A remote event may have different energy, access and labor effects. Do not impose fees, alter public infrastructure or make environmental claims beyond reliable evidence and appropriate permission.","Pause Externalities and full-cost accounting when capacity, consent, authority, privacy, access, care duties, uncertainty, distress, fatigue, pain, resource scarcity, or changed circumstances make the next action unwise.","Stop the Externalities and full-cost accounting practice for harm, coercion, retaliation risk, emergency conditions, unsafe exposure, worsening symptoms, protected information, legal or policy conflict, or pressure to exceed the stated boundary.","Business and economic education only; legal, tax, securities, employment, and regulatory questions require qualified advice.","Qualified specialist approval recorded. | Jurisdictional, emergency, and vulnerable-person boundaries reviewed. | No unverified hotline, diagnosis, treatment, confrontation, or coercive exposure. | Evidence is qualified-only or non-scored unless separately approved."
PRACTICE-COMP-2409-MACROECONOMICS-AND-ECONOMIC-CYCLES-01,RISK-HIGH,draft,pending_specialist_expansion_review,Licensed or otherwise appropriately qualified specialist for the jurisdiction and topic.,qualified_only,SP-STRUCTURED-EVIDENCE-ELIGIBLE,true,"Do not collect or retain sensitive case detail unless separately justified, consented, secured, and reviewed.","Using the Macroeconomics and economic cycles protocol to rank worth, coerce participation, demand disclosure, override rest or care, certify competence, or justify decisions beyond the recorded context. | Treating a completed Macroeconomics and economic cycles action, a polished artifact, agreement, confidence, speed, independence, or output as mastery or universal transfer.","Follow the material, equipment, consent and scope limits in the setup and each action. Use a simple arrow diagram and spoken arithmetic. No live market or national data are required. For real economic claims, use dated official statistics with definitions and revisions; do not use this exercise to make personal trades or claim policy expertise.","Pause Macroeconomics and economic cycles when capacity, consent, authority, privacy, access, care duties, uncertainty, distress, fatigue, pain, resource scarcity, or changed circumstances make the next action unwise.","Stop the Macroeconomics and economic cycles practice for harm, coercion, retaliation risk, emergency conditions, unsafe exposure, worsening symptoms, protected information, legal or policy conflict, or pressure to exceed the stated boundary.","Business and economic education only; legal, tax, securities, employment, and regulatory questions require qualified advice.","Qualified specialist approval recorded. | Jurisdictional, emergency, and vulnerable-person boundaries reviewed. | No unverified hotline, diagnosis, treatment, confrontation, or coercive exposure. | Evidence is qualified-only or non-scored unless separately approved."
PRACTICE-COMP-2410-PUBLIC-FINANCE-TAXATION-AND-REDISTRIBUTION-01,RISK-HIGH,draft,pending_specialist_expansion_review,Licensed or otherwise appropriately qualified specialist for the jurisdiction and topic.,qualified_only,SP-STRUCTURED-EVIDENCE-ELIGIBLE,true,"Do not collect or retain sensitive case detail unless separately justified, consented, secured, and reviewed.","Using the Public finance, taxation, and redistribution protocol to rank worth, coerce participation, demand disclosure, override rest or care, certify competence, or justify decisions beyond the recorded context. | Treating a completed Public finance, taxation, and redistribution action, a polished artifact, agreement, confidence, speed, independence, or output as mastery or universal transfer.","Follow the material, equipment, consent and scope limits in the setup and each action. Use counters and a diagram rather than a spreadsheet. People may reasonably weigh equity and efficiency differently; require reasons rather than ideological agreement. Actual tax, borrowing or spending decisions belong to the relevant lawful institutions and qualified advisers.","Pause Public finance, taxation, and redistribution when capacity, consent, authority, privacy, access, care duties, uncertainty, distress, fatigue, pain, resource scarcity, or changed circumstances make the next action unwise.","Stop the Public finance, taxation, and redistribution practice for harm, coercion, retaliation risk, emergency conditions, unsafe exposure, worsening symptoms, protected information, legal or policy conflict, or pressure to exceed the stated boundary.","Business and economic education only; legal, tax, securities, employment, and regulatory questions require qualified advice.","Qualified specialist approval recorded. | Jurisdictional, emergency, and vulnerable-person boundaries reviewed. | No unverified hotline, diagnosis, treatment, confrontation, or coercive exposure. | Evidence is qualified-only or non-scored unless separately approved."
PRACTICE-COMP-2411-SOCIAL-INSURANCE-AND-WELFARE-STATE-DESIGN-01,RISK-HIGH,draft,pending_specialist_expansion_review,Licensed or otherwise appropriately qualified specialist for the jurisdiction and topic.,qualified_only,SP-STRUCTURED-EVIDENCE-ELIGIBLE,true,"Do not collect or retain sensitive case detail unless separately justified, consented, secured, and reviewed.","Using the Social insurance and welfare-state design protocol to rank worth, coerce participation, demand disclosure, override rest or care, certify competence, or justify decisions beyond the recorded context. | Treating a completed Social insurance and welfare-state design action, a polished artifact, agreement, confidence, speed, independence, or output as mastery or universal transfer.","Follow the material, equipment, consent and scope limits in the setup and each action. Use local official examples only with dates and clear jurisdiction labels. Personal eligibility, benefit cliffs and appeals require current qualified assistance. Never ask a participant to disclose health or income records or submit a false claim for practice.","Pause Social insurance and welfare-state design when capacity, consent, authority, privacy, access, care duties, uncertainty, distress, fatigue, pain, resource scarcity, or changed circumstances make the next action unwise.","Stop the Social insurance and welfare-state design practice for harm, coercion, retaliation risk, emergency conditions, unsafe exposure, worsening symptoms, protected information, legal or policy conflict, or pressure to exceed the stated boundary.","Business and economic education only; legal, tax, securities, employment, and regulatory questions require qualified advice.","Qualified specialist approval recorded. | Jurisdictional, emergency, and vulnerable-person boundaries reviewed. | No unverified hotline, diagnosis, treatment, confrontation, or coercive exposure. | Evidence is qualified-only or non-scored unless separately approved."
PRACTICE-COMP-2412-OWNERSHIP-GOVERNANCE-AND-ALTERNATIVE-ENTERPRISE-FORMS-01,RISK-HIGH,draft,pending_specialist_expansion_review,Licensed or otherwise appropriately qualified specialist for the jurisdiction and topic.,qualified_only,SP-STRUCTURED-EVIDENCE-ELIGIBLE,true,"Do not collect or retain sensitive case detail unless separately justified, consented, secured, and reviewed.","Using the Ownership, governance, and alternative enterprise forms protocol to rank worth, coerce participation, demand disclosure, override rest or care, certify competence, or justify decisions beyond the recorded context. | Treating a completed Ownership, governance, and alternative enterprise forms action, a polished artifact, agreement, confidence, speed, independence, or output as mastery or universal transfer.","Follow the material, equipment, consent and scope limits in the setup and each action. Use a diagram or role cards with an accessible explanation. A sole person can compare models without pretending to speak for future members. Actual worker, cooperative, nonprofit, public and investor arrangements require their own lawful authority and informed consent.","Pause Ownership, governance, and alternative enterprise forms when capacity, consent, authority, privacy, access, care duties, uncertainty, distress, fatigue, pain, resource scarcity, or changed circumstances make the next action unwise.","Stop the Ownership, governance, and alternative enterprise forms practice for harm, coercion, retaliation risk, emergency conditions, unsafe exposure, worsening symptoms, protected information, legal or policy conflict, or pressure to exceed the stated boundary.","Business and economic education only; legal, tax, securities, employment, and regulatory questions require qualified advice.","Qualified specialist approval recorded. | Jurisdictional, emergency, and vulnerable-person boundaries reviewed. | No unverified hotline, diagnosis, treatment, confrontation, or coercive exposure. | Evidence is qualified-only or non-scored unless separately approved."
PRACTICE-COMP-2413-RESPONSIBLE-INNOVATION-AND-TECHNOLOGICAL-CHANGE-01,RISK-HIGH,draft,pending_specialist_expansion_review,Licensed or otherwise appropriately qualified specialist for the jurisdiction and topic.,qualified_only,SP-STRUCTURED-EVIDENCE-ELIGIBLE,true,"Do not collect or retain sensitive case detail unless separately justified, consented, secured, and reviewed.","Using the Responsible innovation and technological change protocol to rank worth, coerce participation, demand disclosure, override rest or care, certify competence, or justify decisions beyond the recorded context. | Treating a completed Responsible innovation and technological change action, a polished artifact, agreement, confidence, speed, independence, or output as mastery or universal transfer.","Follow the material, equipment, consent and scope limits in the setup and each action. Use paper mockups and a manually drafted reminder instead of software. No artificial-intelligence service or external upload is required. Do not test on vulnerable users, real emergencies, health, hiring, benefits or other high-consequence decisions without the proper specialist and institutional process.","Pause Responsible innovation and technological change when capacity, consent, authority, privacy, access, care duties, uncertainty, distress, fatigue, pain, resource scarcity, or changed circumstances make the next action unwise.","Stop the Responsible innovation and technological change practice for harm, coercion, retaliation risk, emergency conditions, unsafe exposure, worsening symptoms, protected information, legal or policy conflict, or pressure to exceed the stated boundary.","Business and economic education only; legal, tax, securities, employment, and regulatory questions require qualified advice.","Qualified specialist approval recorded. | Jurisdictional, emergency, and vulnerable-person boundaries reviewed. | No unverified hotline, diagnosis, treatment, confrontation, or coercive exposure. | Evidence is qualified-only or non-scored unless separately approved."
PRACTICE-COMP-2414-GLOBAL-TRADE-DEVELOPMENT-AND-SUPPLY-CHAINS-01,RISK-HIGH,draft,pending_specialist_expansion_review,Licensed or otherwise appropriately qualified specialist for the jurisdiction and topic.,qualified_only,SP-STRUCTURED-EVIDENCE-ELIGIBLE,true,"Do not collect or retain sensitive case detail unless separately justified, consented, secured, and reviewed.","Using the Global trade, development, and supply chains protocol to rank worth, coerce participation, demand disclosure, override rest or care, certify competence, or justify decisions beyond the recorded context. | Treating a completed Global trade, development, and supply chains action, a polished artifact, agreement, confidence, speed, independence, or output as mastery or universal transfer.","Follow the material, equipment, consent and scope limits in the setup and each action. Use tokens and a hand-drawn chain. Real cross-border transactions can involve complex legal, safety, labor and tax requirements; consult current official authorities and qualified professionals. Do not contact restricted parties, move controlled goods or attempt to evade any rule as an exercise.","Pause Global trade, development, and supply chains when capacity, consent, authority, privacy, access, care duties, uncertainty, distress, fatigue, pain, resource scarcity, or changed circumstances make the next action unwise.","Stop the Global trade, development, and supply chains practice for harm, coercion, retaliation risk, emergency conditions, unsafe exposure, worsening symptoms, protected information, legal or policy conflict, or pressure to exceed the stated boundary.","Business and economic education only; legal, tax, securities, employment, and regulatory questions require qualified advice.","Qualified specialist approval recorded. | Jurisdictional, emergency, and vulnerable-person boundaries reviewed. | No unverified hotline, diagnosis, treatment, confrontation, or coercive exposure. | Evidence is qualified-only or non-scored unless separately approved."
PRACTICE-COMP-2501-REGULAR-CREATIVE-PRODUCTION-01,RISK-LOW,draft,pending,Trained content reviewer; specialist review when the actual topic introduces a moderate or high-risk context.,active_if_separately_approved,SP-STRUCTURED-EVIDENCE-ELIGIBLE,true,Collect only the minimum private context needed to run the practice; do not request identifying details about other people.,"Using the Regular creative production protocol to rank worth, coerce participation, demand disclosure, override rest or care, certify competence, or justify decisions beyond the recorded context. | Treating a completed Regular creative production action, a polished artifact, agreement, confidence, speed, independence, or output as mastery or universal transfer.","Follow the material, equipment, consent and scope limits in the setup and each action. Dictate, use symbols, make a short sound sequence or use another accessible safe medium. A five-minute version is legitimate when capacity is limited, but record its actual size. Avoid hazardous tools, copyrighted copying presented as original work and pressure to monetize or expose unfinished work publicly.","Pause Regular creative production when capacity, consent, authority, privacy, access, care duties, uncertainty, distress, fatigue, pain, resource scarcity, or changed circumstances make the next action unwise.","Stop the Regular creative production practice for harm, coercion, retaliation risk, emergency conditions, unsafe exposure, worsening symptoms, protected information, legal or policy conflict, or pressure to exceed the stated boundary.","Use qualified, local, or emergency support whenever the situation exceeds a voluntary low-stakes developmental practice.","Content, accessibility, privacy, and safety review complete. | Evidence and scoring contracts independently approved before score activation."
PRACTICE-COMP-2502-OBSERVATION-AND-IMAGINATION-01,RISK-LOW,draft,pending,Trained content reviewer; specialist review when the actual topic introduces a moderate or high-risk context.,active_if_separately_approved,SP-STRUCTURED-EVIDENCE-ELIGIBLE,true,Collect only the minimum private context needed to run the practice; do not request identifying details about other people.,"Using the Observation and imagination protocol to rank worth, coerce participation, demand disclosure, override rest or care, certify competence, or justify decisions beyond the recorded context. | Treating a completed Observation and imagination action, a polished artifact, agreement, confidence, speed, independence, or output as mastery or universal transfer.","Follow the material, equipment, consent and scope limits in the setup and each action. Use a tactile object, sound, accessible image description or verbal scene when a sense is unavailable. Observe objects or willing participants, not private behavior. Use familiar safe materials and a short duration; no sensory overload or forced public performance is required.","Pause Observation and imagination when capacity, consent, authority, privacy, access, care duties, uncertainty, distress, fatigue, pain, resource scarcity, or changed circumstances make the next action unwise.","Stop the Observation and imagination practice for harm, coercion, retaliation risk, emergency conditions, unsafe exposure, worsening symptoms, protected information, legal or policy conflict, or pressure to exceed the stated boundary.","Use qualified, local, or emergency support whenever the situation exceeds a voluntary low-stakes developmental practice.","Content, accessibility, privacy, and safety review complete. | Evidence and scoring contracts independently approved before score activation."
PRACTICE-COMP-2503-AESTHETIC-LITERACY-AND-TASTE-01,RISK-LOW,draft,pending,Trained content reviewer; specialist review when the actual topic introduces a moderate or high-risk context.,active_if_separately_approved,SP-STRUCTURED-EVIDENCE-ELIGIBLE,true,Collect only the minimum private context needed to run the practice; do not request identifying details about other people.,"Using the Aesthetic literacy and taste protocol to rank worth, coerce participation, demand disclosure, override rest or care, certify competence, or justify decisions beyond the recorded context. | Treating a completed Aesthetic literacy and taste action, a polished artifact, agreement, confidence, speed, independence, or output as mastery or universal transfer.","Follow the material, equipment, consent and scope limits in the setup and each action. Use spoken phrases, simple drawings, music fragments created by you or accessible descriptions under the same purpose-and-effect comparison. Do not require familiarity with prestigious works. Cultural conventions can change interpretation; name the assumed audience and keep alternative standards discussable.","Pause Aesthetic literacy and taste when capacity, consent, authority, privacy, access, care duties, uncertainty, distress, fatigue, pain, resource scarcity, or changed circumstances make the next action unwise.","Stop the Aesthetic literacy and taste practice for harm, coercion, retaliation risk, emergency conditions, unsafe exposure, worsening symptoms, protected information, legal or policy conflict, or pressure to exceed the stated boundary.","Use qualified, local, or emergency support whenever the situation exceeds a voluntary low-stakes developmental practice.","Content, accessibility, privacy, and safety review complete. | Evidence and scoring contracts independently approved before score activation."
PRACTICE-COMP-2504-MEDIUM-AND-TECHNIQUE-01,RISK-LOW,draft,pending,Trained content reviewer; specialist review when the actual topic introduces a moderate or high-risk context.,active_if_separately_approved,SP-STRUCTURED-EVIDENCE-ELIGIBLE,true,Collect only the minimum private context needed to run the practice; do not request identifying details about other people.,"Using the Medium and technique protocol to rank worth, coerce participation, demand disclosure, override rest or care, certify competence, or justify decisions beyond the recorded context. | Treating a completed Medium and technique action, a polished artifact, agreement, confidence, speed, independence, or output as mastery or universal transfer.","Follow the material, equipment, consent and scope limits in the setup and each action. Use text, tactile arrangement, gesture, sound notation or another familiar safe medium with equivalent comparison. Assistive technology is part of the medium, not a penalty. Do not introduce solvents, cutting tools, loud sound or physical strain to make the task more authentic.","Pause Medium and technique when capacity, consent, authority, privacy, access, care duties, uncertainty, distress, fatigue, pain, resource scarcity, or changed circumstances make the next action unwise.","Stop the Medium and technique practice for harm, coercion, retaliation risk, emergency conditions, unsafe exposure, worsening symptoms, protected information, legal or policy conflict, or pressure to exceed the stated boundary.","Use qualified, local, or emergency support whenever the situation exceeds a voluntary low-stakes developmental practice.","Content, accessibility, privacy, and safety review complete. | Evidence and scoring contracts independently approved before score activation."
PRACTICE-COMP-2505-ORIGINALITY-THROUGH-SYNTHESIS-01,RISK-LOW,draft,pending,Trained content reviewer; specialist review when the actual topic introduces a moderate or high-risk context.,active_if_separately_approved,SP-STRUCTURED-EVIDENCE-ELIGIBLE,true,Collect only the minimum private context needed to run the practice; do not request identifying details about other people.,"Using the Originality through synthesis protocol to rank worth, coerce participation, demand disclosure, override rest or care, certify competence, or justify decisions beyond the recorded context. | Treating a completed Originality through synthesis action, a polished artifact, agreement, confidence, speed, independence, or output as mastery or universal transfer.","Follow the material, equipment, consent and scope limits in the setup and each action. Use an accessible spoken invitation, simple graphic arrangement or another safe form with the same three functions. For external works, verify permission and license conditions before reuse, and remember that credit does not itself grant permission. Cultural or restricted material needs the appropriate community and rights-holder context.","Pause Originality through synthesis when capacity, consent, authority, privacy, access, care duties, uncertainty, distress, fatigue, pain, resource scarcity, or changed circumstances make the next action unwise.","Stop the Originality through synthesis practice for harm, coercion, retaliation risk, emergency conditions, unsafe exposure, worsening symptoms, protected information, legal or policy conflict, or pressure to exceed the stated boundary.","Use qualified, local, or emergency support whenever the situation exceeds a voluntary low-stakes developmental practice.","Content, accessibility, privacy, and safety review complete. | Evidence and scoring contracts independently approved before score activation."
PRACTICE-COMP-2506-CREATIVE-COURAGE-AND-EXPERIMENTATION-01,RISK-LOW,draft,pending,Trained content reviewer; specialist review when the actual topic introduces a moderate or high-risk context.,active_if_separately_approved,SP-STRUCTURED-EVIDENCE-ELIGIBLE,true,Collect only the minimum private context needed to run the practice; do not request identifying details about other people.,"Using the Creative courage and experimentation protocol to rank worth, coerce participation, demand disclosure, override rest or care, certify competence, or justify decisions beyond the recorded context. | Treating a completed Creative courage and experimentation action, a polished artifact, agreement, confidence, speed, independence, or output as mastery or universal transfer.","Follow the material, equipment, consent and scope limits in the setup and each action. Use audio, drawing, movement notation or another accessible safe form. Share privately with a trusted person or use delayed self-review. Do not expose sensitive material, accept humiliating feedback or perform physically risky acts to demonstrate creative courage.","Pause Creative courage and experimentation when capacity, consent, authority, privacy, access, care duties, uncertainty, distress, fatigue, pain, resource scarcity, or changed circumstances make the next action unwise.","Stop the Creative courage and experimentation practice for harm, coercion, retaliation risk, emergency conditions, unsafe exposure, worsening symptoms, protected information, legal or policy conflict, or pressure to exceed the stated boundary.","Use qualified, local, or emergency support whenever the situation exceeds a voluntary low-stakes developmental practice.","Content, accessibility, privacy, and safety review complete. | Evidence and scoring contracts independently approved before score activation."
PRACTICE-COMP-2507-REVISION-FINISHING-AND-PUBLICATION-01,RISK-LOW,draft,pending,Trained content reviewer; specialist review when the actual topic introduces a moderate or high-risk context.,active_if_separately_approved,SP-STRUCTURED-EVIDENCE-ELIGIBLE,true,Collect only the minimum private context needed to run the practice; do not request identifying details about other people.,"Using the Revision, finishing, and publication protocol to rank worth, coerce participation, demand disclosure, override rest or care, certify competence, or justify decisions beyond the recorded context. | Treating a completed Revision, finishing, and publication action, a polished artifact, agreement, confidence, speed, independence, or output as mastery or universal transfer.","Follow the material, equipment, consent and scope limits in the setup and each action. Use a private accessible exchange, read aloud, provide a transcript or choose a small trusted audience. A self-only review can prepare the piece but does not count as reaching another person. Defer release when safety, privacy or permission cannot be protected.","Pause Revision, finishing, and publication when capacity, consent, authority, privacy, access, care duties, uncertainty, distress, fatigue, pain, resource scarcity, or changed circumstances make the next action unwise.","Stop the Revision, finishing, and publication practice for harm, coercion, retaliation risk, emergency conditions, unsafe exposure, worsening symptoms, protected information, legal or policy conflict, or pressure to exceed the stated boundary.","Use qualified, local, or emergency support whenever the situation exceeds a voluntary low-stakes developmental practice.","Content, accessibility, privacy, and safety review complete. | Evidence and scoring contracts independently approved before score activation."
PRACTICE-COMP-2508-CREATIVE-COLLABORATION-01,RISK-LOW,draft,pending,Trained content reviewer; specialist review when the actual topic introduces a moderate or high-risk context.,active_if_separately_approved,SP-STRUCTURED-EVIDENCE-ELIGIBLE,true,Collect only the minimum private context needed to run the practice; do not request identifying details about other people.,"Using the Creative collaboration protocol to rank worth, coerce participation, demand disclosure, override rest or care, certify competence, or justify decisions beyond the recorded context. | Treating a completed Creative collaboration action, a polished artifact, agreement, confidence, speed, independence, or output as mastery or universal transfer.","Follow the material, equipment, consent and scope limits in the setup and each action. Use asynchronous text, AAC, translated communication or a small accessible division of labor. A solo rehearsal can practice negotiating alternatives but cannot establish actual collaboration. For paid or public work, clarify rights and compensation through an appropriate agreement rather than relying on this exercise.","Pause Creative collaboration when capacity, consent, authority, privacy, access, care duties, uncertainty, distress, fatigue, pain, resource scarcity, or changed circumstances make the next action unwise.","Stop the Creative collaboration practice for harm, coercion, retaliation risk, emergency conditions, unsafe exposure, worsening symptoms, protected information, legal or policy conflict, or pressure to exceed the stated boundary.","Use qualified, local, or emergency support whenever the situation exceeds a voluntary low-stakes developmental practice.","Content, accessibility, privacy, and safety review complete. | Evidence and scoring contracts independently approved before score activation."
PRACTICE-COMP-2509-ART-AS-TRUTH-MEMORY-AND-MORAL-IMAGINATION-01,RISK-LOW,draft,pending,Trained content reviewer; specialist review when the actual topic introduces a moderate or high-risk context.,active_if_separately_approved,SP-STRUCTURED-EVIDENCE-ELIGIBLE,true,Collect only the minimum private context needed to run the practice; do not request identifying details about other people.,"Using the Art as truth, memory, and moral imagination protocol to rank worth, coerce participation, demand disclosure, override rest or care, certify competence, or justify decisions beyond the recorded context. | Treating a completed Art as truth, memory, and moral imagination action, a polished artifact, agreement, confidence, speed, independence, or output as mastery or universal transfer.","Follow the material, equipment, consent and scope limits in the setup and each action. Use a dialogue, audio description, collage of original words or another safe accessible form. Keep the case fictional when real experience is painful or private. Art is not a substitute for professional support, historical research or the right of people to tell their own stories.","Pause Art as truth, memory, and moral imagination when capacity, consent, authority, privacy, access, care duties, uncertainty, distress, fatigue, pain, resource scarcity, or changed circumstances make the next action unwise.","Stop the Art as truth, memory, and moral imagination practice for harm, coercion, retaliation risk, emergency conditions, unsafe exposure, worsening symptoms, protected information, legal or policy conflict, or pressure to exceed the stated boundary.","Use qualified, local, or emergency support whenever the situation exceeds a voluntary low-stakes developmental practice.","Content, accessibility, privacy, and safety review complete. | Evidence and scoring contracts independently approved before score activation."
PRACTICE-COMP-2510-CULTURAL-AND-HISTORICAL-LITERACY-01,RISK-LOW,draft,pending,Trained content reviewer; specialist review when the actual topic introduces a moderate or high-risk context.,active_if_separately_approved,SP-STRUCTURED-EVIDENCE-ELIGIBLE,true,Collect only the minimum private context needed to run the practice; do not request identifying details about other people.,"Using the Cultural and historical literacy protocol to rank worth, coerce participation, demand disclosure, override rest or care, certify competence, or justify decisions beyond the recorded context. | Treating a completed Cultural and historical literacy action, a polished artifact, agreement, confidence, speed, independence, or output as mastery or universal transfer.","Follow the material, equipment, consent and scope limits in the setup and each action. Use museum audio, text descriptions, large print or a library’s accessible catalog. Choose other publicly documented works if the defaults are inaccessible or unsuitable. Respect customary access, religious meaning and community authority; availability online does not settle every ethical reuse question.","Pause Cultural and historical literacy when capacity, consent, authority, privacy, access, care duties, uncertainty, distress, fatigue, pain, resource scarcity, or changed circumstances make the next action unwise.","Stop the Cultural and historical literacy practice for harm, coercion, retaliation risk, emergency conditions, unsafe exposure, worsening symptoms, protected information, legal or policy conflict, or pressure to exceed the stated boundary.","Use qualified, local, or emergency support whenever the situation exceeds a voluntary low-stakes developmental practice.","Content, accessibility, privacy, and safety review complete. | Evidence and scoring contracts independently approved before score activation."
PRACTICE-COMP-2511-PERSONAL-STYLE-AND-AESTHETIC-ENVIRONMENT-01,RISK-LOW,draft,pending,Trained content reviewer; specialist review when the actual topic introduces a moderate or high-risk context.,active_if_separately_approved,SP-STRUCTURED-EVIDENCE-ELIGIBLE,true,Collect only the minimum private context needed to run the practice; do not request identifying details about other people.,"Using the Personal style and aesthetic environment protocol to rank worth, coerce participation, demand disclosure, override rest or care, certify competence, or justify decisions beyond the recorded context. | Treating a completed Personal style and aesthetic environment action, a polished artifact, agreement, confidence, speed, independence, or output as mastery or universal transfer.","Follow the material, equipment, consent and scope limits in the setup and each action. Use a clothing combination, digital workspace or tactile arrangement when a physical corner is unavailable. Preserve assistive devices and sensory needs. Aesthetic coherence can be achieved without buying, discarding useful possessions or conforming to gender, class or cultural stereotypes.","Pause Personal style and aesthetic environment when capacity, consent, authority, privacy, access, care duties, uncertainty, distress, fatigue, pain, resource scarcity, or changed circumstances make the next action unwise.","Stop the Personal style and aesthetic environment practice for harm, coercion, retaliation risk, emergency conditions, unsafe exposure, worsening symptoms, protected information, legal or policy conflict, or pressure to exceed the stated boundary.","Use qualified, local, or emergency support whenever the situation exceeds a voluntary low-stakes developmental practice.","Content, accessibility, privacy, and safety review complete. | Evidence and scoring contracts independently approved before score activation."
PRACTICE-COMP-2512-COMMUNAL-CRAFT-AND-TRADITION-BEARING-01,RISK-LOW,draft,pending,Trained content reviewer; specialist review when the actual topic introduces a moderate or high-risk context.,active_if_separately_approved,SP-STRUCTURED-EVIDENCE-ELIGIBLE,true,Collect only the minimum private context needed to run the practice; do not request identifying details about other people.,"Using the Communal craft and tradition-bearing protocol to rank worth, coerce participation, demand disclosure, override rest or care, certify competence, or justify decisions beyond the recorded context. | Treating a completed Communal craft and tradition-bearing action, a polished artifact, agreement, confidence, speed, independence, or output as mastery or universal transfer.","Follow the material, equipment, consent and scope limits in the setup and each action. Use a publicly shared accessible beginner form or an ordinary inherited practice freely offered by someone you know. Declining access is a legitimate boundary, not an obstacle to bypass. Do not record secretly, commercialize the lesson or pressure a practitioner to share protected knowledge.","Pause Communal craft and tradition-bearing when capacity, consent, authority, privacy, access, care duties, uncertainty, distress, fatigue, pain, resource scarcity, or changed circumstances make the next action unwise.","Stop the Communal craft and tradition-bearing practice for harm, coercion, retaliation risk, emergency conditions, unsafe exposure, worsening symptoms, protected information, legal or policy conflict, or pressure to exceed the stated boundary.","Use qualified, local, or emergency support whenever the situation exceeds a voluntary low-stakes developmental practice.","Content, accessibility, privacy, and safety review complete. | Evidence and scoring contracts independently approved before score activation."
PRACTICE-COMP-2513-CULTURAL-APPROPRIATION-EXCHANGE-AND-ATTRIBUTION-01,RISK-LOW,draft,pending,Trained content reviewer; specialist review when the actual topic introduces a moderate or high-risk context.,active_if_separately_approved,SP-STRUCTURED-EVIDENCE-ELIGIBLE,true,Collect only the minimum private context needed to run the practice; do not request identifying details about other people.,"Using the Cultural appropriation, exchange, and attribution protocol to rank worth, coerce participation, demand disclosure, override rest or care, certify competence, or justify decisions beyond the recorded context. | Treating a completed Cultural appropriation, exchange, and attribution action, a polished artifact, agreement, confidence, speed, independence, or output as mastery or universal transfer.","Follow the material, equipment, consent and scope limits in the setup and each action. Use the fictional cases when cultural access or power dynamics are uncertain. Seek an appropriately authorized practitioner, community institution, rights holder or legal adviser for real use. Do not demand free cultural education, force consensus among community members or disclose restricted material while asking whether it is restricted.","Pause Cultural appropriation, exchange, and attribution when capacity, consent, authority, privacy, access, care duties, uncertainty, distress, fatigue, pain, resource scarcity, or changed circumstances make the next action unwise.","Stop the Cultural appropriation, exchange, and attribution practice for harm, coercion, retaliation risk, emergency conditions, unsafe exposure, worsening symptoms, protected information, legal or policy conflict, or pressure to exceed the stated boundary.","Use qualified, local, or emergency support whenever the situation exceeds a voluntary low-stakes developmental practice.","Content, accessibility, privacy, and safety review complete. | Evidence and scoring contracts independently approved before score activation."
PRACTICE-COMP-2602-REST-AND-LEISURE-01,RISK-MODERATE,draft,pending,Relevant specialist or domain-qualified human reviewer before expansion release or score activation.,shadow_only,SP-STRUCTURED-EVIDENCE-ELIGIBLE,true,"Store no diagnoses, allegations, third-party secrets, or unnecessary sensitive narrative; prefer category-level signals.","Using the Rest and leisure protocol to rank worth, coerce participation, demand disclosure, override rest or care, certify competence, or justify decisions beyond the recorded context. | Treating a completed Rest and leisure action, a polished artifact, agreement, confidence, speed, independence, or output as mastery or universal transfer.","Follow the material, equipment, consent and scope limits in the setup and each action. Use shorter periods, low-sensory recreation, supported rest or accessible media. Caregiving, shift work, disability and scarcity can limit options; do not shame a person for those constraints. Screen-based leisure can be legitimate when freely chosen and fitting, and offline leisure is not automatically superior.","Pause Rest and leisure when capacity, consent, authority, privacy, access, care duties, uncertainty, distress, fatigue, pain, resource scarcity, or changed circumstances make the next action unwise.","Stop the Rest and leisure practice for harm, coercion, retaliation risk, emergency conditions, unsafe exposure, worsening symptoms, protected information, legal or policy conflict, or pressure to exceed the stated boundary.","Use qualified, local, or emergency support whenever the situation exceeds a voluntary low-stakes developmental practice.","Specialist safety review complete. | Misuse, exclusion, stop, and escalation paths tested in content and UI. | Scoring remains shadow-only until a separate activation decision."
PRACTICE-COMP-2603-HOBBIES-AND-LIFELONG-INTERESTS-01,RISK-MODERATE,draft,pending,Relevant specialist or domain-qualified human reviewer before expansion release or score activation.,shadow_only,SP-STRUCTURED-EVIDENCE-ELIGIBLE,true,"Store no diagnoses, allegations, third-party secrets, or unnecessary sensitive narrative; prefer category-level signals.","Using the Hobbies and lifelong interests protocol to rank worth, coerce participation, demand disclosure, override rest or care, certify competence, or justify decisions beyond the recorded context. | Treating a completed Hobbies and lifelong interests action, a polished artifact, agreement, confidence, speed, independence, or output as mastery or universal transfer.","Follow the material, equipment, consent and scope limits in the setup and each action. Use accessible puzzles, listening, collecting observations, low-movement craft or another safe affordable form. No public group is necessary. Avoid hobbies involving gambling, hazardous equipment, unaffordable collecting or pressure to overcome pain or sensory limits.","Pause Hobbies and lifelong interests when capacity, consent, authority, privacy, access, care duties, uncertainty, distress, fatigue, pain, resource scarcity, or changed circumstances make the next action unwise.","Stop the Hobbies and lifelong interests practice for harm, coercion, retaliation risk, emergency conditions, unsafe exposure, worsening symptoms, protected information, legal or policy conflict, or pressure to exceed the stated boundary.","Use qualified, local, or emergency support whenever the situation exceeds a voluntary low-stakes developmental practice.","Specialist safety review complete. | Misuse, exclusion, stop, and escalation paths tested in content and UI. | Scoring remains shadow-only until a separate activation decision."
PRACTICE-COMP-2604-NATURE-CONNECTION-AND-ECOLOGICAL-AWARENESS-01,RISK-MODERATE,draft,pending,Relevant specialist or domain-qualified human reviewer before expansion release or score activation.,shadow_only,SP-STRUCTURED-EVIDENCE-ELIGIBLE,true,"Store no diagnoses, allegations, third-party secrets, or unnecessary sensitive narrative; prefer category-level signals.","Using the Nature connection and ecological awareness protocol to rank worth, coerce participation, demand disclosure, override rest or care, certify competence, or justify decisions beyond the recorded context. | Treating a completed Nature connection and ecological awareness action, a polished artifact, agreement, confidence, speed, independence, or output as mastery or universal transfer.","Follow the material, equipment, consent and scope limits in the setup and each action. Use a window, accessible garden, soundscape or approved virtual observation project when outdoor access is limited. A virtual view can support attention but should not be called a physical visit. Follow current weather, access and health constraints and do not disclose sensitive wildlife locations publicly.","Pause Nature connection and ecological awareness when capacity, consent, authority, privacy, access, care duties, uncertainty, distress, fatigue, pain, resource scarcity, or changed circumstances make the next action unwise.","Stop the Nature connection and ecological awareness practice for harm, coercion, retaliation risk, emergency conditions, unsafe exposure, worsening symptoms, protected information, legal or policy conflict, or pressure to exceed the stated boundary.","Use qualified, local, or emergency support whenever the situation exceeds a voluntary low-stakes developmental practice.","Specialist safety review complete. | Misuse, exclusion, stop, and escalation paths tested in content and UI. | Scoring remains shadow-only until a separate activation decision."
PRACTICE-COMP-2605-OUTDOOR-COMPETENCE-AND-RESPONSIBLE-RECREATION-01,RISK-MODERATE,draft,pending,Relevant specialist or domain-qualified human reviewer before expansion release or score activation.,shadow_only,SP-STRUCTURED-EVIDENCE-ELIGIBLE,true,"Store no diagnoses, allegations, third-party secrets, or unnecessary sensitive narrative; prefer category-level signals.","Using the Outdoor competence and responsible recreation protocol to rank worth, coerce participation, demand disclosure, override rest or care, certify competence, or justify decisions beyond the recorded context. | Treating a completed Outdoor competence and responsible recreation action, a polished artifact, agreement, confidence, speed, independence, or output as mastery or universal transfer.","Follow the material, equipment, consent and scope limits in the setup and each action. Use a seated park visit, accessible path, supported route or tabletop when conditions are unsuitable. Keep prescribed and assistive supports. Do not enter heat, cold, storms, unsafe terrain or water to create a challenge; qualified instruction is required for specialized environments and skills.","Pause Outdoor competence and responsible recreation when capacity, consent, authority, privacy, access, care duties, uncertainty, distress, fatigue, pain, resource scarcity, or changed circumstances make the next action unwise.","Stop the Outdoor competence and responsible recreation practice for harm, coercion, retaliation risk, emergency conditions, unsafe exposure, worsening symptoms, protected information, legal or policy conflict, or pressure to exceed the stated boundary.","Use qualified, local, or emergency support whenever the situation exceeds a voluntary low-stakes developmental practice.","Specialist safety review complete. | Misuse, exclusion, stop, and escalation paths tested in content and UI. | Scoring remains shadow-only until a separate activation decision."
PRACTICE-COMP-2606-TRAVEL-GEOGRAPHY-AND-PLACE-01,RISK-MODERATE,draft,pending,Relevant specialist or domain-qualified human reviewer before expansion release or score activation.,shadow_only,SP-STRUCTURED-EVIDENCE-ELIGIBLE,true,"Store no diagnoses, allegations, third-party secrets, or unnecessary sensitive narrative; prefer category-level signals.","Using the Travel, geography, and place protocol to rank worth, coerce participation, demand disclosure, override rest or care, certify competence, or justify decisions beyond the recorded context. | Treating a completed Travel, geography, and place action, a polished artifact, agreement, confidence, speed, independence, or output as mastery or universal transfer.","Follow the material, equipment, consent and scope limits in the setup and each action. Use a free local site or accessible official virtual exhibit. A person can learn respectfully without travel, photography or spending. International journeys need current official document, health and safety checks; this exercise does not replace them or require contact with unsafe people or settings.","Pause Travel, geography, and place when capacity, consent, authority, privacy, access, care duties, uncertainty, distress, fatigue, pain, resource scarcity, or changed circumstances make the next action unwise.","Stop the Travel, geography, and place practice for harm, coercion, retaliation risk, emergency conditions, unsafe exposure, worsening symptoms, protected information, legal or policy conflict, or pressure to exceed the stated boundary.","Use qualified, local, or emergency support whenever the situation exceeds a voluntary low-stakes developmental practice.","Specialist safety review complete. | Misuse, exclusion, stop, and escalation paths tested in content and UI. | Scoring remains shadow-only until a separate activation decision."
PRACTICE-COMP-2607-CROSS-CULTURAL-EXPLORATION-01,RISK-MODERATE,draft,pending,Relevant specialist or domain-qualified human reviewer before expansion release or score activation.,shadow_only,SP-STRUCTURED-EVIDENCE-ELIGIBLE,true,"Store no diagnoses, allegations, third-party secrets, or unnecessary sensitive narrative; prefer category-level signals.","Using the Cross-cultural exploration protocol to rank worth, coerce participation, demand disclosure, override rest or care, certify competence, or justify decisions beyond the recorded context. | Treating a completed Cross-cultural exploration action, a polished artifact, agreement, confidence, speed, independence, or output as mastery or universal transfer.","Follow the material, equipment, consent and scope limits in the setup and each action. Use a reliable community-authored accessible account when an event is unavailable or participation would conflict with conscience. Respectful learning does not require adopting a belief or approving every practice. Avoid forced disclosure, intrusive photography and expectations of unpaid cultural education.","Pause Cross-cultural exploration when capacity, consent, authority, privacy, access, care duties, uncertainty, distress, fatigue, pain, resource scarcity, or changed circumstances make the next action unwise.","Stop the Cross-cultural exploration practice for harm, coercion, retaliation risk, emergency conditions, unsafe exposure, worsening symptoms, protected information, legal or policy conflict, or pressure to exceed the stated boundary.","Use qualified, local, or emergency support whenever the situation exceeds a voluntary low-stakes developmental practice.","Specialist safety review complete. | Misuse, exclusion, stop, and escalation paths tested in content and UI. | Scoring remains shadow-only until a separate activation decision."
PRACTICE-COMP-2608-ADVENTURE-AND-CALCULATED-CHALLENGE-01,RISK-MODERATE,draft,pending,Relevant specialist or domain-qualified human reviewer before expansion release or score activation.,shadow_only,SP-STRUCTURED-EVIDENCE-ELIGIBLE,true,"Store no diagnoses, allegations, third-party secrets, or unnecessary sensitive narrative; prefer category-level signals.","Using the Adventure and calculated challenge protocol to rank worth, coerce participation, demand disclosure, override rest or care, certify competence, or justify decisions beyond the recorded context. | Treating a completed Adventure and calculated challenge action, a polished artifact, agreement, confidence, speed, independence, or output as mastery or universal transfer.","Follow the material, equipment, consent and scope limits in the setup and each action. Use an accessible indoor route, supported outing or another ordinary novelty with a safe retreat. A tabletop rehearses preparation but not the real attempt. Trauma, panic, severe anxiety or dangerous settings require appropriate qualified support rather than self-directed escalation.","Pause Adventure and calculated challenge when capacity, consent, authority, privacy, access, care duties, uncertainty, distress, fatigue, pain, resource scarcity, or changed circumstances make the next action unwise.","Stop the Adventure and calculated challenge practice for harm, coercion, retaliation risk, emergency conditions, unsafe exposure, worsening symptoms, protected information, legal or policy conflict, or pressure to exceed the stated boundary.","Use qualified, local, or emergency support whenever the situation exceeds a voluntary low-stakes developmental practice.","Specialist safety review complete. | Misuse, exclusion, stop, and escalation paths tested in content and UI. | Scoring remains shadow-only until a separate activation decision."
PRACTICE-COMP-2609-WONDER-AND-AWE-01,RISK-MODERATE,draft,pending,Relevant specialist or domain-qualified human reviewer before expansion release or score activation.,shadow_only,SP-STRUCTURED-EVIDENCE-ELIGIBLE,true,"Store no diagnoses, allegations, third-party secrets, or unnecessary sensitive narrative; prefer category-level signals.","Using the Wonder and awe protocol to rank worth, coerce participation, demand disclosure, override rest or care, certify competence, or justify decisions beyond the recorded context. | Treating a completed Wonder and awe action, a polished artifact, agreement, confidence, speed, independence, or output as mastery or universal transfer.","Follow the material, equipment, consent and scope limits in the setup and each action. Use an accessible description, sound, tactile object, window view or familiar craft. Do not seek dangerous heights, overwhelming sensory conditions, substances or distress to produce awe. A secular, religious or uncertain interpretation can be legitimate without being imposed on others.","Pause Wonder and awe when capacity, consent, authority, privacy, access, care duties, uncertainty, distress, fatigue, pain, resource scarcity, or changed circumstances make the next action unwise.","Stop the Wonder and awe practice for harm, coercion, retaliation risk, emergency conditions, unsafe exposure, worsening symptoms, protected information, legal or policy conflict, or pressure to exceed the stated boundary.","Use qualified, local, or emergency support whenever the situation exceeds a voluntary low-stakes developmental practice.","Specialist safety review complete. | Misuse, exclusion, stop, and escalation paths tested in content and UI. | Scoring remains shadow-only until a separate activation decision."
PRACTICE-COMP-2610-COMMUNAL-FESTIVITY-AND-CELEBRATION-01,RISK-MODERATE,draft,pending,Relevant specialist or domain-qualified human reviewer before expansion release or score activation.,shadow_only,SP-STRUCTURED-EVIDENCE-ELIGIBLE,true,"Store no diagnoses, allegations, third-party secrets, or unnecessary sensitive narrative; prefer category-level signals.","Using the Communal festivity and celebration protocol to rank worth, coerce participation, demand disclosure, override rest or care, certify competence, or justify decisions beyond the recorded context. | Treating a completed Communal festivity and celebration action, a polished artifact, agreement, confidence, speed, independence, or output as mastery or universal transfer.","Follow the material, equipment, consent and scope limits in the setup and each action. Use an accessible call, messages, a quiet ritual or a small family or neighborhood form already welcomed by participants. Respect grief, fatigue, sobriety, disability and different beliefs. Celebration can be simple and need not erase serious unfinished responsibilities.","Pause Communal festivity and celebration when capacity, consent, authority, privacy, access, care duties, uncertainty, distress, fatigue, pain, resource scarcity, or changed circumstances make the next action unwise.","Stop the Communal festivity and celebration practice for harm, coercion, retaliation risk, emergency conditions, unsafe exposure, worsening symptoms, protected information, legal or policy conflict, or pressure to exceed the stated boundary.","Use qualified, local, or emergency support whenever the situation exceeds a voluntary low-stakes developmental practice.","Specialist safety review complete. | Misuse, exclusion, stop, and escalation paths tested in content and UI. | Scoring remains shadow-only until a separate activation decision."
PRACTICE-COMP-2611-COMMUNAL-RECREATION-AND-INCLUSIVE-PLAY-01,RISK-MODERATE,draft,pending,Relevant specialist or domain-qualified human reviewer before expansion release or score activation.,shadow_only,SP-STRUCTURED-EVIDENCE-ELIGIBLE,true,"Store no diagnoses, allegations, third-party secrets, or unnecessary sensitive narrative; prefer category-level signals.","Using the Communal recreation and inclusive play protocol to rank worth, coerce participation, demand disclosure, override rest or care, certify competence, or justify decisions beyond the recorded context. | Treating a completed Communal recreation and inclusive play action, a polished artifact, agreement, confidence, speed, independence, or output as mastery or universal transfer.","Follow the material, equipment, consent and scope limits in the setup and each action. Use asynchronous messages, tactile or sound-based prompts, a quiet observer role or a different familiar game with the same consent and barrier-removal process. Nobody must compete, move, pay or disclose to count as included. Stop if teasing, coercion, unsafe behavior or persistent exclusion develops.","Pause Communal recreation and inclusive play when capacity, consent, authority, privacy, access, care duties, uncertainty, distress, fatigue, pain, resource scarcity, or changed circumstances make the next action unwise.","Stop the Communal recreation and inclusive play practice for harm, coercion, retaliation risk, emergency conditions, unsafe exposure, worsening symptoms, protected information, legal or policy conflict, or pressure to exceed the stated boundary.","Use qualified, local, or emergency support whenever the situation exceeds a voluntary low-stakes developmental practice.","Specialist safety review complete. | Misuse, exclusion, stop, and escalation paths tested in content and UI. | Scoring remains shadow-only until a separate activation decision."
PRACTICE-COMP-2612-PILGRIMAGE-AND-MEANINGFUL-JOURNEY-01,RISK-MODERATE,draft,pending,Relevant specialist or domain-qualified human reviewer before expansion release or score activation.,shadow_only,SP-STRUCTURED-EVIDENCE-ELIGIBLE,true,"Store no diagnoses, allegations, third-party secrets, or unnecessary sensitive narrative; prefer category-level signals.","Using the Pilgrimage and meaningful journey protocol to rank worth, coerce participation, demand disclosure, override rest or care, certify competence, or justify decisions beyond the recorded context. | Treating a completed Pilgrimage and meaningful journey action, a polished artifact, agreement, confidence, speed, independence, or output as mastery or universal transfer.","Follow the material, equipment, consent and scope limits in the setup and each action. Use a short accessible route, supported visit, window view of a meaningful place or authorized virtual account. A religious, secular or uncertain pathway is legitimate. Do not seek exhaustion, trespass, unsafe travel or ritual access against local boundaries to make the journey count.","Pause Pilgrimage and meaningful journey when capacity, consent, authority, privacy, access, care duties, uncertainty, distress, fatigue, pain, resource scarcity, or changed circumstances make the next action unwise.","Stop the Pilgrimage and meaningful journey practice for harm, coercion, retaliation risk, emergency conditions, unsafe exposure, worsening symptoms, protected information, legal or policy conflict, or pressure to exceed the stated boundary.","Use qualified, local, or emergency support whenever the situation exceeds a voluntary low-stakes developmental practice.","Specialist safety review complete. | Misuse, exclusion, stop, and escalation paths tested in content and UI. | Scoring remains shadow-only until a separate activation decision."
PRACTICE-COMP-2613-HUMOR-DELIGHT-AND-LIGHTNESS-01,RISK-MODERATE,draft,pending,Relevant specialist or domain-qualified human reviewer before expansion release or score activation.,shadow_only,SP-STRUCTURED-EVIDENCE-ELIGIBLE,true,"Store no diagnoses, allegations, third-party secrets, or unnecessary sensitive narrative; prefer category-level signals.","Using the Humor, delight, and lightness protocol to rank worth, coerce participation, demand disclosure, override rest or care, certify competence, or justify decisions beyond the recorded context. | Treating a completed Humor, delight, and lightness action, a polished artifact, agreement, confidence, speed, independence, or output as mastery or universal transfer.","Follow the material, equipment, consent and scope limits in the setup and each action. Use wordplay, visual or signed humor, gentle absurdity or private delight in an ordinary thing. Different cultures and communication styles interpret humor differently. In grief, illness, conflict or crisis, prioritize the person’s stated needs and do not use humor to avoid care or accountability.","Pause Humor, delight, and lightness when capacity, consent, authority, privacy, access, care duties, uncertainty, distress, fatigue, pain, resource scarcity, or changed circumstances make the next action unwise.","Stop the Humor, delight, and lightness practice for harm, coercion, retaliation risk, emergency conditions, unsafe exposure, worsening symptoms, protected information, legal or policy conflict, or pressure to exceed the stated boundary.","Use qualified, local, or emergency support whenever the situation exceeds a voluntary low-stakes developmental practice.","Specialist safety review complete. | Misuse, exclusion, stop, and escalation paths tested in content and UI. | Scoring remains shadow-only until a separate activation decision."
PRACTICE-COMP-2614-ECOLOGICAL-RELATIONSHIP-AND-RECIPROCAL-STEWARDSHIP-01,RISK-MODERATE,draft,pending,Relevant specialist or domain-qualified human reviewer before expansion release or score activation.,shadow_only,SP-STRUCTURED-EVIDENCE-ELIGIBLE,true,"Store no diagnoses, allegations, third-party secrets, or unnecessary sensitive narrative; prefer category-level signals.","Using the Ecological relationship and reciprocal stewardship protocol to rank worth, coerce participation, demand disclosure, override rest or care, certify competence, or justify decisions beyond the recorded context. | Treating a completed Ecological relationship and reciprocal stewardship action, a polished artifact, agreement, confidence, speed, independence, or output as mastery or universal transfer.","Follow the material, equipment, consent and scope limits in the setup and each action. Use accessible observation, data transcription or another authorized remote task when physical access is limited. A virtual contribution supports the named project but is not a field visit. Do not undertake hazardous cleanup, restoration, wildlife handling or invasive-species removal without the required training and permission.","Pause Ecological relationship and reciprocal stewardship when capacity, consent, authority, privacy, access, care duties, uncertainty, distress, fatigue, pain, resource scarcity, or changed circumstances make the next action unwise.","Stop the Ecological relationship and reciprocal stewardship practice for harm, coercion, retaliation risk, emergency conditions, unsafe exposure, worsening symptoms, protected information, legal or policy conflict, or pressure to exceed the stated boundary.","Use qualified, local, or emergency support whenever the situation exceeds a voluntary low-stakes developmental practice.","Specialist safety review complete. | Misuse, exclusion, stop, and escalation paths tested in content and UI. | Scoring remains shadow-only until a separate activation decision."
PRACTICE-COMP-2701-LIFE-ARCHITECTURE-01,RISK-LOW,draft,pending,Trained content reviewer; specialist review when the actual topic introduces a moderate or high-risk context.,active_if_separately_approved,SP-STRUCTURED-EVIDENCE-ELIGIBLE,true,Collect only the minimum private context needed to run the practice; do not request identifying details about other people.,"Using the Life architecture protocol to rank worth, coerce participation, demand disclosure, override rest or care, certify competence, or justify decisions beyond the recorded context. | Treating a completed Life architecture action, a polished artifact, agreement, confidence, speed, independence, or output as mastery or universal transfer.","Follow the material, equipment, consent and scope limits in the setup and each action. Use a paper strip, audio notes, tactile cards or a trusted planning aid. Reduce each action to a genuinely useful accessible version without substituting intentions for action. A fictional week tests planning only. Do not enter sensitive calendar, financial or health details into the application.","Pause Life architecture when capacity, consent, authority, privacy, access, care duties, uncertainty, distress, fatigue, pain, resource scarcity, or changed circumstances make the next action unwise.","Stop the Life architecture practice for harm, coercion, retaliation risk, emergency conditions, unsafe exposure, worsening symptoms, protected information, legal or policy conflict, or pressure to exceed the stated boundary.","Use qualified, local, or emergency support whenever the situation exceeds a voluntary low-stakes developmental practice.","Content, accessibility, privacy, and safety review complete. | Evidence and scoring contracts independently approved before score activation."
PRACTICE-COMP-2702-BALANCING-COMPETING-GOODS-01,RISK-LOW,draft,pending,Trained content reviewer; specialist review when the actual topic introduces a moderate or high-risk context.,active_if_separately_approved,SP-STRUCTURED-EVIDENCE-ELIGIBLE,true,Collect only the minimum private context needed to run the practice; do not request identifying details about other people.,"Using the Balancing competing goods protocol to rank worth, coerce participation, demand disclosure, override rest or care, certify competence, or justify decisions beyond the recorded context. | Treating a completed Balancing competing goods action, a polished artifact, agreement, confidence, speed, independence, or output as mastery or universal transfer.","Follow the material, equipment, consent and scope limits in the setup and each action. Use two alternatives and spoken notes if comparing three is burdensome, but retain the unchosen good and actual limit. A support person may help clarify options without choosing for you. Defer choices involving urgent care, coercion or high consequences to the appropriate people and procedures.","Pause Balancing competing goods when capacity, consent, authority, privacy, access, care duties, uncertainty, distress, fatigue, pain, resource scarcity, or changed circumstances make the next action unwise.","Stop the Balancing competing goods practice for harm, coercion, retaliation risk, emergency conditions, unsafe exposure, worsening symptoms, protected information, legal or policy conflict, or pressure to exceed the stated boundary.","Use qualified, local, or emergency support whenever the situation exceeds a voluntary low-stakes developmental practice.","Content, accessibility, privacy, and safety review complete. | Evidence and scoring contracts independently approved before score activation."
PRACTICE-COMP-2703-SEASONS-AND-CHANGING-EMPHASIS-01,RISK-HIGH,draft,pending_specialist_expansion_review,Licensed or otherwise appropriately qualified specialist for the jurisdiction and topic.,qualified_only,SP-STRUCTURED-EVIDENCE-ELIGIBLE,true,"Do not collect or retain sensitive case detail unless separately justified, consented, secured, and reviewed.","Using the Seasons and changing emphasis protocol to rank worth, coerce participation, demand disclosure, override rest or care, certify competence, or justify decisions beyond the recorded context. | Treating a completed Seasons and changing emphasis action, a polished artifact, agreement, confidence, speed, independence, or output as mastery or universal transfer.","Follow the material, equipment, consent and scope limits in the setup and each action. Use symbols, a short conversation or a helper chosen by the participant. When capacity is very limited, one protected essential action may be the entire feasible practice. Rehearsal supports planning but does not demonstrate caregiving, recovery or a lived transition.","Pause Seasons and changing emphasis when capacity, consent, authority, privacy, access, care duties, uncertainty, distress, fatigue, pain, resource scarcity, or changed circumstances make the next action unwise.","Stop the Seasons and changing emphasis practice for harm, coercion, retaliation risk, emergency conditions, unsafe exposure, worsening symptoms, protected information, legal or policy conflict, or pressure to exceed the stated boundary.","Use qualified, local, or emergency support whenever the situation exceeds a voluntary low-stakes developmental practice.","Qualified specialist approval recorded. | Jurisdictional, emergency, and vulnerable-person boundaries reviewed. | No unverified hotline, diagnosis, treatment, confrontation, or coercive exposure. | Evidence is qualified-only or non-scored unless separately approved."
PRACTICE-COMP-2704-ROLES-AND-RESPONSIBILITY-PORTFOLIO-01,RISK-LOW,draft,pending,Trained content reviewer; specialist review when the actual topic introduces a moderate or high-risk context.,active_if_separately_approved,SP-STRUCTURED-EVIDENCE-ELIGIBLE,true,Collect only the minimum private context needed to run the practice; do not request identifying details about other people.,"Using the Roles and responsibility portfolio protocol to rank worth, coerce participation, demand disclosure, override rest or care, certify competence, or justify decisions beyond the recorded context. | Treating a completed Roles and responsibility portfolio action, a polished artifact, agreement, confidence, speed, independence, or output as mastery or universal transfer.","Follow the material, equipment, consent and scope limits in the setup and each action. Use only the roles actually held and allow relational or communal names that fit the participant’s culture. A trusted adviser can help identify obligations, but cannot erase another person’s rights. Sensitive role details stay in private notes; the application needs only the listed observations.","Pause Roles and responsibility portfolio when capacity, consent, authority, privacy, access, care duties, uncertainty, distress, fatigue, pain, resource scarcity, or changed circumstances make the next action unwise.","Stop the Roles and responsibility portfolio practice for harm, coercion, retaliation risk, emergency conditions, unsafe exposure, worsening symptoms, protected information, legal or policy conflict, or pressure to exceed the stated boundary.","Use qualified, local, or emergency support whenever the situation exceeds a voluntary low-stakes developmental practice.","Content, accessibility, privacy, and safety review complete. | Evidence and scoring contracts independently approved before score activation."
PRACTICE-COMP-2705-PERSONAL-OPERATING-REVIEWS-01,RISK-LOW,draft,pending,Trained content reviewer; specialist review when the actual topic introduces a moderate or high-risk context.,active_if_separately_approved,SP-STRUCTURED-EVIDENCE-ELIGIBLE,true,Collect only the minimum private context needed to run the practice; do not request identifying details about other people.,"Using the Personal operating reviews protocol to rank worth, coerce participation, demand disclosure, override rest or care, certify competence, or justify decisions beyond the recorded context. | Treating a completed Personal operating reviews action, a polished artifact, agreement, confidence, speed, independence, or output as mastery or universal transfer.","Follow the material, equipment, consent and scope limits in the setup and each action. Use a voice checklist, accessible reminder or a ten-minute supported conversation. During constrained periods scan only urgent safety and binding obligations, labeling the rest unreviewed rather than satisfactory. A synthetic page tests review mechanics but not actual follow-through.","Pause Personal operating reviews when capacity, consent, authority, privacy, access, care duties, uncertainty, distress, fatigue, pain, resource scarcity, or changed circumstances make the next action unwise.","Stop the Personal operating reviews practice for harm, coercion, retaliation risk, emergency conditions, unsafe exposure, worsening symptoms, protected information, legal or policy conflict, or pressure to exceed the stated boundary.","Use qualified, local, or emergency support whenever the situation exceeds a voluntary low-stakes developmental practice.","Content, accessibility, privacy, and safety review complete. | Evidence and scoring contracts independently approved before score activation."
PRACTICE-COMP-2706-GOALS-AS-EXPERIMENTS-01,RISK-LOW,draft,pending,Trained content reviewer; specialist review when the actual topic introduces a moderate or high-risk context.,active_if_separately_approved,SP-STRUCTURED-EVIDENCE-ELIGIBLE,true,Collect only the minimum private context needed to run the practice; do not request identifying details about other people.,"Using the Goals as experiments protocol to rank worth, coerce participation, demand disclosure, override rest or care, certify competence, or justify decisions beyond the recorded context. | Treating a completed Goals as experiments action, a polished artifact, agreement, confidence, speed, independence, or output as mastery or universal transfer.","Follow the material, equipment, consent and scope limits in the setup and each action. Shorten sessions, use text or assistive communication, or choose another low-risk pursuit with an equally observable small output. A rehearsal cannot establish audience understanding. Do not use this trial to self-direct hazardous training, treatment changes or irreversible life decisions.","Pause Goals as experiments when capacity, consent, authority, privacy, access, care duties, uncertainty, distress, fatigue, pain, resource scarcity, or changed circumstances make the next action unwise.","Stop the Goals as experiments practice for harm, coercion, retaliation risk, emergency conditions, unsafe exposure, worsening symptoms, protected information, legal or policy conflict, or pressure to exceed the stated boundary.","Use qualified, local, or emergency support whenever the situation exceeds a voluntary low-stakes developmental practice.","Content, accessibility, privacy, and safety review complete. | Evidence and scoring contracts independently approved before score activation."
PRACTICE-COMP-2707-TRANSITION-PREPAREDNESS-01,RISK-LOW,draft,pending,Trained content reviewer; specialist review when the actual topic introduces a moderate or high-risk context.,active_if_separately_approved,SP-STRUCTURED-EVIDENCE-ELIGIBLE,true,Collect only the minimum private context needed to run the practice; do not request identifying details about other people.,"Using the Transition preparedness protocol to rank worth, coerce participation, demand disclosure, override rest or care, certify competence, or justify decisions beyond the recorded context. | Treating a completed Transition preparedness action, a polished artifact, agreement, confidence, speed, independence, or output as mastery or universal transfer.","Follow the material, equipment, consent and scope limits in the setup and each action. Use a visual sequence, interpreter, audio plan or trusted supporter chosen by the affected person. A fictional case is useful when no transition is foreseeable but proves planning only. If current danger, care disruption or serious symptoms appear, use appropriate timely support instead of continuing the exercise.","Pause Transition preparedness when capacity, consent, authority, privacy, access, care duties, uncertainty, distress, fatigue, pain, resource scarcity, or changed circumstances make the next action unwise.","Stop the Transition preparedness practice for harm, coercion, retaliation risk, emergency conditions, unsafe exposure, worsening symptoms, protected information, legal or policy conflict, or pressure to exceed the stated boundary.","Use qualified, local, or emergency support whenever the situation exceeds a voluntary low-stakes developmental practice.","Content, accessibility, privacy, and safety review complete. | Evidence and scoring contracts independently approved before score activation."
PRACTICE-COMP-2708-AMBITION-AND-CONTENTMENT-01,RISK-LOW,draft,pending,Trained content reviewer; specialist review when the actual topic introduces a moderate or high-risk context.,active_if_separately_approved,SP-STRUCTURED-EVIDENCE-ELIGIBLE,true,Collect only the minimum private context needed to run the practice; do not request identifying details about other people.,"Using the Ambition and contentment protocol to rank worth, coerce participation, demand disclosure, override rest or care, certify competence, or justify decisions beyond the recorded context. | Treating a completed Ambition and contentment action, a polished artifact, agreement, confidence, speed, independence, or output as mastery or universal transfer.","Follow the material, equipment, consent and scope limits in the setup and each action. Use a smaller output, adapted craft method, spoken guide or supported reader check. Appreciation can be simple acknowledgement; a positive mood is not required. Required safety or professional standards are not negotiable sufficiency experiments.","Pause Ambition and contentment when capacity, consent, authority, privacy, access, care duties, uncertainty, distress, fatigue, pain, resource scarcity, or changed circumstances make the next action unwise.","Stop the Ambition and contentment practice for harm, coercion, retaliation risk, emergency conditions, unsafe exposure, worsening symptoms, protected information, legal or policy conflict, or pressure to exceed the stated boundary.","Use qualified, local, or emergency support whenever the situation exceeds a voluntary low-stakes developmental practice.","Content, accessibility, privacy, and safety review complete. | Evidence and scoring contracts independently approved before score activation."
PRACTICE-COMP-2709-COHERENCE-WITHOUT-RIGIDITY-01,RISK-LOW,draft,pending,Trained content reviewer; specialist review when the actual topic introduces a moderate or high-risk context.,active_if_separately_approved,SP-STRUCTURED-EVIDENCE-ELIGIBLE,true,Collect only the minimum private context needed to run the practice; do not request identifying details about other people.,"Using the Coherence without rigidity protocol to rank worth, coerce participation, demand disclosure, override rest or care, certify competence, or justify decisions beyond the recorded context. | Treating a completed Coherence without rigidity action, a polished artifact, agreement, confidence, speed, independence, or output as mastery or universal transfer.","Follow the material, equipment, consent and scope limits in the setup and each action. Use a written arrangement, visual cue or planning support. When another person cannot safely be consulted, choose a wholly self-controlled low-stakes method or use the fictional case. Do not experiment with medication, emergency response, consent, professional duties or another person’s rights.","Pause Coherence without rigidity when capacity, consent, authority, privacy, access, care duties, uncertainty, distress, fatigue, pain, resource scarcity, or changed circumstances make the next action unwise.","Stop the Coherence without rigidity practice for harm, coercion, retaliation risk, emergency conditions, unsafe exposure, worsening symptoms, protected information, legal or policy conflict, or pressure to exceed the stated boundary.","Use qualified, local, or emergency support whenever the situation exceeds a voluntary low-stakes developmental practice.","Content, accessibility, privacy, and safety review complete. | Evidence and scoring contracts independently approved before score activation."
PRACTICE-COMP-2710-MENTORSHIP-AND-GENERATIVITY-01,RISK-LOW,draft,pending,Trained content reviewer; specialist review when the actual topic introduces a moderate or high-risk context.,active_if_separately_approved,SP-STRUCTURED-EVIDENCE-ELIGIBLE,true,Collect only the minimum private context needed to run the practice; do not request identifying details about other people.,"Using the Mentorship and generativity protocol to rank worth, coerce participation, demand disclosure, override rest or care, certify competence, or justify decisions beyond the recorded context. | Treating a completed Mentorship and generativity action, a polished artifact, agreement, confidence, speed, independence, or output as mastery or universal transfer.","Follow the material, equipment, consent and scope limits in the setup and each action. Use text, AAC, interpretation, screen-reader-friendly material or a different safe everyday skill. Without a willing learner, prepare and test the reminder alone but label mentorship transfer untested. Minors, vulnerable adults and formal training require the setting’s proper consent, safeguarding and supervision.","Pause Mentorship and generativity when capacity, consent, authority, privacy, access, care duties, uncertainty, distress, fatigue, pain, resource scarcity, or changed circumstances make the next action unwise.","Stop the Mentorship and generativity practice for harm, coercion, retaliation risk, emergency conditions, unsafe exposure, worsening symptoms, protected information, legal or policy conflict, or pressure to exceed the stated boundary.","Use qualified, local, or emergency support whenever the situation exceeds a voluntary low-stakes developmental practice.","Content, accessibility, privacy, and safety review complete. | Evidence and scoring contracts independently approved before score activation."
PRACTICE-COMP-2711-LEGACY-IN-PEOPLE-INSTITUTIONS-AND-WORKS-01,RISK-LOW,draft,pending,Trained content reviewer; specialist review when the actual topic introduces a moderate or high-risk context.,active_if_separately_approved,SP-STRUCTURED-EVIDENCE-ELIGIBLE,true,Collect only the minimum private context needed to run the practice; do not request identifying details about other people.,"Using the Legacy in people, institutions, and works protocol to rank worth, coerce participation, demand disclosure, override rest or care, certify competence, or justify decisions beyond the recorded context. | Treating a completed Legacy in people, institutions, and works action, a polished artifact, agreement, confidence, speed, independence, or output as mastery or universal transfer.","Follow the material, equipment, consent and scope limits in the setup and each action. Use an audio guide, tactile label, demonstration or accessible shared note instead of print. A private family or friend contribution is as legitimate as a public institution. Cultural knowledge may require restricted access or no documentation; legal or serious-harm repair needs appropriate processes rather than this small project.","Pause Legacy in people, institutions, and works when capacity, consent, authority, privacy, access, care duties, uncertainty, distress, fatigue, pain, resource scarcity, or changed circumstances make the next action unwise.","Stop the Legacy in people, institutions, and works practice for harm, coercion, retaliation risk, emergency conditions, unsafe exposure, worsening symptoms, protected information, legal or policy conflict, or pressure to exceed the stated boundary.","Use qualified, local, or emergency support whenever the situation exceeds a voluntary low-stakes developmental practice.","Content, accessibility, privacy, and safety review complete. | Evidence and scoring contracts independently approved before score activation."
PRACTICE-COMP-2712-ANNUAL-RECKONING-AND-RECOMMITMENT-01,RISK-LOW,draft,pending,Trained content reviewer; specialist review when the actual topic introduces a moderate or high-risk context.,active_if_separately_approved,SP-STRUCTURED-EVIDENCE-ELIGIBLE,true,Collect only the minimum private context needed to run the practice; do not request identifying details about other people.,"Using the Annual reckoning and recommitment protocol to rank worth, coerce participation, demand disclosure, override rest or care, certify competence, or justify decisions beyond the recorded context. | Treating a completed Annual reckoning and recommitment action, a polished artifact, agreement, confidence, speed, independence, or output as mastery or universal transfer.","Follow the material, equipment, consent and scope limits in the setup and each action. Use audio, drawings or a trusted reflective conversation with consent. Review one month or season when a year is unavailable, labeling the shorter scope. Grief, memory difficulty or limited records do not require forced reconstruction; appropriate support may matter more than completing an account.","Pause Annual reckoning and recommitment when capacity, consent, authority, privacy, access, care duties, uncertainty, distress, fatigue, pain, resource scarcity, or changed circumstances make the next action unwise.","Stop the Annual reckoning and recommitment practice for harm, coercion, retaliation risk, emergency conditions, unsafe exposure, worsening symptoms, protected information, legal or policy conflict, or pressure to exceed the stated boundary.","Use qualified, local, or emergency support whenever the situation exceeds a voluntary low-stakes developmental practice.","Content, accessibility, privacy, and safety review complete. | Evidence and scoring contracts independently approved before score activation."
PRACTICE-COMP-2713-APPLICABILITY-ROLE-CHOICE-AND-THE-RIGHT-TO-LEAVE-DOMAINS-UNCHOSEN-01,RISK-LOW,draft,pending,Trained content reviewer; specialist review when the actual topic introduces a moderate or high-risk context.,active_if_separately_approved,SP-STRUCTURED-EVIDENCE-ELIGIBLE,true,Collect only the minimum private context needed to run the practice; do not request identifying details about other people.,"Using the Applicability, role choice, and the right to leave domains unchosen protocol to rank worth, coerce participation, demand disclosure, override rest or care, certify competence, or justify decisions beyond the recorded context. | Treating a completed Applicability, role choice, and the right to leave domains unchosen action, a polished artifact, agreement, confidence, speed, independence, or output as mastery or universal transfer.","Follow the material, equipment, consent and scope limits in the setup and each action. Use culturally appropriate role names and a private verbal reflection. A role may be revisited without shame, and an inaccessible path need not become a permanent identity declaration. Seek appropriate support when coercion, dependence or legal responsibility makes a role decision unsafe or consequential.","Pause Applicability, role choice, and the right to leave domains unchosen when capacity, consent, authority, privacy, access, care duties, uncertainty, distress, fatigue, pain, resource scarcity, or changed circumstances make the next action unwise.","Stop the Applicability, role choice, and the right to leave domains unchosen practice for harm, coercion, retaliation risk, emergency conditions, unsafe exposure, worsening symptoms, protected information, legal or policy conflict, or pressure to exceed the stated boundary.","Use qualified, local, or emergency support whenever the situation exceeds a voluntary low-stakes developmental practice.","Content, accessibility, privacy, and safety review complete. | Evidence and scoring contracts independently approved before score activation."
PRACTICE-COMP-2714-MULTIPLE-PATHWAYS-TO-FLOURISHING-01,RISK-LOW,draft,pending,Trained content reviewer; specialist review when the actual topic introduces a moderate or high-risk context.,active_if_separately_approved,SP-STRUCTURED-EVIDENCE-ELIGIBLE,true,Collect only the minimum private context needed to run the practice; do not request identifying details about other people.,"Using the Multiple pathways to flourishing protocol to rank worth, coerce participation, demand disclosure, override rest or care, certify competence, or justify decisions beyond the recorded context. | Treating a completed Multiple pathways to flourishing action, a polished artifact, agreement, confidence, speed, independence, or output as mastery or universal transfer.","Follow the material, equipment, consent and scope limits in the setup and each action. The exercise itself may be completed through AAC, interpretation, audio, tactile material or a trusted facilitator. Choose an alternative compatible with conscience and legitimate community boundaries. For regulated, clinical or safety-critical tasks, obtain the proper accessible assessment and qualified guidance rather than declaring an informal substitute equivalent.","Pause Multiple pathways to flourishing when capacity, consent, authority, privacy, access, care duties, uncertainty, distress, fatigue, pain, resource scarcity, or changed circumstances make the next action unwise.","Stop the Multiple pathways to flourishing practice for harm, coercion, retaliation risk, emergency conditions, unsafe exposure, worsening symptoms, protected information, legal or policy conflict, or pressure to exceed the stated boundary.","Use qualified, local, or emergency support whenever the situation exceeds a voluntary low-stakes developmental practice.","Content, accessibility, privacy, and safety review complete. | Evidence and scoring contracts independently approved before score activation."
PRACTICE-COMP-2715-RECEIVING-AS-WELL-AS-ACHIEVING-01,RISK-LOW,draft,pending,Trained content reviewer; specialist review when the actual topic introduces a moderate or high-risk context.,active_if_separately_approved,SP-STRUCTURED-EVIDENCE-ELIGIBLE,true,Collect only the minimum private context needed to run the practice; do not request identifying details about other people.,"Using the Receiving as well as achieving protocol to rank worth, coerce participation, demand disclosure, override rest or care, certify competence, or justify decisions beyond the recorded context. | Treating a completed Receiving as well as achieving action, a polished artifact, agreement, confidence, speed, independence, or output as mastery or universal transfer.","Follow the material, equipment, consent and scope limits in the setup and each action. Use a public resource, accessible contemplation or a remembered inheritance when interpersonal help is unavailable, but label remembered reflection separately from current receiving. No one must accept touch, care, religious framing, celebration or contact that conflicts with safety or conscience.","Pause Receiving as well as achieving when capacity, consent, authority, privacy, access, care duties, uncertainty, distress, fatigue, pain, resource scarcity, or changed circumstances make the next action unwise.","Stop the Receiving as well as achieving practice for harm, coercion, retaliation risk, emergency conditions, unsafe exposure, worsening symptoms, protected information, legal or policy conflict, or pressure to exceed the stated boundary.","Use qualified, local, or emergency support whenever the situation exceeds a voluntary low-stakes developmental practice.","Content, accessibility, privacy, and safety review complete. | Evidence and scoring contracts independently approved before score activation."
PRACTICE-DECISION-RECORD-01,RISK-LOW,draft,pending_specialist_expansion_review,Trained content reviewer; specialist review when the actual topic introduces a moderate or high-risk context.,active_if_separately_approved,SP-STRUCTURED-EVIDENCE-ELIGIBLE,true,Collect only the minimum private context needed to run the practice; do not request identifying details about other people.,"Reconstructing an original prediction after learning the result, or treating a good outcome as proof that the process was sound. | Recording sensitive content, using the template for surveillance, or applying it to a decision requiring qualified, collective, or emergency judgment.","Legal, clinical, safeguarding, emergency, high-consequence financial, credential, privileged, regulated, or protected-employment decisions. | Decisions controlled by another person or decisions whose documentation could create retaliation, discovery, security, or confidentiality risk.","Pause if the decision becomes urgent, high stakes, contested, privileged, regulated, emotionally unsafe, or no longer controlled by the participant.","Stop and delete the draft through the participant's normal safe method if it contains sensitive information or creates retaliation, discovery, confidentiality, or security risk.","Obtain appropriately qualified advice for legal, clinical, financial, fiduciary, regulated, or other high-consequence decisions; this protocol is not a substitute.","Content, accessibility, privacy, and safety review complete. | Evidence and scoring contracts independently approved before score activation."
PRACTICE-DELIBERATE-PRACTICE-01,RISK-LOW,draft,pending_specialist_expansion_review,Trained content reviewer; specialist review when the actual topic introduces a moderate or high-risk context.,active_if_separately_approved,SP-STRUCTURED-EVIDENCE-ELIGIBLE,true,Collect only the minimum private context needed to run the practice; do not request identifying details about other people.,"Escalating difficulty through pain, danger, exhaustion, humiliation, or unauthorized professional work. | Treating one improved attempt, a coach's authority, or time spent as proof of talent, mastery, broad transfer, or worth.","Physical danger, clinical rehabilitation, licensed or regulated work, emergency response, weapons, driving, hazardous equipment, abusive instruction, and high-consequence performance. | Skills involving sensitive people, protected data, public evaluation, or feedback that cannot be freely refused.","Pause for pain, distress, fatigue, access barriers, unsafe equipment, unclear authorization, abusive instruction, or inability to keep attempts low consequence.","Stop if practice creates physical danger, clinical or licensed-work risk, coercion, humiliation, public exposure, protected-data use, or escalating repetition beyond the planned boundary.","Use appropriately qualified instruction, clinical rehabilitation, supervision, or certification when the skill domain requires it; this protocol cannot authorize or replace that support.","Content, accessibility, privacy, and safety review complete. | Evidence and scoring contracts independently approved before score activation."
PRACTICE-EMOTIONAL-CUES-01,RISK-MODERATE,projected_legacy,pending_specialist_expansion_review,Relevant specialist or domain-qualified human reviewer before expansion release or score activation.,shadow_only,SP-STRUCTURED-EVIDENCE-ELIGIBLE,true,"Store no diagnoses, allegations, third-party secrets, or unnecessary sensitive narrative; prefer category-level signals.","Treating cues as mind-reading, diagnosis, deception detection, character evidence, stereotyping, or a covert test.","High-stakes, clinical, legal, disciplinary, safety, abuse, non-consensual, or power-imbalanced interpretation.","Pause when clarification is unwelcome, the context becomes evaluative, or uncertainty cannot be maintained.","Stop if observation becomes covert testing, diagnosis, stereotyping, surveillance, or unwanted questioning.","Refer clinical, safety, abuse, legal, disciplinary, or other high-stakes interpretation to an appropriately qualified person.","Specialist safety review complete. | Misuse, exclusion, stop, and escalation paths tested in content and UI. | Scoring remains shadow-only until a separate activation decision."
PRACTICE-FRIENDSHIP-01,RISK-LOW,projected_legacy,pilot_boundary_reviewed_expansion_review_pending,Trained content reviewer; specialist review when the actual topic introduces a moderate or high-risk context.,active_if_separately_approved,SP-STRUCTURED-EVIDENCE-ELIGIBLE,true,Collect only the minimum private context needed to run the practice; do not request identifying details about other people.,"Pressuring disclosure or using a response, invitation, or follow-up as a loyalty or reciprocity test.","Unwelcome contact, abuse, stalking, crisis, or unsafe dependency.","Pause when welcome, timing, privacy, or capacity is uncertain; resume only when contact is freely chosen.","Stop if contact is unwelcome, privacy cannot be respected, or the interaction becomes coercive.","Seek appropriate qualified or emergency support for crisis, abuse, stalking, or unsafe dependency rather than continuing the protocol.","Content, accessibility, privacy, and safety review complete. | Evidence and scoring contracts independently approved before score activation."
PRACTICE-HOME-UPKEEP-SYSTEM-01,RISK-LOW,draft,pending_specialist_expansion_review,Trained content reviewer; specialist review when the actual topic introduces a moderate or high-risk context.,active_if_separately_approved,SP-STRUCTURED-EVIDENCE-ELIGIBLE,true,Collect only the minimum private context needed to run the practice; do not request identifying details about other people.,"Treating clutter, housing quality, disability, poverty, tenancy limits, shared living, or need for help as evidence of laziness or low worth. | Attempting repair, remediation, chemical treatment, heavy moving, disposal, inspection, or control over another person's space under an organization label.","Electrical, gas, structural, fire, combustion, mold, water intrusion, biohazard, pest-control, chemical, sanitation-hazard, tenancy, accessibility-modification, security, or repair work. | Ladders, roofs, crawlspaces, heavy lifting, sharp or powered tools, hazardous products, emergency conditions, or work requiring an owner, landlord, tradesperson, emergency service, or qualified professional.","Pause on any sign of hazard, pain, fatigue, access conflict, household disagreement, tenancy uncertainty, protected belongings, or need for tools, products, lifting, inspection, or repair.","Stop and undo the change if it blocks access, exits, alarms, ventilation, utilities, mobility supports, or shared use, or reveals any excluded hazard.","Use a qualified tradesperson, housing professional, pest professional, environmental professional, accessibility specialist, emergency service, or other appropriate expert for excluded conditions.","Content, accessibility, privacy, and safety review complete. | Evidence and scoring contracts independently approved before score activation."
PRACTICE-MOTIVATION-INDEPENDENT-START-01,RISK-LOW,draft,pending_specialist_expansion_review,Trained content reviewer; specialist review when the actual topic introduces a moderate or high-risk context.,active_if_separately_approved,SP-STRUCTURED-EVIDENCE-ELIGIBLE,true,Collect only the minimum private context needed to run the practice; do not request identifying details about other people.,"Treating every low-energy state as resistance to overcome or using the practice to demand unpaid, unsafe, coercive, or excessive work. | Extending the start into an unplanned work session or ranking people by speed, output, persistence, or support needs.","Unsafe, medically inappropriate, sleep-depriving, coercive, illegal, high-consequence, or crisis tasks. | Tasks whose delay, attempt, or partial start could create a safety, employment, legal, financial, caregiving, or health hazard.","Pause when pain, fatigue, low energy, depression symptoms, distress, care duties, access needs, illness, sleep need, or changed circumstances make the chosen start unwise.","Stop if the task becomes unsafe, coercive, medically inappropriate, sleep-depriving, high-consequence, or harmful, or if another person uses the record for surveillance or pressure.","Seek appropriately qualified support when persistent low energy, depression, pain, sleep disruption, disability barriers, or functional difficulty is distressing or safety-affecting; this protocol is not diagnosis or treatment.","Content, accessibility, privacy, and safety review complete. | Evidence and scoring contracts independently approved before score activation."
PRACTICE-PLAY-01,RISK-LOW,projected_legacy,pilot_boundary_reviewed_expansion_review_pending,Trained content reviewer; specialist review when the actual topic introduces a moderate or high-risk context.,active_if_separately_approved,SP-STRUCTURED-EVIDENCE-ELIGIBLE,true,Collect only the minimum private context needed to run the practice; do not request identifying details about other people.,"Turning play into a compulsory optimization target or using a risky, costly, compulsive, or pressured activity.","Gambling, substance use, unsafe physical activity, material financial risk, or neglect of essential care and responsibilities.","Pause when energy, pain, cost, safety, consent, or essential responsibilities make the chosen window unsuitable.","Stop if the activity becomes unsafe, compulsive, financially disproportionate, or another performance demand.","Seek appropriate qualified support for gambling, substance, injury, compulsion, or severe functional-impairment concerns.","Content, accessibility, privacy, and safety review complete. | Evidence and scoring contracts independently approved before score activation."
PRACTICE-PRESENCE-01,RISK-LOW,projected_legacy,pilot_boundary_reviewed_expansion_review_pending,Trained content reviewer; specialist review when the actual topic introduces a moderate or high-risk context.,active_if_separately_approved,SP-STRUCTURED-EVIDENCE-ELIGIBLE,true,Collect only the minimum private context needed to run the practice; do not request identifying details about other people.,"Disabling necessary supports, surveilling another person, or scoring stillness, distraction, or productivity as personal worth.","Driving, equipment operation, hazard supervision, surveillance, or removal of emergency, accessibility, or caregiving alerts.","Pause when pain, fatigue, distress, supervision, alerts, or changing conditions make the comparison unsafe or non-comparable.","Stop if the experiment affects driving, equipment, supervision, essential alerts, pain, fatigue, or safety.","Seek appropriate qualified support for persistent, distressing, or safety-affecting attention difficulty rather than treating this experiment as diagnosis or treatment.","Content, accessibility, privacy, and safety review complete. | Evidence and scoring contracts independently approved before score activation."
